ISO-10303-21;
HEADER;
FILE_DESCRIPTION (( 'STEP AP214' ),
    '1' );
FILE_NAME ('547-45AB.STEP',
    '2024-07-12T08:22:01',
    ( '' ),
    ( '' ),
    'SwSTEP 2.0',
    'SolidWorks 2023',
    '' );
FILE_SCHEMA (( 'AUTOMOTIVE_DESIGN' ));
ENDSEC;

DATA;
#1 = CARTESIAN_POINT ( 'NONE',  ( -21.96526315789474637, 2.723085085399292282, -7.236537172765173054 ) ) ;
#2 = CIRCLE ( 'NONE', #6543, 1.261999999999997124 ) ;
#3 = CARTESIAN_POINT ( 'NONE',  ( 25.28732325865668429, 0.5000000000000000000, -17.59696088986110851 ) ) ;
#4 =( GEOMETRIC_REPRESENTATION_CONTEXT ( 3 ) GLOBAL_UNCERTAINTY_ASSIGNED_CONTEXT ( ( #3154 ) ) GLOBAL_UNIT_ASSIGNED_CONTEXT ( ( #4714, #3780, #5539 ) ) REPRESENTATION_CONTEXT ( 'NONE', 'WORKASPACE' ) );
#5 = VERTEX_POINT ( 'NONE', #9676 ) ;
#6 =( NAMED_UNIT ( * ) PLANE_ANGLE_UNIT ( ) SI_UNIT ( $, .RADIAN. ) );
#7 = PLANE ( 'NONE',  #7154 ) ;
#8 =( LENGTH_UNIT ( ) NAMED_UNIT ( * ) SI_UNIT ( .MILLI., .METRE. ) );
#9 = STYLED_ITEM ( 'NONE', ( #3591 ), #7674 ) ;
#10 =( NAMED_UNIT ( * ) SI_UNIT ( $, .STERADIAN. ) SOLID_ANGLE_UNIT ( ) );
#11 = SURFACE_STYLE_USAGE ( .BOTH. , #8778 ) ;
#12 = VERTEX_POINT ( 'NONE', #9739 ) ;
#13 = ADVANCED_FACE ( 'NONE', ( #8732 ), #9796, .T. ) ;
#14 = CARTESIAN_POINT ( 'NONE',  ( 9.512421052631573559, 11.22289321881345536, 18.20789321881345302 ) ) ;
#15 = DIRECTION ( 'NONE',  ( 0.000000000000000000, 0.000000000000000000, 1.000000000000000000 ) ) ;
#16 = ORIENTED_EDGE ( 'NONE', *, *, #7240, .T. ) ;
#17 = SURFACE_STYLE_FILL_AREA ( #8784 ) ;
#18 = MECHANICAL_DESIGN_GEOMETRIC_PRESENTATION_REPRESENTATION (  '', ( #5520 ), #8801 ) ;
#19 = B_SPLINE_CURVE_WITH_KNOTS ( 'NONE', 3,
 ( #7906, #10603, #8878, #12614, #4851, #11643, #12672, #6953, #5739, #1990, #6762, #5927 ),
 .UNSPECIFIED., .F., .F.,
 ( 4, 2, 2, 2, 2, 4 ),
 ( 4.336808689942017255E-19, 0.0003122962237442727224, 0.0006245924474885450111, 0.001249184894977085685, 0.001873777342465626251, 0.002498369789954167034 ),
 .UNSPECIFIED. ) ;
#20 = FACE_OUTER_BOUND ( 'NONE', #5066, .T. ) ;
#21 =( NAMED_UNIT ( * ) SI_UNIT ( $, .STERADIAN. ) SOLID_ANGLE_UNIT ( ) );
#22 = CARTESIAN_POINT ( 'NONE',  ( -1.969052631578947832, 11.42999999999999972, -18.41499999999999559 ) ) ;
#23 =( LENGTH_UNIT ( ) NAMED_UNIT ( * ) SI_UNIT ( .MILLI., .METRE. ) );
#24 = CARTESIAN_POINT ( 'NONE',  ( -9.221789473684207650, 2.929999999999998384, -18.41499999999999559 ) ) ;
#25 = SURFACE_STYLE_USAGE ( .BOTH. , #4946 ) ;
#26 = ADVANCED_FACE ( 'NONE', ( #4827 ), #11818, .T. ) ;
#27 =( BOUNDED_CURVE ( )  B_SPLINE_CURVE ( 3, ( #633, #1721, #3651, #7450 ),
 .UNSPECIFIED., .F., .T. ) 
 B_SPLINE_CURVE_WITH_KNOTS ( ( 4, 4 ),
 ( 4.712388980384689674, 6.283185307179586232 ),
 .UNSPECIFIED. ) 
 CURVE ( )  GEOMETRIC_REPRESENTATION_ITEM ( )  RATIONAL_B_SPLINE_CURVE ( ( 1.000000000000000000, 0.8047378541243649375, 0.8047378541243649375, 1.000000000000000000 ) ) 
 REPRESENTATION_ITEM ( '' )  );
#28 = FACE_OUTER_BOUND ( 'NONE', #7318, .T. ) ;
#29 = CARTESIAN_POINT ( 'NONE',  ( 28.95599999999999596, 1.277999999999999581, -6.679213561880927408 ) ) ;
#30 = COLOUR_RGB ( '',0.2509803921568627416, 0.2509803921568627416, 0.2509803921568627416 ) ;
#31 = LINE ( 'NONE', #2997, #4145 ) ;
#32 = LINE ( 'NONE', #7948, #6866 ) ;
#33 = COLOUR_RGB ( '',0.2509803921568627416, 0.2509803921568627416, 0.2509803921568627416 ) ;
#34 = DIRECTION ( 'NONE',  ( -0.000000000000000000, 1.000000000000000000, -0.000000000000000000 ) ) ;
#35 = DIRECTION ( 'NONE',  ( 0.000000000000000000, 0.000000000000000000, 1.000000000000000000 ) ) ;
#36 = CARTESIAN_POINT ( 'NONE',  ( 25.46063157894736761, 11.42999999999999972, 6.679213561880927408 ) ) ;
#37 =( NAMED_UNIT ( * ) PLANE_ANGLE_UNIT ( ) SI_UNIT ( $, .RADIAN. ) );
#38 = ORIENTED_EDGE ( 'NONE', *, *, #1788, .F. ) ;
#39 = VECTOR ( 'NONE', #11597, 1000.000000000000000 ) ;
#40 = EDGE_LOOP ( 'NONE', ( #7448, #6520, #10706, #3540 ) ) ;
#41 = CYLINDRICAL_SURFACE ( 'NONE', #11039, 0.5000000000000004441 ) ;
#42 = VERTEX_POINT ( 'NONE', #1385 ) ;
#43 = CARTESIAN_POINT ( 'NONE',  ( -16.94589473684210290, 11.42999999999999972, -18.41499999999999559 ) ) ;
#44 = ORIENTED_EDGE ( 'NONE', *, *, #12623, .F. ) ;
#45 = DIRECTION ( 'NONE',  ( 4.081702296416016490E-16, -1.000000000000000000, 0.000000000000000000 ) ) ;
#46 = CARTESIAN_POINT ( 'NONE',  ( -17.72021356188092867, 1.778000000000000025, -12.17921356188096382 ) ) ;
#47 = AXIS2_PLACEMENT_3D ( 'NONE', #4793, #6844, #1089 ) ;
#48 =( GEOMETRIC_REPRESENTATION_CONTEXT ( 3 ) GLOBAL_UNCERTAINTY_ASSIGNED_CONTEXT ( ( #9297 ) ) GLOBAL_UNIT_ASSIGNED_CONTEXT ( ( #3293, #1421, #7981 ) ) REPRESENTATION_CONTEXT ( 'NONE', 'WORKASPACE' ) );
#49 = PLANE ( 'NONE',  #6997 ) ;
#50 = EDGE_CURVE ( 'NONE', #1213, #4573, #3259, .T. ) ;
#51 = SURFACE_STYLE_USAGE ( .BOTH. , #7908 ) ;
#52 = DIRECTION ( 'NONE',  ( 0.000000000000000000, 1.000000000000000000, -0.000000000000000000 ) ) ;
#53 = DIRECTION ( 'NONE',  ( -0.000000000000000000, -0.000000000000000000, -1.000000000000000000 ) ) ;
#54 = VERTEX_POINT ( 'NONE', #5274 ) ;
#55 = CARTESIAN_POINT ( 'NONE',  ( -18.20789473684209980, 2.929999999999998384, -18.41499999999999559 ) ) ;
#56 = STYLED_ITEM ( 'NONE', ( #3403 ), #754 ) ;
#57 = DIRECTION ( 'NONE',  ( 0.7716245833877191096, 0.000000000000000000, -0.6360782202777650607 ) ) ;
#58 = ORIENTED_EDGE ( 'NONE', *, *, #11658, .F. ) ;
#59 = COLOUR_RGB ( '',0.2509803921568627416, 0.2509803921568627416, 0.2509803921568627416 ) ;
#60 = MECHANICAL_DESIGN_GEOMETRIC_PRESENTATION_REPRESENTATION (  '', ( #2938 ), #2727 ) ;
#61 = CARTESIAN_POINT ( 'NONE',  ( -27.95599999999998886, 2.929999999999998384, -18.41499999999999915 ) ) ;
#62 = CARTESIAN_POINT ( 'NONE',  ( -20.44126315789473480, 2.929999999999998384, -7.728777060123920073 ) ) ;
#63 = EDGE_CURVE ( 'NONE', #7337, #1080, #939, .T. ) ;
#64 = UNCERTAINTY_MEASURE_WITH_UNIT (LENGTH_MEASURE( 1.000000000000000082E-05 ), #11834, 'distance_accuracy_value', 'NONE');
#65 =( NAMED_UNIT ( * ) PLANE_ANGLE_UNIT ( ) SI_UNIT ( $, .RADIAN. ) );
#66 = SURFACE_SIDE_STYLE ('',( #917 ) ) ;
#67 = VERTEX_POINT ( 'NONE', #11085 ) ;
#68 = UNCERTAINTY_MEASURE_WITH_UNIT (LENGTH_MEASURE( 1.000000000000000082E-05 ), #6595, 'distance_accuracy_value', 'NONE');
#69 = AXIS2_PLACEMENT_3D ( 'NONE', #1594, #12219, #11231 ) ;
#70 = DIRECTION ( 'NONE',  ( 0.000000000000000000, 0.000000000000000000, -1.000000000000000000 ) ) ;
#71 =( GEOMETRIC_REPRESENTATION_CONTEXT ( 3 ) GLOBAL_UNCERTAINTY_ASSIGNED_CONTEXT ( ( #2136 ) ) GLOBAL_UNIT_ASSIGNED_CONTEXT ( ( #12653, #1779, #4639 ) ) REPRESENTATION_CONTEXT ( 'NONE', 'WORKASPACE' ) );
#72 = AXIS2_PLACEMENT_3D ( 'NONE', #11673, #9666, #6029 ) ;
#73 = ORIENTED_EDGE ( 'NONE', *, *, #7464, .T. ) ;
#74 =( LENGTH_UNIT ( ) NAMED_UNIT ( * ) SI_UNIT ( .MILLI., .METRE. ) );
#75 = PRESENTATION_LAYER_ASSIGNMENT (  '', '', ( #5573 ) ) ;
#76 = SURFACE_STYLE_USAGE ( .BOTH. , #207 ) ;
#77 = ORIENTED_EDGE ( 'NONE', *, *, #11058, .F. ) ;
#78 =( NAMED_UNIT ( * ) PLANE_ANGLE_UNIT ( ) SI_UNIT ( $, .RADIAN. ) );
#79 =( GEOMETRIC_REPRESENTATION_CONTEXT ( 3 ) GLOBAL_UNCERTAINTY_ASSIGNED_CONTEXT ( ( #11008 ) ) GLOBAL_UNIT_ASSIGNED_CONTEXT ( ( #8663, #6492, #753 ) ) REPRESENTATION_CONTEXT ( 'NONE', 'WORKASPACE' ) );
#81 = LINE ( 'NONE', #5004, #3280 ) ;
#80 = MECHANICAL_DESIGN_GEOMETRIC_PRESENTATION_REPRESENTATION (  '', ( #8444 ), #2755 ) ;
#82 = VERTEX_POINT ( 'NONE', #10957 ) ;
#83 = PRESENTATION_LAYER_ASSIGNMENT (  '', '', ( #6820 ) ) ;
#84 = COLOUR_RGB ( '',0.2509803921568627416, 0.2509803921568627416, 0.2509803921568627416 ) ;
#85 = PRESENTATION_STYLE_ASSIGNMENT (( #6979 ) ) ;
#86 = EDGE_CURVE ( 'NONE', #4384, #7332, #1085, .T. ) ;
#87 = SURFACE_STYLE_FILL_AREA ( #11868 ) ;
#88 = CARTESIAN_POINT ( 'NONE',  ( -2.261945850392400370, 11.42999999999999972, -18.41499999999999559 ) ) ;
#89 = EDGE_CURVE ( 'NONE', #12349, #9335, #5148, .T. ) ;
#90 = CARTESIAN_POINT ( 'NONE',  ( -23.62199999999999633, -0.0009999999999992653654, -13.08100000000000840 ) ) ;
#91 = CIRCLE ( 'NONE', #11742, 1.261999999999997568 ) ;
#92 = PRESENTATION_STYLE_ASSIGNMENT (( #7679 ) ) ;
#93 = COLOUR_RGB ( '',0.2509803921568627416, 0.2509803921568627416, 0.2509803921568627416 ) ;
#94 = CARTESIAN_POINT ( 'NONE',  ( -11.24805111355029119, 11.42999999999999972, 18.41499999999999915 ) ) ;
#95 = DIRECTION ( 'NONE',  ( 0.000000000000000000, -0.000000000000000000, -1.000000000000000000 ) ) ;
#96 = SURFACE_SIDE_STYLE ('',( #7753 ) ) ;
#97 = MECHANICAL_DESIGN_GEOMETRIC_PRESENTATION_REPRESENTATION (  '', ( #10906 ), #308 ) ;
#98 = FACE_OUTER_BOUND ( 'NONE', #12468, .T. ) ;
#99 = CARTESIAN_POINT ( 'NONE',  ( 24.48926315789472952, 10.92999999999999794, -18.41499999999999915 ) ) ;
#100 = SURFACE_SIDE_STYLE ('',( #2032 ) ) ;
#101 =( BOUNDED_CURVE ( )  B_SPLINE_CURVE ( 3, ( #10569, #7672, #7422, #609 ),
 .UNSPECIFIED., .F., .T. ) 
 B_SPLINE_CURVE_WITH_KNOTS ( ( 4, 4 ),
 ( 4.712388980384689674, 6.283185307179586232 ),
 .UNSPECIFIED. ) 
 CURVE ( )  GEOMETRIC_REPRESENTATION_ITEM ( )  RATIONAL_B_SPLINE_CURVE ( ( 1.000000000000000000, 0.8047378541243649375, 0.8047378541243649375, 1.000000000000000000 ) ) 
 REPRESENTATION_ITEM ( '' )  );
#102 = UNCERTAINTY_MEASURE_WITH_UNIT (LENGTH_MEASURE( 1.000000000000000082E-05 ), #6982, 'distance_accuracy_value', 'NONE');
#103 = CARTESIAN_POINT ( 'NONE',  ( 1.026315789473684292, 11.42999999999999972, 18.41499999999999915 ) ) ;
#104 = EDGE_LOOP ( 'NONE', ( #11498, #5437, #12319, #6527 ) ) ;
#105 = ORIENTED_EDGE ( 'NONE', *, *, #2493, .F. ) ;
#106 = CARTESIAN_POINT ( 'NONE',  ( -22.93663157894736315, 11.42999999999999972, -6.679213561880927408 ) ) ;
#107 = CYLINDRICAL_SURFACE ( 'NONE', #291, 0.7619999999999987894 ) ;
#108 = ORIENTED_EDGE ( 'NONE', *, *, #4055, .F. ) ;
#109 = CARTESIAN_POINT ( 'NONE',  ( 16.00315789473683736, 11.42999999999999972, 17.91499999999999915 ) ) ;
#110 = PLANE ( 'NONE',  #4075 ) ;
#111 = CARTESIAN_POINT ( 'NONE',  ( -25.21955007710171159, 0.000000000000000000, 18.30081229169385892 ) ) ;
#112 = ORIENTED_EDGE ( 'NONE', *, *, #1975, .T. ) ;
#113 = SURFACE_STYLE_FILL_AREA ( #3137 ) ;
#114 = PRESENTATION_LAYER_ASSIGNMENT (  '', '', ( #9294 ) ) ;
#115 = PRESENTATION_LAYER_ASSIGNMENT (  '', '', ( #5619 ) ) ;
#116 = SURFACE_STYLE_USAGE ( .BOTH. , #9958 ) ;
#117 = UNCERTAINTY_MEASURE_WITH_UNIT (LENGTH_MEASURE( 1.000000000000000082E-05 ), #1390, 'distance_accuracy_value', 'NONE');
#118 = CARTESIAN_POINT ( 'NONE',  ( -28.45599999999999596, 1.778000000000000025, -6.679213561880927408 ) ) ;
#119 = CARTESIAN_POINT ( 'NONE',  ( -0.9976842105263136196, 10.92999999999999794, -18.41499999999999915 ) ) ;
#120 = AXIS2_PLACEMENT_3D ( 'NONE', #12644, #9855, #3876 ) ;
#121 = CARTESIAN_POINT ( 'NONE',  ( 24.84695402612800308, -0.0009999999999992653654, 12.07122582530904786 ) ) ;
#122 = CARTESIAN_POINT ( 'NONE',  ( 27.69173836013391465, 11.42999999999999972, -6.972106780694380390 ) ) ;
#123 = ORIENTED_EDGE ( 'NONE', *, *, #89, .F. ) ;
#124 = CARTESIAN_POINT ( 'NONE',  ( 10.98378947368420988, 11.22289321881344826, -18.20789321881344236 ) ) ;
#125 = FACE_OUTER_BOUND ( 'NONE', #3952, .T. ) ;
#126 =( GEOMETRIC_REPRESENTATION_CONTEXT ( 3 ) GLOBAL_UNCERTAINTY_ASSIGNED_CONTEXT ( ( #7531 ) ) GLOBAL_UNIT_ASSIGNED_CONTEXT ( ( #5233, #7080, #9003 ) ) REPRESENTATION_CONTEXT ( 'NONE', 'WORKASPACE' ) );
#127 = VERTEX_POINT ( 'NONE', #420 ) ;
#128 = CARTESIAN_POINT ( 'NONE',  ( 24.90151096696282451, 11.42999999999999972, -18.41499999999999559 ) ) ;
#129 =( NAMED_UNIT ( * ) PLANE_ANGLE_UNIT ( ) SI_UNIT ( $, .RADIAN. ) );
#130 = PRESENTATION_STYLE_ASSIGNMENT (( #7785 ) ) ;
#131 = SURFACE_STYLE_FILL_AREA ( #11909 ) ;
#132 = VECTOR ( 'NONE', #9727, 1000.000000000000000 ) ;
#133 =( NAMED_UNIT ( * ) SI_UNIT ( $, .STERADIAN. ) SOLID_ANGLE_UNIT ( ) );
#134 = VERTEX_POINT ( 'NONE', #11943 ) ;
#135 = CARTESIAN_POINT ( 'NONE',  ( 7.988421052631582420, 2.929999999999998384, -18.41499999999999915 ) ) ;
#136 = CARTESIAN_POINT ( 'NONE',  ( 22.39704597387198959, -0.0009999999999992653654, -14.09077417469095295 ) ) ;
#137 =( GEOMETRIC_REPRESENTATION_CONTEXT ( 3 ) GLOBAL_UNCERTAINTY_ASSIGNED_CONTEXT ( ( #8922 ) ) GLOBAL_UNIT_ASSIGNED_CONTEXT ( ( #2202, #9995, #9344 ) ) REPRESENTATION_CONTEXT ( 'NONE', 'WORKASPACE' ) );
#138 = EDGE_CURVE ( 'NONE', #10902, #12659, #2419, .T. ) ;
#139 = SURFACE_SIDE_STYLE ('',( #11795 ) ) ;
#140 = EDGE_CURVE ( 'NONE', #2292, #4894, #3320, .T. ) ;
#141 = COLOUR_RGB ( '',0.2509803921568627416, 0.2509803921568627416, 0.2509803921568627416 ) ;
#142 = ORIENTED_EDGE ( 'NONE', *, *, #7372, .F. ) ;
#143 =( LENGTH_UNIT ( ) NAMED_UNIT ( * ) SI_UNIT ( .MILLI., .METRE. ) );
#144 = ORIENTED_EDGE ( 'NONE', *, *, #11304, .F. ) ;
#145 = MECHANICAL_DESIGN_GEOMETRIC_PRESENTATION_REPRESENTATION (  '', ( #8508 ), #563 ) ;
#146 = DIRECTION ( 'NONE',  ( 0.000000000000000000, 1.000000000000000000, 0.000000000000000000 ) ) ;
#147 = EDGE_LOOP ( 'NONE', ( #4160, #3918, #1295, #8415 ) ) ;
#148 = SURFACE_SIDE_STYLE ('',( #10814 ) ) ;
#149 = STYLED_ITEM ( 'NONE', ( #12640 ), #4317 ) ;
#150 = DIRECTION ( 'NONE',  ( -0.000000000000000000, 1.000000000000000000, -0.000000000000000000 ) ) ;
#151 = CARTESIAN_POINT ( 'NONE',  ( 22.72021356188096419, 1.778000000000000025, -7.179213561880928296 ) ) ;
#152 = CIRCLE ( 'NONE', #9135, 1.261999999999995792 ) ;
#153 = LINE ( 'NONE', #2138, #1129 ) ;
#154 = EDGE_CURVE ( 'NONE', #8627, #7215, #604, .T. ) ;
#155 = CARTESIAN_POINT ( 'NONE',  ( -23.62199999999999633, -0.0009999999999992653654, -11.49350000000000627 ) ) ;
#156 = CARTESIAN_POINT ( 'NONE',  ( 1.497684210526317727, 11.43000000000001215, 18.41499999999999915 ) ) ;
#157 = CARTESIAN_POINT ( 'NONE',  ( 17.22021356188092867, 1.778450982306281958, 18.41499999999999915 ) ) ;
#158 = FACE_OUTER_BOUND ( 'NONE', #1753, .T. ) ;
#159 = CIRCLE ( 'NONE', #8423, 0.5000000000000004441 ) ;
#160 = ADVANCED_FACE ( 'NONE', ( #8205 ), #4255, .F. ) ;
#161 = CARTESIAN_POINT ( 'NONE',  ( 9.512421052631573559, 11.42999999999999972, -18.41499999999999915 ) ) ;
#162 = AXIS2_PLACEMENT_3D ( 'NONE', #4407, #5231, #11042 ) ;
#163 = DIRECTION ( 'NONE',  ( 1.000000000000000000, 0.000000000000000000, 0.000000000000000000 ) ) ;
#164 = CARTESIAN_POINT ( 'NONE',  ( 7.488421052631574426, 11.42999999999999972, 17.91499999999999915 ) ) ;
#165 =( LENGTH_UNIT ( ) NAMED_UNIT ( * ) SI_UNIT ( .MILLI., .METRE. ) );
#166 = DIRECTION ( 'NONE',  ( 1.000000000000000000, 0.000000000000000000, 0.000000000000000000 ) ) ;
#167 = MECHANICAL_DESIGN_GEOMETRIC_PRESENTATION_REPRESENTATION (  '', ( #11610 ), #11185 ) ;
#168 =( NAMED_UNIT ( * ) SI_UNIT ( $, .STERADIAN. ) SOLID_ANGLE_UNIT ( ) );
#169 = PLANE ( 'NONE',  #11778 ) ;
#170 = DIRECTION ( 'NONE',  ( 0.000000000000000000, -1.000000000000000000, 0.000000000000000000 ) ) ;
#171 =( NAMED_UNIT ( * ) SI_UNIT ( $, .STERADIAN. ) SOLID_ANGLE_UNIT ( ) );
#172 = MECHANICAL_DESIGN_GEOMETRIC_PRESENTATION_REPRESENTATION (  '', ( #4452 ), #11397 ) ;
#173 = CARTESIAN_POINT ( 'NONE',  ( 11.74578947368421211, 2.929999999999998384, -18.41499999999999559 ) ) ;
#174 = FILL_AREA_STYLE_COLOUR ( '', #2130 ) ;
#175 = ORIENTED_EDGE ( 'NONE', *, *, #11565, .F. ) ;
#176 = VECTOR ( 'NONE', #11961, 1000.000000000000000 ) ;
#177 = VERTEX_POINT ( 'NONE', #3444 ) ;
#178 = EDGE_CURVE ( 'NONE', #5234, #703, #4516, .T. ) ;
#179 = DIRECTION ( 'NONE',  ( 0.6360782202777646166, 0.000000000000000000, 0.7716245833877193316 ) ) ;
#180 = ORIENTED_EDGE ( 'NONE', *, *, #12215, .T. ) ;
#181 = CARTESIAN_POINT ( 'NONE',  ( 21.51689887133381163, 11.09711277733259394, 7.302278911765662350 ) ) ;
#182 = CARTESIAN_POINT ( 'NONE',  ( -13.95052631578947278, 2.929999999999998384, 17.91499999999999915 ) ) ;
#183 = ORIENTED_EDGE ( 'NONE', *, *, #3535, .F. ) ;
#184 = DIRECTION ( 'NONE',  ( 0.000000000000000000, 0.000000000000000000, -1.000000000000000000 ) ) ;
#185 =( NAMED_UNIT ( * ) PLANE_ANGLE_UNIT ( ) SI_UNIT ( $, .RADIAN. ) );
#186 =( LENGTH_UNIT ( ) NAMED_UNIT ( * ) SI_UNIT ( .MILLI., .METRE. ) );
#187 = CARTESIAN_POINT ( 'NONE',  ( 0.000000000000000000, 11.42999999999999972, 0.000000000000000000 ) ) ;
#188 = DIRECTION ( 'NONE',  ( 0.000000000000000000, -1.000000000000000000, 0.000000000000000000 ) ) ;
#189 = DIRECTION ( 'NONE',  ( -0.000000000000000000, -0.000000000000000000, -1.000000000000000000 ) ) ;
#190 = EDGE_CURVE ( 'NONE', #1048, #9966, #3979, .T. ) ;
#191 = ORIENTED_EDGE ( 'NONE', *, *, #2787, .F. ) ;
#192 = PRESENTATION_LAYER_ASSIGNMENT (  '', '', ( #8757 ) ) ;
#193 = FILL_AREA_STYLE_COLOUR ( '', #9775 ) ;
#194 = ORIENTED_EDGE ( 'NONE', *, *, #11551, .F. ) ;
#195 = EDGE_CURVE ( 'NONE', #7515, #6863, #6614, .T. ) ;
#196 = UNCERTAINTY_MEASURE_WITH_UNIT (LENGTH_MEASURE( 1.000000000000000082E-05 ), #11219, 'distance_accuracy_value', 'NONE');
#197 = FILL_AREA_STYLE_COLOUR ( '', #10862 ) ;
#198 = FILL_AREA_STYLE ('',( #4918 ) ) ;
#199 = PRESENTATION_STYLE_ASSIGNMENT (( #5055 ) ) ;
#200 = VERTEX_POINT ( 'NONE', #1766 ) ;
#201 = AXIS2_PLACEMENT_3D ( 'NONE', #12154, #11178, #448 ) ;
#202 = FILL_AREA_STYLE ('',( #5947 ) ) ;
#203 =( LENGTH_UNIT ( ) NAMED_UNIT ( * ) SI_UNIT ( .MILLI., .METRE. ) );
#204 = FILL_AREA_STYLE_COLOUR ( '', #1578 ) ;
#205 = ORIENTED_EDGE ( 'NONE', *, *, #7513, .T. ) ;
#206 = CARTESIAN_POINT ( 'NONE',  ( -28.95599999999999596, 1.277999999999999581, 17.91499999999999915 ) ) ;
#207 = SURFACE_SIDE_STYLE ('',( #5829 ) ) ;
#208 = ORIENTED_EDGE ( 'NONE', *, *, #8630, .T. ) ;
#209 = VECTOR ( 'NONE', #2059, 1000.000000000000000 ) ;
#210 = CARTESIAN_POINT ( 'NONE',  ( 4.493052631578946077, 11.42999999999999972, 17.91499999999999915 ) ) ;
#211 = FILL_AREA_STYLE ('',( #11734 ) ) ;
#212 = ORIENTED_EDGE ( 'NONE', *, *, #12642, .T. ) ;
#213 = EDGE_CURVE ( 'NONE', #8728, #4621, #11619, .T. ) ;
#214 = UNCERTAINTY_MEASURE_WITH_UNIT (LENGTH_MEASURE( 1.000000000000000082E-05 ), #12297, 'distance_accuracy_value', 'NONE');
#215 = CIRCLE ( 'NONE', #1847, 1.261999999999997124 ) ;
#216 = CARTESIAN_POINT ( 'NONE',  ( -17.44589473684210645, 2.929999999999998384, -17.91499999999999204 ) ) ;
#217 = LINE ( 'NONE', #5899, #5634 ) ;
#218 = CARTESIAN_POINT ( 'NONE',  ( -2.469052631578948276, 10.92999999999999794, 17.91499999999999915 ) ) ;
#219 =( NAMED_UNIT ( * ) PLANE_ANGLE_UNIT ( ) SI_UNIT ( $, .RADIAN. ) );
#220 =( NAMED_UNIT ( * ) SI_UNIT ( $, .STERADIAN. ) SOLID_ANGLE_UNIT ( ) );
#221 = EDGE_CURVE ( 'NONE', #5, #6577, #7358, .T. ) ;
#222 = FILL_AREA_STYLE ('',( #1967 ) ) ;
#223 = FILL_AREA_STYLE_COLOUR ( '', #10811 ) ;
#224 = VECTOR ( 'NONE', #12090, 1000.000000000000000 ) ;
#225 = AXIS2_PLACEMENT_3D ( 'NONE', #6888, #7899, #5031 ) ;
#226 = FACE_OUTER_BOUND ( 'NONE', #11373, .T. ) ;
#227 = EDGE_CURVE ( 'NONE', #7215, #9708, #5644, .T. ) ;
#228 = SURFACE_SIDE_STYLE ('',( #6878 ) ) ;
#229 =( NAMED_UNIT ( * ) SI_UNIT ( $, .STERADIAN. ) SOLID_ANGLE_UNIT ( ) );
#230 =( NAMED_UNIT ( * ) SI_UNIT ( $, .STERADIAN. ) SOLID_ANGLE_UNIT ( ) );
#231 = CARTESIAN_POINT ( 'NONE',  ( -13.95052631578947278, 11.42999999999999972, 18.41499999999999915 ) ) ;
#232 = DIRECTION ( 'NONE',  ( 0.6360782202777650607, 0.000000000000000000, -0.7716245833877191096 ) ) ;
#233 = DIRECTION ( 'NONE',  ( -1.000000000000000000, 0.000000000000000000, 0.000000000000000000 ) ) ;
#234 = FILL_AREA_STYLE ('',( #1264 ) ) ;
#235 = COLOUR_RGB ( '',0.2509803921568627416, 0.2509803921568627416, 0.2509803921568627416 ) ;
#236 = UNCERTAINTY_MEASURE_WITH_UNIT (LENGTH_MEASURE( 1.000000000000000082E-05 ), #5115, 'distance_accuracy_value', 'NONE');
#237 = DIRECTION ( 'NONE',  ( 1.000000000000000000, 0.000000000000000000, 0.000000000000000000 ) ) ;
#238 = VERTEX_POINT ( 'NONE', #5574 ) ;
#239 = ORIENTED_EDGE ( 'NONE', *, *, #983, .F. ) ;
#240 = MECHANICAL_DESIGN_GEOMETRIC_PRESENTATION_REPRESENTATION (  '', ( #9412 ), #4932 ) ;
#241 = FILL_AREA_STYLE ('',( #10970 ) ) ;
#242 = ORIENTED_EDGE ( 'NONE', *, *, #8118, .F. ) ;
#243 = PRESENTATION_LAYER_ASSIGNMENT (  '', '', ( #2913 ) ) ;
#244 = CARTESIAN_POINT ( 'NONE',  ( 4.021684210526315972, 11.42999999999999972, 18.41499999999999915 ) ) ;
#245 =( NAMED_UNIT ( * ) SI_UNIT ( $, .STERADIAN. ) SOLID_ANGLE_UNIT ( ) );
#246 = ORIENTED_EDGE ( 'NONE', *, *, #5632, .T. ) ;
#247 = DIRECTION ( 'NONE',  ( 0.000000000000000000, 0.000000000000000000, 1.000000000000000000 ) ) ;
#248 = UNCERTAINTY_MEASURE_WITH_UNIT (LENGTH_MEASURE( 1.000000000000000082E-05 ), #8040, 'distance_accuracy_value', 'NONE');
#249 = CIRCLE ( 'NONE', #10859, 1.261999999999995792 ) ;
#250 = FILL_AREA_STYLE_COLOUR ( '', #11503 ) ;
#251 = EDGE_CURVE ( 'NONE', #304, #516, #747, .T. ) ;
#252 = LINE ( 'NONE', #12217, #3847 ) ;
#253 = CYLINDRICAL_SURFACE ( 'NONE', #8073, 0.5000000000000004441 ) ;
#254 = AXIS2_PLACEMENT_3D ( 'NONE', #789, #11653, #8703 ) ;
#255 = CYLINDRICAL_SURFACE ( 'NONE', #5807, 0.5000000000000004441 ) ;
#256 = ORIENTED_EDGE ( 'NONE', *, *, #7341, .F. ) ;
#257 =( NAMED_UNIT ( * ) PLANE_ANGLE_UNIT ( ) SI_UNIT ( $, .RADIAN. ) );
#258 = EDGE_LOOP ( 'NONE', ( #12019, #3893, #6047, #12156 ) ) ;
#259 = DIRECTION ( 'NONE',  ( -0.000000000000000000, -0.000000000000000000, 1.000000000000000000 ) ) ;
#260 = CARTESIAN_POINT ( 'NONE',  ( -0.9976842105263068472, 2.929999999999998384, -18.41499999999999915 ) ) ;
#261 = CARTESIAN_POINT ( 'NONE',  ( 22.72021356188092511, 10.92999999999999794, 12.17921356188092652 ) ) ;
#262 = MECHANICAL_DESIGN_GEOMETRIC_PRESENTATION_REPRESENTATION (  '', ( #3544 ), #473 ) ;
#263 = ORIENTED_EDGE ( 'NONE', *, *, #7310, .F. ) ;
#264 =( BOUNDED_CURVE ( )  B_SPLINE_CURVE ( 3, ( #11056, #6200, #10110, #1297 ),
 .UNSPECIFIED., .F., .T. ) 
 B_SPLINE_CURVE_WITH_KNOTS ( ( 4, 4 ),
 ( 3.141592653589793116, 4.712388980384689674 ),
 .UNSPECIFIED. ) 
 CURVE ( )  GEOMETRIC_REPRESENTATION_ITEM ( )  RATIONAL_B_SPLINE_CURVE ( ( 1.000000000000000000, 0.8047378541243649375, 0.8047378541243649375, 1.000000000000000000 ) ) 
 REPRESENTATION_ITEM ( '' )  );
#265 = CARTESIAN_POINT ( 'NONE',  ( 2.759684210526320403, 2.929999999999998384, -18.41499999999999559 ) ) ;
#266 = DIRECTION ( 'NONE',  ( -1.000000000000000000, 0.000000000000000000, 0.000000000000000000 ) ) ;
#267 = SURFACE_STYLE_FILL_AREA ( #6139 ) ;
#268 = ORIENTED_EDGE ( 'NONE', *, *, #10860, .T. ) ;
#269 = VECTOR ( 'NONE', #4208, 1000.000000000000000 ) ;
#270 = STYLED_ITEM ( 'NONE', ( #2562 ), #4505 ) ;
#271 = SURFACE_STYLE_FILL_AREA ( #6331 ) ;
#272 = ORIENTED_EDGE ( 'NONE', *, *, #2977, .F. ) ;
#273 = FILL_AREA_STYLE ('',( #8837 ) ) ;
#274 = LINE ( 'NONE', #10751, #7327 ) ;
#275 = ORIENTED_EDGE ( 'NONE', *, *, #8766, .T. ) ;
#276 = DIRECTION ( 'NONE',  ( 0.000000000000000000, 0.000000000000000000, -1.000000000000000000 ) ) ;
#277 = STYLED_ITEM ( 'NONE', ( #2395 ), #11931 ) ;
#278 =( GEOMETRIC_REPRESENTATION_CONTEXT ( 3 ) GLOBAL_UNCERTAINTY_ASSIGNED_CONTEXT ( ( #4056 ) ) GLOBAL_UNIT_ASSIGNED_CONTEXT ( ( #10763, #6039, #1065 ) ) REPRESENTATION_CONTEXT ( 'NONE', 'WORKASPACE' ) );
#279 =( LENGTH_UNIT ( ) NAMED_UNIT ( * ) SI_UNIT ( .MILLI., .METRE. ) );
#280 = MECHANICAL_DESIGN_GEOMETRIC_PRESENTATION_REPRESENTATION (  '', ( #900 ), #7012 ) ;
#281 = UNCERTAINTY_MEASURE_WITH_UNIT (LENGTH_MEASURE( 1.000000000000000082E-05 ), #9367, 'distance_accuracy_value', 'NONE');
#282 = CARTESIAN_POINT ( 'NONE',  ( -28.16310678118654209, 11.42999999999999972, -6.972106780694380390 ) ) ;
#283 = LINE ( 'NONE', #10946, #5029 ) ;
#284 =( GEOMETRIC_REPRESENTATION_CONTEXT ( 3 ) GLOBAL_UNCERTAINTY_ASSIGNED_CONTEXT ( ( #5342 ) ) GLOBAL_UNIT_ASSIGNED_CONTEXT ( ( #9491, #4830, #3586 ) ) REPRESENTATION_CONTEXT ( 'NONE', 'WORKASPACE' ) );
#285 = CARTESIAN_POINT ( 'NONE',  ( -28.95599999999999241, 1.570893218813450787, 6.972106780694378614 ) ) ;
#286 =( NAMED_UNIT ( * ) SI_UNIT ( $, .STERADIAN. ) SOLID_ANGLE_UNIT ( ) );
#287 = ADVANCED_FACE ( 'NONE', ( #4689 ), #2794, .F. ) ;
#288 = DIRECTION ( 'NONE',  ( 4.081702296416016490E-16, -1.000000000000000000, 0.000000000000000000 ) ) ;
#289 = COLOUR_RGB ( '',0.2509803921568627416, 0.2509803921568627416, 0.2509803921568627416 ) ;
#290 = CIRCLE ( 'NONE', #2552, 1.261999999999997568 ) ;
#291 = AXIS2_PLACEMENT_3D ( 'NONE', #4329, #2224, #2159 ) ;
#292 = SURFACE_STYLE_USAGE ( .BOTH. , #551 ) ;
#293 = DIRECTION ( 'NONE',  ( 1.000000000000000000, 0.000000000000000000, 0.000000000000000000 ) ) ;
#294 = FILL_AREA_STYLE ('',( #5149 ) ) ;
#295 = COLOUR_RGB ( '',0.2509803921568627416, 0.2509803921568627416, 0.2509803921568627416 ) ;
#296 = CARTESIAN_POINT ( 'NONE',  ( -6.226421052631575748, 2.929999999999998384, -17.91499999999999204 ) ) ;
#297 = SURFACE_STYLE_FILL_AREA ( #5389 ) ;
#298 =( GEOMETRIC_REPRESENTATION_CONTEXT ( 3 ) GLOBAL_UNCERTAINTY_ASSIGNED_CONTEXT ( ( #7102 ) ) GLOBAL_UNIT_ASSIGNED_CONTEXT ( ( #11041, #4157, #7077 ) ) REPRESENTATION_CONTEXT ( 'NONE', 'WORKASPACE' ) );
#299 = CARTESIAN_POINT ( 'NONE',  ( -23.43663157894736671, 2.929999999999998384, -7.179213561880927408 ) ) ;
#300 = EDGE_CURVE ( 'NONE', #2528, #1900, #441, .T. ) ;
#301 = CARTESIAN_POINT ( 'NONE',  ( -25.23276631782186286, 0.5000000000000000000, -11.75318671517016433 ) ) ;
#302 = CARTESIAN_POINT ( 'NONE',  ( 17.72021356188092867, 1.778000000000000025, 12.17921356188096382 ) ) ;
#303 = VERTEX_POINT ( 'NONE', #6487 ) ;
#304 = VERTEX_POINT ( 'NONE', #3627 ) ;
#305 = AXIS2_PLACEMENT_3D ( 'NONE', #5408, #574, #3343 ) ;
#306 = CARTESIAN_POINT ( 'NONE',  ( 18.51320819471008861, 11.05363002195113253, -9.450022105501210135 ) ) ;
#307 = FACE_OUTER_BOUND ( 'NONE', #7473, .T. ) ;
#308 =( GEOMETRIC_REPRESENTATION_CONTEXT ( 3 ) GLOBAL_UNCERTAINTY_ASSIGNED_CONTEXT ( ( #7855 ) ) GLOBAL_UNIT_ASSIGNED_CONTEXT ( ( #11392, #2645, #12495 ) ) REPRESENTATION_CONTEXT ( 'NONE', 'WORKASPACE' ) );
#309 = VERTEX_POINT ( 'NONE', #10384 ) ;
#310 = LINE ( 'NONE', #7010, #1818 ) ;
#311 = ORIENTED_EDGE ( 'NONE', *, *, #2195, .F. ) ;
#312 =( NAMED_UNIT ( * ) SI_UNIT ( $, .STERADIAN. ) SOLID_ANGLE_UNIT ( ) );
#313 = CARTESIAN_POINT ( 'NONE',  ( -13.47915789473683823, 11.42999999999999972, 18.41499999999999915 ) ) ;
#314 = STYLED_ITEM ( 'NONE', ( #1733 ), #5621 ) ;
#315 = FILL_AREA_STYLE_COLOUR ( '', #59 ) ;
#316 = PRESENTATION_STYLE_ASSIGNMENT (( #12083 ) ) ;
#317 = EDGE_CURVE ( 'NONE', #2638, #6755, #264, .T. ) ;
#318 = DIRECTION ( 'NONE',  ( 4.081702296416016490E-16, -1.000000000000000000, 0.000000000000000000 ) ) ;
#319 = CARTESIAN_POINT ( 'NONE',  ( -17.47550238349236196, 2.238194743949362131, -18.36400273952707707 ) ) ;
#320 = VERTEX_POINT ( 'NONE', #2062 ) ;
#321 = EDGE_LOOP ( 'NONE', ( #7599, #12286, #2515, #3208 ) ) ;
#322 = CARTESIAN_POINT ( 'NONE',  ( 17.72021356188092867, 1.778000000000000025, 29.65078643811905934 ) ) ;
#323 = SURFACE_SIDE_STYLE ('',( #5296 ) ) ;
#324 =( NAMED_UNIT ( * ) PLANE_ANGLE_UNIT ( ) SI_UNIT ( $, .RADIAN. ) );
#325 =( GEOMETRIC_REPRESENTATION_CONTEXT ( 3 ) GLOBAL_UNCERTAINTY_ASSIGNED_CONTEXT ( ( #10847 ) ) GLOBAL_UNIT_ASSIGNED_CONTEXT ( ( #8495, #3538, #7393 ) ) REPRESENTATION_CONTEXT ( 'NONE', 'WORKASPACE' ) );
#326 = EDGE_CURVE ( 'NONE', #9814, #10117, #4716, .T. ) ;
#327 = CARTESIAN_POINT ( 'NONE',  ( -40.19178643811905971, 1.778000000000000025, -7.179213561880927408 ) ) ;
#328 = EDGE_LOOP ( 'NONE', ( #2015, #7439, #10810, #11217 ) ) ;
#329 = SURFACE_STYLE_USAGE ( .BOTH. , #6017 ) ;
#330 = SURFACE_STYLE_USAGE ( .BOTH. , #9209 ) ;
#331 = AXIS2_PLACEMENT_3D ( 'NONE', #2090, #9944, #2935 ) ;
#332 = CYLINDRICAL_SURFACE ( 'NONE', #10342, 0.5000000000000004441 ) ;
#333 = MECHANICAL_DESIGN_GEOMETRIC_PRESENTATION_REPRESENTATION (  '', ( #7870 ), #11982 ) ;
#334 = ORIENTED_EDGE ( 'NONE', *, *, #8019, .T. ) ;
#335 = LINE ( 'NONE', #10118, #2718 ) ;
#336 =( LENGTH_UNIT ( ) NAMED_UNIT ( * ) SI_UNIT ( .MILLI., .METRE. ) );
#337 = VERTEX_POINT ( 'NONE', #4751 ) ;
#338 = EDGE_CURVE ( 'NONE', #4710, #9592, #11880, .T. ) ;
#339 = AXIS2_PLACEMENT_3D ( 'NONE', #7120, #4388, #10075 ) ;
#340 = CARTESIAN_POINT ( 'NONE',  ( 4.785945850392399059, 11.42999999999999972, 18.41499999999999915 ) ) ;
#341 = EDGE_CURVE ( 'NONE', #9348, #10673, #7091, .T. ) ;
#342 = ORIENTED_EDGE ( 'NONE', *, *, #7341, .T. ) ;
#343 = COLOUR_RGB ( '',0.2509803921568627416, 0.2509803921568627416, 0.2509803921568627416 ) ;
#344 =( LENGTH_UNIT ( ) NAMED_UNIT ( * ) SI_UNIT ( .MILLI., .METRE. ) );
#345 = UNCERTAINTY_MEASURE_WITH_UNIT (LENGTH_MEASURE( 1.000000000000000082E-05 ), #6978, 'distance_accuracy_value', 'NONE');
#346 = CARTESIAN_POINT ( 'NONE',  ( -18.16813964866852515, 2.166362042130637100, -10.10419699634602253 ) ) ;
#347 = DIRECTION ( 'NONE',  ( 0.000000000000000000, 0.000000000000000000, -1.000000000000000000 ) ) ;
#348 = MECHANICAL_DESIGN_GEOMETRIC_PRESENTATION_REPRESENTATION (  '', ( #12638 ), #9714 ) ;
#349 = PRESENTATION_STYLE_ASSIGNMENT (( #1438 ) ) ;
#350 = CARTESIAN_POINT ( 'NONE',  ( 0.5263157894736837372, 11.42999999999999972, -17.91499999999999204 ) ) ;
#351 = FILL_AREA_STYLE_COLOUR ( '', #5390 ) ;
#352 =( GEOMETRIC_REPRESENTATION_CONTEXT ( 3 ) GLOBAL_UNCERTAINTY_ASSIGNED_CONTEXT ( ( #7125 ) ) GLOBAL_UNIT_ASSIGNED_CONTEXT ( ( #9981, #1235, #5186 ) ) REPRESENTATION_CONTEXT ( 'NONE', 'WORKASPACE' ) );
#353 = CARTESIAN_POINT ( 'NONE',  ( -14.45052631578947278, 11.22289321881345536, -18.20789321881344591 ) ) ;
#354 = CARTESIAN_POINT ( 'NONE',  ( -28.45599999999999596, 0.000000000000000000, 15.66328183851187994 ) ) ;
#355 = CIRCLE ( 'NONE', #3016, 0.7619999999999970131 ) ;
#356 = PRESENTATION_STYLE_ASSIGNMENT (( #6291 ) ) ;
#357 = EDGE_CURVE ( 'NONE', #4621, #819, #9835, .T. ) ;
#358 = CARTESIAN_POINT ( 'NONE',  ( -23.43663157894736671, 1.778000000000000025, 7.179213561880927408 ) ) ;
#359 = VECTOR ( 'NONE', #11467, 1000.000000000000000 ) ;
#360 = CARTESIAN_POINT ( 'NONE',  ( 6.517052631578944322, 2.929999999999998384, -17.91499999999999204 ) ) ;
#361 = DIRECTION ( 'NONE',  ( 0.000000000000000000, -0.000000000000000000, -1.000000000000000000 ) ) ;
#362 = PLANE ( 'NONE',  #7657 ) ;
#363 = SURFACE_STYLE_FILL_AREA ( #2547 ) ;
#364 = CIRCLE ( 'NONE', #4843, 0.5000000000000004441 ) ;
#365 = SURFACE_STYLE_FILL_AREA ( #5329 ) ;
#366 = FILL_AREA_STYLE ('',( #6044 ) ) ;
#367 = UNCERTAINTY_MEASURE_WITH_UNIT (LENGTH_MEASURE( 1.000000000000000082E-05 ), #10058, 'distance_accuracy_value', 'NONE');
#368 = ORIENTED_EDGE ( 'NONE', *, *, #3099, .F. ) ;
#369 = COLOUR_RGB ( '',0.2509803921568627416, 0.2509803921568627416, 0.2509803921568627416 ) ;
#370 = EDGE_LOOP ( 'NONE', ( #4047, #2303, #10163, #4558 ) ) ;
#371 = CARTESIAN_POINT ( 'NONE',  ( 16.47452631578947546, 11.42999999999999972, -18.41499999999999559 ) ) ;
#372 = EDGE_CURVE ( 'NONE', #6529, #11798, #1104, .T. ) ;
#373 =( LENGTH_UNIT ( ) NAMED_UNIT ( * ) SI_UNIT ( .MILLI., .METRE. ) );
#374 = CARTESIAN_POINT ( 'NONE',  ( 27.48463157894736497, 11.22289321881345536, 7.179213561880926520 ) ) ;
#375 = CARTESIAN_POINT ( 'NONE',  ( -25.28732325865668784, 0.5000000000000000000, 17.59696088986111562 ) ) ;
#376 = VERTEX_POINT ( 'NONE', #9084 ) ;
#377 = UNCERTAINTY_MEASURE_WITH_UNIT (LENGTH_MEASURE( 1.000000000000000082E-05 ), #9366, 'distance_accuracy_value', 'NONE');
#378 = FILL_AREA_STYLE_COLOUR ( '', #33 ) ;
#379 = VECTOR ( 'NONE', #8972, 1000.000000000000000 ) ;
#380 = UNCERTAINTY_MEASURE_WITH_UNIT (LENGTH_MEASURE( 1.000000000000000082E-05 ), #5470, 'distance_accuracy_value', 'NONE');
#381 = PRESENTATION_STYLE_ASSIGNMENT (( #7202 ) ) ;
#382 = CARTESIAN_POINT ( 'NONE',  ( 16.00315789473683736, 11.42999999999999972, 0.000000000000000000 ) ) ;
#383 = DIRECTION ( 'NONE',  ( 0.000000000000000000, -0.000000000000000000, -1.000000000000000000 ) ) ;
#384 = DIRECTION ( 'NONE',  ( 1.000000000000000000, 0.000000000000000000, 0.000000000000000000 ) ) ;
#385 = ORIENTED_EDGE ( 'NONE', *, *, #9133, .F. ) ;
#386 = ORIENTED_EDGE ( 'NONE', *, *, #4754, .T. ) ;
#387 = DIRECTION ( 'NONE',  ( 0.000000000000000000, -1.000000000000000000, 0.000000000000000000 ) ) ;
#388 = STYLED_ITEM ( 'NONE', ( #7796 ), #6263 ) ;
#389 = CARTESIAN_POINT ( 'NONE',  ( 40.19178643811905971, 10.92999999999999794, -6.679213561880927408 ) ) ;
#390 =( NAMED_UNIT ( * ) SI_UNIT ( $, .STERADIAN. ) SOLID_ANGLE_UNIT ( ) );
#391 = SURFACE_SIDE_STYLE ('',( #9145 ) ) ;
#392 = ORIENTED_EDGE ( 'NONE', *, *, #2254, .T. ) ;
#393 = ADVANCED_FACE ( 'NONE', ( #8895 ), #4169, .T. ) ;
#394 = VECTOR ( 'NONE', #5147, 1000.000000000000000 ) ;
#395 = CARTESIAN_POINT ( 'NONE',  ( 22.72021356188092511, 1.778000000000000025, 12.17921356188092652 ) ) ;
#396 = CARTESIAN_POINT ( 'NONE',  ( 22.96526315789473216, 10.92999999999999794, -7.179213561880927408 ) ) ;
#397 = CARTESIAN_POINT ( 'NONE',  ( 14.74115789473684224, 2.929999999999998384, -17.91499999999999204 ) ) ;
#398 = VECTOR ( 'NONE', #11221, 1000.000000000000000 ) ;
#399 = AXIS2_PLACEMENT_3D ( 'NONE', #2258, #4424, #4180 ) ;
#400 = DIRECTION ( 'NONE',  ( 0.000000000000000000, 0.000000000000000000, 1.000000000000000000 ) ) ;
#401 = CARTESIAN_POINT ( 'NONE',  ( -19.46989473684210381, 11.42999999999999972, 7.742387270983545733 ) ) ;
#402 = ORIENTED_EDGE ( 'NONE', *, *, #5062, .F. ) ;
#403 = DIRECTION ( 'NONE',  ( -0.000000000000000000, 0.000000000000000000, 1.000000000000000000 ) ) ;
#404 = ORIENTED_EDGE ( 'NONE', *, *, #3644, .T. ) ;
#405 =( LENGTH_UNIT ( ) NAMED_UNIT ( * ) SI_UNIT ( .MILLI., .METRE. ) );
#406 = LINE ( 'NONE', #9219, #11855 ) ;
#407 =( GEOMETRIC_REPRESENTATION_CONTEXT ( 3 ) GLOBAL_UNCERTAINTY_ASSIGNED_CONTEXT ( ( #10092 ) ) GLOBAL_UNIT_ASSIGNED_CONTEXT ( ( #11586, #3852, #3411 ) ) REPRESENTATION_CONTEXT ( 'NONE', 'WORKASPACE' ) );
#408 = VERTEX_POINT ( 'NONE', #5118 ) ;
#409 = CARTESIAN_POINT ( 'NONE',  ( 19.90754331122365883, 11.20446223635352645, -7.969845875100948440 ) ) ;
#410 = SURFACE_SIDE_STYLE ('',( #537 ) ) ;
#411 = CARTESIAN_POINT ( 'NONE',  ( -18.23902253566194176, 2.164477001277395285, -9.955120403769617710 ) ) ;
#412 = DIRECTION ( 'NONE',  ( -0.000000000000000000, 1.000000000000000000, -0.000000000000000000 ) ) ;
#413 = SURFACE_STYLE_USAGE ( .BOTH. , #11205 ) ;
#414 = VECTOR ( 'NONE', #10925, 1000.000000000000000 ) ;
#415 = EDGE_CURVE ( 'NONE', #7903, #8340, #2185, .T. ) ;
#416 =( GEOMETRIC_REPRESENTATION_CONTEXT ( 3 ) GLOBAL_UNCERTAINTY_ASSIGNED_CONTEXT ( ( #1749 ) ) GLOBAL_UNIT_ASSIGNED_CONTEXT ( ( #1913, #8742, #10716 ) ) REPRESENTATION_CONTEXT ( 'NONE', 'WORKASPACE' ) );
#417 = FACE_OUTER_BOUND ( 'NONE', #8575, .T. ) ;
#418 = SURFACE_STYLE_USAGE ( .BOTH. , #5206 ) ;
#419 = MECHANICAL_DESIGN_GEOMETRIC_PRESENTATION_REPRESENTATION (  '', ( #1444 ), #5916 ) ;
#420 = CARTESIAN_POINT ( 'NONE',  ( -7.959789473684211636, 11.42999999999999972, -18.41499999999999559 ) ) ;
#421 = ADVANCED_FACE ( 'NONE', ( #11979 ), #5057, .T. ) ;
#422 = SURFACE_SIDE_STYLE ('',( #9178 ) ) ;
#423 = FILL_AREA_STYLE ('',( #9046 ) ) ;
#424 = DIRECTION ( 'NONE',  ( 0.6360782202777650607, 0.000000000000000000, 0.7716245833877191096 ) ) ;
#425 = EDGE_CURVE ( 'NONE', #134, #1080, #4471, .T. ) ;
#426 = CARTESIAN_POINT ( 'NONE',  ( 3.521684210526315972, 10.92999999999999794, -17.91499999999999204 ) ) ;
#427 = CYLINDRICAL_SURFACE ( 'NONE', #7692, 0.5000000000000004441 ) ;
#428 = CARTESIAN_POINT ( 'NONE',  ( -19.46989473684210381, 11.42999999999999972, -7.742387270983545733 ) ) ;
#429 = STYLED_ITEM ( 'NONE', ( #3073 ), #7711 ) ;
#430 = EDGE_LOOP ( 'NONE', ( #10568, #3866, #11986, #368 ) ) ;
#431 = EDGE_LOOP ( 'NONE', ( #2772, #8515, #11252, #1289 ) ) ;
#432 = CARTESIAN_POINT ( 'NONE',  ( -17.72021356188092511, 2.344499298387708652, 11.84578314900397089 ) ) ;
#433 = DIRECTION ( 'NONE',  ( 0.000000000000000000, 0.000000000000000000, -1.000000000000000000 ) ) ;
#434 = LINE ( 'NONE', #8215, #10188 ) ;
#435 = CARTESIAN_POINT ( 'NONE',  ( 13.47915789473683823, 11.42999999999999972, 18.41499999999999915 ) ) ;
#436 = ORIENTED_EDGE ( 'NONE', *, *, #7431, .T. ) ;
#437 = CIRCLE ( 'NONE', #10829, 5.499999999999996447 ) ;
#438 = SURFACE_STYLE_FILL_AREA ( #1459 ) ;
#439 = VECTOR ( 'NONE', #8532, 1000.000000000000000 ) ;
#440 = CYLINDRICAL_SURFACE ( 'NONE', #12117, 0.7619999999999970131 ) ;
#441 = CIRCLE ( 'NONE', #858, 1.261999999999997568 ) ;
#442 = FACE_OUTER_BOUND ( 'NONE', #10152, .T. ) ;
#443 = FILL_AREA_STYLE ('',( #315 ) ) ;
#444 =( LENGTH_UNIT ( ) NAMED_UNIT ( * ) SI_UNIT ( .MILLI., .METRE. ) );
#445 =( NAMED_UNIT ( * ) PLANE_ANGLE_UNIT ( ) SI_UNIT ( $, .RADIAN. ) );
#446 = ORIENTED_EDGE ( 'NONE', *, *, #12284, .F. ) ;
#447 = EDGE_CURVE ( 'NONE', #127, #3779, #3418, .T. ) ;
#448 = DIRECTION ( 'NONE',  ( 0.000000000000000000, 0.000000000000000000, -1.000000000000000000 ) ) ;
#449 = ORIENTED_EDGE ( 'NONE', *, *, #10400, .F. ) ;
#450 =( GEOMETRIC_REPRESENTATION_CONTEXT ( 3 ) GLOBAL_UNCERTAINTY_ASSIGNED_CONTEXT ( ( #5453 ) ) GLOBAL_UNIT_ASSIGNED_CONTEXT ( ( #8720, #3052, #21 ) ) REPRESENTATION_CONTEXT ( 'NONE', 'WORKASPACE' ) );
#451 = DIRECTION ( 'NONE',  ( -0.000000000000000000, 1.000000000000000000, -0.000000000000000000 ) ) ;
#452 =( BOUNDED_CURVE ( )  B_SPLINE_CURVE ( 3, ( #1901, #7682, #9735, #9864 ),
 .UNSPECIFIED., .F., .T. ) 
 B_SPLINE_CURVE_WITH_KNOTS ( ( 4, 4 ),
 ( 4.712388980384689674, 6.283185307179586232 ),
 .UNSPECIFIED. ) 
 CURVE ( )  GEOMETRIC_REPRESENTATION_ITEM ( )  RATIONAL_B_SPLINE_CURVE ( ( 1.000000000000000000, 0.8047378541243649375, 0.8047378541243649375, 1.000000000000000000 ) ) 
 REPRESENTATION_ITEM ( '' )  );
#453 =( NAMED_UNIT ( * ) PLANE_ANGLE_UNIT ( ) SI_UNIT ( $, .RADIAN. ) );
#454 = DIRECTION ( 'NONE',  ( 1.000000000000000000, 0.000000000000000000, -0.000000000000000000 ) ) ;
#455 = VERTEX_POINT ( 'NONE', #3352 ) ;
#456 = PRESENTATION_LAYER_ASSIGNMENT (  '', '', ( #3524 ) ) ;
#457 = CYLINDRICAL_SURFACE ( 'NONE', #12352, 0.5000000000000004441 ) ;
#458 = CYLINDRICAL_SURFACE ( 'NONE', #3977, 0.5000000000000004441 ) ;
#459 = CARTESIAN_POINT ( 'NONE',  ( -25.40151096696282096, 1.777999999999999581, -18.20789321881344591 ) ) ;
#460 = CARTESIAN_POINT ( 'NONE',  ( -19.01049137058458527, 11.13263057650676835, 8.766441686526487587 ) ) ;
#461 = VERTEX_POINT ( 'NONE', #3599 ) ;
#462 = DIRECTION ( 'NONE',  ( -0.000000000000000000, -0.000000000000000000, -1.000000000000000000 ) ) ;
#463 = EDGE_CURVE ( 'NONE', #4792, #10928, #12302, .T. ) ;
#464 =( LENGTH_UNIT ( ) NAMED_UNIT ( * ) SI_UNIT ( .MILLI., .METRE. ) );
#465 = ORIENTED_EDGE ( 'NONE', *, *, #11402, .T. ) ;
#466 = CIRCLE ( 'NONE', #1281, 0.5000000000000004441 ) ;
#467 = CARTESIAN_POINT ( 'NONE',  ( -28.68357658370602437, 1.501643587954630229E-15, 16.12366568229732877 ) ) ;
#468 = STYLED_ITEM ( 'NONE', ( #5478 ), #8360 ) ;
#469 = DIRECTION ( 'NONE',  ( 0.000000000000000000, 0.000000000000000000, -1.000000000000000000 ) ) ;
#470 = VERTEX_POINT ( 'NONE', #7334 ) ;
#471 = CARTESIAN_POINT ( 'NONE',  ( -18.74954049062811734, 2.390866119578130888, -9.139600176933818432 ) ) ;
#472 = CARTESIAN_POINT ( 'NONE',  ( -28.57323644940871432, 0.03961615621455834985, -16.16328183851187461 ) ) ;
#473 =( GEOMETRIC_REPRESENTATION_CONTEXT ( 3 ) GLOBAL_UNCERTAINTY_ASSIGNED_CONTEXT ( ( #5259 ) ) GLOBAL_UNIT_ASSIGNED_CONTEXT ( ( #9634, #1841, #8477 ) ) REPRESENTATION_CONTEXT ( 'NONE', 'WORKASPACE' ) );
#474 =( GEOMETRIC_REPRESENTATION_CONTEXT ( 3 ) GLOBAL_UNCERTAINTY_ASSIGNED_CONTEXT ( ( #7893 ) ) GLOBAL_UNIT_ASSIGNED_CONTEXT ( ( #3816, #8589, #10631 ) ) REPRESENTATION_CONTEXT ( 'NONE', 'WORKASPACE' ) );
#475 = MECHANICAL_DESIGN_GEOMETRIC_PRESENTATION_REPRESENTATION (  '', ( #5969 ), #8629 ) ;
#476 =( NAMED_UNIT ( * ) PLANE_ANGLE_UNIT ( ) SI_UNIT ( $, .RADIAN. ) );
#477 = DIRECTION ( 'NONE',  ( -0.000000000000000000, 0.000000000000000000, 1.000000000000000000 ) ) ;
#478 = COLOUR_RGB ( '',0.2509803921568627416, 0.2509803921568627416, 0.2509803921568627416 ) ;
#479 = EDGE_CURVE ( 'NONE', #3746, #8419, #2517, .T. ) ;
#480 = LINE ( 'NONE', #4380, #10507 ) ;
#481 = EDGE_CURVE ( 'NONE', #11680, #9886, #2629, .T. ) ;
#482 = MECHANICAL_DESIGN_GEOMETRIC_PRESENTATION_REPRESENTATION (  '', ( #12119 ), #886 ) ;
#483 = AXIS2_PLACEMENT_3D ( 'NONE', #9488, #5786, #10454 ) ;
#484 = PRESENTATION_STYLE_ASSIGNMENT (( #10191 ) ) ;
#485 = SURFACE_STYLE_FILL_AREA ( #3501 ) ;
#486 = ADVANCED_FACE ( 'NONE', ( #9147 ), #12092, .F. ) ;
#487 = EDGE_CURVE ( 'NONE', #12168, #1467, #5948, .T. ) ;
#488 = SURFACE_STYLE_USAGE ( .BOTH. , #3502 ) ;
#489 = CARTESIAN_POINT ( 'NONE',  ( -22.05336169420393233, 11.22277284170722922, -7.134857660911356980 ) ) ;
#490 = CARTESIAN_POINT ( 'NONE',  ( 16.47452631578947901, 2.929999999999998384, -17.91499999999999204 ) ) ;
#491 =( LENGTH_UNIT ( ) NAMED_UNIT ( * ) SI_UNIT ( .MILLI., .METRE. ) );
#492 = STYLED_ITEM ( 'NONE', ( #1976 ), #11225 ) ;
#493 = FILL_AREA_STYLE ('',( #9681 ) ) ;
#494 = AXIS2_PLACEMENT_3D ( 'NONE', #11009, #10128, #11933 ) ;
#495 = VECTOR ( 'NONE', #6670, 1000.000000000000000 ) ;
#496 = CARTESIAN_POINT ( 'NONE',  ( -21.96526315789472861, 11.01328214128143479, 7.236537172765301840 ) ) ;
#497 = UNCERTAINTY_MEASURE_WITH_UNIT (LENGTH_MEASURE( 1.000000000000000082E-05 ), #4825, 'distance_accuracy_value', 'NONE');
#498 = PRESENTATION_STYLE_ASSIGNMENT (( #5332 ) ) ;
#499 = PRESENTATION_LAYER_ASSIGNMENT (  '', '', ( #2749 ) ) ;
#500 = ORIENTED_EDGE ( 'NONE', *, *, #4306, .F. ) ;
#501 = CARTESIAN_POINT ( 'NONE',  ( 18.61679109496326134, 11.26001227275619598, -9.117826296722094881 ) ) ;
#502 =( NAMED_UNIT ( * ) PLANE_ANGLE_UNIT ( ) SI_UNIT ( $, .RADIAN. ) );
#503 = PRESENTATION_LAYER_ASSIGNMENT (  '', '', ( #8859 ) ) ;
#504 = CARTESIAN_POINT ( 'NONE',  ( -22.72021356188092511, 10.92999999999999794, 12.17921356188092652 ) ) ;
#505 = CARTESIAN_POINT ( 'NONE',  ( -23.62199999999999633, 0.5000000000000000000, 13.08100000000000840 ) ) ;
#506 = MECHANICAL_DESIGN_GEOMETRIC_PRESENTATION_REPRESENTATION (  '', ( #9871 ), #10283 ) ;
#507 = ORIENTED_EDGE ( 'NONE', *, *, #1580, .F. ) ;
#508 = STYLED_ITEM ( 'NONE', ( #1170 ), #9154 ) ;
#509 = MECHANICAL_DESIGN_GEOMETRIC_PRESENTATION_REPRESENTATION (  '', ( #11305 ), #4178 ) ;
#510 = UNCERTAINTY_MEASURE_WITH_UNIT (LENGTH_MEASURE( 1.000000000000000082E-05 ), #9292, 'distance_accuracy_value', 'NONE');
#511 = CARTESIAN_POINT ( 'NONE',  ( 9.512421052631573559, 10.92999999999999794, -17.91499999999999204 ) ) ;
#512 = DIRECTION ( 'NONE',  ( 0.000000000000000000, -1.000000000000000000, 0.000000000000000000 ) ) ;
#513 =( LENGTH_UNIT ( ) NAMED_UNIT ( * ) SI_UNIT ( .MILLI., .METRE. ) );
#514 = CARTESIAN_POINT ( 'NONE',  ( -8.252682692497664618, 11.42999999999999972, 18.41499999999999915 ) ) ;
#515 = FACE_OUTER_BOUND ( 'NONE', #5095, .T. ) ;
#516 = VERTEX_POINT ( 'NONE', #12163 ) ;
#517 = MECHANICAL_DESIGN_GEOMETRIC_PRESENTATION_REPRESENTATION (  '', ( #5587 ), #298 ) ;
#518 = CYLINDRICAL_SURFACE ( 'NONE', #9998, 0.5000000000000004441 ) ;
#519 = EDGE_LOOP ( 'NONE', ( #12649, #1851, #4269, #6175, #9023, #7389, #6453, #8314, #3808, #5785 ) ) ;
#520 = EDGE_CURVE ( 'NONE', #4084, #5531, #12296, .T. ) ;
#521 = CARTESIAN_POINT ( 'NONE',  ( -22.72021356188092511, 1.778000000000000025, 17.91499999999999915 ) ) ;
#522 = CARTESIAN_POINT ( 'NONE',  ( 0.5263157894736837372, 11.42999999999999972, 17.91499999999999915 ) ) ;
#523 = EDGE_CURVE ( 'NONE', #4020, #6826, #3534, .T. ) ;
#524 = VERTEX_POINT ( 'NONE', #1475 ) ;
#525 = COLOUR_RGB ( '',0.2509803921568627416, 0.2509803921568627416, 0.2509803921568627416 ) ;
#526 = MECHANICAL_DESIGN_GEOMETRIC_PRESENTATION_REPRESENTATION (  '', ( #1957 ), #3996 ) ;
#527 = PRESENTATION_STYLE_ASSIGNMENT (( #330 ) ) ;
#528 = DIRECTION ( 'NONE',  ( 0.000000000000000000, 0.000000000000000000, 1.000000000000000000 ) ) ;
#529 = SURFACE_STYLE_FILL_AREA ( #9329 ) ;
#530 = ORIENTED_EDGE ( 'NONE', *, *, #8391, .T. ) ;
#531 = VERTEX_POINT ( 'NONE', #8301 ) ;
#532 =( BOUNDED_CURVE ( )  B_SPLINE_CURVE ( 3, ( #10234, #9093, #4363, #5251 ),
 .UNSPECIFIED., .F., .T. ) 
 B_SPLINE_CURVE_WITH_KNOTS ( ( 4, 4 ),
 ( 4.712388980384688786, 6.283185307179586232 ),
 .UNSPECIFIED. ) 
 CURVE ( )  GEOMETRIC_REPRESENTATION_ITEM ( )  RATIONAL_B_SPLINE_CURVE ( ( 1.000000000000000000, 0.8047378541243648264, 0.8047378541243648264, 1.000000000000000000 ) ) 
 REPRESENTATION_ITEM ( '' )  );
#533 = COLOUR_RGB ( '',0.2509803921568627416, 0.2509803921568627416, 0.2509803921568627416 ) ;
#534 =( NAMED_UNIT ( * ) SI_UNIT ( $, .STERADIAN. ) SOLID_ANGLE_UNIT ( ) );
#535 = ORIENTED_EDGE ( 'NONE', *, *, #6812, .F. ) ;
#536 = FILL_AREA_STYLE ('',( #9276 ) ) ;
#537 = SURFACE_STYLE_FILL_AREA ( #4307 ) ;
#538 = EDGE_CURVE ( 'NONE', #9019, #3171, #12232, .T. ) ;
#539 = UNCERTAINTY_MEASURE_WITH_UNIT (LENGTH_MEASURE( 1.000000000000000082E-05 ), #4975, 'distance_accuracy_value', 'NONE');
#540 = FILL_AREA_STYLE_COLOUR ( '', #12555 ) ;
#541 =( NAMED_UNIT ( * ) SI_UNIT ( $, .STERADIAN. ) SOLID_ANGLE_UNIT ( ) );
#542 = DIRECTION ( 'NONE',  ( 1.000000000000000000, 0.000000000000000000, 0.000000000000000000 ) ) ;
#543 = VERTEX_POINT ( 'NONE', #7581 ) ;
#544 =( LENGTH_UNIT ( ) NAMED_UNIT ( * ) SI_UNIT ( .MILLI., .METRE. ) );
#545 = MECHANICAL_DESIGN_GEOMETRIC_PRESENTATION_REPRESENTATION (  '', ( #1566 ), #4419 ) ;
#546 = APPLICATION_PROTOCOL_DEFINITION ( 'draft international standard', 'automotive_design', 1998, #6800 ) ;
#547 = CARTESIAN_POINT ( 'NONE',  ( -19.46989473684210381, 10.92999999999999794, -18.41499999999999915 ) ) ;
#548 = AXIS2_PLACEMENT_3D ( 'NONE', #4126, #7746, #3928 ) ;
#549 =( LENGTH_UNIT ( ) NAMED_UNIT ( * ) SI_UNIT ( .MILLI., .METRE. ) );
#550 = ORIENTED_EDGE ( 'NONE', *, *, #6174, .T. ) ;
#551 = SURFACE_SIDE_STYLE ('',( #6164 ) ) ;
#552 = COLOUR_RGB ( '',0.2509803921568627416, 0.2509803921568627416, 0.2509803921568627416 ) ;
#553 = DIRECTION ( 'NONE',  ( 0.000000000000000000, 1.000000000000000000, 0.000000000000000000 ) ) ;
#554 = EDGE_CURVE ( 'NONE', #8187, #5117, #1574, .T. ) ;
#555 = FILL_AREA_STYLE ('',( #2284 ) ) ;
#556 = FILL_AREA_STYLE_COLOUR ( '', #7200 ) ;
#557 = MECHANICAL_DESIGN_GEOMETRIC_PRESENTATION_REPRESENTATION (  '', ( #11364 ), #1379 ) ;
#558 =( NAMED_UNIT ( * ) PLANE_ANGLE_UNIT ( ) SI_UNIT ( $, .RADIAN. ) );
#559 = LINE ( 'NONE', #12069, #1931 ) ;
#560 = ADVANCED_FACE ( 'NONE', ( #840 ), #1926, .F. ) ;
#561 = EDGE_LOOP ( 'NONE', ( #5806, #3356, #878, #2837 ) ) ;
#562 = STYLED_ITEM ( 'NONE', ( #12505 ), #6991 ) ;
#563 =( GEOMETRIC_REPRESENTATION_CONTEXT ( 3 ) GLOBAL_UNCERTAINTY_ASSIGNED_CONTEXT ( ( #3325 ) ) GLOBAL_UNIT_ASSIGNED_CONTEXT ( ( #720, #9383, #12301 ) ) REPRESENTATION_CONTEXT ( 'NONE', 'WORKASPACE' ) );
#564 =( NAMED_UNIT ( * ) SI_UNIT ( $, .STERADIAN. ) SOLID_ANGLE_UNIT ( ) );
#565 =( NAMED_UNIT ( * ) PLANE_ANGLE_UNIT ( ) SI_UNIT ( $, .RADIAN. ) );
#566 = ORIENTED_EDGE ( 'NONE', *, *, #9528, .T. ) ;
#567 = CYLINDRICAL_SURFACE ( 'NONE', #11492, 0.5000000000000004441 ) ;
#568 =( LENGTH_UNIT ( ) NAMED_UNIT ( * ) SI_UNIT ( .MILLI., .METRE. ) );
#569 = VECTOR ( 'NONE', #5571, 1000.000000000000000 ) ;
#570 = DIRECTION ( 'NONE',  ( -4.081702296416016490E-16, 1.000000000000000000, -0.000000000000000000 ) ) ;
#571 = CIRCLE ( 'NONE', #10364, 0.5000000000000004441 ) ;
#572 = SURFACE_SIDE_STYLE ('',( #3520 ) ) ;
#573 = DIRECTION ( 'NONE',  ( -0.7716245833877181104, 0.000000000000000000, 0.6360782202777660599 ) ) ;
#574 = DIRECTION ( 'NONE',  ( -0.6360782202777647276, 0.000000000000000000, 0.7716245833877193316 ) ) ;
#575 = VERTEX_POINT ( 'NONE', #10412 ) ;
#576 = EDGE_CURVE ( 'NONE', #7848, #10535, #5611, .T. ) ;
#577 = ORIENTED_EDGE ( 'NONE', *, *, #11968, .F. ) ;
#578 = SURFACE_STYLE_FILL_AREA ( #9318 ) ;
#579 = TOROIDAL_SURFACE ( 'NONE', #1989, 5.499999999999998224, 0.5000000000000000000 ) ;
#580 = CYLINDRICAL_SURFACE ( 'NONE', #8211, 0.7619999999999970131 ) ;
#581 = VERTEX_POINT ( 'NONE', #964 ) ;
#582 = DIRECTION ( 'NONE',  ( -0.000000000000000000, 0.000000000000000000, 1.000000000000000000 ) ) ;
#583 = PRESENTATION_LAYER_ASSIGNMENT (  '', '', ( #11610 ) ) ;
#584 = FACE_OUTER_BOUND ( 'NONE', #1166, .T. ) ;
#585 = CARTESIAN_POINT ( 'NONE',  ( 28.07018770830613619, 0.5000000000000000000, 15.98132094865076169 ) ) ;
#586 = CYLINDRICAL_SURFACE ( 'NONE', #8264, 4.999999999999998224 ) ;
#587 = DIRECTION ( 'NONE',  ( 0.000000000000000000, 0.000000000000000000, -1.000000000000000000 ) ) ;
#588 = LINE ( 'NONE', #9996, #10904 ) ;
#589 = ORIENTED_EDGE ( 'NONE', *, *, #4876, .T. ) ;
#590 = DIRECTION ( 'NONE',  ( 0.000000000000000000, 0.000000000000000000, 1.000000000000000000 ) ) ;
#591 = EDGE_CURVE ( 'NONE', #4569, #2156, #4594, .T. ) ;
#592 = CARTESIAN_POINT ( 'NONE',  ( 13.47915789473683823, 10.92999999999999794, -18.41499999999999915 ) ) ;
#593 = ORIENTED_EDGE ( 'NONE', *, *, #1231, .T. ) ;
#594 =( NAMED_UNIT ( * ) SI_UNIT ( $, .STERADIAN. ) SOLID_ANGLE_UNIT ( ) );
#595 = PRESENTATION_LAYER_ASSIGNMENT (  '', '', ( #3460 ) ) ;
#596 =( LENGTH_UNIT ( ) NAMED_UNIT ( * ) SI_UNIT ( .MILLI., .METRE. ) );
#597 = ORIENTED_EDGE ( 'NONE', *, *, #9059, .F. ) ;
#598 = CARTESIAN_POINT ( 'NONE',  ( 28.45599999999999596, -0.0009999999999992653654, 15.66328183851187994 ) ) ;
#599 = FILL_AREA_STYLE_COLOUR ( '', #12564 ) ;
#600 =( NAMED_UNIT ( * ) PLANE_ANGLE_UNIT ( ) SI_UNIT ( $, .RADIAN. ) );
#601 = ORIENTED_EDGE ( 'NONE', *, *, #7166, .F. ) ;
#602 = SURFACE_STYLE_FILL_AREA ( #12445 ) ;
#603 = AXIS2_PLACEMENT_3D ( 'NONE', #12259, #1507, #6486 ) ;
#604 =( BOUNDED_CURVE ( )  B_SPLINE_CURVE ( 3, ( #10008, #9291, #8138, #3193 ),
 .UNSPECIFIED., .F., .F. ) 
 B_SPLINE_CURVE_WITH_KNOTS ( ( 4, 4 ),
 ( 1.570796326794896558, 3.141592653589793116 ),
 .UNSPECIFIED. ) 
 CURVE ( )  GEOMETRIC_REPRESENTATION_ITEM ( )  RATIONAL_B_SPLINE_CURVE ( ( 1.000000000000000000, 0.8047378541243649375, 0.8047378541243649375, 1.000000000000000000 ) ) 
 REPRESENTATION_ITEM ( '' )  );
#605 = EDGE_CURVE ( 'NONE', #9606, #12313, #4848, .T. ) ;
#606 = PRESENTATION_LAYER_ASSIGNMENT (  '', '', ( #12262 ) ) ;
#607 = CIRCLE ( 'NONE', #12662, 0.5000000000000004441 ) ;
#608 = ORIENTED_EDGE ( 'NONE', *, *, #769, .T. ) ;
#609 = CARTESIAN_POINT ( 'NONE',  ( -16.47452631578947191, 11.42999999999999972, 18.41499999999999915 ) ) ;
#610 = DIRECTION ( 'NONE',  ( 0.000000000000000000, 0.000000000000000000, 1.000000000000000000 ) ) ;
#611 = SURFACE_STYLE_FILL_AREA ( #5712 ) ;
#612 = MECHANICAL_DESIGN_GEOMETRIC_PRESENTATION_REPRESENTATION (  '', ( #1029 ), #3291 ) ;
#613 = ADVANCED_FACE ( 'NONE', ( #11508 ), #3722, .T. ) ;
#614 = DIRECTION ( 'NONE',  ( 1.000000000000000000, 0.000000000000000000, 0.000000000000000000 ) ) ;
#615 = UNCERTAINTY_MEASURE_WITH_UNIT (LENGTH_MEASURE( 1.000000000000000082E-05 ), #5978, 'distance_accuracy_value', 'NONE');
#616 = CARTESIAN_POINT ( 'NONE',  ( -4.493052631578940748, 2.929999999999998384, -18.41499999999999559 ) ) ;
#617 = EDGE_CURVE ( 'NONE', #3236, #10967, #3846, .T. ) ;
#618 = VERTEX_POINT ( 'NONE', #6896 ) ;
#619 = STYLED_ITEM ( 'NONE', ( #2455 ), #7548 ) ;
#620 = CARTESIAN_POINT ( 'NONE',  ( -23.43663157894735960, 11.22289321881345536, -7.179213561880926520 ) ) ;
#621 = SURFACE_STYLE_FILL_AREA ( #2299 ) ;
#622 = ORIENTED_EDGE ( 'NONE', *, *, #10786, .T. ) ;
#623 = DIRECTION ( 'NONE',  ( 0.000000000000000000, 0.000000000000000000, -1.000000000000000000 ) ) ;
#624 = SURFACE_SIDE_STYLE ('',( #8160 ) ) ;
#625 = CARTESIAN_POINT ( 'NONE',  ( -1.497684210526314175, 11.42999999999999972, -18.41499999999999559 ) ) ;
#626 = COLOUR_RGB ( '',0.2509803921568627416, 0.2509803921568627416, 0.2509803921568627416 ) ;
#627 =( NAMED_UNIT ( * ) PLANE_ANGLE_UNIT ( ) SI_UNIT ( $, .RADIAN. ) );
#628 = PRESENTATION_STYLE_ASSIGNMENT (( #9369 ) ) ;
#629 = FACE_OUTER_BOUND ( 'NONE', #6569, .T. ) ;
#630 = ORIENTED_EDGE ( 'NONE', *, *, #8183, .T. ) ;
#631 = FILL_AREA_STYLE_COLOUR ( '', #4087 ) ;
#632 = VERTEX_POINT ( 'NONE', #1988 ) ;
#633 = CARTESIAN_POINT ( 'NONE',  ( 10.98378947368420988, 10.92999999999999794, 17.91499999999999915 ) ) ;
#634 =( NAMED_UNIT ( * ) SI_UNIT ( $, .STERADIAN. ) SOLID_ANGLE_UNIT ( ) );
#635 = AXIS2_PLACEMENT_3D ( 'NONE', #4483, #10365, #12312 ) ;
#636 = ORIENTED_EDGE ( 'NONE', *, *, #813, .T. ) ;
#638 = EDGE_CURVE ( 'NONE', #6112, #5005, #10978, .T. ) ;
#637 = COLOUR_RGB ( '',0.2509803921568627416, 0.2509803921568627416, 0.2509803921568627416 ) ;
#639 = CARTESIAN_POINT ( 'NONE',  ( -22.72021356188092511, 10.92999999999999794, -12.17921356188092652 ) ) ;
#640 =( LENGTH_UNIT ( ) NAMED_UNIT ( * ) SI_UNIT ( .MILLI., .METRE. ) );
#641 = ORIENTED_EDGE ( 'NONE', *, *, #7459, .F. ) ;
#642 = CARTESIAN_POINT ( 'NONE',  ( -5.464421052631580622, 2.929999999999998384, -18.41499999999999915 ) ) ;
#643 = EDGE_CURVE ( 'NONE', #6147, #9487, #5003, .T. ) ;
#644 = PRESENTATION_STYLE_ASSIGNMENT (( #9443 ) ) ;
#645 =( NAMED_UNIT ( * ) SI_UNIT ( $, .STERADIAN. ) SOLID_ANGLE_UNIT ( ) );
#646 =( GEOMETRIC_REPRESENTATION_CONTEXT ( 3 ) GLOBAL_UNCERTAINTY_ASSIGNED_CONTEXT ( ( #11394 ) ) GLOBAL_UNIT_ASSIGNED_CONTEXT ( ( #8774, #9712, #7731 ) ) REPRESENTATION_CONTEXT ( 'NONE', 'WORKASPACE' ) );
#647 = VECTOR ( 'NONE', #11241, 1000.000000000000000 ) ;
#648 = CIRCLE ( 'NONE', #7769, 0.5000000000000004441 ) ;
#649 = PRESENTATION_STYLE_ASSIGNMENT (( #1550 ) ) ;
#650 = ORIENTED_EDGE ( 'NONE', *, *, #7686, .T. ) ;
#651 = DIRECTION ( 'NONE',  ( 0.000000000000000000, 1.000000000000000000, 0.000000000000000000 ) ) ;
#652 = AXIS2_PLACEMENT_3D ( 'NONE', #10515, #2662, #10570 ) ;
#653 =( LENGTH_UNIT ( ) NAMED_UNIT ( * ) SI_UNIT ( .MILLI., .METRE. ) );
#654 = ORIENTED_EDGE ( 'NONE', *, *, #8407, .F. ) ;
#655 = SURFACE_STYLE_FILL_AREA ( #9639 ) ;
#656 = CARTESIAN_POINT ( 'NONE',  ( 25.75352479776081793, 11.42999999999999972, 6.972106780694380390 ) ) ;
#657 = DIRECTION ( 'NONE',  ( -1.387778780781444413E-14, 0.000000000000000000, -1.000000000000000000 ) ) ;
#658 = ORIENTED_EDGE ( 'NONE', *, *, #10201, .T. ) ;
#659 = CYLINDRICAL_SURFACE ( 'NONE', #10164, 0.5000000000000004441 ) ;
#660 = MECHANICAL_DESIGN_GEOMETRIC_PRESENTATION_REPRESENTATION (  '', ( #6159 ), #5328 ) ;
#661 = AXIS2_PLACEMENT_3D ( 'NONE', #10846, #2046, #4025 ) ;
#662 = PRESENTATION_STYLE_ASSIGNMENT (( #9395 ) ) ;
#663 = EDGE_CURVE ( 'NONE', #10054, #4425, #11098, .T. ) ;
#664 = UNCERTAINTY_MEASURE_WITH_UNIT (LENGTH_MEASURE( 1.000000000000000082E-05 ), #6691, 'distance_accuracy_value', 'NONE');
#665 = FILL_AREA_STYLE_COLOUR ( '', #7211 ) ;
#666 = ORIENTED_EDGE ( 'NONE', *, *, #5971, .T. ) ;
#667 =( LENGTH_UNIT ( ) NAMED_UNIT ( * ) SI_UNIT ( .MILLI., .METRE. ) );
#668 = SURFACE_SIDE_STYLE ('',( #5317 ) ) ;
#669 = ORIENTED_EDGE ( 'NONE', *, *, #1580, .T. ) ;
#670 = STYLED_ITEM ( 'NONE', ( #10889 ), #8092 ) ;
#671 = CARTESIAN_POINT ( 'NONE',  ( 25.96063157894736761, 10.92999999999999794, 7.179213561880927408 ) ) ;
#672 = DIRECTION ( 'NONE',  ( -1.000000000000000000, 0.000000000000000000, 0.000000000000000000 ) ) ;
#673 = ORIENTED_EDGE ( 'NONE', *, *, #6931, .F. ) ;
#674 = CARTESIAN_POINT ( 'NONE',  ( -1.969052631578947832, 11.42999999999999972, -18.41499999999999559 ) ) ;
#675 = MECHANICAL_DESIGN_GEOMETRIC_PRESENTATION_REPRESENTATION (  '', ( #4544 ), #5979 ) ;
#676 = SURFACE_STYLE_FILL_AREA ( #10320 ) ;
#677 = AXIS2_PLACEMENT_3D ( 'NONE', #10737, #9907, #1162 ) ;
#678 = SURFACE_SIDE_STYLE ('',( #2546 ) ) ;
#679 = CARTESIAN_POINT ( 'NONE',  ( -1.969052631578948276, 2.929999999999998384, 17.91499999999999915 ) ) ;
#680 = ADVANCED_FACE ( 'NONE', ( #8932 ), #6161, .T. ) ;
#681 = CYLINDRICAL_SURFACE ( 'NONE', #7879, 1.587500000000002132 ) ;
#682 = CARTESIAN_POINT ( 'NONE',  ( -21.96526315789472861, 1.778000000000000247, -7.236537172765303616 ) ) ;
#683 =( GEOMETRIC_REPRESENTATION_CONTEXT ( 3 ) GLOBAL_UNCERTAINTY_ASSIGNED_CONTEXT ( ( #5226 ) ) GLOBAL_UNIT_ASSIGNED_CONTEXT ( ( #568, #8217, #4459 ) ) REPRESENTATION_CONTEXT ( 'NONE', 'WORKASPACE' ) );
#684 = FILL_AREA_STYLE ('',( #12519 ) ) ;
#685 = COLOUR_RGB ( '',0.2509803921568627416, 0.2509803921568627416, 0.2509803921568627416 ) ;
#686 = AXIS2_PLACEMENT_3D ( 'NONE', #3476, #1799, #4138 ) ;
#687 = PRESENTATION_LAYER_ASSIGNMENT (  '', '', ( #3554 ) ) ;
#688 = ORIENTED_EDGE ( 'NONE', *, *, #6700, .T. ) ;
#689 = EDGE_LOOP ( 'NONE', ( #7232, #7149, #10639, #7788, #9747, #8295, #4814, #6890, #954, #10120, #8101, #3344, #1914, #6942, #9314, #6276, #12174, #7861, #6649, #12357, #436, #6388, #11927, #9165, #11553, #5507, #10684, #9260, #10214, #11780, #12604, #6517, #3726, #12578, #9956, #7970, #3716, #8997, #6786, #5190, #6249, #5636, #1968, #11727, #11222, #806, #1269, #6935, #3483, #9432, #5983, #11541, #3868, #6415, #8552, #6020 ) ) ;
#690 = ADVANCED_FACE ( 'NONE', ( #8093 ), #3139, .T. ) ;
#691 = SURFACE_STYLE_USAGE ( .BOTH. , #10524 ) ;
#692 =( NAMED_UNIT ( * ) PLANE_ANGLE_UNIT ( ) SI_UNIT ( $, .RADIAN. ) );
#693 =( GEOMETRIC_REPRESENTATION_CONTEXT ( 3 ) GLOBAL_UNCERTAINTY_ASSIGNED_CONTEXT ( ( #8907 ) ) GLOBAL_UNIT_ASSIGNED_CONTEXT ( ( #2805, #7118, #230 ) ) REPRESENTATION_CONTEXT ( 'NONE', 'WORKASPACE' ) );
#694 = MECHANICAL_DESIGN_GEOMETRIC_PRESENTATION_REPRESENTATION (  '', ( #11725 ), #4760 ) ;
#695 = EDGE_CURVE ( 'NONE', #455, #3834, #4153, .T. ) ;
#696 = CARTESIAN_POINT ( 'NONE',  ( 18.30760097204670345, 2.420170410065767719, 9.824792335469599180 ) ) ;
#697 = FILL_AREA_STYLE ('',( #888 ) ) ;
#698 = VECTOR ( 'NONE', #6701, 1000.000000000000000 ) ;
#699 = LINE ( 'NONE', #766, #1148 ) ;
#700 = CARTESIAN_POINT ( 'NONE',  ( -28.95599999999999596, 0.000000000000000000, 15.66328183851187994 ) ) ;
#701 = ORIENTED_EDGE ( 'NONE', *, *, #576, .F. ) ;
#702 = DIRECTION ( 'NONE',  ( 1.000000000000000000, 0.000000000000000000, 0.000000000000000000 ) ) ;
#703 = VERTEX_POINT ( 'NONE', #4335 ) ;
#704 = PRESENTATION_LAYER_ASSIGNMENT (  '', '', ( #9256 ) ) ;
#705 =( NAMED_UNIT ( * ) SI_UNIT ( $, .STERADIAN. ) SOLID_ANGLE_UNIT ( ) );
#706 = CARTESIAN_POINT ( 'NONE',  ( -18.96989473684210381, 10.92999999999999794, -18.41499999999999915 ) ) ;
#707 = MECHANICAL_DESIGN_GEOMETRIC_PRESENTATION_REPRESENTATION (  '', ( #2757 ), #48 ) ;
#708 = MECHANICAL_DESIGN_GEOMETRIC_PRESENTATION_REPRESENTATION (  '', ( #12356 ), #5793 ) ;
#709 = ORIENTED_EDGE ( 'NONE', *, *, #8951, .F. ) ;
#710 = CARTESIAN_POINT ( 'NONE',  ( 25.40151096696283872, 1.778000000000000025, 17.91499999999999915 ) ) ;
#711 = DIRECTION ( 'NONE',  ( 0.000000000000000000, 0.000000000000000000, 1.000000000000000000 ) ) ;
#712 = CYLINDRICAL_SURFACE ( 'NONE', #7140, 0.5000000000000004441 ) ;
#713 = CARTESIAN_POINT ( 'NONE',  ( -6.988421052631577979, 11.42999999999999972, 17.91499999999999915 ) ) ;
#714 = ORIENTED_EDGE ( 'NONE', *, *, #2278, .F. ) ;
#715 = EDGE_CURVE ( 'NONE', #1017, #9878, #9131, .T. ) ;
#716 = CIRCLE ( 'NONE', #6015, 1.261999999999997568 ) ;
#717 = SURFACE_SIDE_STYLE ('',( #10414 ) ) ;
#718 = CIRCLE ( 'NONE', #8668, 0.5000000000000004441 ) ;
#719 = SURFACE_STYLE_FILL_AREA ( #6647 ) ;
#720 =( LENGTH_UNIT ( ) NAMED_UNIT ( * ) SI_UNIT ( .MILLI., .METRE. ) );
#721 = STYLED_ITEM ( 'NONE', ( #85 ), #2389 ) ;
#722 =( BOUNDED_CURVE ( )  B_SPLINE_CURVE ( 3, ( #103, #1203, #10714, #4959 ),
 .UNSPECIFIED., .F., .F. ) 
 B_SPLINE_CURVE_WITH_KNOTS ( ( 4, 4 ),
 ( -8.881784197001252323E-16, 1.570796326794896558 ),
 .UNSPECIFIED. ) 
 CURVE ( )  GEOMETRIC_REPRESENTATION_ITEM ( )  RATIONAL_B_SPLINE_CURVE ( ( 1.000000000000000000, 0.8047378541243648264, 0.8047378541243648264, 1.000000000000000000 ) ) 
 REPRESENTATION_ITEM ( '' )  );
#723 = SURFACE_SIDE_STYLE ('',( #4661 ) ) ;
#724 = EDGE_LOOP ( 'NONE', ( #6241, #2164, #5952, #10869, #3004, #2095 ) ) ;
#725 = FACE_OUTER_BOUND ( 'NONE', #1208, .T. ) ;
#726 = LINE ( 'NONE', #4603, #8345 ) ;
#727 = ORIENTED_EDGE ( 'NONE', *, *, #10435, .F. ) ;
#728 =( NAMED_UNIT ( * ) PLANE_ANGLE_UNIT ( ) SI_UNIT ( $, .RADIAN. ) );
#729 = STYLED_ITEM ( 'NONE', ( #1843 ), #5242 ) ;
#730 = FACE_OUTER_BOUND ( 'NONE', #11957, .T. ) ;
#731 = ORIENTED_EDGE ( 'NONE', *, *, #9646, .F. ) ;
#732 = STYLED_ITEM ( 'NONE', ( #3414 ), #2642 ) ;
#733 = SURFACE_SIDE_STYLE ('',( #6537 ) ) ;
#734 = CARTESIAN_POINT ( 'NONE',  ( 25.28732325865668429, 1.778000000000000025, -17.59696088986110851 ) ) ;
#735 = UNCERTAINTY_MEASURE_WITH_UNIT (LENGTH_MEASURE( 1.000000000000000082E-05 ), #8291, 'distance_accuracy_value', 'NONE');
#736 = SURFACE_STYLE_FILL_AREA ( #7348 ) ;
#737 = ORIENTED_EDGE ( 'NONE', *, *, #5315, .F. ) ;
#738 = ADVANCED_FACE ( 'NONE', ( #4515 ), #440, .F. ) ;
#739 = LINE ( 'NONE', #8578, #39 ) ;
#740 =( LENGTH_UNIT ( ) NAMED_UNIT ( * ) SI_UNIT ( .MILLI., .METRE. ) );
#741 = ORIENTED_EDGE ( 'NONE', *, *, #2392, .F. ) ;
#742 = APPLICATION_PROTOCOL_DEFINITION ( 'draft international standard', 'automotive_design', 1998, #1097 ) ;
#743 = LINE ( 'NONE', #8458, #12625 ) ;
#744 = VERTEX_POINT ( 'NONE', #511 ) ;
#745 = CARTESIAN_POINT ( 'NONE',  ( 0.5263157894736837372, 10.92999999999999794, -18.41499999999999915 ) ) ;
#746 = FILL_AREA_STYLE ('',( #1690 ) ) ;
#747 = LINE ( 'NONE', #9600, #9407 ) ;
#748 =( LENGTH_UNIT ( ) NAMED_UNIT ( * ) SI_UNIT ( .MILLI., .METRE. ) );
#749 = SURFACE_STYLE_USAGE ( .BOTH. , #6552 ) ;
#750 = FACE_OUTER_BOUND ( 'NONE', #9561, .T. ) ;
#751 = CARTESIAN_POINT ( 'NONE',  ( -22.93663157894736315, 11.42999999999999972, 6.679213561880927408 ) ) ;
#752 = FILL_AREA_STYLE ('',( #3754 ) ) ;
#753 =( NAMED_UNIT ( * ) SI_UNIT ( $, .STERADIAN. ) SOLID_ANGLE_UNIT ( ) );
#754 = ADVANCED_FACE ( 'NONE', ( #12279 ), #7320, .T. ) ;
#755 = ORIENTED_EDGE ( 'NONE', *, *, #415, .T. ) ;
#756 = PRESENTATION_STYLE_ASSIGNMENT (( #11352 ) ) ;
#757 = COLOUR_RGB ( '',0.2509803921568627416, 0.2509803921568627416, 0.2509803921568627416 ) ;
#758 = FILL_AREA_STYLE_COLOUR ( '', #8317 ) ;
#759 = CARTESIAN_POINT ( 'NONE',  ( 7.017052631578944322, 2.929999999999998384, -17.91499999999999204 ) ) ;
#760 = EDGE_LOOP ( 'NONE', ( #8560, #3494, #5861, #5833 ) ) ;
#761 = LINE ( 'NONE', #10893, #2342 ) ;
#762 =( GEOMETRIC_REPRESENTATION_CONTEXT ( 3 ) GLOBAL_UNCERTAINTY_ASSIGNED_CONTEXT ( ( #1137 ) ) GLOBAL_UNIT_ASSIGNED_CONTEXT ( ( #3185, #8968, #286 ) ) REPRESENTATION_CONTEXT ( 'NONE', 'WORKASPACE' ) );
#763 = DIRECTION ( 'NONE',  ( 0.000000000000000000, 0.000000000000000000, 1.000000000000000000 ) ) ;
#764 = SURFACE_STYLE_USAGE ( .BOTH. , #2679 ) ;
#765 = MECHANICAL_DESIGN_GEOMETRIC_PRESENTATION_REPRESENTATION (  '', ( #12422 ), #12629 ) ;
#766 = CARTESIAN_POINT ( 'NONE',  ( 10.98378947368420988, 10.92999999999999794, -18.41499999999999915 ) ) ;
#767 = DIRECTION ( 'NONE',  ( 1.000000000000000000, 0.000000000000000000, 0.000000000000000000 ) ) ;
#768 = ORIENTED_EDGE ( 'NONE', *, *, #12112, .F. ) ;
#769 = EDGE_CURVE ( 'NONE', #8419, #200, #9390, .T. ) ;
#770 = SURFACE_STYLE_FILL_AREA ( #9495 ) ;
#771 = STYLED_ITEM ( 'NONE', ( #3166 ), #9817 ) ;
#772 = ORIENTED_EDGE ( 'NONE', *, *, #9733, .T. ) ;
#773 =( NAMED_UNIT ( * ) SI_UNIT ( $, .STERADIAN. ) SOLID_ANGLE_UNIT ( ) );
#774 = EDGE_CURVE ( 'NONE', #5665, #2694, #6252, .T. ) ;
#775 = ORIENTED_EDGE ( 'NONE', *, *, #9474, .F. ) ;
#776 = FILL_AREA_STYLE_COLOUR ( '', #5556 ) ;
#777 = CARTESIAN_POINT ( 'NONE',  ( -28.45599999999999596, 10.92999999999999794, 7.179213561880927408 ) ) ;
#778 = ORIENTED_EDGE ( 'NONE', *, *, #7447, .T. ) ;
#779 = CARTESIAN_POINT ( 'NONE',  ( 4.993052631578946965, 10.92999999999999794, -17.91499999999999204 ) ) ;
#780 = DIRECTION ( 'NONE',  ( 0.000000000000000000, 0.000000000000000000, -1.000000000000000000 ) ) ;
#781 = FILL_AREA_STYLE_COLOUR ( '', #5219 ) ;
#782 = DIRECTION ( 'NONE',  ( -0.000000000000000000, 1.000000000000000000, 0.000000000000000000 ) ) ;
#783 = PRESENTATION_LAYER_ASSIGNMENT (  '', '', ( #4642 ) ) ;
#784 = ORIENTED_EDGE ( 'NONE', *, *, #3978, .T. ) ;
#785 = CARTESIAN_POINT ( 'NONE',  ( 6.517052631578944322, 11.22289321881345536, 18.20789321881345302 ) ) ;
#786 = ORIENTED_EDGE ( 'NONE', *, *, #10256, .T. ) ;
#787 = AXIS2_PLACEMENT_3D ( 'NONE', #2236, #6124, #9073 ) ;
#788 = ADVANCED_FACE ( 'NONE', ( #8286 ), #5204, .T. ) ;
#789 = CARTESIAN_POINT ( 'NONE',  ( -12.97915789473683823, 11.42999999999999972, -18.41499999999999915 ) ) ;
#790 = SURFACE_SIDE_STYLE ('',( #11328 ) ) ;
#791 = ORIENTED_EDGE ( 'NONE', *, *, #5241, .F. ) ;
#792 = SURFACE_SIDE_STYLE ('',( #2643 ) ) ;
#793 = CARTESIAN_POINT ( 'NONE',  ( 4.993052631578946965, 10.92999999999999794, 17.91499999999999915 ) ) ;
#794 = UNCERTAINTY_MEASURE_WITH_UNIT (LENGTH_MEASURE( 1.000000000000000082E-05 ), #11192, 'distance_accuracy_value', 'NONE');
#795 = CARTESIAN_POINT ( 'NONE',  ( 24.90151096696283872, 0.000000000000000000, 17.91499999999999915 ) ) ;
#796 = DIRECTION ( 'NONE',  ( 0.000000000000000000, 1.000000000000000000, -0.000000000000000000 ) ) ;
#797 = COLOUR_RGB ( '',0.2509803921568627416, 0.2509803921568627416, 0.2509803921568627416 ) ;
#798 = FILL_AREA_STYLE ('',( #8514 ) ) ;
#799 = ORIENTED_EDGE ( 'NONE', *, *, #5862, .T. ) ;
#800 = DIRECTION ( 'NONE',  ( 0.000000000000000000, 0.000000000000000000, -1.000000000000000000 ) ) ;
#801 = SURFACE_SIDE_STYLE ('',( #5506 ) ) ;
#802 = ORIENTED_EDGE ( 'NONE', *, *, #520, .T. ) ;
#803 = PLANE ( 'NONE',  #5254 ) ;
#804 = LINE ( 'NONE', #11540, #8243 ) ;
#805 = STYLED_ITEM ( 'NONE', ( #3558 ), #6244 ) ;
#806 = ORIENTED_EDGE ( 'NONE', *, *, #4306, .T. ) ;
#807 = FILL_AREA_STYLE ('',( #2853 ) ) ;
#808 = EDGE_CURVE ( 'NONE', #1686, #10968, #12380, .T. ) ;
#809 = DIRECTION ( 'NONE',  ( -1.000000000000000000, 0.000000000000000000, 0.000000000000000000 ) ) ;
#810 = CARTESIAN_POINT ( 'NONE',  ( -21.38543022306591723, 2.183393638521069491, 7.359713072659720190 ) ) ;
#811 = AXIS2_PLACEMENT_3D ( 'NONE', #2426, #6612, #5836 ) ;
#812 = CARTESIAN_POINT ( 'NONE',  ( 28.77403911013888660, 0.000000000000000000, 16.04909413020575215 ) ) ;
#813 = EDGE_CURVE ( 'NONE', #8379, #9497, #4272, .T. ) ;
#814 = SURFACE_SIDE_STYLE ('',( #6553 ) ) ;
#815 = FILL_AREA_STYLE_COLOUR ( '', #289 ) ;
#816 = PRESENTATION_LAYER_ASSIGNMENT (  '', '', ( #8787 ) ) ;
#817 = MECHANICAL_DESIGN_GEOMETRIC_PRESENTATION_REPRESENTATION (  '', ( #2230 ), #2031 ) ;
#818 = DIRECTION ( 'NONE',  ( 0.000000000000000000, 0.000000000000000000, -1.000000000000000000 ) ) ;
#819 = VERTEX_POINT ( 'NONE', #6745 ) ;
#820 = VECTOR ( 'NONE', #4303, 1000.000000000000000 ) ;
#821 = SURFACE_SIDE_STYLE ('',( #11750 ) ) ;
#822 = EDGE_LOOP ( 'NONE', ( #1544, #6794, #7651, #9699 ) ) ;
#823 = SURFACE_SIDE_STYLE ('',( #7440 ) ) ;
#824 = CARTESIAN_POINT ( 'NONE',  ( 23.62199999999999633, 0.5000000000000000000, -13.08100000000000840 ) ) ;
#825 = ADVANCED_FACE ( 'NONE', ( #2808 ), #9679, .T. ) ;
#826 = PRESENTATION_STYLE_ASSIGNMENT (( #764 ) ) ;
#827 = FACE_OUTER_BOUND ( 'NONE', #7895, .T. ) ;
#828 =( LENGTH_UNIT ( ) NAMED_UNIT ( * ) SI_UNIT ( .MILLI., .METRE. ) );
#829 = CYLINDRICAL_SURFACE ( 'NONE', #8851, 0.5000000000000004441 ) ;
#830 = ORIENTED_EDGE ( 'NONE', *, *, #2105, .T. ) ;
#831 = MECHANICAL_DESIGN_GEOMETRIC_PRESENTATION_REPRESENTATION (  '', ( #2481 ), #1239 ) ;
#832 = SURFACE_STYLE_USAGE ( .BOTH. , #9038 ) ;
#833 = VERTEX_POINT ( 'NONE', #11428 ) ;
#834 = FACE_OUTER_BOUND ( 'NONE', #104, .T. ) ;
#835 = SURFACE_SIDE_STYLE ('',( #9564 ) ) ;
#836 = VERTEX_POINT ( 'NONE', #2678 ) ;
#837 = PLANE ( 'NONE',  #2463 ) ;
#838 = ORIENTED_EDGE ( 'NONE', *, *, #3950, .T. ) ;
#839 = VECTOR ( 'NONE', #11907, 1000.000000000000000 ) ;
#840 = FACE_OUTER_BOUND ( 'NONE', #9388, .T. ) ;
#841 = LINE ( 'NONE', #11879, #1302 ) ;
#842 = DIRECTION ( 'NONE',  ( 0.000000000000000000, 0.000000000000000000, -1.000000000000000000 ) ) ;
#843 = CARTESIAN_POINT ( 'NONE',  ( 24.48926315789472952, 2.929999999999998384, -7.179213561880927408 ) ) ;
#844 = EDGE_LOOP ( 'NONE', ( #7376, #6081, #12490, #3075 ) ) ;
#845 =( LENGTH_UNIT ( ) NAMED_UNIT ( * ) SI_UNIT ( .MILLI., .METRE. ) );
#846 = CARTESIAN_POINT ( 'NONE',  ( 27.48463157894736497, 2.929999999999998384, -18.41499999999999915 ) ) ;
#847 = ORIENTED_EDGE ( 'NONE', *, *, #11637, .F. ) ;
#848 = VECTOR ( 'NONE', #11694, 1000.000000000000000 ) ;
#849 = PLANE ( 'NONE',  #9590 ) ;
#850 =( NAMED_UNIT ( * ) PLANE_ANGLE_UNIT ( ) SI_UNIT ( $, .RADIAN. ) );
#851 =( NAMED_UNIT ( * ) SI_UNIT ( $, .STERADIAN. ) SOLID_ANGLE_UNIT ( ) );
#852 = SURFACE_STYLE_USAGE ( .BOTH. , #66 ) ;
#853 = ORIENTED_EDGE ( 'NONE', *, *, #4430, .T. ) ;
#854 = DIRECTION ( 'NONE',  ( 1.000000000000000000, 0.000000000000000000, 0.000000000000000000 ) ) ;
#855 = PRESENTATION_LAYER_ASSIGNMENT (  '', '', ( #11878 ) ) ;
#856 =( LENGTH_UNIT ( ) NAMED_UNIT ( * ) SI_UNIT ( .MILLI., .METRE. ) );
#857 =( NAMED_UNIT ( * ) PLANE_ANGLE_UNIT ( ) SI_UNIT ( $, .RADIAN. ) );
#858 = AXIS2_PLACEMENT_3D ( 'NONE', #3566, #7424, #2606 ) ;
#859 = FACE_OUTER_BOUND ( 'NONE', #11578, .T. ) ;
#860 = EDGE_CURVE ( 'NONE', #6894, #6826, #4641, .T. ) ;
#861 = DIRECTION ( 'NONE',  ( 0.6360782202777647276, 0.000000000000000000, 0.7716245833877193316 ) ) ;
#862 = EDGE_CURVE ( 'NONE', #618, #5005, #3706, .T. ) ;
#863 = ADVANCED_FACE ( 'NONE', ( #98 ), #11689, .T. ) ;
#864 = DIRECTION ( 'NONE',  ( -1.000000000000000000, 0.000000000000000000, 0.000000000000000000 ) ) ;
#865 =( LENGTH_UNIT ( ) NAMED_UNIT ( * ) SI_UNIT ( .MILLI., .METRE. ) );
#866 = ORIENTED_EDGE ( 'NONE', *, *, #6835, .F. ) ;
#867 = DIRECTION ( 'NONE',  ( -0.000000000000000000, 0.000000000000000000, 1.000000000000000000 ) ) ;
#868 = ORIENTED_EDGE ( 'NONE', *, *, #523, .T. ) ;
#869 =( BOUNDED_CURVE ( )  B_SPLINE_CURVE ( 3, ( #1316, #3111, #10880, #218 ),
 .UNSPECIFIED., .F., .T. ) 
 B_SPLINE_CURVE_WITH_KNOTS ( ( 4, 4 ),
 ( -8.881784197001252323E-16, 1.570796326794896558 ),
 .UNSPECIFIED. ) 
 CURVE ( )  GEOMETRIC_REPRESENTATION_ITEM ( )  RATIONAL_B_SPLINE_CURVE ( ( 1.000000000000000000, 0.8047378541243648264, 0.8047378541243648264, 1.000000000000000000 ) ) 
 REPRESENTATION_ITEM ( '' )  );
#870 = SURFACE_STYLE_FILL_AREA ( #746 ) ;
#871 = CARTESIAN_POINT ( 'NONE',  ( -5.464421052631579734, 11.22289321881345536, 18.20789321881345302 ) ) ;
#872 =( NAMED_UNIT ( * ) SI_UNIT ( $, .STERADIAN. ) SOLID_ANGLE_UNIT ( ) );
#873 =( GEOMETRIC_REPRESENTATION_CONTEXT ( 3 ) GLOBAL_UNCERTAINTY_ASSIGNED_CONTEXT ( ( #5500 ) ) GLOBAL_UNIT_ASSIGNED_CONTEXT ( ( #74, #8834, #12632 ) ) REPRESENTATION_CONTEXT ( 'NONE', 'WORKASPACE' ) );
#874 = EDGE_CURVE ( 'NONE', #6147, #10381, #4888, .T. ) ;
#875 = MECHANICAL_DESIGN_GEOMETRIC_PRESENTATION_REPRESENTATION (  '', ( #2310 ), #11266 ) ;
#876 = DIRECTION ( 'NONE',  ( 0.000000000000000000, -1.000000000000000000, -0.000000000000000000 ) ) ;
#877 =( LENGTH_UNIT ( ) NAMED_UNIT ( * ) SI_UNIT ( .MILLI., .METRE. ) );
#878 = ORIENTED_EDGE ( 'NONE', *, *, #7898, .F. ) ;
#879 = EDGE_CURVE ( 'NONE', #10928, #6147, #4074, .T. ) ;
#880 = EDGE_CURVE ( 'NONE', #8293, #10202, #32, .T. ) ;
#881 = CYLINDRICAL_SURFACE ( 'NONE', #2519, 0.5000000000000004441 ) ;
#882 = CIRCLE ( 'NONE', #7997, 1.261999999999997568 ) ;
#883 = ORIENTED_EDGE ( 'NONE', *, *, #1304, .F. ) ;
#884 = DIRECTION ( 'NONE',  ( -0.000000000000000000, -0.000000000000000000, 1.000000000000000000 ) ) ;
#885 = CYLINDRICAL_SURFACE ( 'NONE', #11279, 0.5000000000000004441 ) ;
#886 =( GEOMETRIC_REPRESENTATION_CONTEXT ( 3 ) GLOBAL_UNCERTAINTY_ASSIGNED_CONTEXT ( ( #8190 ) ) GLOBAL_UNIT_ASSIGNED_CONTEXT ( ( #1589, #10585, #10787 ) ) REPRESENTATION_CONTEXT ( 'NONE', 'WORKASPACE' ) );
#887 = COLOUR_RGB ( '',0.2509803921568627416, 0.2509803921568627416, 0.2509803921568627416 ) ;
#888 = FILL_AREA_STYLE_COLOUR ( '', #2949 ) ;
#889 = DIRECTION ( 'NONE',  ( 0.000000000000000000, -1.000000000000000000, 0.000000000000000000 ) ) ;
#890 = ORIENTED_EDGE ( 'NONE', *, *, #8014, .F. ) ;
#891 = CARTESIAN_POINT ( 'NONE',  ( -28.95599999999999952, 11.42999999999999972, -6.679213561880927408 ) ) ;
#892 = VERTEX_POINT ( 'NONE', #6818 ) ;
#893 = CARTESIAN_POINT ( 'NONE',  ( -4.964421052631579734, 11.42999999999999972, 18.41499999999999915 ) ) ;
#894 = CARTESIAN_POINT ( 'NONE',  ( 21.77198690046047247, 11.39457456738464636, -6.985689985707929317 ) ) ;
#895 = VERTEX_POINT ( 'NONE', #2151 ) ;
#896 = SURFACE_STYLE_USAGE ( .BOTH. , #12665 ) ;
#897 = CARTESIAN_POINT ( 'NONE',  ( 6.517052631578944322, 11.42999999999999972, -18.41499999999999915 ) ) ;
#898 =( NAMED_UNIT ( * ) PLANE_ANGLE_UNIT ( ) SI_UNIT ( $, .RADIAN. ) );
#899 = EDGE_LOOP ( 'NONE', ( #952, #7024, #6261, #3303, #9401 ) ) ;
#900 = STYLED_ITEM ( 'NONE', ( #11856 ), #8989 ) ;
#901 = CARTESIAN_POINT ( 'NONE',  ( 15.50315789473683559, 11.22289321881345536, 18.20789321881345302 ) ) ;
#902 = MECHANICAL_DESIGN_GEOMETRIC_PRESENTATION_REPRESENTATION (  '', ( #3158 ), #9496 ) ;
#903 = SURFACE_STYLE_USAGE ( .BOTH. , #9757 ) ;
#904 = CARTESIAN_POINT ( 'NONE',  ( -4.964421052631579734, 11.42999999999999972, -18.41499999999999559 ) ) ;
#905 = PRESENTATION_LAYER_ASSIGNMENT (  '', '', ( #2122 ) ) ;
#906 = DIRECTION ( 'NONE',  ( 0.000000000000000000, 1.000000000000000000, 0.000000000000000000 ) ) ;
#907 =( GEOMETRIC_REPRESENTATION_CONTEXT ( 3 ) GLOBAL_UNCERTAINTY_ASSIGNED_CONTEXT ( ( #8571 ) ) GLOBAL_UNIT_ASSIGNED_CONTEXT ( ( #11825, #5852, #171 ) ) REPRESENTATION_CONTEXT ( 'NONE', 'WORKASPACE' ) );
#908 = ORIENTED_EDGE ( 'NONE', *, *, #3700, .F. ) ;
#909 = COLOUR_RGB ( '',0.2509803921568627416, 0.2509803921568627416, 0.2509803921568627416 ) ;
#910 = CARTESIAN_POINT ( 'NONE',  ( 10.48378947368420988, 11.42999999999999972, -18.41499999999999559 ) ) ;
#911 = VECTOR ( 'NONE', #4712, 1000.000000000000000 ) ;
#912 = ORIENTED_EDGE ( 'NONE', *, *, #7137, .F. ) ;
#913 = EDGE_CURVE ( 'NONE', #10346, #10232, #7889, .T. ) ;
#914 = DIRECTION ( 'NONE',  ( -3.469446951953611033E-14, 0.000000000000000000, -1.000000000000000000 ) ) ;
#915 = SURFACE_STYLE_USAGE ( .BOTH. , #1872 ) ;
#916 = CARTESIAN_POINT ( 'NONE',  ( 25.21955007710170449, 0.000000000000000000, -18.30081229169385182 ) ) ;
#917 = SURFACE_STYLE_FILL_AREA ( #4800 ) ;
#918 = ORIENTED_EDGE ( 'NONE', *, *, #5721, .F. ) ;
#919 = TOROIDAL_SURFACE ( 'NONE', #6829, 5.499999999999998224, 0.5000000000000000000 ) ;
#920 = FACE_OUTER_BOUND ( 'NONE', #40, .T. ) ;
#921 = STYLED_ITEM ( 'NONE', ( #662 ), #2516 ) ;
#922 =( NAMED_UNIT ( * ) SI_UNIT ( $, .STERADIAN. ) SOLID_ANGLE_UNIT ( ) );
#923 =( NAMED_UNIT ( * ) SI_UNIT ( $, .STERADIAN. ) SOLID_ANGLE_UNIT ( ) );
#924 = CARTESIAN_POINT ( 'NONE',  ( 26.72263157894736807, 2.929999999999998384, -7.179213561880927408 ) ) ;
#925 = ORIENTED_EDGE ( 'NONE', *, *, #2143, .F. ) ;
#926 =( GEOMETRIC_REPRESENTATION_CONTEXT ( 3 ) GLOBAL_UNCERTAINTY_ASSIGNED_CONTEXT ( ( #6597 ) ) GLOBAL_UNIT_ASSIGNED_CONTEXT ( ( #6342, #7414, #2417 ) ) REPRESENTATION_CONTEXT ( 'NONE', 'WORKASPACE' ) );
#927 = ADVANCED_FACE ( 'NONE', ( #12654 ), #169, .F. ) ;
#928 = LINE ( 'NONE', #6482, #12426 ) ;
#929 = AXIS2_PLACEMENT_3D ( 'NONE', #5295, #9011, #3222 ) ;
#930 = CARTESIAN_POINT ( 'NONE',  ( 22.96526315789473571, 11.11081397585120811, -7.179213561880927408 ) ) ;
#931 = ORIENTED_EDGE ( 'NONE', *, *, #2646, .T. ) ;
#932 = EDGE_CURVE ( 'NONE', #2970, #3635, #3943, .T. ) ;
#933 = CARTESIAN_POINT ( 'NONE',  ( 13.00778947368420901, 11.42999999999999972, 18.41499999999999915 ) ) ;
#934 = DIRECTION ( 'NONE',  ( -0.000000000000000000, 1.000000000000000000, 0.000000000000000000 ) ) ;
#935 = SURFACE_STYLE_USAGE ( .BOTH. , #1056 ) ;
#936 = SURFACE_SIDE_STYLE ('',( #2922 ) ) ;
#937 = SURFACE_STYLE_FILL_AREA ( #752 ) ;
#938 = DIRECTION ( 'NONE',  ( 0.000000000000000000, -1.000000000000000000, 0.000000000000000000 ) ) ;
#939 = B_SPLINE_CURVE_WITH_KNOTS ( 'NONE', 3,
 ( #10253, #3383, #2282, #489, #11152, #2212, #12004, #12063 ),
 .UNSPECIFIED., .F., .F.,
 ( 4, 2, 2, 4 ),
 ( 0.000000000000000000, 0.0002452114625956849643, 0.0004904229251913699286, 0.0009808458503827450613 ),
 .UNSPECIFIED. ) ;
#940 = ORIENTED_EDGE ( 'NONE', *, *, #3608, .F. ) ;
#941 =( BOUNDED_CURVE ( )  B_SPLINE_CURVE ( 3, ( #8881, #5868, #1863, #7909 ),
 .UNSPECIFIED., .F., .F. ) 
 B_SPLINE_CURVE_WITH_KNOTS ( ( 4, 4 ),
 ( 1.570796326794896558, 3.141592653589786455 ),
 .UNSPECIFIED. ) 
 CURVE ( )  GEOMETRIC_REPRESENTATION_ITEM ( )  RATIONAL_B_SPLINE_CURVE ( ( 1.000000000000000000, 0.8047378541243666028, 0.8047378541243666028, 1.000000000000000000 ) ) 
 REPRESENTATION_ITEM ( '' )  );
#942 = ADVANCED_FACE ( 'NONE', ( #1510 ), #11025, .T. ) ;
#943 = DIRECTION ( 'NONE',  ( -0.000000000000000000, 1.000000000000000000, -0.000000000000000000 ) ) ;
#944 = FACE_OUTER_BOUND ( 'NONE', #7834, .T. ) ;
#945 = FILL_AREA_STYLE ('',( #7947 ) ) ;
#946 = EDGE_CURVE ( 'NONE', #5504, #9358, #6455, .T. ) ;
#947 = CARTESIAN_POINT ( 'NONE',  ( -24.90151096696282806, 1.778000000000000025, 17.91499999999999915 ) ) ;
#948 = SURFACE_STYLE_USAGE ( .BOTH. , #6687 ) ;
#949 = DIRECTION ( 'NONE',  ( 1.000000000000000000, 0.000000000000000000, 0.000000000000000000 ) ) ;
#950 =( NAMED_UNIT ( * ) PLANE_ANGLE_UNIT ( ) SI_UNIT ( $, .RADIAN. ) );
#951 =( NAMED_UNIT ( * ) SI_UNIT ( $, .STERADIAN. ) SOLID_ANGLE_UNIT ( ) );
#952 = ORIENTED_EDGE ( 'NONE', *, *, #9798, .T. ) ;
#953 = STYLED_ITEM ( 'NONE', ( #12122 ), #963 ) ;
#954 = ORIENTED_EDGE ( 'NONE', *, *, #11642, .T. ) ;
#955 = DIRECTION ( 'NONE',  ( 1.000000000000000000, 0.000000000000000000, 0.000000000000000000 ) ) ;
#956 = LINE ( 'NONE', #4964, #911 ) ;
#957 = VERTEX_POINT ( 'NONE', #2366 ) ;
#958 = MECHANICAL_DESIGN_GEOMETRIC_PRESENTATION_REPRESENTATION (  '', ( #7273 ), #8082 ) ;
#959 = LINE ( 'NONE', #3654, #1922 ) ;
#960 = SURFACE_STYLE_FILL_AREA ( #12666 ) ;
#961 = SURFACE_SIDE_STYLE ('',( #7836 ) ) ;
#962 = ORIENTED_EDGE ( 'NONE', *, *, #1193, .F. ) ;
#963 = ADVANCED_FACE ( 'NONE', ( #1332 ), #362, .F. ) ;
#964 = CARTESIAN_POINT ( 'NONE',  ( 17.72021356188092867, 2.168174630207213127, 17.91499999999999915 ) ) ;
#965 = CARTESIAN_POINT ( 'NONE',  ( 10.01242105263157356, 11.42999999999999972, 0.000000000000000000 ) ) ;
#966 = ADVANCED_FACE ( 'NONE', ( #5211 ), #3262, .F. ) ;
#967 = DIRECTION ( 'NONE',  ( -0.000000000000000000, 1.000000000000000000, -0.000000000000000000 ) ) ;
#968 = SURFACE_STYLE_FILL_AREA ( #9698 ) ;
#969 =( LENGTH_UNIT ( ) NAMED_UNIT ( * ) SI_UNIT ( .MILLI., .METRE. ) );
#970 = ORIENTED_EDGE ( 'NONE', *, *, #8553, .T. ) ;
#971 = EDGE_LOOP ( 'NONE', ( #3133, #10790, #10593, #6672 ) ) ;
#972 = CARTESIAN_POINT ( 'NONE',  ( 19.46989473684223171, 11.42999999999999972, -7.742387270983450698 ) ) ;
#973 = UNCERTAINTY_MEASURE_WITH_UNIT (LENGTH_MEASURE( 1.000000000000000082E-05 ), #2944, 'distance_accuracy_value', 'NONE');
#974 = FILL_AREA_STYLE ('',( #10924 ) ) ;
#975 = CARTESIAN_POINT ( 'NONE',  ( 4.493052631578951406, 2.929999999999998384, 18.41499999999999915 ) ) ;
#976 =( NAMED_UNIT ( * ) SI_UNIT ( $, .STERADIAN. ) SOLID_ANGLE_UNIT ( ) );
#977 = CIRCLE ( 'NONE', #11809, 1.261999999999997568 ) ;
#978 = VERTEX_POINT ( 'NONE', #12584 ) ;
#979 = DIRECTION ( 'NONE',  ( -0.000000000000000000, 0.000000000000000000, 1.000000000000000000 ) ) ;
#980 = CARTESIAN_POINT ( 'NONE',  ( 18.56106654410990586, 11.17451275545056433, 9.292313249253586704 ) ) ;
#981 = DIRECTION ( 'NONE',  ( 1.000000000000000000, 0.000000000000000000, -0.000000000000000000 ) ) ;
#982 = AXIS2_PLACEMENT_3D ( 'NONE', #5006, #2985, #3999 ) ;
#983 = EDGE_CURVE ( 'NONE', #6768, #10715, #1980, .T. ) ;
#984 =( NAMED_UNIT ( * ) SI_UNIT ( $, .STERADIAN. ) SOLID_ANGLE_UNIT ( ) );
#985 = CARTESIAN_POINT ( 'NONE',  ( 9.719527833818121465, 11.42999999999999972, -18.41499999999999559 ) ) ;
#986 = ORIENTED_EDGE ( 'NONE', *, *, #12388, .T. ) ;
#987 = CIRCLE ( 'NONE', #4246, 1.261999999999997568 ) ;
#988 = DIRECTION ( 'NONE',  ( 0.000000000000000000, 0.000000000000000000, 1.000000000000000000 ) ) ;
#989 = ORIENTED_EDGE ( 'NONE', *, *, #8832, .F. ) ;
#990 = DIRECTION ( 'NONE',  ( 0.000000000000000000, 0.000000000000000000, 1.000000000000000000 ) ) ;
#991 = DIRECTION ( 'NONE',  ( 0.000000000000000000, 0.000000000000000000, -1.000000000000000000 ) ) ;
#992 = ORIENTED_EDGE ( 'NONE', *, *, #7766, .F. ) ;
#993 = DIRECTION ( 'NONE',  ( -0.000000000000000000, 0.000000000000000000, 1.000000000000000000 ) ) ;
#994 = CARTESIAN_POINT ( 'NONE',  ( -15.21252631578946790, 2.929999999999998384, 17.91499999999999915 ) ) ;
#995 =( GEOMETRIC_REPRESENTATION_CONTEXT ( 3 ) GLOBAL_UNCERTAINTY_ASSIGNED_CONTEXT ( ( #3677 ) ) GLOBAL_UNIT_ASSIGNED_CONTEXT ( ( #5518, #2670, #8790 ) ) REPRESENTATION_CONTEXT ( 'NONE', 'WORKASPACE' ) );
#996 = CARTESIAN_POINT ( 'NONE',  ( -18.20789473684209980, 2.929999999999998384, -17.91499999999999204 ) ) ;
#997 = DIRECTION ( 'NONE',  ( 0.000000000000000000, -1.000000000000000000, -0.000000000000000000 ) ) ;
#998 = SURFACE_STYLE_USAGE ( .BOTH. , #7809 ) ;
#999 = STYLED_ITEM ( 'NONE', ( #8795 ), #2085 ) ;
#1000 = SURFACE_STYLE_FILL_AREA ( #3932 ) ;
#1001 =( NAMED_UNIT ( * ) PLANE_ANGLE_UNIT ( ) SI_UNIT ( $, .RADIAN. ) );
#1002 = STYLED_ITEM ( 'NONE', ( #12503 ), #6242 ) ;
#1003 = EDGE_LOOP ( 'NONE', ( #3362, #1671, #7094, #6484 ) ) ;
#1004 = DIRECTION ( 'NONE',  ( 0.000000000000000000, 0.000000000000000000, -1.000000000000000000 ) ) ;
#1005 =( GEOMETRIC_REPRESENTATION_CONTEXT ( 3 ) GLOBAL_UNCERTAINTY_ASSIGNED_CONTEXT ( ( #3718 ) ) GLOBAL_UNIT_ASSIGNED_CONTEXT ( ( #7317, #8344, #6437 ) ) REPRESENTATION_CONTEXT ( 'NONE', 'WORKASPACE' ) );
#1006 = FILL_AREA_STYLE ('',( #6932 ) ) ;
#1007 = FILL_AREA_STYLE ('',( #5848 ) ) ;
#1008 = CARTESIAN_POINT ( 'NONE',  ( 20.73189473684210427, 2.929999999999998384, -18.41499999999999915 ) ) ;
#1009 = CARTESIAN_POINT ( 'NONE',  ( -12.21715789473683600, 2.929999999999998384, 18.41499999999999915 ) ) ;
#1010 = VECTOR ( 'NONE', #6949, 1000.000000000000000 ) ;
#1011 = CIRCLE ( 'NONE', #11417, 0.5000000000000004441 ) ;
#1012 = CYLINDRICAL_SURFACE ( 'NONE', #10884, 0.5000000000000004441 ) ;
#1013 = EDGE_CURVE ( 'NONE', #10260, #4696, #7426, .T. ) ;
#1014 = DIRECTION ( 'NONE',  ( 1.000000000000000000, 0.000000000000000000, 0.000000000000000000 ) ) ;
#1015 = ORIENTED_EDGE ( 'NONE', *, *, #9274, .T. ) ;
#1016 = ADVANCED_FACE ( 'NONE', ( #9411 ), #2856, .T. ) ;
#1017 = VERTEX_POINT ( 'NONE', #812 ) ;
#1018 = CIRCLE ( 'NONE', #11633, 1.261999999999997568 ) ;
#1019 = DIRECTION ( 'NONE',  ( 0.000000000000000000, 1.000000000000000000, 0.000000000000000000 ) ) ;
#1020 = CARTESIAN_POINT ( 'NONE',  ( 12.50778947368420901, 2.929999999999998384, 17.91499999999999915 ) ) ;
#1021 = ORIENTED_EDGE ( 'NONE', *, *, #1013, .T. ) ;
#1022 = DIRECTION ( 'NONE',  ( 4.081702296416016490E-16, -1.000000000000000000, 0.000000000000000000 ) ) ;
#1023 =( NAMED_UNIT ( * ) PLANE_ANGLE_UNIT ( ) SI_UNIT ( $, .RADIAN. ) );
#1024 = CARTESIAN_POINT ( 'NONE',  ( 28.95599999999999596, 11.42999999999999972, -6.679213561880927408 ) ) ;
#1025 = EDGE_LOOP ( 'NONE', ( #9267, #5252, #10533, #6652 ) ) ;
#1026 = FILL_AREA_STYLE_COLOUR ( '', #12133 ) ;
#1027 = UNCERTAINTY_MEASURE_WITH_UNIT (LENGTH_MEASURE( 1.000000000000000082E-05 ), #3100, 'distance_accuracy_value', 'NONE');
#1028 = COLOUR_RGB ( '',0.2509803921568627416, 0.2509803921568627416, 0.2509803921568627416 ) ;
#1029 = STYLED_ITEM ( 'NONE', ( #3836 ), #6717 ) ;
#1030 = DIRECTION ( 'NONE',  ( -1.000000000000000000, 0.000000000000000000, 0.000000000000000000 ) ) ;
#1031 = CARTESIAN_POINT ( 'NONE',  ( -0.2356842105263115550, 2.929999999999998384, -18.41499999999999559 ) ) ;
#1032 = ORIENTED_EDGE ( 'NONE', *, *, #7245, .F. ) ;
#1033 = CARTESIAN_POINT ( 'NONE',  ( -25.19440418577627838, 1.570893218813452119, 18.41499999999999915 ) ) ;
#1034 = VERTEX_POINT ( 'NONE', #1576 ) ;
#1035 = DIRECTION ( 'NONE',  ( 4.081702296416016490E-16, -1.000000000000000000, 0.000000000000000000 ) ) ;
#1036 = CARTESIAN_POINT ( 'NONE',  ( -21.57157191107598848, 2.255496804333775973, -7.311991162481271012 ) ) ;
#1037 = EDGE_CURVE ( 'NONE', #7332, #82, #11545, .T. ) ;
#1038 = VECTOR ( 'NONE', #7782, 1000.000000000000000 ) ;
#1039 = LINE ( 'NONE', #1099, #12114 ) ;
#1040 = ADVANCED_FACE ( 'NONE', ( #1829 ), #1693, .T. ) ;
#1041 = FILL_AREA_STYLE_COLOUR ( '', #8591 ) ;
#1042 = ORIENTED_EDGE ( 'NONE', *, *, #10245, .F. ) ;
#1043 = DIRECTION ( 'NONE',  ( 0.000000000000000000, 1.000000000000000000, 0.000000000000000000 ) ) ;
#1044 =( LENGTH_UNIT ( ) NAMED_UNIT ( * ) SI_UNIT ( .MILLI., .METRE. ) );
#1045 = FILL_AREA_STYLE_COLOUR ( '', #12197 ) ;
#1046 = COLOUR_RGB ( '',0.2509803921568627416, 0.2509803921568627416, 0.2509803921568627416 ) ;
#1047 = FACE_OUTER_BOUND ( 'NONE', #3409, .T. ) ;
#1048 = VERTEX_POINT ( 'NONE', #9667 ) ;
#1049 = ADVANCED_FACE ( 'NONE', ( #2987 ), #10879, .T. ) ;
#1050 = PRESENTATION_STYLE_ASSIGNMENT (( #6919 ) ) ;
#1052 = ORIENTED_EDGE ( 'NONE', *, *, #2738, .T. ) ;
#1051 = STYLED_ITEM ( 'NONE', ( #10135 ), #1545 ) ;
#1053 = CYLINDRICAL_SURFACE ( 'NONE', #7891, 0.5000000000000000000 ) ;
#1054 = STYLED_ITEM ( 'NONE', ( #5280 ), #7880 ) ;
#1055 = CARTESIAN_POINT ( 'NONE',  ( -23.62199999999999633, 1.778000000000000025, -11.49350000000000627 ) ) ;
#1056 = SURFACE_SIDE_STYLE ('',( #4058 ) ) ;
#1057 = DIRECTION ( 'NONE',  ( 0.000000000000000000, 0.000000000000000000, 1.000000000000000000 ) ) ;
#1058 = CYLINDRICAL_SURFACE ( 'NONE', #7830, 0.4999999999999997224 ) ;
#1059 = AXIS2_PLACEMENT_3D ( 'NONE', #5883, #1946, #6782 ) ;
#1060 = PRESENTATION_STYLE_ASSIGNMENT (( #2924 ) ) ;
#1061 =( LENGTH_UNIT ( ) NAMED_UNIT ( * ) SI_UNIT ( .MILLI., .METRE. ) );
#1062 = FILL_AREA_STYLE_COLOUR ( '', #11457 ) ;
#1063 = STYLED_ITEM ( 'NONE', ( #9614 ), #10275 ) ;
#1064 = SURFACE_STYLE_USAGE ( .BOTH. , #10891 ) ;
#1065 =( NAMED_UNIT ( * ) SI_UNIT ( $, .STERADIAN. ) SOLID_ANGLE_UNIT ( ) );
#1066 = CIRCLE ( 'NONE', #8393, 0.5000000000000004441 ) ;
#1067 = CARTESIAN_POINT ( 'NONE',  ( -22.39704597387198959, 1.778000000000000025, 14.09077417469095295 ) ) ;
#1068 = LINE ( 'NONE', #10011, #10069 ) ;
#1069 = DIRECTION ( 'NONE',  ( -0.000000000000000000, -0.000000000000000000, -1.000000000000000000 ) ) ;
#1070 = DIRECTION ( 'NONE',  ( -0.000000000000000000, 1.000000000000000000, -0.000000000000000000 ) ) ;
#1071 = SURFACE_STYLE_FILL_AREA ( #6939 ) ;
#1072 = VERTEX_POINT ( 'NONE', #8721 ) ;
#1073 = AXIS2_PLACEMENT_3D ( 'NONE', #10808, #4113, #3991 ) ;
#1074 = ORIENTED_EDGE ( 'NONE', *, *, #10142, .T. ) ;
#1075 = DIRECTION ( 'NONE',  ( 0.000000000000000000, 0.000000000000000000, 1.000000000000000000 ) ) ;
#1076 = CARTESIAN_POINT ( 'NONE',  ( 21.49389473684210472, 11.01624527370686479, -7.331931628739903672 ) ) ;
#1077 = VERTEX_POINT ( 'NONE', #9788 ) ;
#1078 = FACE_OUTER_BOUND ( 'NONE', #9597, .T. ) ;
#1079 = SURFACE_SIDE_STYLE ('',( #960 ) ) ;
#1080 = VERTEX_POINT ( 'NONE', #4124 ) ;
#1082 = EDGE_CURVE ( 'NONE', #1858, #3417, #7116, .T. ) ;
#1081 = CARTESIAN_POINT ( 'NONE',  ( 23.62199999999999633, 0.5000000000000000000, -13.08100000000000840 ) ) ;
#1083 = PRESENTATION_LAYER_ASSIGNMENT (  '', '', ( #4544 ) ) ;
#1084 = CARTESIAN_POINT ( 'NONE',  ( -27.95599999999999596, 10.92999999999999794, 7.179213561880927408 ) ) ;
#1085 =( BOUNDED_CURVE ( )  B_SPLINE_CURVE ( 3, ( #4385, #6350, #7176, #5388 ),
 .UNSPECIFIED., .F., .T. ) 
 B_SPLINE_CURVE_WITH_KNOTS ( ( 4, 4 ),
 ( 0.000000000000000000, 1.570796326794896558 ),
 .UNSPECIFIED. ) 
 CURVE ( )  GEOMETRIC_REPRESENTATION_ITEM ( )  RATIONAL_B_SPLINE_CURVE ( ( 1.000000000000000000, 0.8047378541243649375, 0.8047378541243649375, 1.000000000000000000 ) ) 
 REPRESENTATION_ITEM ( '' )  );
#1086 = DIRECTION ( 'NONE',  ( 1.000000000000000000, 0.000000000000000000, 0.000000000000000000 ) ) ;
#1087 = SURFACE_SIDE_STYLE ('',( #2051 ) ) ;
#1088 = ORIENTED_EDGE ( 'NONE', *, *, #10369, .F. ) ;
#1089 = DIRECTION ( 'NONE',  ( 1.000000000000000000, 0.000000000000000000, 0.000000000000000000 ) ) ;
#1090 = CARTESIAN_POINT ( 'NONE',  ( 7.988421052631582420, 2.929999999999998384, -17.91499999999999204 ) ) ;
#1091 = ORIENTED_EDGE ( 'NONE', *, *, #9925, .T. ) ;
#1092 = STYLED_ITEM ( 'NONE', ( #6123 ), #11073 ) ;
#1093 = MECHANICAL_DESIGN_GEOMETRIC_PRESENTATION_REPRESENTATION (  '', ( #2114 ), #5025 ) ;
#1094 = CIRCLE ( 'NONE', #9241, 0.4999999999999992228 ) ;
#1095 = FILL_AREA_STYLE_COLOUR ( '', #8163 ) ;
#1096 = CARTESIAN_POINT ( 'NONE',  ( -20.80587646518327105, 2.251326190973216068, -7.557704711311514778 ) ) ;
#1097 = APPLICATION_CONTEXT ( 'automotive_design' ) ;
#1098 = UNCERTAINTY_MEASURE_WITH_UNIT (LENGTH_MEASURE( 1.000000000000000082E-05 ), #373, 'distance_accuracy_value', 'NONE');
#1099 = CARTESIAN_POINT ( 'NONE',  ( -28.95599999999999596, 11.42999999999999972, 18.41499999999999915 ) ) ;
#1100 = LINE ( 'NONE', #11718, #6122 ) ;
#1101 = DIRECTION ( 'NONE',  ( -4.081702296416016490E-16, 1.000000000000000000, -0.000000000000000000 ) ) ;
#1102 = EDGE_LOOP ( 'NONE', ( #11113, #3061, #8531, #7767 ) ) ;
#1103 = EDGE_CURVE ( 'NONE', #7915, #9358, #8705, .T. ) ;
#1104 = LINE ( 'NONE', #135, #5735 ) ;
#1105 = DIRECTION ( 'NONE',  ( -1.000000000000000000, 0.000000000000000000, 0.000000000000000000 ) ) ;
#1106 = COLOUR_RGB ( '',0.2509803921568627416, 0.2509803921568627416, 0.2509803921568627416 ) ;
#1107 = PRESENTATION_STYLE_ASSIGNMENT (( #7791 ) ) ;
#1108 = AXIS2_PLACEMENT_3D ( 'NONE', #9624, #3717, #1919 ) ;
#1109 = DIRECTION ( 'NONE',  ( -1.000000000000000000, 0.000000000000000000, 0.000000000000000000 ) ) ;
#1110 = ORIENTED_EDGE ( 'NONE', *, *, #932, .F. ) ;
#1111 = COLOUR_RGB ( '',0.2509803921568627416, 0.2509803921568627416, 0.2509803921568627416 ) ;
#1112 = ORIENTED_EDGE ( 'NONE', *, *, #9283, .F. ) ;
#1113 = CARTESIAN_POINT ( 'NONE',  ( -4.964421052631579734, 11.42999999999999972, 17.91499999999999915 ) ) ;
#1115 = CARTESIAN_POINT ( 'NONE',  ( 0.5263157894736837372, 10.92999999999999794, -17.91499999999999204 ) ) ;
#1114 = CIRCLE ( 'NONE', #8239, 0.5000000000000003331 ) ;
#1116 = ORIENTED_EDGE ( 'NONE', *, *, #8427, .F. ) ;
#1117 = CIRCLE ( 'NONE', #6206, 1.587500000000002132 ) ;
#1118 =( NAMED_UNIT ( * ) PLANE_ANGLE_UNIT ( ) SI_UNIT ( $, .RADIAN. ) );
#1119 = UNCERTAINTY_MEASURE_WITH_UNIT (LENGTH_MEASURE( 1.000000000000000082E-05 ), #4333, 'distance_accuracy_value', 'NONE');
#1120 = FACE_OUTER_BOUND ( 'NONE', #11888, .T. ) ;
#1121 = DIRECTION ( 'NONE',  ( 1.000000000000000000, 0.000000000000000000, -0.000000000000000000 ) ) ;
#1122 = CARTESIAN_POINT ( 'NONE',  ( -2.469052631578948276, 11.42999999999999972, -18.41499999999999915 ) ) ;
#1123 =( GEOMETRIC_REPRESENTATION_CONTEXT ( 3 ) GLOBAL_UNCERTAINTY_ASSIGNED_CONTEXT ( ( #7163 ) ) GLOBAL_UNIT_ASSIGNED_CONTEXT ( ( #2861, #1001, #9791 ) ) REPRESENTATION_CONTEXT ( 'NONE', 'WORKASPACE' ) );
#1124 = VECTOR ( 'NONE', #12551, 1000.000000000000000 ) ;
#1125 = FACE_OUTER_BOUND ( 'NONE', #8839, .T. ) ;
#1126 = EDGE_CURVE ( 'NONE', #6861, #7736, #10698, .T. ) ;
#1127 = AXIS2_PLACEMENT_3D ( 'NONE', #3180, #10942, #2197 ) ;
#1128 = CARTESIAN_POINT ( 'NONE',  ( 17.70294655415139218, 2.150994230706207766, 18.06242948671435400 ) ) ;
#1129 = VECTOR ( 'NONE', #12597, 1000.000000000000000 ) ;
#1130 = FACE_OUTER_BOUND ( 'NONE', #11340, .T. ) ;
#1131 = DIRECTION ( 'NONE',  ( 0.000000000000000000, 0.000000000000000000, 1.000000000000000000 ) ) ;
#1132 = COLOUR_RGB ( '',0.2509803921568627416, 0.2509803921568627416, 0.2509803921568627416 ) ;
#1133 = CARTESIAN_POINT ( 'NONE',  ( 16.47452631578947546, 11.42999999999999972, 0.000000000000000000 ) ) ;
#1134 = CARTESIAN_POINT ( 'NONE',  ( -21.96526315789473216, 11.42999999999999972, -18.41499999999999915 ) ) ;
#1135 = EDGE_CURVE ( 'NONE', #10940, #9814, #1184, .T. ) ;
#1136 = FILL_AREA_STYLE_COLOUR ( '', #4328 ) ;
#1137 = UNCERTAINTY_MEASURE_WITH_UNIT (LENGTH_MEASURE( 1.000000000000000082E-05 ), #3185, 'distance_accuracy_value', 'NONE');
#1138 = PRESENTATION_STYLE_ASSIGNMENT (( #4832 ) ) ;
#1139 = ORIENTED_EDGE ( 'NONE', *, *, #4745, .T. ) ;
#1140 = VECTOR ( 'NONE', #5886, 1000.000000000000000 ) ;
#1141 = ORIENTED_EDGE ( 'NONE', *, *, #3931, .F. ) ;
#1142 = SURFACE_SIDE_STYLE ('',( #2040 ) ) ;
#1143 = EDGE_LOOP ( 'NONE', ( #3148, #2188, #4871, #1912 ) ) ;
#1144 = CARTESIAN_POINT ( 'NONE',  ( 15.50315789473683736, 2.929999999999998384, -17.91499999999999204 ) ) ;
#1145 = CARTESIAN_POINT ( 'NONE',  ( -18.96989473684210381, 11.42999999999999972, -18.41499999999999915 ) ) ;
#1146 = ORIENTED_EDGE ( 'NONE', *, *, #4930, .F. ) ;
#1147 = CARTESIAN_POINT ( 'NONE',  ( 15.50315789473683736, 10.92999999999999794, -17.91499999999999204 ) ) ;
#1148 = VECTOR ( 'NONE', #5465, 1000.000000000000000 ) ;
#1149 = UNCERTAINTY_MEASURE_WITH_UNIT (LENGTH_MEASURE( 1.000000000000000082E-05 ), #464, 'distance_accuracy_value', 'NONE');
#1150 = FILL_AREA_STYLE ('',( #10726 ) ) ;
#1151 = PRESENTATION_STYLE_ASSIGNMENT (( #8034 ) ) ;
#1152 = PRESENTATION_LAYER_ASSIGNMENT (  '', '', ( #2050 ) ) ;
#1153 = CARTESIAN_POINT ( 'NONE',  ( -7.488421052631577979, 11.42999999999999972, -18.41499999999999559 ) ) ;
#1154 = CARTESIAN_POINT ( 'NONE',  ( -22.72021356188096419, 1.778000000000000025, -7.179213561880928296 ) ) ;
#1155 = VERTEX_POINT ( 'NONE', #8966 ) ;
#1156 = EDGE_CURVE ( 'NONE', #9494, #12220, #217, .T. ) ;
#1157 = PRESENTATION_STYLE_ASSIGNMENT (( #2836 ) ) ;
#1158 = AXIS2_PLACEMENT_3D ( 'NONE', #1122, #11869, #3112 ) ;
#1159 = VERTEX_POINT ( 'NONE', #10755 ) ;
#1160 = FACE_OUTER_BOUND ( 'NONE', #3428, .T. ) ;
#1161 = PRESENTATION_STYLE_ASSIGNMENT (( #915 ) ) ;
#1162 = DIRECTION ( 'NONE',  ( 1.000000000000000000, 0.000000000000000000, 0.000000000000000000 ) ) ;
#1163 = CARTESIAN_POINT ( 'NONE',  ( -9.983789473684209881, 10.92999999999999794, -18.41499999999999915 ) ) ;
#1164 = STYLED_ITEM ( 'NONE', ( #4245 ), #1266 ) ;
#1165 = FACE_OUTER_BOUND ( 'NONE', #1367, .T. ) ;
#1166 = EDGE_LOOP ( 'NONE', ( #589, #3024, #5569, #7797 ) ) ;
#1167 = FILL_AREA_STYLE_COLOUR ( '', #8383 ) ;
#1168 = FACE_OUTER_BOUND ( 'NONE', #6696, .T. ) ;
#1169 = TOROIDAL_SURFACE ( 'NONE', #10541, 1.261999999999997124, 0.5000000000000000000 ) ;
#1170 = PRESENTATION_STYLE_ASSIGNMENT (( #9913 ) ) ;
#1171 = EDGE_CURVE ( 'NONE', #4364, #4824, #5960, .T. ) ;
#1172 = AXIS2_PLACEMENT_3D ( 'NONE', #3318, #12258, #11083 ) ;
#1173 =( LENGTH_UNIT ( ) NAMED_UNIT ( * ) SI_UNIT ( .MILLI., .METRE. ) );
#1174 = EDGE_CURVE ( 'NONE', #12168, #6576, #3183, .T. ) ;
#1175 =( LENGTH_UNIT ( ) NAMED_UNIT ( * ) SI_UNIT ( .MILLI., .METRE. ) );
#1176 = VERTEX_POINT ( 'NONE', #10629 ) ;
#1177 = AXIS2_PLACEMENT_3D ( 'NONE', #4051, #8782, #7042 ) ;
#1178 = COLOUR_RGB ( '',0.2509803921568627416, 0.2509803921568627416, 0.2509803921568627416 ) ;
#1179 = DIRECTION ( 'NONE',  ( 0.000000000000000000, -1.000000000000000000, 0.000000000000000000 ) ) ;
#1180 = ORIENTED_EDGE ( 'NONE', *, *, #2862, .F. ) ;
#1181 = CARTESIAN_POINT ( 'NONE',  ( 28.95599999999999596, 1.277999999999999581, -15.66328183851187283 ) ) ;
#1182 = DIRECTION ( 'NONE',  ( 4.081702296416016490E-16, -1.000000000000000000, 0.000000000000000000 ) ) ;
#1183 = CARTESIAN_POINT ( 'NONE',  ( 0.000000000000000000, 10.92999999999999794, -6.679213561880927408 ) ) ;
#1184 = LINE ( 'NONE', #10818, #3822 ) ;
#1185 = MECHANICAL_DESIGN_GEOMETRIC_PRESENTATION_REPRESENTATION (  '', ( #12011 ), #1593 ) ;
#1186 = PRESENTATION_STYLE_ASSIGNMENT (( #7876 ) ) ;
#1187 = SURFACE_STYLE_FILL_AREA ( #4248 ) ;
#1188 = DIRECTION ( 'NONE',  ( 0.000000000000000000, 0.000000000000000000, -1.000000000000000000 ) ) ;
#1189 = DIRECTION ( 'NONE',  ( -0.000000000000000000, 0.000000000000000000, 1.000000000000000000 ) ) ;
#1190 = FACE_OUTER_BOUND ( 'NONE', #7415, .T. ) ;
#1191 = AXIS2_PLACEMENT_3D ( 'NONE', #9119, #5452, #10198 ) ;
#1192 = CARTESIAN_POINT ( 'NONE',  ( 0.000000000000000000, 11.42999999999999972, 0.000000000000000000 ) ) ;
#1193 = EDGE_CURVE ( 'NONE', #4290, #5665, #2800, .T. ) ;
#1194 = PRESENTATION_STYLE_ASSIGNMENT (( #5084 ) ) ;
#1195 =( NAMED_UNIT ( * ) PLANE_ANGLE_UNIT ( ) SI_UNIT ( $, .RADIAN. ) );
#1196 =( NAMED_UNIT ( * ) SI_UNIT ( $, .STERADIAN. ) SOLID_ANGLE_UNIT ( ) );
#1197 = AXIS2_PLACEMENT_3D ( 'NONE', #12423, #2458, #6640 ) ;
#1198 = DIRECTION ( 'NONE',  ( 0.6360782202777646166, 0.000000000000000000, -0.7716245833877193316 ) ) ;
#1199 = CARTESIAN_POINT ( 'NONE',  ( 22.39704597387198959, 0.5000000000000000000, 14.09077417469095295 ) ) ;
#1200 = CARTESIAN_POINT ( 'NONE',  ( 23.62199999999999633, 1.778000000000000025, -13.08100000000000840 ) ) ;
#1201 = CIRCLE ( 'NONE', #9157, 1.261999999999997568 ) ;
#1202 = FACE_OUTER_BOUND ( 'NONE', #7534, .T. ) ;
#1203 = CARTESIAN_POINT ( 'NONE',  ( 0.7334225706602316430, 11.43000000000000149, 18.41499999999999915 ) ) ;
#1204 = ORIENTED_EDGE ( 'NONE', *, *, #2827, .T. ) ;
#1205 = CIRCLE ( 'NONE', #1614, 0.5000000000000004441 ) ;
#1206 = VERTEX_POINT ( 'NONE', #3927 ) ;
#1207 = EDGE_CURVE ( 'NONE', #2475, #9708, #6306, .T. ) ;
#1208 = EDGE_LOOP ( 'NONE', ( #5125, #10170, #12463, #10393 ) ) ;
#1209 = SURFACE_STYLE_USAGE ( .BOTH. , #3206 ) ;
#1210 = DIRECTION ( 'NONE',  ( -0.000000000000000000, 1.000000000000000000, -0.000000000000000000 ) ) ;
#1211 = LINE ( 'NONE', #7958, #176 ) ;
#1212 = COLOUR_RGB ( '',0.2509803921568627416, 0.2509803921568627416, 0.2509803921568627416 ) ;
#1213 = VERTEX_POINT ( 'NONE', #151 ) ;
#1214 = FILL_AREA_STYLE_COLOUR ( '', #3922 ) ;
#1215 = PRESENTATION_LAYER_ASSIGNMENT (  '', '', ( #10784 ) ) ;
#1216 = DIRECTION ( 'NONE',  ( 0.000000000000000000, -0.000000000000000000, -1.000000000000000000 ) ) ;
#1217 = DIRECTION ( 'NONE',  ( 1.000000000000000000, 0.000000000000000000, 0.000000000000000000 ) ) ;
#1218 = CARTESIAN_POINT ( 'NONE',  ( 23.62199999999999633, -0.0009999999999992653654, 13.08100000000000840 ) ) ;
#1219 =( NAMED_UNIT ( * ) PLANE_ANGLE_UNIT ( ) SI_UNIT ( $, .RADIAN. ) );
#1220 = ORIENTED_EDGE ( 'NONE', *, *, #7310, .T. ) ;
#1221 =( GEOMETRIC_REPRESENTATION_CONTEXT ( 3 ) GLOBAL_UNCERTAINTY_ASSIGNED_CONTEXT ( ( #8763 ) ) GLOBAL_UNIT_ASSIGNED_CONTEXT ( ( #5479, #11308, #10348 ) ) REPRESENTATION_CONTEXT ( 'NONE', 'WORKASPACE' ) );
#1222 = AXIS2_PLACEMENT_3D ( 'NONE', #6275, #6080, #5366 ) ;
#1223 = ORIENTED_EDGE ( 'NONE', *, *, #12452, .T. ) ;
#1224 = DIRECTION ( 'NONE',  ( 0.000000000000000000, 0.000000000000000000, -1.000000000000000000 ) ) ;
#1225 =( NAMED_UNIT ( * ) SI_UNIT ( $, .STERADIAN. ) SOLID_ANGLE_UNIT ( ) );
#1226 = FILL_AREA_STYLE ('',( #5179 ) ) ;
#1227 = ORIENTED_EDGE ( 'NONE', *, *, #11729, .T. ) ;
#1228 =( NAMED_UNIT ( * ) PLANE_ANGLE_UNIT ( ) SI_UNIT ( $, .RADIAN. ) );
#1229 = AXIS2_PLACEMENT_3D ( 'NONE', #9661, #8582, #1891 ) ;
#1230 = MECHANICAL_DESIGN_GEOMETRIC_PRESENTATION_REPRESENTATION (  '', ( #12263 ), #8356 ) ;
#1231 = EDGE_CURVE ( 'NONE', #1725, #7659, #5314, .T. ) ;
#1232 = DIRECTION ( 'NONE',  ( 1.000000000000000000, 0.000000000000000000, -0.000000000000000000 ) ) ;
#1233 = DIRECTION ( 'NONE',  ( 1.000000000000000000, 0.000000000000000000, 0.000000000000000000 ) ) ;
#1234 = CARTESIAN_POINT ( 'NONE',  ( -12.21715789473683600, 2.929999999999998384, 17.91499999999999915 ) ) ;
#1235 =( NAMED_UNIT ( * ) PLANE_ANGLE_UNIT ( ) SI_UNIT ( $, .RADIAN. ) );
#1236 = ORIENTED_EDGE ( 'NONE', *, *, #5760, .T. ) ;
#1237 = ORIENTED_EDGE ( 'NONE', *, *, #2665, .F. ) ;
#1238 = VECTOR ( 'NONE', #11254, 1000.000000000000000 ) ;
#1239 =( GEOMETRIC_REPRESENTATION_CONTEXT ( 3 ) GLOBAL_UNCERTAINTY_ASSIGNED_CONTEXT ( ( #4915 ) ) GLOBAL_UNIT_ASSIGNED_CONTEXT ( ( #1473, #324, #390 ) ) REPRESENTATION_CONTEXT ( 'NONE', 'WORKASPACE' ) );
#1240 = SURFACE_SIDE_STYLE ('',( #3172 ) ) ;
#1241 = DIRECTION ( 'NONE',  ( 0.000000000000000000, 0.000000000000000000, -1.000000000000000000 ) ) ;
#1242 = ORIENTED_EDGE ( 'NONE', *, *, #3815, .F. ) ;
#1243 = CARTESIAN_POINT ( 'NONE',  ( -9.221789473684207650, 2.929999999999998384, 17.91499999999999915 ) ) ;
#1244 = EDGE_CURVE ( 'NONE', #5822, #12552, #11010, .T. ) ;
#1245 = UNCERTAINTY_MEASURE_WITH_UNIT (LENGTH_MEASURE( 1.000000000000000082E-05 ), #1547, 'distance_accuracy_value', 'NONE');
#1246 = CIRCLE ( 'NONE', #11873, 0.7619999999999970131 ) ;
#1247 = EDGE_CURVE ( 'NONE', #1467, #7515, #10059, .T. ) ;
#1248 =( NAMED_UNIT ( * ) PLANE_ANGLE_UNIT ( ) SI_UNIT ( $, .RADIAN. ) );
#1249 = DIRECTION ( 'NONE',  ( 0.000000000000000000, 0.000000000000000000, 1.000000000000000000 ) ) ;
#1250 = CARTESIAN_POINT ( 'NONE',  ( 17.60484109569172517, 2.061713674401182139, 18.24071135689977297 ) ) ;
#1251 = CARTESIAN_POINT ( 'NONE',  ( -13.95052631578947278, 11.42999999999999972, -18.41499999999999559 ) ) ;
#1252 = LINE ( 'NONE', #891, #6533 ) ;
#1253 =( GEOMETRIC_REPRESENTATION_CONTEXT ( 3 ) GLOBAL_UNCERTAINTY_ASSIGNED_CONTEXT ( ( #6538 ) ) GLOBAL_UNIT_ASSIGNED_CONTEXT ( ( #5272, #4671, #2709 ) ) REPRESENTATION_CONTEXT ( 'NONE', 'WORKASPACE' ) );
#1254 = STYLED_ITEM ( 'NONE', ( #4006 ), #8007 ) ;
#1255 = CARTESIAN_POINT ( 'NONE',  ( -28.77403911013887949, 0.000000000000000000, 16.04909413020573794 ) ) ;
#1256 =( NAMED_UNIT ( * ) PLANE_ANGLE_UNIT ( ) SI_UNIT ( $, .RADIAN. ) );
#1257 = DIRECTION ( 'NONE',  ( 1.000000000000000000, 0.000000000000000000, 0.000000000000000000 ) ) ;
#1258 = EDGE_CURVE ( 'NONE', #7932, #11630, #4374, .T. ) ;
#1259 = LINE ( 'NONE', #9353, #7775 ) ;
#1260 = STYLED_ITEM ( 'NONE', ( #4926 ), #1472 ) ;
#1261 = FILL_AREA_STYLE ('',( #3122 ) ) ;
#1262 = PRESENTATION_LAYER_ASSIGNMENT (  '', '', ( #1666 ) ) ;
#1263 = STYLED_ITEM ( 'NONE', ( #3117 ), #8043 ) ;
#1264 = FILL_AREA_STYLE_COLOUR ( '', #6807 ) ;
#1265 = DIRECTION ( 'NONE',  ( 0.000000000000000000, 0.000000000000000000, -1.000000000000000000 ) ) ;
#1266 = ADVANCED_FACE ( 'NONE', ( #6154 ), #2346, .T. ) ;
#1267 = UNCERTAINTY_MEASURE_WITH_UNIT (LENGTH_MEASURE( 1.000000000000000082E-05 ), #2531, 'distance_accuracy_value', 'NONE');
#1268 = DIRECTION ( 'NONE',  ( 0.000000000000000000, 0.000000000000000000, 1.000000000000000000 ) ) ;
#1269 = ORIENTED_EDGE ( 'NONE', *, *, #9382, .T. ) ;
#1270 = EDGE_CURVE ( 'NONE', #6194, #7915, #11922, .T. ) ;
#1271 = ORIENTED_EDGE ( 'NONE', *, *, #617, .F. ) ;
#1272 = FILL_AREA_STYLE_COLOUR ( '', #637 ) ;
#1273 = PRESENTATION_STYLE_ASSIGNMENT (( #8612 ) ) ;
#1274 = ORIENTED_EDGE ( 'NONE', *, *, #4354, .T. ) ;
#1275 = CARTESIAN_POINT ( 'NONE',  ( -9.255078768874749784, 0.000000000000000000, 7.629298182790471117 ) ) ;
#1276 = SURFACE_SIDE_STYLE ('',( #11892 ) ) ;
#1277 = VERTEX_POINT ( 'NONE', #10184 ) ;
#1278 = UNCERTAINTY_MEASURE_WITH_UNIT (LENGTH_MEASURE( 1.000000000000000082E-05 ), #12425, 'distance_accuracy_value', 'NONE');
#1279 = FILL_AREA_STYLE ('',( #1214 ) ) ;
#1280 = UNCERTAINTY_MEASURE_WITH_UNIT (LENGTH_MEASURE( 1.000000000000000082E-05 ), #8850, 'distance_accuracy_value', 'NONE');
#1281 = AXIS2_PLACEMENT_3D ( 'NONE', #10937, #7983, #10685 ) ;
#1282 = DIRECTION ( 'NONE',  ( 0.000000000000000000, -0.000000000000000000, -1.000000000000000000 ) ) ;
#1283 = FILL_AREA_STYLE_COLOUR ( '', #2200 ) ;
#1284 = SURFACE_STYLE_FILL_AREA ( #2237 ) ;
#1285 = AXIS2_PLACEMENT_3D ( 'NONE', #6850, #3029, #9830 ) ;
#1286 = CARTESIAN_POINT ( 'NONE',  ( 13.47915789473683823, 11.43000000000001570, -17.91499999999999204 ) ) ;
#1287 = ORIENTED_EDGE ( 'NONE', *, *, #317, .F. ) ;
#1288 = DIRECTION ( 'NONE',  ( 0.000000000000000000, 0.000000000000000000, -1.000000000000000000 ) ) ;
#1289 = ORIENTED_EDGE ( 'NONE', *, *, #12053, .F. ) ;
#1290 = CARTESIAN_POINT ( 'NONE',  ( 1.790577429339770044, 11.42999999999999972, 18.41499999999999915 ) ) ;
#1291 =( NAMED_UNIT ( * ) PLANE_ANGLE_UNIT ( ) SI_UNIT ( $, .RADIAN. ) );
#1292 = FILL_AREA_STYLE ('',( #4231 ) ) ;
#1293 = VECTOR ( 'NONE', #2584, 1000.000000000000000 ) ;
#1294 = LINE ( 'NONE', #6324, #5869 ) ;
#1295 = ORIENTED_EDGE ( 'NONE', *, *, #5594, .F. ) ;
#1296 = VECTOR ( 'NONE', #1602, 1000.000000000000000 ) ;
#1297 = CARTESIAN_POINT ( 'NONE',  ( -25.93199999999999505, 11.42999999999999972, -6.679213561880927408 ) ) ;
#1298 =( NAMED_UNIT ( * ) PLANE_ANGLE_UNIT ( ) SI_UNIT ( $, .RADIAN. ) );
#1299 =( LENGTH_UNIT ( ) NAMED_UNIT ( * ) SI_UNIT ( .MILLI., .METRE. ) );
#1300 = CARTESIAN_POINT ( 'NONE',  ( 7.488421052631574426, 11.42999999999999972, -18.41499999999999559 ) ) ;
#1301 = ORIENTED_EDGE ( 'NONE', *, *, #9126, .F. ) ;
#1302 = VECTOR ( 'NONE', #34, 1000.000000000000000 ) ;
#1303 = FACE_OUTER_BOUND ( 'NONE', #4761, .T. ) ;
#1304 = EDGE_CURVE ( 'NONE', #1900, #3837, #7165, .T. ) ;
#1305 = ORIENTED_EDGE ( 'NONE', *, *, #9994, .F. ) ;
#1306 = DIRECTION ( 'NONE',  ( 0.000000000000000000, 0.000000000000000000, -1.000000000000000000 ) ) ;
#1307 = DIRECTION ( 'NONE',  ( 0.000000000000000000, 0.000000000000000000, -1.000000000000000000 ) ) ;
#1308 = VERTEX_POINT ( 'NONE', #4192 ) ;
#1309 = CYLINDRICAL_SURFACE ( 'NONE', #8306, 0.5000000000000004441 ) ;
#1310 = PRESENTATION_LAYER_ASSIGNMENT (  '', '', ( #3755 ) ) ;
#1311 = AXIS2_PLACEMENT_3D ( 'NONE', #12347, #1646, #8410 ) ;
#1312 = PLANE ( 'NONE',  #10297 ) ;
#1313 = UNCERTAINTY_MEASURE_WITH_UNIT (LENGTH_MEASURE( 1.000000000000000082E-05 ), #1061, 'distance_accuracy_value', 'NONE');
#1314 = SURFACE_STYLE_USAGE ( .BOTH. , #6089 ) ;
#1315 = SURFACE_STYLE_FILL_AREA ( #11139 ) ;
#1316 = CARTESIAN_POINT ( 'NONE',  ( -1.969052631578947832, 11.42999999999999972, 18.41499999999999915 ) ) ;
#1317 = CARTESIAN_POINT ( 'NONE',  ( -25.28732325865668429, 0.000000000000000000, -17.59696088986110851 ) ) ;
#1318 = B_SPLINE_CURVE_WITH_KNOTS ( 'NONE', 3,
 ( #2121, #9776, #7789, #9836, #4804, #3161, #4997, #980, #7035, #6780, #8708, #2974, #12627, #3861 ),
 .UNSPECIFIED., .F., .F.,
 ( 4, 2, 2, 2, 2, 2, 4 ),
 ( -5.211849587877805023E-06, 0.0003968785923512768384, 0.0007989690342904314565, 0.001201059476229586129, 0.001402104697199165525, 0.001502627307683956307, 0.001603149918168747089 ),
 .UNSPECIFIED. ) ;
#1319 = CARTESIAN_POINT ( 'NONE',  ( -20.06347483312744728, 11.42999999999999972, -7.502987500977402746 ) ) ;
#1320 = FILL_AREA_STYLE ('',( #10065 ) ) ;
#1321 = COLOUR_RGB ( '',0.2509803921568627416, 0.2509803921568627416, 0.2509803921568627416 ) ;
#1322 = CARTESIAN_POINT ( 'NONE',  ( 7.488421052631574426, 11.42999999999999972, 18.41499999999999915 ) ) ;
#1323 = STYLED_ITEM ( 'NONE', ( #2372 ), #11282 ) ;
#1324 = PRESENTATION_LAYER_ASSIGNMENT (  '', '', ( #10885 ) ) ;
#1325 = COLOUR_RGB ( '',0.2509803921568627416, 0.2509803921568627416, 0.2509803921568627416 ) ;
#1326 = EDGE_CURVE ( 'NONE', #4017, #2650, #8908, .T. ) ;
#1327 = COLOUR_RGB ( '',0.2509803921568627416, 0.2509803921568627416, 0.2509803921568627416 ) ;
#1328 = SURFACE_SIDE_STYLE ('',( #7114 ) ) ;
#1329 = CARTESIAN_POINT ( 'NONE',  ( 13.97915789473684001, 11.42999999999999972, -17.91499999999999204 ) ) ;
#1330 = VECTOR ( 'NONE', #95, 1000.000000000000000 ) ;
#1331 = CARTESIAN_POINT ( 'NONE',  ( 15.50315789473683736, 10.92999999999999794, -18.41499999999999915 ) ) ;
#1332 = FACE_OUTER_BOUND ( 'NONE', #3395, .T. ) ;
#1333 = VECTOR ( 'NONE', #2203, 1000.000000000000000 ) ;
#1334 = CIRCLE ( 'NONE', #9471, 0.7619999999999970131 ) ;
#1335 = DIRECTION ( 'NONE',  ( -0.000000000000000000, -0.000000000000000000, 1.000000000000000000 ) ) ;
#1336 = SURFACE_STYLE_USAGE ( .BOTH. , #7183 ) ;
#1337 = ORIENTED_EDGE ( 'NONE', *, *, #10279, .F. ) ;
#1338 = EDGE_CURVE ( 'NONE', #8246, #1345, #5262, .T. ) ;
#1339 = ORIENTED_EDGE ( 'NONE', *, *, #1760, .F. ) ;
#1340 = CARTESIAN_POINT ( 'NONE',  ( -7.488421052631577979, 11.42999999999999972, 18.41499999999999915 ) ) ;
#1341 = MECHANICAL_DESIGN_GEOMETRIC_PRESENTATION_REPRESENTATION (  '', ( #2571 ), #5202 ) ;
#1342 = DIRECTION ( 'NONE',  ( -0.000000000000000000, 1.000000000000000000, -0.000000000000000000 ) ) ;
#1343 =( LENGTH_UNIT ( ) NAMED_UNIT ( * ) SI_UNIT ( .MILLI., .METRE. ) );
#1344 = CARTESIAN_POINT ( 'NONE',  ( -25.47362625601097363, 0.2071067811865482666, 17.82296449780513470 ) ) ;
#1345 = VERTEX_POINT ( 'NONE', #7046 ) ;
#1346 = VECTOR ( 'NONE', #12471, 1000.000000000000000 ) ;
#1347 = CARTESIAN_POINT ( 'NONE',  ( -16.47452631578947191, 11.43000000000000504, -17.91499999999999204 ) ) ;
#1348 = FILL_AREA_STYLE ('',( #10268 ) ) ;
#1349 = EDGE_CURVE ( 'NONE', #12557, #3236, #283, .T. ) ;
#1350 = LINE ( 'NONE', #12282, #9851 ) ;
#1351 = CARTESIAN_POINT ( 'NONE',  ( -23.62199999999999633, 0.5000000000000000000, 11.49350000000000627 ) ) ;
#1352 =( LENGTH_UNIT ( ) NAMED_UNIT ( * ) SI_UNIT ( .MILLI., .METRE. ) );
#1353 = EDGE_LOOP ( 'NONE', ( #10101, #12432, #2572, #9827, #962 ) ) ;
#1354 = FACE_OUTER_BOUND ( 'NONE', #2225, .T. ) ;
#1355 = EDGE_LOOP ( 'NONE', ( #6831, #10872, #7667, #2157 ) ) ;
#1356 = CARTESIAN_POINT ( 'NONE',  ( 1.997684210526318171, 10.92999999999999794, 17.91499999999999915 ) ) ;
#1357 = COLOUR_RGB ( '',0.2509803921568627416, 0.2509803921568627416, 0.2509803921568627416 ) ;
#1358 =( BOUNDED_CURVE ( )  B_SPLINE_CURVE ( 3, ( #12172, #10052, #5253, #11133 ),
 .UNSPECIFIED., .F., .T. ) 
 B_SPLINE_CURVE_WITH_KNOTS ( ( 4, 4 ),
 ( 1.570796326794896558, 3.141592653589793116 ),
 .UNSPECIFIED. ) 
 CURVE ( )  GEOMETRIC_REPRESENTATION_ITEM ( )  RATIONAL_B_SPLINE_CURVE ( ( 1.000000000000000000, 0.8047378541243649375, 0.8047378541243649375, 1.000000000000000000 ) ) 
 REPRESENTATION_ITEM ( '' )  );
#1359 =( LENGTH_UNIT ( ) NAMED_UNIT ( * ) SI_UNIT ( .MILLI., .METRE. ) );
#1360 = ORIENTED_EDGE ( 'NONE', *, *, #2057, .T. ) ;
#1361 = CARTESIAN_POINT ( 'NONE',  ( -3.993052631578945633, 10.92999999999999794, -18.41499999999999915 ) ) ;
#1362 = EDGE_CURVE ( 'NONE', #7493, #6586, #6255, .T. ) ;
#1363 = CARTESIAN_POINT ( 'NONE',  ( -10.48378947368420988, 11.42999999999999972, 18.41499999999999915 ) ) ;
#1364 = VECTOR ( 'NONE', #7270, 1000.000000000000000 ) ;
#1365 = VERTEX_POINT ( 'NONE', #11076 ) ;
#1366 = DIRECTION ( 'NONE',  ( 0.000000000000000000, 0.000000000000000000, -1.000000000000000000 ) ) ;
#1367 = EDGE_LOOP ( 'NONE', ( #5481, #2522, #9500, #1110 ) ) ;
#1368 = COLOUR_RGB ( '',0.2509803921568627416, 0.2509803921568627416, 0.2509803921568627416 ) ;
#1369 = FILL_AREA_STYLE ('',( #9271 ) ) ;
#1370 = CARTESIAN_POINT ( 'NONE',  ( 9.512421052631573559, 2.929999999999998384, 17.91499999999999915 ) ) ;
#1371 = ORIENTED_EDGE ( 'NONE', *, *, #11807, .T. ) ;
#1372 = FACE_OUTER_BOUND ( 'NONE', #8993, .T. ) ;
#1373 = PLANE ( 'NONE',  #7023 ) ;
#1374 = ADVANCED_FACE ( 'NONE', ( #3737 ), #11580, .T. ) ;
#1375 = CARTESIAN_POINT ( 'NONE',  ( -28.45599999999999596, 0.1141877083061398346, -16.16328183851187816 ) ) ;
#1376 = CARTESIAN_POINT ( 'NONE',  ( 24.84695402612800308, -0.0009999999999992653654, -12.07122582530904786 ) ) ;
#1377 = VECTOR ( 'NONE', #3059, 1000.000000000000000 ) ;
#1378 = CARTESIAN_POINT ( 'NONE',  ( -26.43199999999999861, 11.42999999999999972, -6.679213561880927408 ) ) ;
#1379 =( GEOMETRIC_REPRESENTATION_CONTEXT ( 3 ) GLOBAL_UNCERTAINTY_ASSIGNED_CONTEXT ( ( #12009 ) ) GLOBAL_UNIT_ASSIGNED_CONTEXT ( ( #4359, #8055, #11981 ) ) REPRESENTATION_CONTEXT ( 'NONE', 'WORKASPACE' ) );
#1380 = DIRECTION ( 'NONE',  ( 0.6360782202777646166, -0.000000000000000000, 0.7716245833877193316 ) ) ;
#1381 = SURFACE_STYLE_USAGE ( .BOTH. , #6228 ) ;
#1382 =( GEOMETRIC_REPRESENTATION_CONTEXT ( 3 ) GLOBAL_UNCERTAINTY_ASSIGNED_CONTEXT ( ( #11850 ) ) GLOBAL_UNIT_ASSIGNED_CONTEXT ( ( #10582, #5654, #12337 ) ) REPRESENTATION_CONTEXT ( 'NONE', 'WORKASPACE' ) );
#1383 = FILL_AREA_STYLE_COLOUR ( '', #5248 ) ;
#1384 = DIRECTION ( 'NONE',  ( -0.000000000000000000, -1.000000000000000000, -0.000000000000000000 ) ) ;
#1385 = CARTESIAN_POINT ( 'NONE',  ( -24.84695402612800308, 0.5000000000000000000, -12.07122582530904786 ) ) ;
#1386 = CARTESIAN_POINT ( 'NONE',  ( 24.48926315789472952, 10.92999999999999794, 7.179213561880927408 ) ) ;
#1387 = SURFACE_STYLE_FILL_AREA ( #7179 ) ;
#1388 = STYLED_ITEM ( 'NONE', ( #1893 ), #4336 ) ;
#1389 = FACE_OUTER_BOUND ( 'NONE', #5347, .T. ) ;
#1390 =( LENGTH_UNIT ( ) NAMED_UNIT ( * ) SI_UNIT ( .MILLI., .METRE. ) );
#1391 = UNCERTAINTY_MEASURE_WITH_UNIT (LENGTH_MEASURE( 1.000000000000000082E-05 ), #8848, 'distance_accuracy_value', 'NONE');
#1392 = CARTESIAN_POINT ( 'NONE',  ( -19.36242370278906577, 11.42999999999999794, -7.954448026660490889 ) ) ;
#1393 = ORIENTED_EDGE ( 'NONE', *, *, #9755, .T. ) ;
#1394 = ORIENTED_EDGE ( 'NONE', *, *, #11530, .T. ) ;
#1395 = CARTESIAN_POINT ( 'NONE',  ( -6.988421052631577979, 10.92999999999999794, 17.91499999999999915 ) ) ;
#1396 = CARTESIAN_POINT ( 'NONE',  ( -11.45515789473684087, 10.92999999999999794, 17.91499999999999915 ) ) ;
#1397 =( NAMED_UNIT ( * ) SI_UNIT ( $, .STERADIAN. ) SOLID_ANGLE_UNIT ( ) );
#1398 = DIRECTION ( 'NONE',  ( 0.000000000000000000, 0.000000000000000000, -1.000000000000000000 ) ) ;
#1399 = MECHANICAL_DESIGN_GEOMETRIC_PRESENTATION_REPRESENTATION (  '', ( #6289 ), #10746 ) ;
#1400 = EDGE_LOOP ( 'NONE', ( #2689, #6606, #7197, #6710 ) ) ;
#1401 =( NAMED_UNIT ( * ) SI_UNIT ( $, .STERADIAN. ) SOLID_ANGLE_UNIT ( ) );
#1402 = UNCERTAINTY_MEASURE_WITH_UNIT (LENGTH_MEASURE( 1.000000000000000082E-05 ), #8858, 'distance_accuracy_value', 'NONE');
#1403 = EDGE_CURVE ( 'NONE', #12026, #3487, #4922, .T. ) ;
#1404 = CARTESIAN_POINT ( 'NONE',  ( 0.000000000000000000, 11.42999999999999972, 0.000000000000000000 ) ) ;
#1405 = EDGE_CURVE ( 'NONE', #1077, #2467, #2885, .T. ) ;
#1406 = DIRECTION ( 'NONE',  ( -0.000000000000000000, 0.000000000000000000, 1.000000000000000000 ) ) ;
#1407 = SURFACE_SIDE_STYLE ('',( #9251 ) ) ;
#1408 = DIRECTION ( 'NONE',  ( 0.000000000000000000, 0.000000000000000000, 1.000000000000000000 ) ) ;
#1409 = ORIENTED_EDGE ( 'NONE', *, *, #10478, .T. ) ;
#1410 = ORIENTED_EDGE ( 'NONE', *, *, #8764, .F. ) ;
#1411 = SURFACE_SIDE_STYLE ('',( #3465 ) ) ;
#1412 = COLOUR_RGB ( '',0.2509803921568627416, 0.2509803921568627416, 0.2509803921568627416 ) ;
#1413 =( NAMED_UNIT ( * ) SI_UNIT ( $, .STERADIAN. ) SOLID_ANGLE_UNIT ( ) );
#1414 =( LENGTH_UNIT ( ) NAMED_UNIT ( * ) SI_UNIT ( .MILLI., .METRE. ) );
#1415 = DIRECTION ( 'NONE',  ( 0.000000000000000000, 0.000000000000000000, -1.000000000000000000 ) ) ;
#1416 = FILL_AREA_STYLE_COLOUR ( '', #1867 ) ;
#1417 = VERTEX_POINT ( 'NONE', #6662 ) ;
#1418 = PRESENTATION_LAYER_ASSIGNMENT (  '', '', ( #11197 ) ) ;
#1419 =( LENGTH_UNIT ( ) NAMED_UNIT ( * ) SI_UNIT ( .MILLI., .METRE. ) );
#1420 = CARTESIAN_POINT ( 'NONE',  ( 16.97452631578947546, 11.42999999999999972, -17.91499999999999204 ) ) ;
#1421 =( NAMED_UNIT ( * ) PLANE_ANGLE_UNIT ( ) SI_UNIT ( $, .RADIAN. ) );
#1422 = STYLED_ITEM ( 'NONE', ( #6519 ), #3518 ) ;
#1423 = ORIENTED_EDGE ( 'NONE', *, *, #2063, .T. ) ;
#1424 = SURFACE_STYLE_FILL_AREA ( #2331 ) ;
#1425 = ORIENTED_EDGE ( 'NONE', *, *, #12341, .F. ) ;
#1426 =( BOUNDED_CURVE ( )  B_SPLINE_CURVE ( 3, ( #916, #3157, #3030, #3 ),
 .UNSPECIFIED., .F., .T. ) 
 B_SPLINE_CURVE_WITH_KNOTS ( ( 4, 4 ),
 ( 3.141592653589789563, 4.712388980384691450 ),
 .UNSPECIFIED. ) 
 CURVE ( )  GEOMETRIC_REPRESENTATION_ITEM ( )  RATIONAL_B_SPLINE_CURVE ( ( 1.000000000000000000, 0.8047378541243637162, 0.8047378541243637162, 1.000000000000000000 ) ) 
 REPRESENTATION_ITEM ( '' )  );
#1427 = ADVANCED_FACE ( 'NONE', ( #11334 ), #1562, .F. ) ;
#1428 = CARTESIAN_POINT ( 'NONE',  ( -28.74889321881344628, 1.778000000000000691, 16.16328183851187816 ) ) ;
#1429 = LINE ( 'NONE', #11990, #4481 ) ;
#1430 = VECTOR ( 'NONE', #5751, 1000.000000000000000 ) ;
#1431 =( GEOMETRIC_REPRESENTATION_CONTEXT ( 3 ) GLOBAL_UNCERTAINTY_ASSIGNED_CONTEXT ( ( #11897 ) ) GLOBAL_UNIT_ASSIGNED_CONTEXT ( ( #10920, #7143, #9200 ) ) REPRESENTATION_CONTEXT ( 'NONE', 'WORKASPACE' ) );
#1432 = VERTEX_POINT ( 'NONE', #12441 ) ;
#1433 =( NAMED_UNIT ( * ) PLANE_ANGLE_UNIT ( ) SI_UNIT ( $, .RADIAN. ) );
#1434 =( LENGTH_UNIT ( ) NAMED_UNIT ( * ) SI_UNIT ( .MILLI., .METRE. ) );
#1435 = UNCERTAINTY_MEASURE_WITH_UNIT (LENGTH_MEASURE( 1.000000000000000082E-05 ), #513, 'distance_accuracy_value', 'NONE');
#1436 = CARTESIAN_POINT ( 'NONE',  ( -27.95599999999998886, 11.22289321881345536, -7.179213561880926520 ) ) ;
#1437 = DIRECTION ( 'NONE',  ( -4.081702296416016490E-16, 1.000000000000000000, 0.000000000000000000 ) ) ;
#1438 = SURFACE_STYLE_USAGE ( .BOTH. , #6222 ) ;
#1439 = DIRECTION ( 'NONE',  ( 0.000000000000000000, 1.000000000000000000, 0.000000000000000000 ) ) ;
#1440 = COLOUR_RGB ( '',0.2509803921568627416, 0.2509803921568627416, 0.2509803921568627416 ) ;
#1441 = PRESENTATION_LAYER_ASSIGNMENT (  '', '', ( #12028 ) ) ;
#1442 = CARTESIAN_POINT ( 'NONE',  ( 17.22021356188092867, 1.778450982306281958, -18.41499999999999559 ) ) ;
#1443 = CARTESIAN_POINT ( 'NONE',  ( -14.45052631578947278, 10.92999999999999794, -17.91499999999999204 ) ) ;
#1444 = STYLED_ITEM ( 'NONE', ( #4985 ), #7542 ) ;
#1445 =( LENGTH_UNIT ( ) NAMED_UNIT ( * ) SI_UNIT ( .MILLI., .METRE. ) );
#1446 = DIRECTION ( 'NONE',  ( -0.000000000000000000, 0.000000000000000000, 1.000000000000000000 ) ) ;
#1447 = DIRECTION ( 'NONE',  ( 0.000000000000000000, 0.000000000000000000, 1.000000000000000000 ) ) ;
#1448 = SURFACE_SIDE_STYLE ('',( #11158 ) ) ;
#1449 = PRESENTATION_LAYER_ASSIGNMENT (  '', '', ( #9 ) ) ;
#1450 = EDGE_CURVE ( 'NONE', #6809, #7915, #8378, .T. ) ;
#1451 = ORIENTED_EDGE ( 'NONE', *, *, #3002, .T. ) ;
#1452 = FILL_AREA_STYLE ('',( #1272 ) ) ;
#1453 = CARTESIAN_POINT ( 'NONE',  ( -17.44589473684210645, 11.42999999999999972, 17.91499999999999915 ) ) ;
#1454 =( NAMED_UNIT ( * ) PLANE_ANGLE_UNIT ( ) SI_UNIT ( $, .RADIAN. ) );
#1455 = CARTESIAN_POINT ( 'NONE',  ( -26.43199999999999861, 1.778000000000000025, -7.179213561880927408 ) ) ;
#1456 = SURFACE_STYLE_FILL_AREA ( #10206 ) ;
#1457 = ORIENTED_EDGE ( 'NONE', *, *, #4023, .F. ) ;
#1458 = AXIS2_PLACEMENT_3D ( 'NONE', #10672, #5753, #7853 ) ;
#1459 = FILL_AREA_STYLE ('',( #10208 ) ) ;
#1460 = FILL_AREA_STYLE ('',( #6313 ) ) ;
#1461 = FILL_AREA_STYLE ('',( #7322 ) ) ;
#1462 = CARTESIAN_POINT ( 'NONE',  ( 24.84695402612800308, 1.778000000000000025, -12.07122582530904786 ) ) ;
#1463 = ORIENTED_EDGE ( 'NONE', *, *, #11074, .T. ) ;
#1464 = STYLED_ITEM ( 'NONE', ( #10588 ), #10311 ) ;
#1465 = EDGE_CURVE ( 'NONE', #9408, #4327, #12318, .T. ) ;
#1466 = CARTESIAN_POINT ( 'NONE',  ( -28.95599999999999596, 1.277999999999999581, -17.91499999999999204 ) ) ;
#1467 = VERTEX_POINT ( 'NONE', #5502 ) ;
#1468 = PRESENTATION_LAYER_ASSIGNMENT (  '', '', ( #12506 ) ) ;
#1469 = AXIS2_PLACEMENT_3D ( 'NONE', #1183, #3875, #7873 ) ;
#1470 = FILL_AREA_STYLE_COLOUR ( '', #4697 ) ;
#1471 = EDGE_CURVE ( 'NONE', #10715, #9902, #3551, .T. ) ;
#1472 = ADVANCED_FACE ( 'NONE', ( #3862 ), #10434, .T. ) ;
#1473 =( LENGTH_UNIT ( ) NAMED_UNIT ( * ) SI_UNIT ( .MILLI., .METRE. ) );
#1474 = EDGE_LOOP ( 'NONE', ( #9160, #12236, #7289, #3509 ) ) ;
#1475 = CARTESIAN_POINT ( 'NONE',  ( 4.021684210526315972, 11.42999999999999972, -18.41499999999999559 ) ) ;
#1476 = VECTOR ( 'NONE', #3068, 1000.000000000000000 ) ;
#1477 = CARTESIAN_POINT ( 'NONE',  ( 28.95599999999999952, 11.42999999999999972, 6.679213561880927408 ) ) ;
#1478 = DIRECTION ( 'NONE',  ( 1.000000000000000000, 0.000000000000000000, 0.000000000000000000 ) ) ;
#1479 = SURFACE_STYLE_USAGE ( .BOTH. , #5301 ) ;
#1480 = SURFACE_SIDE_STYLE ('',( #267 ) ) ;
#1481 = ORIENTED_EDGE ( 'NONE', *, *, #7082, .F. ) ;
#1482 = DIRECTION ( 'NONE',  ( 1.000000000000000000, 0.000000000000000000, 0.000000000000000000 ) ) ;
#1483 = FACE_OUTER_BOUND ( 'NONE', #8282, .T. ) ;
#1484 = ORIENTED_EDGE ( 'NONE', *, *, #9300, .F. ) ;
#1485 = LINE ( 'NONE', #3360, #3637 ) ;
#1486 = EDGE_CURVE ( 'NONE', #9565, #1417, #11793, .T. ) ;
#1487 = AXIS2_PLACEMENT_3D ( 'NONE', #947, #9741, #7820 ) ;
#1488 = FACE_OUTER_BOUND ( 'NONE', #10519, .T. ) ;
#1489 = EDGE_CURVE ( 'NONE', #4168, #4384, #2065, .T. ) ;
#1490 = ORIENTED_EDGE ( 'NONE', *, *, #1037, .F. ) ;
#1491 = EDGE_CURVE ( 'NONE', #1612, #2720, #12085, .T. ) ;
#1492 = CARTESIAN_POINT ( 'NONE',  ( 21.49389473684210117, 11.42999999999999972, -18.41499999999999915 ) ) ;
#1493 = SURFACE_STYLE_USAGE ( .BOTH. , #8511 ) ;
#1494 = CARTESIAN_POINT ( 'NONE',  ( 17.70294670962136152, 2.150994386631171817, -18.06242884485096312 ) ) ;
#1495 = ADVANCED_FACE ( 'NONE', ( #4806 ), #7, .F. ) ;
#1496 = CIRCLE ( 'NONE', #10868, 4.999999999999999112 ) ;
#1497 = AXIS2_PLACEMENT_3D ( 'NONE', #3568, #5646, #10573 ) ;
#1498 = VECTOR ( 'NONE', #7377, 1000.000000000000000 ) ;
#1499 = PRESENTATION_STYLE_ASSIGNMENT (( #413 ) ) ;
#1500 = SURFACE_STYLE_USAGE ( .BOTH. , #6092 ) ;
#1501 = CARTESIAN_POINT ( 'NONE',  ( -14.24341953460292665, 11.42999999999999972, -18.41499999999999559 ) ) ;
#1502 = SURFACE_STYLE_USAGE ( .BOTH. , #6290 ) ;
#1503 = PRESENTATION_LAYER_ASSIGNMENT (  '', '', ( #12540 ) ) ;
#1504 = VECTOR ( 'NONE', #6371, 1000.000000000000000 ) ;
#1505 =( NAMED_UNIT ( * ) SI_UNIT ( $, .STERADIAN. ) SOLID_ANGLE_UNIT ( ) );
#1506 = EDGE_LOOP ( 'NONE', ( #7081, #641, #8988, #1339 ) ) ;
#1507 = DIRECTION ( 'NONE',  ( -1.000000000000000000, 0.000000000000000000, 0.000000000000000000 ) ) ;
#1508 = CARTESIAN_POINT ( 'NONE',  ( -17.72021356188092867, 1.778000000000000025, 17.91500000000000270 ) ) ;
#1509 = CARTESIAN_POINT ( 'NONE',  ( 28.45599999999999596, 1.778000000000000025, 15.66328183851187994 ) ) ;
#1510 = FACE_OUTER_BOUND ( 'NONE', #3805, .T. ) ;
#1511 = EDGE_CURVE ( 'NONE', #6958, #11448, #4911, .T. ) ;
#1512 = SURFACE_STYLE_USAGE ( .BOTH. , #7122 ) ;
#1513 = CIRCLE ( 'NONE', #8036, 4.999999999999999112 ) ;
#1514 = AXIS2_PLACEMENT_3D ( 'NONE', #5528, #11361, #7567 ) ;
#1515 = VECTOR ( 'NONE', #10625, 1000.000000000000000 ) ;
#1516 = CARTESIAN_POINT ( 'NONE',  ( -22.05336080526147668, 11.22277149973742993, 7.134858677900553836 ) ) ;
#1517 = UNCERTAINTY_MEASURE_WITH_UNIT (LENGTH_MEASURE( 1.000000000000000082E-05 ), #6351, 'distance_accuracy_value', 'NONE');
#1518 = DIRECTION ( 'NONE',  ( 0.000000000000000000, 1.000000000000000000, 0.000000000000000000 ) ) ;
#1519 = ORIENTED_EDGE ( 'NONE', *, *, #6334, .T. ) ;
#1520 = DIRECTION ( 'NONE',  ( -0.000000000000000000, 0.000000000000000000, 1.000000000000000000 ) ) ;
#1521 = DIRECTION ( 'NONE',  ( -0.000000000000000000, 1.000000000000000000, 0.000000000000000000 ) ) ;
#1522 = CIRCLE ( 'NONE', #4570, 0.5000000000000004441 ) ;
#1523 = DIRECTION ( 'NONE',  ( 1.000000000000000000, 0.000000000000000000, 0.000000000000000000 ) ) ;
#1524 = AXIS2_PLACEMENT_3D ( 'NONE', #8660, #11611, #3930 ) ;
#1525 = ORIENTED_EDGE ( 'NONE', *, *, #2043, .T. ) ;
#1526 = DIRECTION ( 'NONE',  ( -0.000000000000000000, 0.000000000000000000, 1.000000000000000000 ) ) ;
#1527 = VECTOR ( 'NONE', #1182, 1000.000000000000000 ) ;
#1528 = UNCERTAINTY_MEASURE_WITH_UNIT (LENGTH_MEASURE( 1.000000000000000082E-05 ), #4500, 'distance_accuracy_value', 'NONE');
#1529 = DIRECTION ( 'NONE',  ( 0.000000000000000000, 1.000000000000000000, -0.000000000000000000 ) ) ;
#1530 = ADVANCED_FACE ( 'NONE', ( #730 ), #2360, .F. ) ;
#1531 = LINE ( 'NONE', #9310, #7419 ) ;
#1532 = CARTESIAN_POINT ( 'NONE',  ( 25.23276631782186286, 0.5000000000000000000, 11.75318671517016433 ) ) ;
#1533 = CARTESIAN_POINT ( 'NONE',  ( 27.98463157894736497, 11.42999999999999972, 6.679213561880927408 ) ) ;
#1534 = DIRECTION ( 'NONE',  ( 0.000000000000000000, 1.000000000000000000, 0.000000000000000000 ) ) ;
#1535 = AXIS2_PLACEMENT_3D ( 'NONE', #6062, #7844, #10853 ) ;
#1536 = ORIENTED_EDGE ( 'NONE', *, *, #11872, .T. ) ;
#1537 = DIRECTION ( 'NONE',  ( 0.000000000000000000, 0.000000000000000000, 1.000000000000000000 ) ) ;
#1538 = ORIENTED_EDGE ( 'NONE', *, *, #6224, .T. ) ;
#1539 =( NAMED_UNIT ( * ) SI_UNIT ( $, .STERADIAN. ) SOLID_ANGLE_UNIT ( ) );
#1540 = CARTESIAN_POINT ( 'NONE',  ( 19.90754455120352873, 11.20445967319553660, 7.969846547583559371 ) ) ;
#1541 = FILL_AREA_STYLE_COLOUR ( '', #3937 ) ;
#1542 = FACE_OUTER_BOUND ( 'NONE', #5218, .T. ) ;
#1543 = DIRECTION ( 'NONE',  ( 0.000000000000000000, 0.000000000000000000, -1.000000000000000000 ) ) ;
#1544 = ORIENTED_EDGE ( 'NONE', *, *, #6101, .T. ) ;
#1545 = ADVANCED_FACE ( 'NONE', ( #7598 ), #7527, .T. ) ;
#1546 =( GEOMETRIC_REPRESENTATION_CONTEXT ( 3 ) GLOBAL_UNCERTAINTY_ASSIGNED_CONTEXT ( ( #7594 ) ) GLOBAL_UNIT_ASSIGNED_CONTEXT ( ( #12480, #9319, #634 ) ) REPRESENTATION_CONTEXT ( 'NONE', 'WORKASPACE' ) );
#1547 =( LENGTH_UNIT ( ) NAMED_UNIT ( * ) SI_UNIT ( .MILLI., .METRE. ) );
#1548 = CARTESIAN_POINT ( 'NONE',  ( 22.39704597387198959, 1.778000000000000025, 14.09077417469095295 ) ) ;
#1549 = EDGE_CURVE ( 'NONE', #8379, #12626, #3548, .T. ) ;
#1550 = SURFACE_STYLE_USAGE ( .BOTH. , #12367 ) ;
#1551 = ORIENTED_EDGE ( 'NONE', *, *, #8733, .T. ) ;
#1552 = ORIENTED_EDGE ( 'NONE', *, *, #7572, .T. ) ;
#1553 = VECTOR ( 'NONE', #4721, 1000.000000000000000 ) ;
#1554 = CARTESIAN_POINT ( 'NONE',  ( 0.000000000000000000, 11.42999999999999972, 0.000000000000000000 ) ) ;
#1555 = CARTESIAN_POINT ( 'NONE',  ( -28.45599999999999952, 1.778000000000000025, 7.179213561880927408 ) ) ;
#1556 = EDGE_CURVE ( 'NONE', #2625, #10940, #437, .T. ) ;
#1557 = VERTEX_POINT ( 'NONE', #12493 ) ;
#1558 = FILL_AREA_STYLE_COLOUR ( '', #9535 ) ;
#1559 = UNCERTAINTY_MEASURE_WITH_UNIT (LENGTH_MEASURE( 1.000000000000000082E-05 ), #12517, 'distance_accuracy_value', 'NONE');
#1560 = COLOUR_RGB ( '',0.2509803921568627416, 0.2509803921568627416, 0.2509803921568627416 ) ;
#1561 = LINE ( 'NONE', #12499, #9258 ) ;
#1562 = PLANE ( 'NONE',  #9006 ) ;
#1563 = SURFACE_SIDE_STYLE ('',( #4311 ) ) ;
#1564 = VERTEX_POINT ( 'NONE', #3732 ) ;
#1565 = EDGE_CURVE ( 'NONE', #12044, #1737, #9111, .T. ) ;
#1566 = STYLED_ITEM ( 'NONE', ( #7744 ), #1049 ) ;
#1567 = SURFACE_STYLE_FILL_AREA ( #10313 ) ;
#1568 = FILL_AREA_STYLE ('',( #9346 ) ) ;
#1569 = STYLED_ITEM ( 'NONE', ( #1186 ), #9591 ) ;
#1570 = PLANE ( 'NONE',  #254 ) ;
#1571 = VERTEX_POINT ( 'NONE', #12375 ) ;
#1572 = CARTESIAN_POINT ( 'NONE',  ( 23.62199999999999633, 1.778000000000000025, -11.49350000000000627 ) ) ;
#1573 = CARTESIAN_POINT ( 'NONE',  ( -21.96526315789472505, 2.929999999999998384, 7.236537172765303616 ) ) ;
#1574 =( BOUNDED_CURVE ( )  B_SPLINE_CURVE ( 3, ( #12670, #1860, #901, #9570 ),
 .UNSPECIFIED., .F., .T. ) 
 B_SPLINE_CURVE_WITH_KNOTS ( ( 4, 4 ),
 ( 0.000000000000000000, 1.570796326794896558 ),
 .UNSPECIFIED. ) 
 CURVE ( )  GEOMETRIC_REPRESENTATION_ITEM ( )  RATIONAL_B_SPLINE_CURVE ( ( 1.000000000000000000, 0.8047378541243649375, 0.8047378541243649375, 1.000000000000000000 ) ) 
 REPRESENTATION_ITEM ( '' )  );
#1575 = DIRECTION ( 'NONE',  ( 0.000000000000000000, 0.000000000000000000, -1.000000000000000000 ) ) ;
#1576 = CARTESIAN_POINT ( 'NONE',  ( -12.97915789473683823, 10.92999999999999794, -17.91499999999999204 ) ) ;
#1577 =( NAMED_UNIT ( * ) SI_UNIT ( $, .STERADIAN. ) SOLID_ANGLE_UNIT ( ) );
#1578 = COLOUR_RGB ( '',0.2509803921568627416, 0.2509803921568627416, 0.2509803921568627416 ) ;
#1579 = SURFACE_STYLE_FILL_AREA ( #11093 ) ;
#1580 = EDGE_CURVE ( 'NONE', #8346, #11306, #10022, .T. ) ;
#1581 = AXIS2_PLACEMENT_3D ( 'NONE', #2210, #10005, #4884 ) ;
#1582 = EDGE_LOOP ( 'NONE', ( #802, #8820, #2459, #7446 ) ) ;
#1583 = EDGE_CURVE ( 'NONE', #1787, #6144, #2060, .T. ) ;
#1584 =( NAMED_UNIT ( * ) PLANE_ANGLE_UNIT ( ) SI_UNIT ( $, .RADIAN. ) );
#1585 = VECTOR ( 'NONE', #3427, 1000.000000000000000 ) ;
#1586 = FILL_AREA_STYLE_COLOUR ( '', #6688 ) ;
#1587 =( NAMED_UNIT ( * ) SI_UNIT ( $, .STERADIAN. ) SOLID_ANGLE_UNIT ( ) );
#1588 = ORIENTED_EDGE ( 'NONE', *, *, #7707, .F. ) ;
#1589 =( LENGTH_UNIT ( ) NAMED_UNIT ( * ) SI_UNIT ( .MILLI., .METRE. ) );
#1590 =( NAMED_UNIT ( * ) SI_UNIT ( $, .STERADIAN. ) SOLID_ANGLE_UNIT ( ) );
#1591 = COLOUR_RGB ( '',0.2509803921568627416, 0.2509803921568627416, 0.2509803921568627416 ) ;
#1592 = CARTESIAN_POINT ( 'NONE',  ( -0.9976842105263138416, 11.22289321881345536, -18.20789321881344591 ) ) ;
#1593 =( GEOMETRIC_REPRESENTATION_CONTEXT ( 3 ) GLOBAL_UNCERTAINTY_ASSIGNED_CONTEXT ( ( #7471 ) ) GLOBAL_UNIT_ASSIGNED_CONTEXT ( ( #10337, #6, #3989 ) ) REPRESENTATION_CONTEXT ( 'NONE', 'WORKASPACE' ) );
#1594 = CARTESIAN_POINT ( 'NONE',  ( -27.19399999999999196, 2.929999999999998384, -7.179213561880927408 ) ) ;
#1595 = EDGE_CURVE ( 'NONE', #3845, #3288, #7724, .T. ) ;
#1596 = ORIENTED_EDGE ( 'NONE', *, *, #1556, .F. ) ;
#1597 = PRESENTATION_STYLE_ASSIGNMENT (( #11297 ) ) ;
#1598 = VERTEX_POINT ( 'NONE', #12559 ) ;
#1599 = DIRECTION ( 'NONE',  ( 1.000000000000000000, 0.000000000000000000, 0.000000000000000000 ) ) ;
#1600 = CARTESIAN_POINT ( 'NONE',  ( -25.21955007710171159, 0.000000000000000000, 18.30081229169385892 ) ) ;
#1601 = ORIENTED_EDGE ( 'NONE', *, *, #11790, .T. ) ;
#1602 = DIRECTION ( 'NONE',  ( -1.000000000000000000, -0.000000000000000000, -0.000000000000000000 ) ) ;
#1603 = COLOUR_RGB ( '',0.2509803921568627416, 0.2509803921568627416, 0.2509803921568627416 ) ;
#1604 = ORIENTED_EDGE ( 'NONE', *, *, #9199, .T. ) ;
#1605 = AXIS2_PLACEMENT_3D ( 'NONE', #2951, #9625, #5674 ) ;
#1606 = FACE_OUTER_BOUND ( 'NONE', #9092, .T. ) ;
#1607 = FILL_AREA_STYLE ('',( #10357 ) ) ;
#1608 = CARTESIAN_POINT ( 'NONE',  ( 28.95599999999999952, 1.570893218813452119, 15.95617505732533203 ) ) ;
#1609 = ORIENTED_EDGE ( 'NONE', *, *, #11828, .T. ) ;
#1610 = CARTESIAN_POINT ( 'NONE',  ( 1.026315789473684292, 11.42999999999999972, -18.41499999999999559 ) ) ;
#1611 = SURFACE_STYLE_USAGE ( .BOTH. , #9580 ) ;
#1612 = VERTEX_POINT ( 'NONE', #11591 ) ;
#1613 = LINE ( 'NONE', #5491, #6333 ) ;
#1614 = AXIS2_PLACEMENT_3D ( 'NONE', #3581, #3639, #1398 ) ;
#1615 = FILL_AREA_STYLE ('',( #11387 ) ) ;
#1616 = CARTESIAN_POINT ( 'NONE',  ( 19.96989473684211092, 2.929999999999998384, -18.41499999999999915 ) ) ;
#1617 = ORIENTED_EDGE ( 'NONE', *, *, #10983, .F. ) ;
#1618 = ADVANCED_FACE ( 'NONE', ( #6853 ), #8893, .T. ) ;
#1619 = FACE_OUTER_BOUND ( 'NONE', #11638, .T. ) ;
#1620 = PRESENTATION_LAYER_ASSIGNMENT (  '', '', ( #1422 ) ) ;
#1621 = CIRCLE ( 'NONE', #10994, 0.5000000000000004441 ) ;
#1622 = VERTEX_POINT ( 'NONE', #10740 ) ;
#1623 = STYLED_ITEM ( 'NONE', ( #1194 ), #2180 ) ;
#1624 = FILL_AREA_STYLE ('',( #3392 ) ) ;
#1625 = DIRECTION ( 'NONE',  ( -0.7716245833877191096, 0.000000000000000000, -0.6360782202777650607 ) ) ;
#1626 = ORIENTED_EDGE ( 'NONE', *, *, #5903, .T. ) ;
#1627 = AXIS2_PLACEMENT_3D ( 'NONE', #11198, #2336, #1307 ) ;
#1628 = EDGE_LOOP ( 'NONE', ( #1840, #5278, #8276, #8779 ) ) ;
#1629 = ADVANCED_FACE ( 'NONE', ( #7658 ), #8767, .T. ) ;
#1630 = CARTESIAN_POINT ( 'NONE',  ( 16.47452631578947901, 2.929999999999998384, 17.91499999999999915 ) ) ;
#1631 = CARTESIAN_POINT ( 'NONE',  ( 22.72021356188092511, 10.92999999999999794, -12.17921356188092652 ) ) ;
#1632 = CARTESIAN_POINT ( 'NONE',  ( 28.95599999999999596, 1.277999999999999581, -6.679213561880927408 ) ) ;
#1633 =( NAMED_UNIT ( * ) SI_UNIT ( $, .STERADIAN. ) SOLID_ANGLE_UNIT ( ) );
#1634 = DIRECTION ( 'NONE',  ( 0.000000000000000000, -1.000000000000000000, 0.000000000000000000 ) ) ;
#1635 = DIRECTION ( 'NONE',  ( 0.000000000000000000, 0.000000000000000000, -1.000000000000000000 ) ) ;
#1636 = SURFACE_STYLE_FILL_AREA ( #7489 ) ;
#1637 = VERTEX_POINT ( 'NONE', #3909 ) ;
#1638 = VECTOR ( 'NONE', #6530, 1000.000000000000000 ) ;
#1639 = AXIS2_PLACEMENT_3D ( 'NONE', #4529, #6639, #3596 ) ;
#1640 = PRESENTATION_STYLE_ASSIGNMENT (( #9301 ) ) ;
#1641 = EDGE_CURVE ( 'NONE', #3606, #12606, #7595, .T. ) ;
#1642 = ORIENTED_EDGE ( 'NONE', *, *, #3630, .F. ) ;
#1643 = FACE_OUTER_BOUND ( 'NONE', #5048, .T. ) ;
#1644 = EDGE_CURVE ( 'NONE', #11893, #4582, #1806, .T. ) ;
#1645 = MECHANICAL_DESIGN_GEOMETRIC_PRESENTATION_REPRESENTATION (  '', ( #9389 ), #5926 ) ;
#1646 = DIRECTION ( 'NONE',  ( -0.000000000000000000, 1.000000000000000000, 0.000000000000000000 ) ) ;
#1647 = ADVANCED_FACE ( 'NONE', ( #9206 ), #2183, .T. ) ;
#1648 = CARTESIAN_POINT ( 'NONE',  ( -40.19178643811905971, 10.92999999999999794, 7.179213561880927408 ) ) ;
#1649 = CARTESIAN_POINT ( 'NONE',  ( -28.95599999999999596, 11.42999999999999972, 18.41499999999999915 ) ) ;
#1650 = ORIENTED_EDGE ( 'NONE', *, *, #11987, .F. ) ;
#1651 = DIRECTION ( 'NONE',  ( 0.000000000000000000, 0.000000000000000000, -1.000000000000000000 ) ) ;
#1652 = ORIENTED_EDGE ( 'NONE', *, *, #12046, .F. ) ;
#1653 = SURFACE_STYLE_USAGE ( .BOTH. , #6514 ) ;
#1654 = CARTESIAN_POINT ( 'NONE',  ( -24.90151096696282451, 0.000000000000000000, -17.91499999999999204 ) ) ;
#1655 = EDGE_LOOP ( 'NONE', ( #6628, #7574, #2086, #3327 ) ) ;
#1656 =( LENGTH_UNIT ( ) NAMED_UNIT ( * ) SI_UNIT ( .MILLI., .METRE. ) );
#1657 = UNCERTAINTY_MEASURE_WITH_UNIT (LENGTH_MEASURE( 1.000000000000000082E-05 ), #9889, 'distance_accuracy_value', 'NONE');
#1658 = CARTESIAN_POINT ( 'NONE',  ( 12.50778947368420901, 2.929999999999998384, -17.91499999999999204 ) ) ;
#1659 = DIRECTION ( 'NONE',  ( 0.000000000000000000, 0.000000000000000000, -1.000000000000000000 ) ) ;
#1660 = CARTESIAN_POINT ( 'NONE',  ( -28.95599999999999596, 11.42999999999999972, 6.679213561880927408 ) ) ;
#1661 = EDGE_LOOP ( 'NONE', ( #6366, #4284, #731, #9469 ) ) ;
#1662 =( NAMED_UNIT ( * ) SI_UNIT ( $, .STERADIAN. ) SOLID_ANGLE_UNIT ( ) );
#1663 =( LENGTH_UNIT ( ) NAMED_UNIT ( * ) SI_UNIT ( .MILLI., .METRE. ) );
#1664 = VECTOR ( 'NONE', #7533, 1000.000000000000000 ) ;
#1665 = DIRECTION ( 'NONE',  ( -0.000000000000000000, -0.000000000000000000, 1.000000000000000000 ) ) ;
#1666 = STYLED_ITEM ( 'NONE', ( #10353 ), #486 ) ;
#1667 =( NAMED_UNIT ( * ) SI_UNIT ( $, .STERADIAN. ) SOLID_ANGLE_UNIT ( ) );
#1668 = ORIENTED_EDGE ( 'NONE', *, *, #9218, .T. ) ;
#1669 = DIRECTION ( 'NONE',  ( -1.000000000000000000, 0.000000000000000000, 0.000000000000000000 ) ) ;
#1670 = DIRECTION ( 'NONE',  ( -1.000000000000000000, 0.000000000000000000, 0.000000000000000000 ) ) ;
#1671 = ORIENTED_EDGE ( 'NONE', *, *, #11824, .F. ) ;
#1672 = SURFACE_SIDE_STYLE ('',( #6592 ) ) ;
#1673 =( GEOMETRIC_REPRESENTATION_CONTEXT ( 3 ) GLOBAL_UNCERTAINTY_ASSIGNED_CONTEXT ( ( #10127 ) ) GLOBAL_UNIT_ASSIGNED_CONTEXT ( ( #5529, #11175, #4519 ) ) REPRESENTATION_CONTEXT ( 'NONE', 'WORKASPACE' ) );
#1674 = SURFACE_STYLE_USAGE ( .BOTH. , #790 ) ;
#1675 = VERTEX_POINT ( 'NONE', #5243 ) ;
#1676 = MECHANICAL_DESIGN_GEOMETRIC_PRESENTATION_REPRESENTATION (  '', ( #11259 ), #3333 ) ;
#1677 =( GEOMETRIC_REPRESENTATION_CONTEXT ( 3 ) GLOBAL_UNCERTAINTY_ASSIGNED_CONTEXT ( ( #6251 ) ) GLOBAL_UNIT_ASSIGNED_CONTEXT ( ( #12021, #6839, #8877 ) ) REPRESENTATION_CONTEXT ( 'NONE', 'WORKASPACE' ) );
#1678 = CARTESIAN_POINT ( 'NONE',  ( -26.43199999999999861, 10.92999999999999794, 7.179213561880927408 ) ) ;
#1679 = UNCERTAINTY_MEASURE_WITH_UNIT (LENGTH_MEASURE( 1.000000000000000082E-05 ), #3432, 'distance_accuracy_value', 'NONE');
#1680 = UNCERTAINTY_MEASURE_WITH_UNIT (LENGTH_MEASURE( 1.000000000000000082E-05 ), #969, 'distance_accuracy_value', 'NONE');
#1681 = EDGE_CURVE ( 'NONE', #3549, #4148, #8947, .T. ) ;
#1682 = DIRECTION ( 'NONE',  ( 0.000000000000000000, 0.000000000000000000, 1.000000000000000000 ) ) ;
#1683 = EDGE_LOOP ( 'NONE', ( #5631, #1778, #10856, #8618 ) ) ;
#1684 =( NAMED_UNIT ( * ) PLANE_ANGLE_UNIT ( ) SI_UNIT ( $, .RADIAN. ) );
#1685 = FACE_OUTER_BOUND ( 'NONE', #1784, .T. ) ;
#1686 = VERTEX_POINT ( 'NONE', #6964 ) ;
#1687 = PRESENTATION_LAYER_ASSIGNMENT (  '', '', ( #7177 ) ) ;
#1688 = ORIENTED_EDGE ( 'NONE', *, *, #12105, .F. ) ;
#1689 = CARTESIAN_POINT ( 'NONE',  ( 16.97452631578947546, 10.92999999999999794, 17.91499999999999915 ) ) ;
#1690 = FILL_AREA_STYLE_COLOUR ( '', #12458 ) ;
#1691 = DIRECTION ( 'NONE',  ( 0.000000000000000000, -1.000000000000000000, 0.000000000000000000 ) ) ;
#1692 = PRESENTATION_STYLE_ASSIGNMENT (( #10439 ) ) ;
#1693 = CYLINDRICAL_SURFACE ( 'NONE', #120, 0.5000000000000004441 ) ;
#1694 = EDGE_CURVE ( 'NONE', #819, #11680, #9910, .T. ) ;
#1695 = SURFACE_STYLE_FILL_AREA ( #12586 ) ;
#1696 =( LENGTH_UNIT ( ) NAMED_UNIT ( * ) SI_UNIT ( .MILLI., .METRE. ) );
#1697 = VECTOR ( 'NONE', #7136, 999.9999999999998863 ) ;
#1698 = CARTESIAN_POINT ( 'NONE',  ( 18.43712169024992420, 2.625773446057576344, -9.599024106303009063 ) ) ;
#1699 = DIRECTION ( 'NONE',  ( -1.000000000000000000, -4.081702296416016490E-16, 0.000000000000000000 ) ) ;
#1700 = STYLED_ITEM ( 'NONE', ( #5464 ), #11130 ) ;
#1701 = VECTOR ( 'NONE', #2216, 1000.000000000000000 ) ;
#1702 = ORIENTED_EDGE ( 'NONE', *, *, #2448, .T. ) ;
#1703 =( LENGTH_UNIT ( ) NAMED_UNIT ( * ) SI_UNIT ( .MILLI., .METRE. ) );
#1704 = ORIENTED_EDGE ( 'NONE', *, *, #154, .T. ) ;
#1705 = FILL_AREA_STYLE ('',( #4574 ) ) ;
#1706 = CARTESIAN_POINT ( 'NONE',  ( 7.488421052631579755, 2.929999999999998384, 18.41499999999999915 ) ) ;
#1707 =( NAMED_UNIT ( * ) SI_UNIT ( $, .STERADIAN. ) SOLID_ANGLE_UNIT ( ) );
#1708 = STYLED_ITEM ( 'NONE', ( #4261 ), #11253 ) ;
#1709 = VECTOR ( 'NONE', #9502, 1000.000000000000000 ) ;
#1710 = MECHANICAL_DESIGN_GEOMETRIC_PRESENTATION_REPRESENTATION (  '', ( #7815 ), #5778 ) ;
#1711 = FILL_AREA_STYLE ('',( #7497 ) ) ;
#1712 = CARTESIAN_POINT ( 'NONE',  ( 28.95599999999999596, 1.277999999999999581, 6.679213561880927408 ) ) ;
#1713 = AXIS2_PLACEMENT_3D ( 'NONE', #6643, #10536, #5677 ) ;
#1714 = ADVANCED_FACE ( 'NONE', ( #1165 ), #7029, .T. ) ;
#1715 = FILL_AREA_STYLE_COLOUR ( '', #9109 ) ;
#1716 = DIRECTION ( 'NONE',  ( 0.000000000000000000, 0.000000000000000000, 1.000000000000000000 ) ) ;
#1717 = VERTEX_POINT ( 'NONE', #3096 ) ;
#1718 = ORIENTED_EDGE ( 'NONE', *, *, #2803, .F. ) ;
#1719 = STYLED_ITEM ( 'NONE', ( #7487 ), #11358 ) ;
#1720 = AXIS2_PLACEMENT_3D ( 'NONE', #8428, #2631, #7457 ) ;
#1721 = CARTESIAN_POINT ( 'NONE',  ( 10.98378947368420988, 11.22289321881345536, 18.20789321881345302 ) ) ;
#1722 = DIRECTION ( 'NONE',  ( -0.000000000000000000, 1.000000000000000000, 0.000000000000000000 ) ) ;
#1723 = PRESENTATION_LAYER_ASSIGNMENT (  '', '', ( #2757 ) ) ;
#1724 = COLOUR_RGB ( '',0.2509803921568627416, 0.2509803921568627416, 0.2509803921568627416 ) ;
#1725 = VERTEX_POINT ( 'NONE', #10927 ) ;
#1726 = PRESENTATION_STYLE_ASSIGNMENT (( #2690 ) ) ;
#1727 = FACE_OUTER_BOUND ( 'NONE', #12099, .T. ) ;
#1728 = ORIENTED_EDGE ( 'NONE', *, *, #2958, .T. ) ;
#1729 = DIRECTION ( 'NONE',  ( 0.000000000000000000, 0.000000000000000000, 1.000000000000000000 ) ) ;
#1730 = MECHANICAL_DESIGN_GEOMETRIC_PRESENTATION_REPRESENTATION (  '', ( #7625 ), #9669 ) ;
#1731 = CIRCLE ( 'NONE', #2972, 0.5000000000000003331 ) ;
#1732 =( GEOMETRIC_REPRESENTATION_CONTEXT ( 3 ) GLOBAL_UNCERTAINTY_ASSIGNED_CONTEXT ( ( #3212 ) ) GLOBAL_UNIT_ASSIGNED_CONTEXT ( ( #8480, #1781, #11359 ) ) REPRESENTATION_CONTEXT ( 'NONE', 'WORKASPACE' ) );
#1733 = PRESENTATION_STYLE_ASSIGNMENT (( #11376 ) ) ;
#1734 = CARTESIAN_POINT ( 'NONE',  ( 28.95599999999999596, 1.277999999999999581, 15.66328183851187994 ) ) ;
#1735 =( GEOMETRIC_REPRESENTATION_CONTEXT ( 3 ) GLOBAL_UNCERTAINTY_ASSIGNED_CONTEXT ( ( #4921 ) ) GLOBAL_UNIT_ASSIGNED_CONTEXT ( ( #344, #3305, #6779 ) ) REPRESENTATION_CONTEXT ( 'NONE', 'WORKASPACE' ) );
#1736 = DIRECTION ( 'NONE',  ( -1.000000000000000000, 0.000000000000000000, 0.000000000000000000 ) ) ;
#1737 = VERTEX_POINT ( 'NONE', #3226 ) ;
#1738 = CARTESIAN_POINT ( 'NONE',  ( 3.521684210526315972, 11.22289321881345536, -18.20789321881344591 ) ) ;
#1739 = ORIENTED_EDGE ( 'NONE', *, *, #5776, .F. ) ;
#1740 = CARTESIAN_POINT ( 'NONE',  ( -21.96526315789472861, 10.92999999999999794, -7.236537172765303616 ) ) ;
#1741 = EDGE_CURVE ( 'NONE', #6509, #3103, #2812, .T. ) ;
#1742 = SURFACE_STYLE_FILL_AREA ( #3547 ) ;
#1743 = COLOUR_RGB ( '',0.2509803921568627416, 0.2509803921568627416, 0.2509803921568627416 ) ;
#1744 = EDGE_CURVE ( 'NONE', #10039, #4332, #1294, .T. ) ;
#1745 = DIRECTION ( 'NONE',  ( 0.000000000000000000, -1.000000000000000000, 0.000000000000000000 ) ) ;
#1746 = ORIENTED_EDGE ( 'NONE', *, *, #10860, .F. ) ;
#1747 = COLOUR_RGB ( '',0.2509803921568627416, 0.2509803921568627416, 0.2509803921568627416 ) ;
#1748 = DIRECTION ( 'NONE',  ( -0.7716245833877191096, 0.000000000000000000, -0.6360782202777650607 ) ) ;
#1749 = UNCERTAINTY_MEASURE_WITH_UNIT (LENGTH_MEASURE( 1.000000000000000082E-05 ), #1913, 'distance_accuracy_value', 'NONE');
#1750 = CARTESIAN_POINT ( 'NONE',  ( -17.22021356188092867, 2.344499298387705544, -18.41499999999999559 ) ) ;
#1751 = CARTESIAN_POINT ( 'NONE',  ( 17.72021356188092867, 1.778000000000000025, 17.91500000000000270 ) ) ;
#1752 = DIRECTION ( 'NONE',  ( -0.000000000000000000, -1.000000000000000000, -0.000000000000000000 ) ) ;
#1753 = EDGE_LOOP ( 'NONE', ( #593, #9458, #8569, #3598 ) ) ;
#1754 = COLOUR_RGB ( '',0.2509803921568627416, 0.2509803921568627416, 0.2509803921568627416 ) ;
#1755 = DIRECTION ( 'NONE',  ( 0.000000000000000000, 0.000000000000000000, 1.000000000000000000 ) ) ;
#1756 = EDGE_LOOP ( 'NONE', ( #11420, #4344, #4686, #7001, #2333, #4071 ) ) ;
#1757 =( NAMED_UNIT ( * ) SI_UNIT ( $, .STERADIAN. ) SOLID_ANGLE_UNIT ( ) );
#1758 = PRODUCT_DEFINITION_SHAPE ( 'NONE', 'NONE',  #2421 ) ;
#1759 = FACE_OUTER_BOUND ( 'NONE', #11380, .T. ) ;
#1760 = EDGE_CURVE ( 'NONE', #6472, #6279, #7388, .T. ) ;
#1761 = ORIENTED_EDGE ( 'NONE', *, *, #9594, .F. ) ;
#1762 = COLOUR_RGB ( '',0.2509803921568627416, 0.2509803921568627416, 0.2509803921568627416 ) ;
#1763 = CARTESIAN_POINT ( 'NONE',  ( 22.39704597387198959, 1.778000000000000025, 14.09077417469095295 ) ) ;
#1764 =( BOUNDED_CURVE ( )  B_SPLINE_CURVE ( 3, ( #6680, #10517, #11349, #6621 ),
 .UNSPECIFIED., .F., .T. ) 
 B_SPLINE_CURVE_WITH_KNOTS ( ( 4, 4 ),
 ( 3.141592653589793560, 4.712388980384689674 ),
 .UNSPECIFIED. ) 
 CURVE ( )  GEOMETRIC_REPRESENTATION_ITEM ( )  RATIONAL_B_SPLINE_CURVE ( ( 1.000000000000000000, 0.8047378541243650485, 0.8047378541243650485, 1.000000000000000000 ) ) 
 REPRESENTATION_ITEM ( '' )  );
#1765 = LINE ( 'NONE', #3691, #5082 ) ;
#1766 = CARTESIAN_POINT ( 'NONE',  ( -11.45515789473684087, 10.92999999999999794, -17.91499999999999204 ) ) ;
#1767 =( NAMED_UNIT ( * ) SI_UNIT ( $, .STERADIAN. ) SOLID_ANGLE_UNIT ( ) );
#1768 = COLOUR_RGB ( '',0.2509803921568627416, 0.2509803921568627416, 0.2509803921568627416 ) ;
#1769 =( LENGTH_UNIT ( ) NAMED_UNIT ( * ) SI_UNIT ( .MILLI., .METRE. ) );
#1770 = STYLED_ITEM ( 'NONE', ( #11947 ), #927 ) ;
#1771 = DIRECTION ( 'NONE',  ( -0.000000000000000000, -0.000000000000000000, 1.000000000000000000 ) ) ;
#1772 = LINE ( 'NONE', #12646, #8942 ) ;
#1773 = CARTESIAN_POINT ( 'NONE',  ( 4.021684210526315972, 11.42999999999999972, 0.000000000000000000 ) ) ;
#1774 = ORIENTED_EDGE ( 'NONE', *, *, #11749, .F. ) ;
#1775 = PLANE ( 'NONE',  #10831 ) ;
#1776 = AXIS2_PLACEMENT_3D ( 'NONE', #4435, #5135, #10129 ) ;
#1777 = CARTESIAN_POINT ( 'NONE',  ( -17.44589473684210645, 11.22289321881345536, 18.20789321881345302 ) ) ;
#1778 = ORIENTED_EDGE ( 'NONE', *, *, #3190, .F. ) ;
#1780 = EDGE_CURVE ( 'NONE', #9643, #7090, #4116, .T. ) ;
#1779 =( NAMED_UNIT ( * ) PLANE_ANGLE_UNIT ( ) SI_UNIT ( $, .RADIAN. ) );
#1781 =( NAMED_UNIT ( * ) PLANE_ANGLE_UNIT ( ) SI_UNIT ( $, .RADIAN. ) );
#1782 = MECHANICAL_DESIGN_GEOMETRIC_PRESENTATION_REPRESENTATION (  '', ( #5642 ), #12620 ) ;
#1783 = DIRECTION ( 'NONE',  ( 0.000000000000000000, -1.000000000000000000, -0.000000000000000000 ) ) ;
#1784 = EDGE_LOOP ( 'NONE', ( #6837, #2220, #6199, #256 ) ) ;
#1785 = ADVANCED_FACE ( 'NONE', ( #2627 ), #8527, .T. ) ;
#1786 = MECHANICAL_DESIGN_GEOMETRIC_PRESENTATION_REPRESENTATION (  '', ( #771 ), #352 ) ;
#1787 = VERTEX_POINT ( 'NONE', #12358 ) ;
#1788 = EDGE_CURVE ( 'NONE', #11666, #6279, #7697, .T. ) ;
#1789 = SURFACE_STYLE_USAGE ( .BOTH. , #10345 ) ;
#1790 = ORIENTED_EDGE ( 'NONE', *, *, #6630, .T. ) ;
#1791 = UNCERTAINTY_MEASURE_WITH_UNIT (LENGTH_MEASURE( 1.000000000000000082E-05 ), #4203, 'distance_accuracy_value', 'NONE');
#1792 = DIRECTION ( 'NONE',  ( 0.000000000000000000, -1.000000000000000000, 0.000000000000000000 ) ) ;
#1793 = AXIS2_PLACEMENT_3D ( 'NONE', #1243, #276, #6280 ) ;
#1794 = ORIENTED_EDGE ( 'NONE', *, *, #11913, .F. ) ;
#1795 = EDGE_CURVE ( 'NONE', #10673, #2528, #11309, .T. ) ;
#1796 = CARTESIAN_POINT ( 'NONE',  ( -13.95052631578947278, 11.42999999999999972, -18.41499999999999559 ) ) ;
#1797 = VECTOR ( 'NONE', #6607, 1000.000000000000000 ) ;
#1798 =( NAMED_UNIT ( * ) SI_UNIT ( $, .STERADIAN. ) SOLID_ANGLE_UNIT ( ) );
#1799 = DIRECTION ( 'NONE',  ( 0.000000000000000000, 0.000000000000000000, 1.000000000000000000 ) ) ;
#1800 = SURFACE_STYLE_USAGE ( .BOTH. , #10540 ) ;
#1801 = DIRECTION ( 'NONE',  ( 0.000000000000000000, 0.000000000000000000, 1.000000000000000000 ) ) ;
#1802 = ORIENTED_EDGE ( 'NONE', *, *, #4889, .F. ) ;
#1803 = CARTESIAN_POINT ( 'NONE',  ( 9.512421052631573559, 10.92999999999999794, -18.41499999999999915 ) ) ;
#1804 = EDGE_LOOP ( 'NONE', ( #12250, #1337, #4901, #3699 ) ) ;
#1805 = SURFACE_STYLE_USAGE ( .BOTH. , #1672 ) ;
#1806 = LINE ( 'NONE', #327, #7346 ) ;
#1807 = ORIENTED_EDGE ( 'NONE', *, *, #4454, .T. ) ;
#1808 = ADVANCED_FACE ( 'NONE', ( #9323 ), #7279, .T. ) ;
#1809 = MECHANICAL_DESIGN_GEOMETRIC_PRESENTATION_REPRESENTATION (  '', ( #9345 ), #10984 ) ;
#1810 = CARTESIAN_POINT ( 'NONE',  ( -25.93199999999999505, 11.42999999999999972, 6.679213561880927408 ) ) ;
#1811 = DIRECTION ( 'NONE',  ( 0.000000000000000000, 0.000000000000000000, -1.000000000000000000 ) ) ;
#1812 = SURFACE_STYLE_FILL_AREA ( #10556 ) ;
#1813 = CIRCLE ( 'NONE', #12238, 0.5000000000000003331 ) ;
#1814 = DIRECTION ( 'NONE',  ( 0.000000000000000000, -1.000000000000000000, 0.000000000000000000 ) ) ;
#1815 = EDGE_LOOP ( 'NONE', ( #8436, #11568, #3713, #6321 ) ) ;
#1816 =( NAMED_UNIT ( * ) SI_UNIT ( $, .STERADIAN. ) SOLID_ANGLE_UNIT ( ) );
#1817 = ADVANCED_FACE ( 'NONE', ( #8810 ), #3962, .T. ) ;
#1818 = VECTOR ( 'NONE', #3207, 1000.000000000000000 ) ;
#1819 = ORIENTED_EDGE ( 'NONE', *, *, #4976, .F. ) ;
#1820 =( LENGTH_UNIT ( ) NAMED_UNIT ( * ) SI_UNIT ( .MILLI., .METRE. ) );
#1821 = SURFACE_STYLE_FILL_AREA ( #5336 ) ;
#1822 = PRESENTATION_LAYER_ASSIGNMENT (  '', '', ( #388 ) ) ;
#1823 = ORIENTED_EDGE ( 'NONE', *, *, #5127, .T. ) ;
#1824 = DIRECTION ( 'NONE',  ( 0.000000000000000000, 0.000000000000000000, 1.000000000000000000 ) ) ;
#1825 = CYLINDRICAL_SURFACE ( 'NONE', #5897, 0.7619999999999970131 ) ;
#1826 =( LENGTH_UNIT ( ) NAMED_UNIT ( * ) SI_UNIT ( .MILLI., .METRE. ) );
#1827 = PRESENTATION_LAYER_ASSIGNMENT (  '', '', ( #2854 ) ) ;
#1828 = CARTESIAN_POINT ( 'NONE',  ( 27.48463157894736497, 2.929999999999998384, 7.179213561880927408 ) ) ;
#1829 = FACE_OUTER_BOUND ( 'NONE', #10477, .T. ) ;
#1830 = CARTESIAN_POINT ( 'NONE',  ( 10.48378947368421521, 2.929999999999998384, 18.41499999999999915 ) ) ;
#1831 = DIRECTION ( 'NONE',  ( 0.000000000000000000, 0.000000000000000000, -1.000000000000000000 ) ) ;
#1832 = TOROIDAL_SURFACE ( 'NONE', #11627, 1.261999999999997124, 0.5000000000000000000 ) ;
#1833 = CARTESIAN_POINT ( 'NONE',  ( 18.14553812096256280, 2.270464376704071530, -10.14693864750121932 ) ) ;
#1834 = CYLINDRICAL_SURFACE ( 'NONE', #11523, 0.7619999999999970131 ) ;
#1835 = ORIENTED_EDGE ( 'NONE', *, *, #5721, .T. ) ;
#1836 =( BOUNDED_CURVE ( )  B_SPLINE_CURVE ( 3, ( #3865, #5826, #5063, #7733 ),
 .UNSPECIFIED., .F., .F. ) 
 B_SPLINE_CURVE_WITH_KNOTS ( ( 4, 4 ),
 ( 3.141592653589792672, 4.712388980384689674 ),
 .UNSPECIFIED. ) 
 CURVE ( )  GEOMETRIC_REPRESENTATION_ITEM ( )  RATIONAL_B_SPLINE_CURVE ( ( 1.000000000000000000, 0.8047378541243649375, 0.8047378541243649375, 1.000000000000000000 ) ) 
 REPRESENTATION_ITEM ( '' )  );
#1837 = AXIS2_PLACEMENT_3D ( 'NONE', #9722, #6976, #991 ) ;
#1838 = SURFACE_SIDE_STYLE ('',( #10709 ) ) ;
#1839 = PRESENTATION_LAYER_ASSIGNMENT (  '', '', ( #2240 ) ) ;
#1840 = ORIENTED_EDGE ( 'NONE', *, *, #9980, .F. ) ;
#1841 =( NAMED_UNIT ( * ) PLANE_ANGLE_UNIT ( ) SI_UNIT ( $, .RADIAN. ) );
#1842 = CARTESIAN_POINT ( 'NONE',  ( 19.99222202251673863, 2.720773297216660058, -7.988709015308730343 ) ) ;
#1843 = PRESENTATION_STYLE_ASSIGNMENT (( #11997 ) ) ;
#1844 = CARTESIAN_POINT ( 'NONE',  ( 24.48926315789472952, 1.778000000000000025, -7.179213561880927408 ) ) ;
#1845 = ADVANCED_FACE ( 'NONE', ( #9568 ), #3012, .T. ) ;
#1846 = CARTESIAN_POINT ( 'NONE',  ( 7.488421052631574426, 11.42999999999999972, 0.000000000000000000 ) ) ;
#1847 = AXIS2_PLACEMENT_3D ( 'NONE', #3301, #11001, #12491 ) ;
#1848 = EDGE_LOOP ( 'NONE', ( #6027, #3956, #402, #654 ) ) ;
#1849 = STYLED_ITEM ( 'NONE', ( #8704 ), #3425 ) ;
#1850 = DIRECTION ( 'NONE',  ( 0.000000000000000000, 0.000000000000000000, 1.000000000000000000 ) ) ;
#1851 = ORIENTED_EDGE ( 'NONE', *, *, #2570, .T. ) ;
#1852 = DIRECTION ( 'NONE',  ( 1.000000000000000000, 0.000000000000000000, 0.000000000000000000 ) ) ;
#1853 = CARTESIAN_POINT ( 'NONE',  ( -24.96063157894736051, 11.22289321881345536, 7.179213561880926520 ) ) ;
#1854 = ORIENTED_EDGE ( 'NONE', *, *, #11324, .F. ) ;
#1855 = LINE ( 'NONE', #1420, #10089 ) ;
#1856 = CARTESIAN_POINT ( 'NONE',  ( 25.21955007710170449, 0.000000000000000000, -18.30081229169385182 ) ) ;
#1857 = LINE ( 'NONE', #2881, #7910 ) ;
#1858 = VERTEX_POINT ( 'NONE', #7644 ) ;
#1859 = STYLED_ITEM ( 'NONE', ( #8169 ), #7656 ) ;
#1860 = CARTESIAN_POINT ( 'NONE',  ( 15.71026467592338527, 11.42999999999999972, 18.41499999999999915 ) ) ;
#1861 = FACE_OUTER_BOUND ( 'NONE', #8545, .T. ) ;
#1862 = CARTESIAN_POINT ( 'NONE',  ( 25.19440418577627838, 1.570893218813452119, -18.41499999999999559 ) ) ;
#1863 = CARTESIAN_POINT ( 'NONE',  ( -17.72021356188092511, 1.777999999999998026, -18.20789321881344947 ) ) ;
#1864 = CARTESIAN_POINT ( 'NONE',  ( 9.512421052631573559, 2.929999999999998384, -18.41499999999999915 ) ) ;
#1865 = ORIENTED_EDGE ( 'NONE', *, *, #7529, .T. ) ;
#1866 = DIRECTION ( 'NONE',  ( -1.000000000000000000, -0.000000000000000000, -0.000000000000000000 ) ) ;
#1867 = COLOUR_RGB ( '',0.2509803921568627416, 0.2509803921568627416, 0.2509803921568627416 ) ;
#1868 = EDGE_CURVE ( 'NONE', #1159, #1987, #4195, .T. ) ;
#1869 = DIRECTION ( 'NONE',  ( -0.000000000000000000, -0.000000000000000000, -1.000000000000000000 ) ) ;
#1870 = ORIENTED_EDGE ( 'NONE', *, *, #3282, .F. ) ;
#1871 = AXIS2_PLACEMENT_3D ( 'NONE', #9882, #11831, #8683 ) ;
#1872 = SURFACE_SIDE_STYLE ('',( #3027 ) ) ;
#1873 = UNCERTAINTY_MEASURE_WITH_UNIT (LENGTH_MEASURE( 1.000000000000000082E-05 ), #4347, 'distance_accuracy_value', 'NONE');
#1874 = FILL_AREA_STYLE ('',( #4731 ) ) ;
#1875 = DIRECTION ( 'NONE',  ( 0.000000000000000000, 0.000000000000000000, -1.000000000000000000 ) ) ;
#1876 = VERTEX_POINT ( 'NONE', #2044 ) ;
#1877 =( NAMED_UNIT ( * ) SI_UNIT ( $, .STERADIAN. ) SOLID_ANGLE_UNIT ( ) );
#1878 = PRESENTATION_LAYER_ASSIGNMENT (  '', '', ( #9405 ) ) ;
#1879 = VECTOR ( 'NONE', #1520, 1000.000000000000000 ) ;
#1880 = DIRECTION ( 'NONE',  ( -1.000000000000000000, 0.000000000000000000, 0.000000000000000000 ) ) ;
#1881 = FILL_AREA_STYLE_COLOUR ( '', #12300 ) ;
#1882 = AXIS2_PLACEMENT_3D ( 'NONE', #7249, #6295, #10194 ) ;
#1883 = SURFACE_SIDE_STYLE ('',( #2847 ) ) ;
#1884 = FILL_AREA_STYLE ('',( #1045 ) ) ;
#1885 = DIRECTION ( 'NONE',  ( -0.000000000000000000, 1.000000000000000000, -0.000000000000000000 ) ) ;
#1886 = EDGE_CURVE ( 'NONE', #1159, #10346, #1857, .T. ) ;
#1887 = ORIENTED_EDGE ( 'NONE', *, *, #7233, .T. ) ;
#1888 = MECHANICAL_DESIGN_GEOMETRIC_PRESENTATION_REPRESENTATION (  '', ( #11256 ), #3127 ) ;
#1889 = DIRECTION ( 'NONE',  ( 0.000000000000000000, 0.000000000000000000, 1.000000000000000000 ) ) ;
#1890 = STYLED_ITEM ( 'NONE', ( #4258 ), #8576 ) ;
#1891 = DIRECTION ( 'NONE',  ( -1.000000000000000000, 0.000000000000000000, 0.000000000000000000 ) ) ;
#1892 = ORIENTED_EDGE ( 'NONE', *, *, #3159, .T. ) ;
#1893 = PRESENTATION_STYLE_ASSIGNMENT (( #8963 ) ) ;
#1894 = PLANE ( 'NONE',  #72 ) ;
#1895 = CARTESIAN_POINT ( 'NONE',  ( 23.62199999999999633, 1.778000000000000025, 13.08100000000000840 ) ) ;
#1896 = LINE ( 'NONE', #8788, #1984 ) ;
#1897 = MECHANICAL_DESIGN_GEOMETRIC_PRESENTATION_REPRESENTATION (  '', ( #7177 ), #11477 ) ;
#1898 =( NAMED_UNIT ( * ) SI_UNIT ( $, .STERADIAN. ) SOLID_ANGLE_UNIT ( ) );
#1899 = PLANE ( 'NONE',  #10578 ) ;
#1900 = VERTEX_POINT ( 'NONE', #9752 ) ;
#1901 = CARTESIAN_POINT ( 'NONE',  ( -12.97915789473683823, 10.92999999999999794, 17.91499999999999915 ) ) ;
#1902 =( GEOMETRIC_REPRESENTATION_CONTEXT ( 3 ) GLOBAL_UNCERTAINTY_ASSIGNED_CONTEXT ( ( #8016 ) ) GLOBAL_UNIT_ASSIGNED_CONTEXT ( ( #9376, #7453, #2692 ) ) REPRESENTATION_CONTEXT ( 'NONE', 'WORKASPACE' ) );
#1903 = PRESENTATION_STYLE_ASSIGNMENT (( #2865 ) ) ;
#1904 = SURFACE_STYLE_USAGE ( .BOTH. , #2932 ) ;
#1905 = PLANE ( 'NONE',  #8632 ) ;
#1906 = CARTESIAN_POINT ( 'NONE',  ( 20.52071330459870424, 2.173109063810175989, -7.684095263436666379 ) ) ;
#1907 = MECHANICAL_DESIGN_GEOMETRIC_PRESENTATION_REPRESENTATION (  '', ( #10473 ), #7199 ) ;
#1908 = MECHANICAL_DESIGN_GEOMETRIC_PRESENTATION_REPRESENTATION (  '', ( #3357 ), #10474 ) ;
#1909 = COLOUR_RGB ( '',0.2509803921568627416, 0.2509803921568627416, 0.2509803921568627416 ) ;
#1910 = DIRECTION ( 'NONE',  ( 0.000000000000000000, 0.000000000000000000, 1.000000000000000000 ) ) ;
#1911 = DIRECTION ( 'NONE',  ( -0.000000000000000000, -0.000000000000000000, -1.000000000000000000 ) ) ;
#1912 = ORIENTED_EDGE ( 'NONE', *, *, #11642, .F. ) ;
#1913 =( LENGTH_UNIT ( ) NAMED_UNIT ( * ) SI_UNIT ( .MILLI., .METRE. ) );
#1914 = ORIENTED_EDGE ( 'NONE', *, *, #12341, .T. ) ;
#1915 = SURFACE_STYLE_FILL_AREA ( #2876 ) ;
#1916 = DIRECTION ( 'NONE',  ( 0.000000000000000000, 0.000000000000000000, 1.000000000000000000 ) ) ;
#1917 = ORIENTED_EDGE ( 'NONE', *, *, #3815, .T. ) ;
#1918 = STYLED_ITEM ( 'NONE', ( #11903 ), #11896 ) ;
#1919 = DIRECTION ( 'NONE',  ( 0.000000000000000000, -0.000000000000000000, -1.000000000000000000 ) ) ;
#1920 = FACE_OUTER_BOUND ( 'NONE', #5085, .T. ) ;
#1921 = STYLED_ITEM ( 'NONE', ( #6566 ), #11202 ) ;
#1922 = VECTOR ( 'NONE', #12418, 1000.000000000000000 ) ;
#1923 = ADVANCED_FACE ( 'NONE', ( #3720 ), #4900, .T. ) ;
#1924 = EDGE_LOOP ( 'NONE', ( #838, #2055, #12339, #5155 ) ) ;
#1925 = STYLED_ITEM ( 'NONE', ( #12382 ), #8964 ) ;
#1926 = PLANE ( 'NONE',  #2347 ) ;
#1927 = AXIS2_PLACEMENT_3D ( 'NONE', #7565, #12405, #11562 ) ;
#1928 = CARTESIAN_POINT ( 'NONE',  ( -28.45599999999999596, 11.42999999999999972, 6.679213561880927408 ) ) ;
#1929 = FILL_AREA_STYLE ('',( #250 ) ) ;
#1930 = CARTESIAN_POINT ( 'NONE',  ( 11.74578947368421211, 2.929999999999998384, -18.41499999999999915 ) ) ;
#1931 = VECTOR ( 'NONE', #10257, 1000.000000000000000 ) ;
#1932 = PRESENTATION_STYLE_ASSIGNMENT (( #10661 ) ) ;
#1933 = ORIENTED_EDGE ( 'NONE', *, *, #1171, .T. ) ;
#1934 = PRESENTATION_LAYER_ASSIGNMENT (  '', '', ( #2962 ) ) ;
#1935 = LINE ( 'NONE', #8885, #7186 ) ;
#1936 =( GEOMETRIC_REPRESENTATION_CONTEXT ( 3 ) GLOBAL_UNCERTAINTY_ASSIGNED_CONTEXT ( ( #2432 ) ) GLOBAL_UNIT_ASSIGNED_CONTEXT ( ( #1299, #8114, #8554 ) ) REPRESENTATION_CONTEXT ( 'NONE', 'WORKASPACE' ) );
#1937 = CARTESIAN_POINT ( 'NONE',  ( 25.96063157894737117, 1.777999999999994252, 7.179213561880927408 ) ) ;
#1938 = ORIENTED_EDGE ( 'NONE', *, *, #5378, .F. ) ;
#1939 = CARTESIAN_POINT ( 'NONE',  ( -23.62199999999999633, 0.5000000000000000000, 13.08100000000000840 ) ) ;
#1940 =( NAMED_UNIT ( * ) SI_UNIT ( $, .STERADIAN. ) SOLID_ANGLE_UNIT ( ) );
#1941 = ORIENTED_EDGE ( 'NONE', *, *, #5216, .T. ) ;
#1942 = STYLED_ITEM ( 'NONE', ( #11292 ), #5212 ) ;
#1943 = DIRECTION ( 'NONE',  ( -0.000000000000000000, 1.000000000000000000, -0.000000000000000000 ) ) ;
#1944 = SURFACE_STYLE_FILL_AREA ( #8828 ) ;
#1945 = PRESENTATION_STYLE_ASSIGNMENT (( #5758 ) ) ;
#1946 = DIRECTION ( 'NONE',  ( 0.000000000000000000, -1.000000000000000000, 0.000000000000000000 ) ) ;
#1947 = SURFACE_STYLE_FILL_AREA ( #6019 ) ;
#1948 = DIRECTION ( 'NONE',  ( -0.000000000000000000, -0.000000000000000000, 1.000000000000000000 ) ) ;
#1949 = ORIENTED_EDGE ( 'NONE', *, *, #3447, .F. ) ;
#1950 = FILL_AREA_STYLE ('',( #6971 ) ) ;
#1951 = SURFACE_STYLE_FILL_AREA ( #10686 ) ;
#1952 = ORIENTED_EDGE ( 'NONE', *, *, #7643, .F. ) ;
#1953 = COLOUR_RGB ( '',0.2509803921568627416, 0.2509803921568627416, 0.2509803921568627416 ) ;
#1954 = TOROIDAL_SURFACE ( 'NONE', #2146, 1.261999999999997124, 0.5000000000000000000 ) ;
#1955 = LINE ( 'NONE', #8902, #8722 ) ;
#1956 = ADVANCED_FACE ( 'NONE', ( #11835 ), #8027, .F. ) ;
#1957 = STYLED_ITEM ( 'NONE', ( #1161 ), #2600 ) ;
#1958 = ORIENTED_EDGE ( 'NONE', *, *, #3282, .T. ) ;
#1959 =( NAMED_UNIT ( * ) SI_UNIT ( $, .STERADIAN. ) SOLID_ANGLE_UNIT ( ) );
#1960 = DIRECTION ( 'NONE',  ( 0.000000000000000000, 0.000000000000000000, 1.000000000000000000 ) ) ;
#1961 = EDGE_CURVE ( 'NONE', #543, #3840, #1211, .T. ) ;
#1962 = CARTESIAN_POINT ( 'NONE',  ( -22.72021356188096419, 1.778000000000000025, -7.179213561880928296 ) ) ;
#1963 = CARTESIAN_POINT ( 'NONE',  ( 17.72021356188092867, 1.778000000000000025, 12.17921356188096382 ) ) ;
#1964 =( GEOMETRIC_REPRESENTATION_CONTEXT ( 3 ) GLOBAL_UNCERTAINTY_ASSIGNED_CONTEXT ( ( #5228 ) ) GLOBAL_UNIT_ASSIGNED_CONTEXT ( ( #8, #5121, #984 ) ) REPRESENTATION_CONTEXT ( 'NONE', 'WORKASPACE' ) );
#1965 = SURFACE_STYLE_USAGE ( .BOTH. , #2021 ) ;
#1966 = FACE_OUTER_BOUND ( 'NONE', #1848, .T. ) ;
#1967 = FILL_AREA_STYLE_COLOUR ( '', #295 ) ;
#1968 = ORIENTED_EDGE ( 'NONE', *, *, #6871, .F. ) ;
#1969 = STYLED_ITEM ( 'NONE', ( #6763 ), #5681 ) ;
#1970 = DIRECTION ( 'NONE',  ( 0.000000000000000000, 1.000000000000000000, 0.000000000000000000 ) ) ;
#1971 =( LENGTH_UNIT ( ) NAMED_UNIT ( * ) SI_UNIT ( .MILLI., .METRE. ) );
#1972 = CARTESIAN_POINT ( 'NONE',  ( 1.026315789473683848, 10.92999999999999794, 0.000000000000000000 ) ) ;
#1973 = ORIENTED_EDGE ( 'NONE', *, *, #3084, .T. ) ;
#1974 = CARTESIAN_POINT ( 'NONE',  ( -6.226421052631575748, 2.929999999999998384, -17.91499999999999204 ) ) ;
#1975 = EDGE_CURVE ( 'NONE', #4237, #11630, #5466, .T. ) ;
#1976 = PRESENTATION_STYLE_ASSIGNMENT (( #9742 ) ) ;
#1977 = SURFACE_STYLE_USAGE ( .BOTH. , #5853 ) ;
#1978 = ORIENTED_EDGE ( 'NONE', *, *, #7588, .T. ) ;
#1979 = EDGE_CURVE ( 'NONE', #8644, #1159, #310, .T. ) ;
#1980 = CIRCLE ( 'NONE', #11775, 0.5000000000000004441 ) ;
#1981 = ORIENTED_EDGE ( 'NONE', *, *, #7166, .T. ) ;
#1982 = FILL_AREA_STYLE_COLOUR ( '', #7555 ) ;
#1983 = EDGE_LOOP ( 'NONE', ( #9098, #8751, #7262, #105 ) ) ;
#1984 = VECTOR ( 'NONE', #4062, 1000.000000000000000 ) ;
#1985 = CARTESIAN_POINT ( 'NONE',  ( -13.47915789473683823, 11.43000000000000682, -18.41499999999999559 ) ) ;
#1986 = CARTESIAN_POINT ( 'NONE',  ( 28.45599999999999596, 10.92999999999999794, -7.179213561880927408 ) ) ;
#1987 = VERTEX_POINT ( 'NONE', #10974 ) ;
#1988 = CARTESIAN_POINT ( 'NONE',  ( -17.22021356188092867, 2.144423844158112935, 18.41499999999999915 ) ) ;
#1989 = AXIS2_PLACEMENT_3D ( 'NONE', #8473, #11556, #3638 ) ;
#1990 = CARTESIAN_POINT ( 'NONE',  ( 21.40277101828169748, 2.514207698631072407, 7.353342797427149691 ) ) ;
#1991 = PRESENTATION_STYLE_ASSIGNMENT (( #9758 ) ) ;
#1992 = AXIS2_PLACEMENT_3D ( 'NONE', #7394, #5547, #587 ) ;
#1993 = DIRECTION ( 'NONE',  ( -0.000000000000000000, -0.000000000000000000, 1.000000000000000000 ) ) ;
#1994 = VERTEX_POINT ( 'NONE', #9128 ) ;
#1995 = DIRECTION ( 'NONE',  ( 1.000000000000000000, 0.000000000000000000, 0.000000000000000000 ) ) ;
#1996 = SURFACE_SIDE_STYLE ('',( #4794 ) ) ;
#1997 = ORIENTED_EDGE ( 'NONE', *, *, #11068, .T. ) ;
#1998 = AXIS2_PLACEMENT_3D ( 'NONE', #12327, #4627, #1824 ) ;
#1999 = DIRECTION ( 'NONE',  ( 0.000000000000000000, 0.000000000000000000, -1.000000000000000000 ) ) ;
#2000 = UNCERTAINTY_MEASURE_WITH_UNIT (LENGTH_MEASURE( 1.000000000000000082E-05 ), #5427, 'distance_accuracy_value', 'NONE');
#2001 = DIRECTION ( 'NONE',  ( 0.000000000000000000, -0.000000000000000000, -1.000000000000000000 ) ) ;
#2002 = CARTESIAN_POINT ( 'NONE',  ( 10.48378947368420988, 10.92999999999999794, -18.41499999999999915 ) ) ;
#2003 = VECTOR ( 'NONE', #11406, 1000.000000000000000 ) ;
#2004 = EDGE_LOOP ( 'NONE', ( #9393, #9220, #1973, #8498 ) ) ;
#2005 = UNCERTAINTY_MEASURE_WITH_UNIT (LENGTH_MEASURE( 1.000000000000000082E-05 ), #12622, 'distance_accuracy_value', 'NONE');
#2006 = EDGE_CURVE ( 'NONE', #2761, #2720, #6713, .T. ) ;
#2007 =( NAMED_UNIT ( * ) PLANE_ANGLE_UNIT ( ) SI_UNIT ( $, .RADIAN. ) );
#2008 = FILL_AREA_STYLE ('',( #2980 ) ) ;
#2009 = VECTOR ( 'NONE', #1105, 1000.000000000000000 ) ;
#2010 = SURFACE_STYLE_USAGE ( .BOTH. , #7862 ) ;
#2011 = ORIENTED_EDGE ( 'NONE', *, *, #12015, .F. ) ;
#2012 = DIRECTION ( 'NONE',  ( -0.000000000000000000, -0.000000000000000000, 1.000000000000000000 ) ) ;
#2013 = EDGE_CURVE ( 'NONE', #8687, #10583, #10772, .T. ) ;
#2014 = UNCERTAINTY_MEASURE_WITH_UNIT (LENGTH_MEASURE( 1.000000000000000082E-05 ), #7146, 'distance_accuracy_value', 'NONE');
#2015 = ORIENTED_EDGE ( 'NONE', *, *, #12094, .T. ) ;
#2016 = DIRECTION ( 'NONE',  ( 1.000000000000000000, 0.000000000000000000, 0.000000000000000000 ) ) ;
#2017 = B_SPLINE_CURVE_WITH_KNOTS ( 'NONE', 3,
 ( #12059, #12116, #7110, #11015 ),
 .UNSPECIFIED., .F., .F.,
 ( 4, 4 ),
 ( -4.474553861300193273E-06, 0.0003621767077401166985 ),
 .UNSPECIFIED. ) ;
#2018 = LINE ( 'NONE', #5898, #10239 ) ;
#2019 = CARTESIAN_POINT ( 'NONE',  ( -28.68357658370601371, 6.482508670314306975E-16, -16.12366568229732522 ) ) ;
#2020 = FILL_AREA_STYLE ('',( #10881 ) ) ;
#2021 = SURFACE_SIDE_STYLE ('',( #9602 ) ) ;
#2022 = DIRECTION ( 'NONE',  ( -0.000000000000000000, 1.000000000000000000, -0.000000000000000000 ) ) ;
#2023 = ADVANCED_FACE ( 'NONE', ( #4268 ), #8156, .T. ) ;
#2024 = EDGE_CURVE ( 'NONE', #5195, #238, #11424, .T. ) ;
#2025 =( NAMED_UNIT ( * ) SI_UNIT ( $, .STERADIAN. ) SOLID_ANGLE_UNIT ( ) );
#2026 =( NAMED_UNIT ( * ) PLANE_ANGLE_UNIT ( ) SI_UNIT ( $, .RADIAN. ) );
#2027 =( NAMED_UNIT ( * ) PLANE_ANGLE_UNIT ( ) SI_UNIT ( $, .RADIAN. ) );
#2028 = SURFACE_SIDE_STYLE ('',( #3121 ) ) ;
#2029 = CARTESIAN_POINT ( 'NONE',  ( 25.28732325865669139, 0.000000000000000000, 17.59696088986112272 ) ) ;
#2030 = MECHANICAL_DESIGN_GEOMETRIC_PRESENTATION_REPRESENTATION (  '', ( #1422 ), #5089 ) ;
#2031 =( GEOMETRIC_REPRESENTATION_CONTEXT ( 3 ) GLOBAL_UNCERTAINTY_ASSIGNED_CONTEXT ( ( #7905 ) ) GLOBAL_UNIT_ASSIGNED_CONTEXT ( ( #11320, #3790, #2705 ) ) REPRESENTATION_CONTEXT ( 'NONE', 'WORKASPACE' ) );
#2032 = SURFACE_STYLE_FILL_AREA ( #7759 ) ;
#2033 = CARTESIAN_POINT ( 'NONE',  ( -23.62199999999999633, 0.000000000000000000, 13.08100000000000840 ) ) ;
#2034 = COLOUR_RGB ( '',0.2509803921568627416, 0.2509803921568627416, 0.2509803921568627416 ) ;
#2035 = UNCERTAINTY_MEASURE_WITH_UNIT (LENGTH_MEASURE( 1.000000000000000082E-05 ), #8860, 'distance_accuracy_value', 'NONE');
#2036 = CARTESIAN_POINT ( 'NONE',  ( 1.497684210526318394, 10.92999999999999794, -18.41499999999999915 ) ) ;
#2037 = ORIENTED_EDGE ( 'NONE', *, *, #4584, .F. ) ;
#2038 = ADVANCED_FACE ( 'NONE', ( #4456 ), #4512, .T. ) ;
#2039 = ORIENTED_EDGE ( 'NONE', *, *, #7568, .F. ) ;
#2040 = SURFACE_STYLE_FILL_AREA ( #4086 ) ;
#2041 = CARTESIAN_POINT ( 'NONE',  ( -28.45599999999999596, 11.42999999999999972, 6.679213561880927408 ) ) ;
#2042 = ORIENTED_EDGE ( 'NONE', *, *, #9126, .T. ) ;
#2043 = EDGE_CURVE ( 'NONE', #7188, #12012, #11286, .T. ) ;
#2044 = CARTESIAN_POINT ( 'NONE',  ( -9.983789473684209881, 10.92999999999999794, 17.91499999999999915 ) ) ;
#2045 = VERTEX_POINT ( 'NONE', #8402 ) ;
#2046 = DIRECTION ( 'NONE',  ( 0.000000000000000000, 0.000000000000000000, -1.000000000000000000 ) ) ;
#2047 = EDGE_CURVE ( 'NONE', #5625, #819, #9325, .T. ) ;
#2048 = UNCERTAINTY_MEASURE_WITH_UNIT (LENGTH_MEASURE( 1.000000000000000082E-05 ), #6355, 'distance_accuracy_value', 'NONE');
#2049 =( LENGTH_UNIT ( ) NAMED_UNIT ( * ) SI_UNIT ( .MILLI., .METRE. ) );
#2050 = STYLED_ITEM ( 'NONE', ( #10254 ), #942 ) ;
#2051 = SURFACE_STYLE_FILL_AREA ( #4907 ) ;
#2052 = SURFACE_STYLE_FILL_AREA ( #10789 ) ;
#2053 = LINE ( 'NONE', #7776, #3957 ) ;
#2054 = ORIENTED_EDGE ( 'NONE', *, *, #5216, .F. ) ;
#2055 = ORIENTED_EDGE ( 'NONE', *, *, #3886, .F. ) ;
#2056 = CARTESIAN_POINT ( 'NONE',  ( 10.01242105263157356, 11.42999999999999972, -18.41499999999999559 ) ) ;
#2057 = EDGE_CURVE ( 'NONE', #2241, #3526, #8474, .T. ) ;
#2058 = DIRECTION ( 'NONE',  ( -1.000000000000000000, 0.000000000000000000, 0.000000000000000000 ) ) ;
#2059 = DIRECTION ( 'NONE',  ( -0.000000000000000000, -0.000000000000000000, 1.000000000000000000 ) ) ;
#2060 = LINE ( 'NONE', #11719, #4119 ) ;
#2061 = ORIENTED_EDGE ( 'NONE', *, *, #5448, .T. ) ;
#2062 = CARTESIAN_POINT ( 'NONE',  ( 22.96526315789473927, 2.929999999999998384, -7.179213561880927408 ) ) ;
#2063 = EDGE_CURVE ( 'NONE', #9453, #3288, #1205, .T. ) ;
#2064 = SURFACE_STYLE_FILL_AREA ( #9837 ) ;
#2065 = LINE ( 'NONE', #9838, #6754 ) ;
#2066 =( LENGTH_UNIT ( ) NAMED_UNIT ( * ) SI_UNIT ( .MILLI., .METRE. ) );
#2067 = CYLINDRICAL_SURFACE ( 'NONE', #10449, 0.5000000000000004441 ) ;
#2068 = ORIENTED_EDGE ( 'NONE', *, *, #10096, .T. ) ;
#2069 = CARTESIAN_POINT ( 'NONE',  ( -28.95599999999999596, 11.42999999999999972, 6.679213561880927408 ) ) ;
#2071 = VERTEX_POINT ( 'NONE', #435 ) ;
#2070 = COLOUR_RGB ( '',0.2509803921568627416, 0.2509803921568627416, 0.2509803921568627416 ) ;
#2072 = MECHANICAL_DESIGN_GEOMETRIC_PRESENTATION_REPRESENTATION (  '', ( #1254 ), #8376 ) ;
#2073 = LINE ( 'NONE', #9853, #1527 ) ;
#2074 = EDGE_CURVE ( 'NONE', #4479, #11632, #6791, .T. ) ;
#2075 = CARTESIAN_POINT ( 'NONE',  ( -10.48378947368420455, 2.929999999999998384, -17.91499999999999204 ) ) ;
#2076 = DIRECTION ( 'NONE',  ( -1.000000000000000000, 0.000000000000000000, 0.000000000000000000 ) ) ;
#2077 = CARTESIAN_POINT ( 'NONE',  ( -0.9976842105263136196, 10.92999999999999794, -17.91499999999999204 ) ) ;
#2078 = VECTOR ( 'NONE', #2460, 1000.000000000000000 ) ;
#2079 = PRESENTATION_LAYER_ASSIGNMENT (  '', '', ( #6159 ) ) ;
#2080 = SURFACE_SIDE_STYLE ('',( #7812 ) ) ;
#2081 = SURFACE_SIDE_STYLE ('',( #3821 ) ) ;
#2082 = PLANE ( 'NONE',  #6877 ) ;
#2083 = CIRCLE ( 'NONE', #8600, 0.5000000000000004441 ) ;
#2084 = DIRECTION ( 'NONE',  ( 0.000000000000000000, 1.000000000000000000, -0.000000000000000000 ) ) ;
#2085 = ADVANCED_FACE ( 'NONE', ( #12143 ), #4764, .T. ) ;
#2086 = ORIENTED_EDGE ( 'NONE', *, *, #8793, .F. ) ;
#2087 = ADVANCED_FACE ( 'NONE', ( #944 ), #5588, .T. ) ;
#2088 = CIRCLE ( 'NONE', #9235, 0.7619999999999987894 ) ;
#2089 = DIRECTION ( 'NONE',  ( -4.081702296416016490E-16, 1.000000000000000000, 0.000000000000000000 ) ) ;
#2090 = CARTESIAN_POINT ( 'NONE',  ( -16.94589473684210290, 10.92999999999999794, 0.000000000000000000 ) ) ;
#2091 = EDGE_CURVE ( 'NONE', #8583, #10054, #12651, .T. ) ;
#2092 = CARTESIAN_POINT ( 'NONE',  ( 16.97452631578948257, 2.929999999999998384, -17.91499999999999204 ) ) ;
#2093 = SURFACE_STYLE_FILL_AREA ( #366 ) ;
#2094 = FILL_AREA_STYLE ('',( #4140 ) ) ;
#2095 = ORIENTED_EDGE ( 'NONE', *, *, #4752, .T. ) ;
#2096 = MECHANICAL_DESIGN_GEOMETRIC_PRESENTATION_REPRESENTATION (  '', ( #9832 ), #873 ) ;
#2097 = ORIENTED_EDGE ( 'NONE', *, *, #10761, .T. ) ;
#2098 =( GEOMETRIC_REPRESENTATION_CONTEXT ( 3 ) GLOBAL_UNCERTAINTY_ASSIGNED_CONTEXT ( ( #10327 ) ) GLOBAL_UNIT_ASSIGNED_CONTEXT ( ( #2317, #2456, #8231 ) ) REPRESENTATION_CONTEXT ( 'NONE', 'WORKASPACE' ) );
#2099 = CARTESIAN_POINT ( 'NONE',  ( -22.39704597387198959, -0.0009999999999992653654, -14.09077417469095295 ) ) ;
#2100 = ORIENTED_EDGE ( 'NONE', *, *, #1349, .F. ) ;
#2101 = ORIENTED_EDGE ( 'NONE', *, *, #8651, .F. ) ;
#2102 = CARTESIAN_POINT ( 'NONE',  ( 16.00315789473683736, 11.42999999999999972, -18.41499999999999559 ) ) ;
#2103 = CARTESIAN_POINT ( 'NONE',  ( -28.95599999999999596, 11.42999999999999972, 18.41499999999999915 ) ) ;
#2104 = CIRCLE ( 'NONE', #8422, 1.587500000000002132 ) ;
#2105 = EDGE_CURVE ( 'NONE', #4696, #1900, #11404, .T. ) ;
#2106 = FILL_AREA_STYLE_COLOUR ( '', #909 ) ;
#2107 = PRESENTATION_LAYER_ASSIGNMENT (  '', '', ( #10873 ) ) ;
#2108 = SURFACE_STYLE_FILL_AREA ( #11774 ) ;
#2109 =( LENGTH_UNIT ( ) NAMED_UNIT ( * ) SI_UNIT ( .MILLI., .METRE. ) );
#2110 = DIRECTION ( 'NONE',  ( 4.081702296416016490E-16, -1.000000000000000000, 0.000000000000000000 ) ) ;
#2111 = EDGE_LOOP ( 'NONE', ( #10343, #2042, #6115, #1394 ) ) ;
#2112 = VERTEX_POINT ( 'NONE', #12466 ) ;
#2113 = MECHANICAL_DESIGN_GEOMETRIC_PRESENTATION_REPRESENTATION (  '', ( #1092 ), #3151 ) ;
#2114 = STYLED_ITEM ( 'NONE', ( #4632 ), #9508 ) ;
#2115 = DIRECTION ( 'NONE',  ( -0.000000000000000000, -0.000000000000000000, 1.000000000000000000 ) ) ;
#2116 = CARTESIAN_POINT ( 'NONE',  ( -20.99479586645405504, 2.171624019199871913, -7.481895912006028659 ) ) ;
#2117 = UNCERTAINTY_MEASURE_WITH_UNIT (LENGTH_MEASURE( 1.000000000000000082E-05 ), #5032, 'distance_accuracy_value', 'NONE');
#2118 = CARTESIAN_POINT ( 'NONE',  ( 22.72021356188096419, 10.92999999999999794, 6.679213561880927408 ) ) ;
#2119 = CARTESIAN_POINT ( 'NONE',  ( 22.01123368217812981, 0.000000000000000000, -14.40881328482983648 ) ) ;
#2120 = ORIENTED_EDGE ( 'NONE', *, *, #12591, .F. ) ;
#2121 = CARTESIAN_POINT ( 'NONE',  ( 18.99852631578947282, 11.42999999999999972, 8.129640245804257148 ) ) ;
#2122 = STYLED_ITEM ( 'NONE', ( #9120 ), #12189 ) ;
#2123 = FILL_AREA_STYLE_COLOUR ( '', #2320 ) ;
#2124 = MECHANICAL_DESIGN_GEOMETRIC_PRESENTATION_REPRESENTATION (  '', ( #1700 ), #9860 ) ;
#2125 = AXIS2_PLACEMENT_3D ( 'NONE', #10183, #9168, #11138 ) ;
#2126 = ORIENTED_EDGE ( 'NONE', *, *, #860, .F. ) ;
#2127 = ORIENTED_EDGE ( 'NONE', *, *, #4961, .F. ) ;
#2128 = ADVANCED_FACE ( 'NONE', ( #3884 ), #5655, .T. ) ;
#2129 =( NAMED_UNIT ( * ) PLANE_ANGLE_UNIT ( ) SI_UNIT ( $, .RADIAN. ) );
#2130 = COLOUR_RGB ( '',0.2509803921568627416, 0.2509803921568627416, 0.2509803921568627416 ) ;
#2131 = CYLINDRICAL_SURFACE ( 'NONE', #5704, 0.5000000000000004441 ) ;
#2132 = COLOUR_RGB ( '',0.2509803921568627416, 0.2509803921568627416, 0.2509803921568627416 ) ;
#2133 = ORIENTED_EDGE ( 'NONE', *, *, #9317, .T. ) ;
#2134 =( LENGTH_UNIT ( ) NAMED_UNIT ( * ) SI_UNIT ( .MILLI., .METRE. ) );
#2135 =( NAMED_UNIT ( * ) PLANE_ANGLE_UNIT ( ) SI_UNIT ( $, .RADIAN. ) );
#2136 = UNCERTAINTY_MEASURE_WITH_UNIT (LENGTH_MEASURE( 1.000000000000000082E-05 ), #12653, 'distance_accuracy_value', 'NONE');
#2137 = CARTESIAN_POINT ( 'NONE',  ( 1.497684210526318394, 11.42999999999999972, 0.000000000000000000 ) ) ;
#2138 = CARTESIAN_POINT ( 'NONE',  ( 1.997684210526325055, 2.929999999999998384, -18.41499999999999915 ) ) ;
#2139 = LINE ( 'NONE', #155, #4822 ) ;
#2140 = VECTOR ( 'NONE', #8969, 1000.000000000000000 ) ;
#2141 =( GEOMETRIC_REPRESENTATION_CONTEXT ( 3 ) GLOBAL_UNCERTAINTY_ASSIGNED_CONTEXT ( ( #8814 ) ) GLOBAL_UNIT_ASSIGNED_CONTEXT ( ( #2235, #9962, #6186 ) ) REPRESENTATION_CONTEXT ( 'NONE', 'WORKASPACE' ) );
#2142 =( NAMED_UNIT ( * ) PLANE_ANGLE_UNIT ( ) SI_UNIT ( $, .RADIAN. ) );
#2143 = EDGE_CURVE ( 'NONE', #10147, #1987, #4010, .T. ) ;
#2144 = DIRECTION ( 'NONE',  ( -1.000000000000000000, -4.081702296416016490E-16, 0.000000000000000000 ) ) ;
#2145 = SURFACE_STYLE_USAGE ( .BOTH. , #5269 ) ;
#2146 = AXIS2_PLACEMENT_3D ( 'NONE', #10504, #1682, #6783 ) ;
#2147 = SURFACE_STYLE_FILL_AREA ( #10892 ) ;
#2148 = SURFACE_SIDE_STYLE ('',( #9867 ) ) ;
#2149 =( GEOMETRIC_REPRESENTATION_CONTEXT ( 3 ) GLOBAL_UNCERTAINTY_ASSIGNED_CONTEXT ( ( #1873 ) ) GLOBAL_UNIT_ASSIGNED_CONTEXT ( ( #4347, #10923, #10219 ) ) REPRESENTATION_CONTEXT ( 'NONE', 'WORKASPACE' ) );
#2150 = LINE ( 'NONE', #1133, #3546 ) ;
#2151 = CARTESIAN_POINT ( 'NONE',  ( 10.98378947368420988, 10.92999999999999794, 17.91499999999999915 ) ) ;
#2152 = CARTESIAN_POINT ( 'NONE',  ( 28.95599999999999596, 0.000000000000000000, -15.66328183851187283 ) ) ;
#2153 = DIRECTION ( 'NONE',  ( 0.000000000000000000, 0.000000000000000000, 1.000000000000000000 ) ) ;
#2154 = UNCERTAINTY_MEASURE_WITH_UNIT (LENGTH_MEASURE( 1.000000000000000082E-05 ), #12320, 'distance_accuracy_value', 'NONE');
#2155 = DIRECTION ( 'NONE',  ( 4.081702296416016490E-16, -1.000000000000000000, 0.000000000000000000 ) ) ;
#2156 = VERTEX_POINT ( 'NONE', #7885 ) ;
#2157 = ORIENTED_EDGE ( 'NONE', *, *, #2024, .F. ) ;
#2158 = CARTESIAN_POINT ( 'NONE',  ( 18.50227597865466578, 10.99748084075683074, -9.487214481116552633 ) ) ;
#2159 = DIRECTION ( 'NONE',  ( 1.000000000000000000, 0.000000000000000000, 0.000000000000000000 ) ) ;
#2160 = EDGE_CURVE ( 'NONE', #10417, #11461, #2211, .T. ) ;
#2161 = ORIENTED_EDGE ( 'NONE', *, *, #5943, .F. ) ;
#2162 = CARTESIAN_POINT ( 'NONE',  ( 21.62953452246350139, 11.27786457961981093, 7.160388378902442064 ) ) ;
#2163 = DIRECTION ( 'NONE',  ( -4.081702296416016490E-16, 1.000000000000000000, 0.000000000000000000 ) ) ;
#2164 = ORIENTED_EDGE ( 'NONE', *, *, #2448, .F. ) ;
#2165 = DIRECTION ( 'NONE',  ( 0.000000000000000000, 0.000000000000000000, -1.000000000000000000 ) ) ;
#2166 = CLOSED_SHELL ( 'NONE', ( #2600, #1808, #8145, #9720, #9508, #2431, #11017, #7241, #4060, #8588, #5114, #2685, #5866, #2471, #8092, #1427, #6064, #560, #10998, #10350, #5666, #9507, #10275, #486, #4774, #5212, #3987, #11073, #2180, #7300, #6225, #4447, #5846, #4679, #11184, #6980, #1530, #5538, #10071, #9456, #825, #10528, #6536, #2896, #7690, #5144, #2516, #5242, #1016, #4170, #4009, #5348, #6244, #11768, #10224, #6187, #11018, #2626, #8672, #4042, #287, #5757, #1495, #11296, #12447, #9428, #1956, #9665, #6043, #2838, #927, #2454, #4665, #6327, #963, #7982, #8886, #3786, #7674, #6263, #5139, #7542, #11623, #6656, #11253, #160, #8739, #10055, #12412, #8047, #738, #7548, #3545, #2294, #3315, #3228, #4525, #6717, #4820, #12264, #12248, #9579, #4575, #7916, #12583, #8309, #5621, #3518, #966, #8525, #8007, #8255, #8110, #3912, #6770, #2389, #11358, #9809, #10944, #11282, #10311, #5429, #2490, #6299, #3300, #5637, #8131, #6620, #6404, #26, #4367, #11510, #10192, #4445, #5521, #1714, #5781, #11983, #4394, #9959, #10591, #5907, #4505, #1647, #6796, #421, #1923, #2251, #2663, #7880, #3468, #10445, #7999, #788, #4008, #4613, #9609, #9101, #9591, #11896, #3854, #6377, #8981, #11130, #1545, #5365, #2272, #5681, #4376, #1629, #9489, #13, #3079, #8269, #9154, #3818, #8576, #1845, #680, #2128, #4990, #7711, #7656, #2763, #4131, #10187, #1785, #7016, #11664, #4083, #10929, #5940, #3503, #12135, #1374, #3472, #690, #9746, #2087, #4317, #942, #10655, #2537, #2642, #8167, #11242, #4310, #8989, #1040, #9202, #3489, #2023, #6702, #4618, #2585, #3425, #6991, #7390, #9786, #11225, #6671, #11471, #10605, #12136, #8688, #3005, #4336, #4987, #8043, #6220, #7859, #2085, #393, #5517, #5509, #10806, #10538, #10388, #12189, #4490, #4849, #8964, #2338, #5299, #5058, #8725, #9884, #6073, #9817, #12157, #6654, #2806, #4114, #5454, #9686, #1817, #9416, #6242, #10630, #11945, #754, #11931, #11248, #8360, #11202, #10548, #863, #2038, #1266, #6267, #2921, #3516, #5214, #6765, #1049, #3246, #2199, #1472, #9249, #613, #11115, #9035, #6582, #1618 ) ) ;
#2167 = VECTOR ( 'NONE', #6443, 1000.000000000000000 ) ;
#2168 =( BOUNDED_CURVE ( )  B_SPLINE_CURVE ( 3, ( #7284, #11188, #2465, #9445 ),
 .UNSPECIFIED., .F., .T. ) 
 B_SPLINE_CURVE_WITH_KNOTS ( ( 4, 4 ),
 ( 1.570796326794896336, 3.141592653589792672 ),
 .UNSPECIFIED. ) 
 CURVE ( )  GEOMETRIC_REPRESENTATION_ITEM ( )  RATIONAL_B_SPLINE_CURVE ( ( 1.000000000000000000, 0.8047378541243650485, 0.8047378541243650485, 1.000000000000000000 ) ) 
 REPRESENTATION_ITEM ( '' )  );
#2169 = CARTESIAN_POINT ( 'NONE',  ( 25.21955007710171515, -0.000000000000000000, 18.30081229169386248 ) ) ;
#2170 = UNCERTAINTY_MEASURE_WITH_UNIT (LENGTH_MEASURE( 1.000000000000000082E-05 ), #4413, 'distance_accuracy_value', 'NONE');
#2171 = PLANE ( 'NONE',  #10102 ) ;
#2172 = CARTESIAN_POINT ( 'NONE',  ( 4.021684210526315972, 11.42999999999999972, 18.41499999999999915 ) ) ;
#2173 = LINE ( 'NONE', #6060, #5447 ) ;
#2174 = ORIENTED_EDGE ( 'NONE', *, *, #10318, .T. ) ;
#2175 = DIRECTION ( 'NONE',  ( -1.000000000000000000, 0.000000000000000000, 0.000000000000000000 ) ) ;
#2176 = VECTOR ( 'NONE', #12251, 1000.000000000000000 ) ;
#2177 = ORIENTED_EDGE ( 'NONE', *, *, #5713, .F. ) ;
#2178 = CARTESIAN_POINT ( 'NONE',  ( -13.47915789473683290, 2.929999999999998384, -17.91499999999999204 ) ) ;
#2179 = LINE ( 'NONE', #7026, #11330 ) ;
#2180 = ADVANCED_FACE ( 'NONE', ( #5973 ), #5906, .F. ) ;
#2181 = CARTESIAN_POINT ( 'NONE',  ( -25.44555368504572357, 8.096744499076956694E-16, -18.11450929433956247 ) ) ;
#2182 = MECHANICAL_DESIGN_GEOMETRIC_PRESENTATION_REPRESENTATION (  '', ( #7874 ), #4426 ) ;
#2183 = CYLINDRICAL_SURFACE ( 'NONE', #4110, 0.5000000000000004441 ) ;
#2184 = ORIENTED_EDGE ( 'NONE', *, *, #12175, .F. ) ;
#2185 = LINE ( 'NONE', #12036, #10411 ) ;
#2186 = DIRECTION ( 'NONE',  ( 0.000000000000000000, 0.000000000000000000, -1.000000000000000000 ) ) ;
#2187 = CARTESIAN_POINT ( 'NONE',  ( 40.19178643811905971, 10.92999999999999794, -6.679213561880927408 ) ) ;
#2188 = ORIENTED_EDGE ( 'NONE', *, *, #4078, .F. ) ;
#2189 = PRESENTATION_STYLE_ASSIGNMENT (( #7795 ) ) ;
#2190 = ORIENTED_EDGE ( 'NONE', *, *, #1975, .F. ) ;
#2191 =( GEOMETRIC_REPRESENTATION_CONTEXT ( 3 ) GLOBAL_UNCERTAINTY_ASSIGNED_CONTEXT ( ( #12497 ) ) GLOBAL_UNIT_ASSIGNED_CONTEXT ( ( #6918, #2129, #5831 ) ) REPRESENTATION_CONTEXT ( 'NONE', 'WORKASPACE' ) );
#2192 = EDGE_CURVE ( 'NONE', #6467, #2045, #9113, .T. ) ;
#2193 = ORIENTED_EDGE ( 'NONE', *, *, #5199, .T. ) ;
#2194 = PRESENTATION_STYLE_ASSIGNMENT (( #9990 ) ) ;
#2195 = EDGE_CURVE ( 'NONE', #4672, #1159, #11942, .T. ) ;
#2196 = VECTOR ( 'NONE', #4687, 1000.000000000000000 ) ;
#2197 = DIRECTION ( 'NONE',  ( 0.000000000000000000, 0.000000000000000000, 1.000000000000000000 ) ) ;
#2198 = FILL_AREA_STYLE ('',( #3182 ) ) ;
#2199 = ADVANCED_FACE ( 'NONE', ( #1130 ), #3258, .T. ) ;
#2200 = COLOUR_RGB ( '',0.2509803921568627416, 0.2509803921568627416, 0.2509803921568627416 ) ;
#2201 = DIRECTION ( 'NONE',  ( 0.000000000000000000, -1.000000000000000000, 0.000000000000000000 ) ) ;
#2202 =( LENGTH_UNIT ( ) NAMED_UNIT ( * ) SI_UNIT ( .MILLI., .METRE. ) );
#2203 = DIRECTION ( 'NONE',  ( -0.000000000000000000, -0.000000000000000000, -1.000000000000000000 ) ) ;
#2204 = CARTESIAN_POINT ( 'NONE',  ( 25.28732325865669139, 0.5000000000000000000, 17.59696088986112272 ) ) ;
#2205 = DIRECTION ( 'NONE',  ( 0.000000000000000000, 0.000000000000000000, -1.000000000000000000 ) ) ;
#2206 = VECTOR ( 'NONE', #12276, 1000.000000000000000 ) ;
#2207 =( LENGTH_UNIT ( ) NAMED_UNIT ( * ) SI_UNIT ( .MILLI., .METRE. ) );
#2208 = DIRECTION ( 'NONE',  ( 0.000000000000000000, 0.000000000000000000, -1.000000000000000000 ) ) ;
#2209 = MECHANICAL_DESIGN_GEOMETRIC_PRESENTATION_REPRESENTATION (  '', ( #7095 ), #4859 ) ;
#2210 = CARTESIAN_POINT ( 'NONE',  ( 4.493052631578951406, 2.929999999999998384, -17.91499999999999204 ) ) ;
#2211 = LINE ( 'NONE', #9939, #4877 ) ;
#2212 = CARTESIAN_POINT ( 'NONE',  ( -22.24022376199982887, 11.39350823599216334, -6.925051525770563821 ) ) ;
#2213 =( GEOMETRIC_REPRESENTATION_CONTEXT ( 3 ) GLOBAL_UNCERTAINTY_ASSIGNED_CONTEXT ( ( #9462 ) ) GLOBAL_UNIT_ASSIGNED_CONTEXT ( ( #3657, #3532, #12161 ) ) REPRESENTATION_CONTEXT ( 'NONE', 'WORKASPACE' ) );
#2214 = DIRECTION ( 'NONE',  ( 0.000000000000000000, -1.000000000000000000, 0.000000000000000000 ) ) ;
#2215 =( NAMED_UNIT ( * ) SI_UNIT ( $, .STERADIAN. ) SOLID_ANGLE_UNIT ( ) );
#2216 = DIRECTION ( 'NONE',  ( 0.000000000000000000, -1.000000000000000000, -0.000000000000000000 ) ) ;
#2217 = STYLED_ITEM ( 'NONE', ( #2784 ), #6225 ) ;
#2218 = CARTESIAN_POINT ( 'NONE',  ( 0.000000000000000000, 11.42999999999999972, 0.000000000000000000 ) ) ;
#2219 = FACE_OUTER_BOUND ( 'NONE', #8717, .T. ) ;
#2220 = ORIENTED_EDGE ( 'NONE', *, *, #2829, .T. ) ;
#2221 = STYLED_ITEM ( 'NONE', ( #12338 ), #2023 ) ;
#2222 = ORIENTED_EDGE ( 'NONE', *, *, #8882, .T. ) ;
#2223 = CARTESIAN_POINT ( 'NONE',  ( 7.988421052631575314, 10.92999999999999794, 17.91499999999999915 ) ) ;
#2224 = DIRECTION ( 'NONE',  ( -0.000000000000000000, -0.000000000000000000, 1.000000000000000000 ) ) ;
#2225 = EDGE_LOOP ( 'NONE', ( #10425, #5225, #970, #10402 ) ) ;
#2226 = CARTESIAN_POINT ( 'NONE',  ( 21.49389473684210117, 10.92999999999999794, 7.331931628739902784 ) ) ;
#2227 = CARTESIAN_POINT ( 'NONE',  ( -10.48378947368420988, 11.42999999999999972, -18.41499999999999559 ) ) ;
#2228 = CIRCLE ( 'NONE', #9355, 0.5000000000000004441 ) ;
#2229 = DIRECTION ( 'NONE',  ( 0.000000000000000000, -1.000000000000000000, 0.000000000000000000 ) ) ;
#2230 = STYLED_ITEM ( 'NONE', ( #9269 ), #6377 ) ;
#2231 = ORIENTED_EDGE ( 'NONE', *, *, #5469, .F. ) ;
#2232 = FACE_OUTER_BOUND ( 'NONE', #7863, .T. ) ;
#2233 = DIRECTION ( 'NONE',  ( -1.000000000000000000, 0.000000000000000000, 0.000000000000000000 ) ) ;
#2234 = EDGE_CURVE ( 'NONE', #6809, #11470, #10137, .T. ) ;
#2235 =( LENGTH_UNIT ( ) NAMED_UNIT ( * ) SI_UNIT ( .MILLI., .METRE. ) );
#2236 = CARTESIAN_POINT ( 'NONE',  ( 13.00778947368420901, 2.929999999999998384, 17.91499999999999915 ) ) ;
#2237 = FILL_AREA_STYLE ('',( #12150 ) ) ;
#2238 = ORIENTED_EDGE ( 'NONE', *, *, #7137, .T. ) ;
#2239 = MECHANICAL_DESIGN_GEOMETRIC_PRESENTATION_REPRESENTATION (  '', ( #12262 ), #9773 ) ;
#2240 = STYLED_ITEM ( 'NONE', ( #7022 ), #6654 ) ;
#2241 = VERTEX_POINT ( 'NONE', #12191 ) ;
#2242 = DIRECTION ( 'NONE',  ( 0.000000000000000000, 0.000000000000000000, 1.000000000000000000 ) ) ;
#2243 = SURFACE_SIDE_STYLE ('',( #4286 ) ) ;
#2244 =( BOUNDED_CURVE ( )  B_SPLINE_CURVE ( 3, ( #8863, #7060, #5152, #10830 ),
 .UNSPECIFIED., .F., .F. ) 
 B_SPLINE_CURVE_WITH_KNOTS ( ( 4, 4 ),
 ( 3.141592653589793116, 4.712388980384689674 ),
 .UNSPECIFIED. ) 
 CURVE ( )  GEOMETRIC_REPRESENTATION_ITEM ( )  RATIONAL_B_SPLINE_CURVE ( ( 1.000000000000000000, 0.8047378541243649375, 0.8047378541243649375, 1.000000000000000000 ) ) 
 REPRESENTATION_ITEM ( '' )  );
#2245 = FACE_OUTER_BOUND ( 'NONE', #2576, .T. ) ;
#2246 = DIRECTION ( 'NONE',  ( -0.6360782202777651717, 0.000000000000000000, 0.7716245833877191096 ) ) ;
#2247 = ORIENTED_EDGE ( 'NONE', *, *, #3672, .F. ) ;
#2248 =( LENGTH_UNIT ( ) NAMED_UNIT ( * ) SI_UNIT ( .MILLI., .METRE. ) );
#2249 = AXIS2_PLACEMENT_3D ( 'NONE', #10738, #3095, #2899 ) ;
#2250 = VECTOR ( 'NONE', #1189, 1000.000000000000000 ) ;
#2251 = ADVANCED_FACE ( 'NONE', ( #3443 ), #11412, .T. ) ;
#2252 = DIRECTION ( 'NONE',  ( 0.000000000000000000, 0.000000000000000000, -1.000000000000000000 ) ) ;
#2253 = DIRECTION ( 'NONE',  ( -0.000000000000000000, 1.000000000000000000, -0.000000000000000000 ) ) ;
#2254 = EDGE_CURVE ( 'NONE', #8419, #2292, #7423, .T. ) ;
#2255 = FILL_AREA_STYLE_COLOUR ( '', #6051 ) ;
#2256 = ORIENTED_EDGE ( 'NONE', *, *, #7357, .T. ) ;
#2257 = CYLINDRICAL_SURFACE ( 'NONE', #6589, 0.5000000000000004441 ) ;
#2258 = CARTESIAN_POINT ( 'NONE',  ( 17.73652631578947592, 2.929999999999998384, -17.91499999999999204 ) ) ;
#2259 = ORIENTED_EDGE ( 'NONE', *, *, #10225, .F. ) ;
#2260 = CIRCLE ( 'NONE', #7139, 0.5000000000000004441 ) ;
#2261 = MECHANICAL_DESIGN_GEOMETRIC_PRESENTATION_REPRESENTATION (  '', ( #5300 ), #4 ) ;
#2262 =( NAMED_UNIT ( * ) PLANE_ANGLE_UNIT ( ) SI_UNIT ( $, .RADIAN. ) );
#2263 = ORIENTED_EDGE ( 'NONE', *, *, #11161, .T. ) ;
#2264 = PLANE ( 'NONE',  #8661 ) ;
#2265 = UNCERTAINTY_MEASURE_WITH_UNIT (LENGTH_MEASURE( 1.000000000000000082E-05 ), #3119, 'distance_accuracy_value', 'NONE');
#2266 = AXIS2_PLACEMENT_3D ( 'NONE', #10036, #5237, #10165 ) ;
#2267 = DIRECTION ( 'NONE',  ( 0.000000000000000000, 1.000000000000000000, -0.000000000000000000 ) ) ;
#2268 = CARTESIAN_POINT ( 'NONE',  ( -28.45599999999999596, 0.1141877083061398346, -16.16328183851187816 ) ) ;
#2269 = CARTESIAN_POINT ( 'NONE',  ( -28.95599999999999596, 1.277999999999999581, 6.679213561880927408 ) ) ;
#2270 = EDGE_CURVE ( 'NONE', #3779, #7868, #11211, .T. ) ;
#2271 = DIRECTION ( 'NONE',  ( 1.000000000000000000, 0.000000000000000000, 0.000000000000000000 ) ) ;
#2272 = ADVANCED_FACE ( 'NONE', ( #11343 ), #10383, .T. ) ;
#2273 = DIRECTION ( 'NONE',  ( 0.000000000000000000, 0.000000000000000000, -1.000000000000000000 ) ) ;
#2274 = CARTESIAN_POINT ( 'NONE',  ( -3.993052631578945633, 11.42999999999999972, 17.91499999999999915 ) ) ;
#2275 = DIRECTION ( 'NONE',  ( 4.081702296416016490E-16, -1.000000000000000000, 0.000000000000000000 ) ) ;
#2276 = STYLED_ITEM ( 'NONE', ( #199 ), #1647 ) ;
#2277 = STYLED_ITEM ( 'NONE', ( #3954 ), #7859 ) ;
#2278 = EDGE_CURVE ( 'NONE', #1206, #8224, #11967, .T. ) ;
#2279 = LINE ( 'NONE', #8975, #5545 ) ;
#2280 = CARTESIAN_POINT ( 'NONE',  ( -12.97915789473683823, 10.92999999999999794, 17.91499999999999915 ) ) ;
#2281 = SURFACE_SIDE_STYLE ('',( #8978 ) ) ;
#2282 = CARTESIAN_POINT ( 'NONE',  ( -21.98663366006990216, 11.09214979631163622, -7.211568908561522662 ) ) ;
#2283 = DIRECTION ( 'NONE',  ( -0.000000000000000000, -0.000000000000000000, -1.000000000000000000 ) ) ;
#2284 = FILL_AREA_STYLE_COLOUR ( '', #9016 ) ;
#2285 =( NAMED_UNIT ( * ) PLANE_ANGLE_UNIT ( ) SI_UNIT ( $, .RADIAN. ) );
#2286 =( GEOMETRIC_REPRESENTATION_CONTEXT ( 3 ) GLOBAL_UNCERTAINTY_ASSIGNED_CONTEXT ( ( #7296 ) ) GLOBAL_UNIT_ASSIGNED_CONTEXT ( ( #1044, #2905, #923 ) ) REPRESENTATION_CONTEXT ( 'NONE', 'WORKASPACE' ) );
#2287 = MECHANICAL_DESIGN_GEOMETRIC_PRESENTATION_REPRESENTATION (  '', ( #6353 ), #4322 ) ;
#2288 = DIRECTION ( 'NONE',  ( 0.000000000000000000, -1.000000000000000000, 0.000000000000000000 ) ) ;
#2289 = CARTESIAN_POINT ( 'NONE',  ( -22.09697713374452022, 11.27385466107113388, 7.085205853979919866 ) ) ;
#2290 = UNCERTAINTY_MEASURE_WITH_UNIT (LENGTH_MEASURE( 1.000000000000000082E-05 ), #8773, 'distance_accuracy_value', 'NONE');
#2291 =( NAMED_UNIT ( * ) SI_UNIT ( $, .STERADIAN. ) SOLID_ANGLE_UNIT ( ) );
#2292 = VERTEX_POINT ( 'NONE', #4875 ) ;
#2293 = ORIENTED_EDGE ( 'NONE', *, *, #813, .F. ) ;
#2294 = ADVANCED_FACE ( 'NONE', ( #8585 ), #1825, .F. ) ;
#2295 = COLOUR_RGB ( '',0.2509803921568627416, 0.2509803921568627416, 0.2509803921568627416 ) ;
#2296 = EDGE_CURVE ( 'NONE', #12222, #6472, #1765, .T. ) ;
#2297 = DIRECTION ( 'NONE',  ( -0.000000000000000000, 0.000000000000000000, 1.000000000000000000 ) ) ;
#2298 =( NAMED_UNIT ( * ) SI_UNIT ( $, .STERADIAN. ) SOLID_ANGLE_UNIT ( ) );
#2299 = FILL_AREA_STYLE ('',( #1586 ) ) ;
#2300 = CARTESIAN_POINT ( 'NONE',  ( 5.755052631578949196, 2.929999999999998384, 17.91499999999999915 ) ) ;
#2301 = VECTOR ( 'NONE', #4403, 999.9999999999998863 ) ;
#2302 = PRESENTATION_STYLE_ASSIGNMENT (( #4969 ) ) ;
#2303 = ORIENTED_EDGE ( 'NONE', *, *, #326, .T. ) ;
#2304 = UNCERTAINTY_MEASURE_WITH_UNIT (LENGTH_MEASURE( 1.000000000000000082E-05 ), #8587, 'distance_accuracy_value', 'NONE');
#2305 = UNCERTAINTY_MEASURE_WITH_UNIT (LENGTH_MEASURE( 1.000000000000000082E-05 ), #12679, 'distance_accuracy_value', 'NONE');
#2306 = CARTESIAN_POINT ( 'NONE',  ( -22.39704597387198959, -0.0009999999999992653654, 14.09077417469095295 ) ) ;
#2307 = MECHANICAL_DESIGN_GEOMETRIC_PRESENTATION_REPRESENTATION (  '', ( #4942 ), #4134 ) ;
#2308 = LINE ( 'NONE', #5289, #3552 ) ;
#2309 = CARTESIAN_POINT ( 'NONE',  ( -6.988421052631579755, 11.22289321881344826, -18.20789321881344236 ) ) ;
#2310 = STYLED_ITEM ( 'NONE', ( #484 ), #8131 ) ;
#2311 = SURFACE_STYLE_USAGE ( .BOTH. , #6375 ) ;
#2312 = ORIENTED_EDGE ( 'NONE', *, *, #5232, .F. ) ;
#2313 = VERTEX_POINT ( 'NONE', #10514 ) ;
#2314 = EDGE_CURVE ( 'NONE', #11306, #2984, #8654, .T. ) ;
#2315 = FILL_AREA_STYLE_COLOUR ( '', #10015 ) ;
#2316 = FILL_AREA_STYLE ('',( #9970 ) ) ;
#2317 =( LENGTH_UNIT ( ) NAMED_UNIT ( * ) SI_UNIT ( .MILLI., .METRE. ) );
#2318 = DIRECTION ( 'NONE',  ( -1.000000000000000000, 0.000000000000000000, 0.000000000000000000 ) ) ;
#2319 = VECTOR ( 'NONE', #11517, 1000.000000000000000 ) ;
#2320 = COLOUR_RGB ( '',0.2509803921568627416, 0.2509803921568627416, 0.2509803921568627416 ) ;
#2321 = DIRECTION ( 'NONE',  ( -1.000000000000000000, 0.000000000000000000, 0.000000000000000000 ) ) ;
#2322 = ORIENTED_EDGE ( 'NONE', *, *, #5386, .F. ) ;
#2323 = MECHANICAL_DESIGN_GEOMETRIC_PRESENTATION_REPRESENTATION (  '', ( #6792 ), #9430 ) ;
#2324 = LINE ( 'NONE', #10113, #6004 ) ;
#2325 = DIRECTION ( 'NONE',  ( 1.000000000000000000, 0.000000000000000000, 0.000000000000000000 ) ) ;
#2326 = DIRECTION ( 'NONE',  ( 0.000000000000000000, 1.000000000000000000, 0.000000000000000000 ) ) ;
#2327 = PRESENTATION_LAYER_ASSIGNMENT (  '', '', ( #12119 ) ) ;
#2328 = VERTEX_POINT ( 'NONE', #3751 ) ;
#2329 = VECTOR ( 'NONE', #233, 1000.000000000000000 ) ;
#2330 = COLOUR_RGB ( '',0.2509803921568627416, 0.2509803921568627416, 0.2509803921568627416 ) ;
#2331 = FILL_AREA_STYLE ('',( #11065 ) ) ;
#2332 = CARTESIAN_POINT ( 'NONE',  ( -10.95515789473684087, 2.929999999999998384, -17.91499999999999204 ) ) ;
#2333 = ORIENTED_EDGE ( 'NONE', *, *, #7480, .F. ) ;
#2334 =( BOUNDED_CURVE ( )  B_SPLINE_CURVE ( 3, ( #10028, #2309, #3277, #1153 ),
 .UNSPECIFIED., .F., .F. ) 
 B_SPLINE_CURVE_WITH_KNOTS ( ( 4, 4 ),
 ( 1.570796326794896336, 3.141592653589792672 ),
 .UNSPECIFIED. ) 
 CURVE ( )  GEOMETRIC_REPRESENTATION_ITEM ( )  RATIONAL_B_SPLINE_CURVE ( ( 1.000000000000000000, 0.8047378541243650485, 0.8047378541243650485, 1.000000000000000000 ) ) 
 REPRESENTATION_ITEM ( '' )  );
#2335 = CARTESIAN_POINT ( 'NONE',  ( -16.47452631578947191, 11.42999999999999972, -18.41499999999999559 ) ) ;
#2336 = DIRECTION ( 'NONE',  ( 1.000000000000000000, 0.000000000000000000, 0.000000000000000000 ) ) ;
#2337 = EDGE_LOOP ( 'NONE', ( #1794, #7953, #2628, #4144 ) ) ;
#2338 = ADVANCED_FACE ( 'NONE', ( #5643 ), #4273, .T. ) ;
#2339 =( LENGTH_UNIT ( ) NAMED_UNIT ( * ) SI_UNIT ( .MILLI., .METRE. ) );
#2340 = VECTOR ( 'NONE', #7445, 1000.000000000000000 ) ;
#2341 = MECHANICAL_DESIGN_GEOMETRIC_PRESENTATION_REPRESENTATION (  '', ( #492 ), #3765 ) ;
#2342 = VECTOR ( 'NONE', #11944, 1000.000000000000000 ) ;
#2343 =( LENGTH_UNIT ( ) NAMED_UNIT ( * ) SI_UNIT ( .MILLI., .METRE. ) );
#2344 = UNCERTAINTY_MEASURE_WITH_UNIT (LENGTH_MEASURE( 1.000000000000000082E-05 ), #10133, 'distance_accuracy_value', 'NONE');
#2345 = CARTESIAN_POINT ( 'NONE',  ( -17.72021356188092867, 2.344499298387705544, -12.17921356188096382 ) ) ;
#2346 = CYLINDRICAL_SURFACE ( 'NONE', #1776, 0.5000000000000004441 ) ;
#2347 = AXIS2_PLACEMENT_3D ( 'NONE', #11579, #7518, #9694 ) ;
#2348 = LINE ( 'NONE', #7301, #6633 ) ;
#2349 = SURFACE_STYLE_FILL_AREA ( #3434 ) ;
#2350 =( LENGTH_UNIT ( ) NAMED_UNIT ( * ) SI_UNIT ( .MILLI., .METRE. ) );
#2351 =( GEOMETRIC_REPRESENTATION_CONTEXT ( 3 ) GLOBAL_UNCERTAINTY_ASSIGNED_CONTEXT ( ( #3735 ) ) GLOBAL_UNIT_ASSIGNED_CONTEXT ( ( #3266, #11028, #2291 ) ) REPRESENTATION_CONTEXT ( 'NONE', 'WORKASPACE' ) );
#2352 = DIRECTION ( 'NONE',  ( -0.000000000000000000, 1.000000000000000000, 0.000000000000000000 ) ) ;
#2353 = AXIS2_PLACEMENT_3D ( 'NONE', #9050, #4503, #3753 ) ;
#2354 = MECHANICAL_DESIGN_GEOMETRIC_PRESENTATION_REPRESENTATION (  '', ( #9256 ), #4381 ) ;
#2355 = SURFACE_STYLE_FILL_AREA ( #1568 ) ;
#2356 = PRESENTATION_LAYER_ASSIGNMENT (  '', '', ( #6410 ) ) ;
#2357 = STYLED_ITEM ( 'NONE', ( #12538 ), #2806 ) ;
#2358 =( NAMED_UNIT ( * ) SI_UNIT ( $, .STERADIAN. ) SOLID_ANGLE_UNIT ( ) );
#2359 = EDGE_CURVE ( 'NONE', #3746, #9138, #7482, .T. ) ;
#2360 = PLANE ( 'NONE',  #11235 ) ;
#2361 = FILL_AREA_STYLE_COLOUR ( '', #10547 ) ;
#2362 = EDGE_CURVE ( 'NONE', #4824, #320, #2073, .T. ) ;
#2363 = DIRECTION ( 'NONE',  ( 1.000000000000000000, -0.000000000000000000, -0.000000000000000000 ) ) ;
#2364 = VECTOR ( 'NONE', #8791, 1000.000000000000000 ) ;
#2365 = SURFACE_STYLE_USAGE ( .BOTH. , #3322 ) ;
#2366 = CARTESIAN_POINT ( 'NONE',  ( -13.47915789473683823, 11.42999999999999972, -18.41499999999999559 ) ) ;
#2367 = PRESENTATION_LAYER_ASSIGNMENT (  '', '', ( #11314 ) ) ;
#2368 = PRESENTATION_LAYER_ASSIGNMENT (  '', '', ( #5381 ) ) ;
#2370 = STYLED_ITEM ( 'NONE', ( #8125 ), #2454 ) ;
#2369 =( NAMED_UNIT ( * ) PLANE_ANGLE_UNIT ( ) SI_UNIT ( $, .RADIAN. ) );
#2371 = B_SPLINE_CURVE_WITH_KNOTS ( 'NONE', 3,
 ( #6637, #8359, #3467, #1540, #6516, #12416 ),
 .UNSPECIFIED., .F., .F.,
 ( 4, 2, 4 ),
 ( -4.979245483870203151E-06, 0.0004115536552922343695, 0.0008280865560683389574 ),
 .UNSPECIFIED. ) ;
#2372 = PRESENTATION_STYLE_ASSIGNMENT (( #7062 ) ) ;
#2373 =( LENGTH_UNIT ( ) NAMED_UNIT ( * ) SI_UNIT ( .MILLI., .METRE. ) );
#2374 = CARTESIAN_POINT ( 'NONE',  ( -19.02843021557044523, 11.16741886621128010, -8.720635917548030136 ) ) ;
#2375 = ORIENTED_EDGE ( 'NONE', *, *, #1338, .T. ) ;
#2376 = ORIENTED_EDGE ( 'NONE', *, *, #8199, .T. ) ;
#2377 = PRESENTATION_LAYER_ASSIGNMENT (  '', '', ( #4395 ) ) ;
#2378 = SURFACE_STYLE_USAGE ( .BOTH. , #10905 ) ;
#2379 = DIRECTION ( 'NONE',  ( 0.000000000000000000, 0.000000000000000000, 1.000000000000000000 ) ) ;
#2380 =( GEOMETRIC_REPRESENTATION_CONTEXT ( 3 ) GLOBAL_UNCERTAINTY_ASSIGNED_CONTEXT ( ( #10566 ) ) GLOBAL_UNIT_ASSIGNED_CONTEXT ( ( #10166, #1291, #1413 ) ) REPRESENTATION_CONTEXT ( 'NONE', 'WORKASPACE' ) );
#2381 = SURFACE_STYLE_USAGE ( .BOTH. , #3332 ) ;
#2382 = PRESENTATION_STYLE_ASSIGNMENT (( #10909 ) ) ;
#2383 =( NAMED_UNIT ( * ) PLANE_ANGLE_UNIT ( ) SI_UNIT ( $, .RADIAN. ) );
#2384 = VERTEX_POINT ( 'NONE', #1055 ) ;
#2385 = DIRECTION ( 'NONE',  ( 0.000000000000000000, 0.000000000000000000, -1.000000000000000000 ) ) ;
#2386 = EDGE_CURVE ( 'NONE', #12335, #2889, #9785, .T. ) ;
#2387 = CARTESIAN_POINT ( 'NONE',  ( -11.45515789473684087, 10.92999999999999794, -17.91499999999999204 ) ) ;
#2388 = CARTESIAN_POINT ( 'NONE',  ( 24.48926315789472952, 11.42999999999999972, -18.41499999999999915 ) ) ;
#2389 = ADVANCED_FACE ( 'NONE', ( #5896 ), #2264, .F. ) ;
#2390 = PRESENTATION_LAYER_ASSIGNMENT (  '', '', ( #5010 ) ) ;
#2391 = SURFACE_SIDE_STYLE ('',( #8219 ) ) ;
#2392 = EDGE_CURVE ( 'NONE', #9450, #1737, #4000, .T. ) ;
#2393 = DIRECTION ( 'NONE',  ( 0.6360782202777651717, 0.000000000000000000, 0.7716245833877191096 ) ) ;
#2394 = CARTESIAN_POINT ( 'NONE',  ( -1.497684210526308624, 2.929999999999998384, 17.91499999999999915 ) ) ;
#2395 = PRESENTATION_STYLE_ASSIGNMENT (( #2311 ) ) ;
#2396 = EDGE_LOOP ( 'NONE', ( #10617, #1481, #12424, #3203 ) ) ;
#2397 = SURFACE_SIDE_STYLE ('',( #3283 ) ) ;
#2398 = ORIENTED_EDGE ( 'NONE', *, *, #63, .T. ) ;
#2399 =( NAMED_UNIT ( * ) SI_UNIT ( $, .STERADIAN. ) SOLID_ANGLE_UNIT ( ) );
#2400 = VECTOR ( 'NONE', #293, 1000.000000000000000 ) ;
#2401 = SURFACE_SIDE_STYLE ('',( #9081 ) ) ;
#2402 = CYLINDRICAL_SURFACE ( 'NONE', #3693, 0.5000000000000000000 ) ;
#2403 = EDGE_LOOP ( 'NONE', ( #5766, #9146, #10462 ) ) ;
#2404 =( NAMED_UNIT ( * ) PLANE_ANGLE_UNIT ( ) SI_UNIT ( $, .RADIAN. ) );
#2405 = CARTESIAN_POINT ( 'NONE',  ( -28.95599999999999596, 11.42999999999999972, 18.41499999999999915 ) ) ;
#2406 = CARTESIAN_POINT ( 'NONE',  ( -28.07018770830613619, 0.5000000000000000000, 15.98132094865076169 ) ) ;
#2407 = ORIENTED_EDGE ( 'NONE', *, *, #5386, .T. ) ;
#2408 = SURFACE_SIDE_STYLE ('',( #11194 ) ) ;
#2409 = ORIENTED_EDGE ( 'NONE', *, *, #4530, .F. ) ;
#2410 = CARTESIAN_POINT ( 'NONE',  ( -28.45599999999999596, 1.778000000000000025, 16.16328183851187816 ) ) ;
#2411 = FILL_AREA_STYLE ('',( #12047 ) ) ;
#2412 = ORIENTED_EDGE ( 'NONE', *, *, #695, .F. ) ;
#2413 = CARTESIAN_POINT ( 'NONE',  ( 13.97915789473684001, 10.92999999999999794, -17.91499999999999204 ) ) ;
#2414 = DIRECTION ( 'NONE',  ( -6.938893903907222067E-15, 0.000000000000000000, -1.000000000000000000 ) ) ;
#2415 = DIRECTION ( 'NONE',  ( -0.000000000000000000, 1.000000000000000000, 0.000000000000000000 ) ) ;
#2416 = PRESENTATION_LAYER_ASSIGNMENT (  '', '', ( #7881 ) ) ;
#2417 =( NAMED_UNIT ( * ) SI_UNIT ( $, .STERADIAN. ) SOLID_ANGLE_UNIT ( ) );
#2418 = LINE ( 'NONE', #6223, #3622 ) ;
#2419 =( BOUNDED_CURVE ( )  B_SPLINE_CURVE ( 3, ( #1508, #4318, #9044, #7307 ),
 .UNSPECIFIED., .F., .F. ) 
 B_SPLINE_CURVE_WITH_KNOTS ( ( 4, 4 ),
 ( 0.000000000000000000, 1.570796326794896558 ),
 .UNSPECIFIED. ) 
 CURVE ( )  GEOMETRIC_REPRESENTATION_ITEM ( )  RATIONAL_B_SPLINE_CURVE ( ( 1.000000000000000000, 0.8047378541243649375, 0.8047378541243649375, 1.000000000000000000 ) ) 
 REPRESENTATION_ITEM ( '' )  );
#2420 = SURFACE_STYLE_FILL_AREA ( #1320 ) ;
#2421 = PRODUCT_DEFINITION ( 'UNKNOWN', '', #6625, #4244 ) ;
#2422 = FACE_OUTER_BOUND ( 'NONE', #10178, .T. ) ;
#2423 = VECTOR ( 'NONE', #11865, 1000.000000000000000 ) ;
#2424 = CARTESIAN_POINT ( 'NONE',  ( -10.95515789473684087, 11.42999999999999972, -17.91499999999999204 ) ) ;
#2425 = PRESENTATION_STYLE_ASSIGNMENT (( #11149 ) ) ;
#2426 = CARTESIAN_POINT ( 'NONE',  ( 13.00778947368420901, 10.92999999999999794, 0.000000000000000000 ) ) ;
#2427 = FILL_AREA_STYLE_COLOUR ( '', #11771 ) ;
#2428 = COLOUR_RGB ( '',0.2509803921568627416, 0.2509803921568627416, 0.2509803921568627416 ) ;
#2429 = SURFACE_SIDE_STYLE ('',( #11154 ) ) ;
#2430 = DIRECTION ( 'NONE',  ( -0.7716245833877191096, 0.000000000000000000, 0.6360782202777650607 ) ) ;
#2431 = ADVANCED_FACE ( 'NONE', ( #20 ), #9926, .F. ) ;
#2432 = UNCERTAINTY_MEASURE_WITH_UNIT (LENGTH_MEASURE( 1.000000000000000082E-05 ), #1299, 'distance_accuracy_value', 'NONE');
#2433 =( NAMED_UNIT ( * ) SI_UNIT ( $, .STERADIAN. ) SOLID_ANGLE_UNIT ( ) );
#2434 = MECHANICAL_DESIGN_GEOMETRIC_PRESENTATION_REPRESENTATION (  '', ( #6284 ), #8108 ) ;
#2435 = ORIENTED_EDGE ( 'NONE', *, *, #10318, .F. ) ;
#2436 = CARTESIAN_POINT ( 'NONE',  ( 7.988421052631575314, 11.22289321881345536, 18.20789321881345302 ) ) ;
#2437 = CARTESIAN_POINT ( 'NONE',  ( 25.23276631782186286, 0.000000000000000000, -11.75318671517016433 ) ) ;
#2438 = PRESENTATION_LAYER_ASSIGNMENT (  '', '', ( #7098 ) ) ;
#2439 = DIRECTION ( 'NONE',  ( 1.000000000000000000, 0.000000000000000000, 0.000000000000000000 ) ) ;
#2440 = DIRECTION ( 'NONE',  ( 4.081702296416016490E-16, -1.000000000000000000, 0.000000000000000000 ) ) ;
#2441 = AXIS2_PLACEMENT_3D ( 'NONE', #12593, #5524, #2801 ) ;
#2442 = VERTEX_POINT ( 'NONE', #11007 ) ;
#2443 = FILL_AREA_STYLE_COLOUR ( '', #5354 ) ;
#2444 = UNCERTAINTY_MEASURE_WITH_UNIT (LENGTH_MEASURE( 1.000000000000000082E-05 ), #9442, 'distance_accuracy_value', 'NONE');
#2445 = CARTESIAN_POINT ( 'NONE',  ( 24.84695402612800308, 1.778000000000000025, 12.07122582530904786 ) ) ;
#2446 = FILL_AREA_STYLE_COLOUR ( '', #3986 ) ;
#2447 = FACE_OUTER_BOUND ( 'NONE', #8715, .T. ) ;
#2448 = EDGE_CURVE ( 'NONE', #10546, #6603, #6086, .T. ) ;
#2449 = PRESENTATION_LAYER_ASSIGNMENT (  '', '', ( #10581 ) ) ;
#2450 =( LENGTH_UNIT ( ) NAMED_UNIT ( * ) SI_UNIT ( .MILLI., .METRE. ) );
#2451 = VERTEX_POINT ( 'NONE', #9028 ) ;
#2452 = DIRECTION ( 'NONE',  ( 1.000000000000000000, 0.000000000000000000, 0.000000000000000000 ) ) ;
#2453 = EDGE_LOOP ( 'NONE', ( #12351, #3653, #714, #11911 ) ) ;
#2454 = ADVANCED_FACE ( 'NONE', ( #6150 ), #1312, .F. ) ;
#2455 = PRESENTATION_STYLE_ASSIGNMENT (( #10218 ) ) ;
#2456 =( NAMED_UNIT ( * ) PLANE_ANGLE_UNIT ( ) SI_UNIT ( $, .RADIAN. ) );
#2457 =( LENGTH_UNIT ( ) NAMED_UNIT ( * ) SI_UNIT ( .MILLI., .METRE. ) );
#2458 = DIRECTION ( 'NONE',  ( 0.000000000000000000, 1.000000000000000000, 0.000000000000000000 ) ) ;
#2459 = ORIENTED_EDGE ( 'NONE', *, *, #11828, .F. ) ;
#2460 = DIRECTION ( 'NONE',  ( 1.000000000000000000, -0.000000000000000000, -0.000000000000000000 ) ) ;
#2461 = FILL_AREA_STYLE_COLOUR ( '', #6618 ) ;
#2462 =( LENGTH_UNIT ( ) NAMED_UNIT ( * ) SI_UNIT ( .MILLI., .METRE. ) );
#2463 = AXIS2_PLACEMENT_3D ( 'NONE', #3959, #9750, #9888 ) ;
#2464 = PRESENTATION_LAYER_ASSIGNMENT (  '', '', ( #6311 ) ) ;
#2465 = CARTESIAN_POINT ( 'NONE',  ( 7.781314271445026520, 11.42999999999999794, -18.41499999999999559 ) ) ;
#2466 = DIRECTION ( 'NONE',  ( 0.000000000000000000, 0.000000000000000000, -1.000000000000000000 ) ) ;
#2467 = VERTEX_POINT ( 'NONE', #12177 ) ;
#2468 = CARTESIAN_POINT ( 'NONE',  ( 28.45599999999999596, 1.277999999999999581, 18.41499999999999915 ) ) ;
#2469 = SURFACE_STYLE_USAGE ( .BOTH. , #2408 ) ;
#2470 = ORIENTED_EDGE ( 'NONE', *, *, #7944, .T. ) ;
#2471 = ADVANCED_FACE ( 'NONE', ( #2530 ), #1373, .F. ) ;
#2472 = SURFACE_STYLE_FILL_AREA ( #6146 ) ;
#2473 = STYLED_ITEM ( 'NONE', ( #5369 ), #3228 ) ;
#2474 = AXIS2_PLACEMENT_3D ( 'NONE', #6006, #57, #8760 ) ;
#2475 = VERTEX_POINT ( 'NONE', #9166 ) ;
#2476 = CARTESIAN_POINT ( 'NONE',  ( 19.59351857587653711, 11.42999999999999972, -7.805086329042153714 ) ) ;
#2477 = DIRECTION ( 'NONE',  ( -0.000000000000000000, -0.000000000000000000, 1.000000000000000000 ) ) ;
#2478 = UNCERTAINTY_MEASURE_WITH_UNIT (LENGTH_MEASURE( 1.000000000000000082E-05 ), #5250, 'distance_accuracy_value', 'NONE');
#2479 = CARTESIAN_POINT ( 'NONE',  ( -28.16678427309527422, 0.3481372860920185497, -16.09850195200213818 ) ) ;
#2480 = CYLINDRICAL_SURFACE ( 'NONE', #11156, 0.5000000000000004441 ) ;
#2481 = STYLED_ITEM ( 'NONE', ( #7088 ), #3468 ) ;
#2482 = DIRECTION ( 'NONE',  ( 0.000000000000000000, -1.000000000000000000, 0.000000000000000000 ) ) ;
#2483 = EDGE_CURVE ( 'NONE', #461, #10054, #11136, .T. ) ;
#2484 = VERTEX_POINT ( 'NONE', #2413 ) ;
#2485 =( NAMED_UNIT ( * ) SI_UNIT ( $, .STERADIAN. ) SOLID_ANGLE_UNIT ( ) );
#2486 = DIRECTION ( 'NONE',  ( -0.000000000000000000, 1.000000000000000000, 0.000000000000000000 ) ) ;
#2487 = PLANE ( 'NONE',  #4954 ) ;
#2488 = CARTESIAN_POINT ( 'NONE',  ( 17.73652631578947592, 2.929999999999998384, -18.41499999999999559 ) ) ;
#2489 =( GEOMETRIC_REPRESENTATION_CONTEXT ( 3 ) GLOBAL_UNCERTAINTY_ASSIGNED_CONTEXT ( ( #10834 ) ) GLOBAL_UNIT_ASSIGNED_CONTEXT ( ( #6262, #7275, #1539 ) ) REPRESENTATION_CONTEXT ( 'NONE', 'WORKASPACE' ) );
#2490 = ADVANCED_FACE ( 'NONE', ( #5431 ), #7407, .T. ) ;
#2491 = VERTEX_POINT ( 'NONE', #793 ) ;
#2492 = FILL_AREA_STYLE ('',( #12464 ) ) ;
#2493 = EDGE_CURVE ( 'NONE', #10532, #67, #10427, .T. ) ;
#2494 = DIRECTION ( 'NONE',  ( 0.000000000000000000, 0.000000000000000000, -1.000000000000000000 ) ) ;
#2495 = CARTESIAN_POINT ( 'NONE',  ( -16.47452631578947191, 11.43000000000000504, -18.41499999999999559 ) ) ;
#2496 = ORIENTED_EDGE ( 'NONE', *, *, #3451, .F. ) ;
#2497 = PRESENTATION_LAYER_ASSIGNMENT (  '', '', ( #8998 ) ) ;
#2499 = EDGE_CURVE ( 'NONE', #2442, #3097, #8087, .T. ) ;
#2498 =( NAMED_UNIT ( * ) PLANE_ANGLE_UNIT ( ) SI_UNIT ( $, .RADIAN. ) );
#2500 = VECTOR ( 'NONE', #8655, 1000.000000000000000 ) ;
#2501 = CARTESIAN_POINT ( 'NONE',  ( -0.9976842105263136196, 10.92999999999999794, 17.91499999999999915 ) ) ;
#2502 = PRESENTATION_STYLE_ASSIGNMENT (( #4339 ) ) ;
#2503 = FACE_OUTER_BOUND ( 'NONE', #7740, .T. ) ;
#2504 = CARTESIAN_POINT ( 'NONE',  ( 22.01123368217812981, 0.5000000000000000000, 14.40881328482983648 ) ) ;
#2505 = CARTESIAN_POINT ( 'NONE',  ( -17.22021356188092867, 2.144423844158112935, -18.41499999999999559 ) ) ;
#2506 = VERTEX_POINT ( 'NONE', #734 ) ;
#2507 = COLOUR_RGB ( '',0.2509803921568627416, 0.2509803921568627416, 0.2509803921568627416 ) ;
#2508 = FACE_OUTER_BOUND ( 'NONE', #11099, .T. ) ;
#2509 = EDGE_LOOP ( 'NONE', ( #5397, #8300, #2619, #5812, #3412, #12668, #11496, #9385, #3039, #9723 ) ) ;
#2510 = CARTESIAN_POINT ( 'NONE',  ( 1.997684210526318171, 11.22289321881345536, 18.20789321881345302 ) ) ;
#2511 = FACE_OUTER_BOUND ( 'NONE', #3048, .T. ) ;
#2512 = DIRECTION ( 'NONE',  ( 1.000000000000000000, 0.000000000000000000, 0.000000000000000000 ) ) ;
#2513 = CARTESIAN_POINT ( 'NONE',  ( 4.021684210526315972, 11.42999999999999972, 17.91499999999999915 ) ) ;
#2514 = CARTESIAN_POINT ( 'NONE',  ( 22.96526315789473216, 11.11081397585120456, 7.179213561880926520 ) ) ;
#2515 = ORIENTED_EDGE ( 'NONE', *, *, #1641, .F. ) ;
#2516 = ADVANCED_FACE ( 'NONE', ( #8445 ), #11593, .F. ) ;
#2517 = LINE ( 'NONE', #12361, #10238 ) ;
#2518 = LINE ( 'NONE', #5119, #6819 ) ;
#2519 = AXIS2_PLACEMENT_3D ( 'NONE', #2424, #8200, #5018 ) ;
#2520 = SURFACE_SIDE_STYLE ('',( #11244 ) ) ;
#2521 = DIRECTION ( 'NONE',  ( -0.7716245833877181104, 0.000000000000000000, -0.6360782202777660599 ) ) ;
#2522 = ORIENTED_EDGE ( 'NONE', *, *, #8987, .F. ) ;
#2523 = DIRECTION ( 'NONE',  ( -4.081702296416016490E-16, 1.000000000000000000, -0.000000000000000000 ) ) ;
#2524 = ORIENTED_EDGE ( 'NONE', *, *, #2160, .T. ) ;
#2525 = CARTESIAN_POINT ( 'NONE',  ( 23.62199999999999633, 1.778000000000000025, -13.08100000000000840 ) ) ;
#2526 = VECTOR ( 'NONE', #11688, 1000.000000000000000 ) ;
#2527 = DIRECTION ( 'NONE',  ( -0.000000000000000000, 1.000000000000000000, 0.000000000000000000 ) ) ;
#2528 = VERTEX_POINT ( 'NONE', #5756 ) ;
#2529 =( NAMED_UNIT ( * ) SI_UNIT ( $, .STERADIAN. ) SOLID_ANGLE_UNIT ( ) );
#2530 = FACE_OUTER_BOUND ( 'NONE', #328, .T. ) ;
#2531 =( LENGTH_UNIT ( ) NAMED_UNIT ( * ) SI_UNIT ( .MILLI., .METRE. ) );
#2532 = AXIS2_PLACEMENT_3D ( 'NONE', #9195, #10212, #4461 ) ;
#2533 = STYLED_ITEM ( 'NONE', ( #11548 ), #9507 ) ;
#2534 = MECHANICAL_DESIGN_GEOMETRIC_PRESENTATION_REPRESENTATION (  '', ( #3554 ), #4156 ) ;
#2535 = ORIENTED_EDGE ( 'NONE', *, *, #9644, .F. ) ;
#2536 = DIRECTION ( 'NONE',  ( -4.081702296416016490E-16, 1.000000000000000000, -0.000000000000000000 ) ) ;
#2537 = ADVANCED_FACE ( 'NONE', ( #920 ), #7242, .T. ) ;
#2538 = SURFACE_STYLE_USAGE ( .BOTH. , #8325 ) ;
#2539 = CARTESIAN_POINT ( 'NONE',  ( 17.72021356188092867, 1.778000000000000025, -17.91499999999999559 ) ) ;
#2540 =( GEOMETRIC_REPRESENTATION_CONTEXT ( 3 ) GLOBAL_UNCERTAINTY_ASSIGNED_CONTEXT ( ( #9463 ) ) GLOBAL_UNIT_ASSIGNED_CONTEXT ( ( #11027, #11157, #4139 ) ) REPRESENTATION_CONTEXT ( 'NONE', 'WORKASPACE' ) );
#2541 = CARTESIAN_POINT ( 'NONE',  ( 17.22021356188092867, 1.778000000000000025, 17.91499999999999915 ) ) ;
#2542 = ORIENTED_EDGE ( 'NONE', *, *, #11950, .F. ) ;
#2543 = VECTOR ( 'NONE', #7412, 1000.000000000000000 ) ;
#2544 = DIRECTION ( 'NONE',  ( 0.000000000000000000, 0.000000000000000000, 1.000000000000000000 ) ) ;
#2545 = CARTESIAN_POINT ( 'NONE',  ( -21.65747997036271855, 2.309675200473403134, 7.292879258347432447 ) ) ;
#2546 = SURFACE_STYLE_FILL_AREA ( #12260 ) ;
#2547 = FILL_AREA_STYLE ('',( #556 ) ) ;
#2548 = STYLED_ITEM ( 'NONE', ( #7761 ), #12157 ) ;
#2549 =( GEOMETRIC_REPRESENTATION_CONTEXT ( 3 ) GLOBAL_UNCERTAINTY_ASSIGNED_CONTEXT ( ( #6539 ) ) GLOBAL_UNIT_ASSIGNED_CONTEXT ( ( #1696, #558, #4567 ) ) REPRESENTATION_CONTEXT ( 'NONE', 'WORKASPACE' ) );
#2550 = AXIS2_PLACEMENT_3D ( 'NONE', #5605, #11696, #9566 ) ;
#2551 = DIRECTION ( 'NONE',  ( 0.000000000000000000, -1.000000000000000000, -0.000000000000000000 ) ) ;
#2552 = AXIS2_PLACEMENT_3D ( 'NONE', #265, #9210, #1233 ) ;
#2553 = CARTESIAN_POINT ( 'NONE',  ( -21.98663342541189891, 11.09214893877767949, 7.211569183275291728 ) ) ;
#2554 = UNCERTAINTY_MEASURE_WITH_UNIT (LENGTH_MEASURE( 1.000000000000000082E-05 ), #8418, 'distance_accuracy_value', 'NONE');
#2555 = EDGE_LOOP ( 'NONE', ( #112, #11177, #4554, #11250 ) ) ;
#2556 = SURFACE_STYLE_FILL_AREA ( #5653 ) ;
#2557 =( GEOMETRIC_REPRESENTATION_CONTEXT ( 3 ) GLOBAL_UNCERTAINTY_ASSIGNED_CONTEXT ( ( #2344 ) ) GLOBAL_UNIT_ASSIGNED_CONTEXT ( ( #10133, #3375, #9107 ) ) REPRESENTATION_CONTEXT ( 'NONE', 'WORKASPACE' ) );
#2558 = CARTESIAN_POINT ( 'NONE',  ( -28.07018770830613619, -0.0009999999999992653654, 15.98132094865076169 ) ) ;
#2559 = PRESENTATION_LAYER_ASSIGNMENT (  '', '', ( #8444 ) ) ;
#2560 = PRESENTATION_LAYER_ASSIGNMENT (  '', '', ( #11315 ) ) ;
#2561 = ORIENTED_EDGE ( 'NONE', *, *, #11402, .F. ) ;
#2562 = PRESENTATION_STYLE_ASSIGNMENT (( #8347 ) ) ;
#2563 = MECHANICAL_DESIGN_GEOMETRIC_PRESENTATION_REPRESENTATION (  '', ( #921 ), #8459 ) ;
#2564 = PRESENTATION_STYLE_ASSIGNMENT (( #8406 ) ) ;
#2565 = SURFACE_STYLE_USAGE ( .BOTH. , #572 ) ;
#2566 = CYLINDRICAL_SURFACE ( 'NONE', #4416, 0.5000000000000003331 ) ;
#2567 = SURFACE_STYLE_FILL_AREA ( #4277 ) ;
#2568 = ORIENTED_EDGE ( 'NONE', *, *, #3025, .T. ) ;
#2569 = CIRCLE ( 'NONE', #8879, 5.499999999999996447 ) ;
#2570 = EDGE_CURVE ( 'NONE', #4082, #177, #7034, .T. ) ;
#2571 = STYLED_ITEM ( 'NONE', ( #9904 ), #2585 ) ;
#2572 = ORIENTED_EDGE ( 'NONE', *, *, #3232, .T. ) ;
#2573 = ORIENTED_EDGE ( 'NONE', *, *, #5632, .F. ) ;
#2574 = SURFACE_STYLE_FILL_AREA ( #11438 ) ;
#2575 = CARTESIAN_POINT ( 'NONE',  ( 22.96526315789473216, 10.92999999999999794, 7.179213561880927408 ) ) ;
#2576 = EDGE_LOOP ( 'NONE', ( #8484, #242, #918, #775 ) ) ;
#2577 = DIRECTION ( 'NONE',  ( -0.000000000000000000, -0.000000000000000000, -1.000000000000000000 ) ) ;
#2578 =( GEOMETRIC_REPRESENTATION_CONTEXT ( 3 ) GLOBAL_UNCERTAINTY_ASSIGNED_CONTEXT ( ( #9523 ) ) GLOBAL_UNIT_ASSIGNED_CONTEXT ( ( #10046, #3294, #7153 ) ) REPRESENTATION_CONTEXT ( 'NONE', 'WORKASPACE' ) );
#2579 = CYLINDRICAL_SURFACE ( 'NONE', #6409, 0.5000000000000004441 ) ;
#2580 = SURFACE_STYLE_USAGE ( .BOTH. , #2520 ) ;
#2581 = FACE_OUTER_BOUND ( 'NONE', #3003, .T. ) ;
#2582 = CARTESIAN_POINT ( 'NONE',  ( 14.74115789473684224, 2.929999999999998384, 18.41499999999999915 ) ) ;
#2583 = ORIENTED_EDGE ( 'NONE', *, *, #1465, .F. ) ;
#2584 = DIRECTION ( 'NONE',  ( -0.000000000000000000, -0.000000000000000000, 1.000000000000000000 ) ) ;
#2585 = ADVANCED_FACE ( 'NONE', ( #9709 ), #10736, .T. ) ;
#2586 = CARTESIAN_POINT ( 'NONE',  ( 4.993052631578946965, 10.92999999999999794, -17.91499999999999204 ) ) ;
#2587 = ORIENTED_EDGE ( 'NONE', *, *, #12623, .T. ) ;
#2588 = AXIS2_PLACEMENT_3D ( 'NONE', #11901, #7774, #5867 ) ;
#2589 = LINE ( 'NONE', #7467, #6736 ) ;
#2590 =( NAMED_UNIT ( * ) SI_UNIT ( $, .STERADIAN. ) SOLID_ANGLE_UNIT ( ) );
#2591 = ORIENTED_EDGE ( 'NONE', *, *, #3681, .F. ) ;
#2592 = LINE ( 'NONE', #5558, #2939 ) ;
#2593 = UNCERTAINTY_MEASURE_WITH_UNIT (LENGTH_MEASURE( 1.000000000000000082E-05 ), #5116, 'distance_accuracy_value', 'NONE');
#2594 = UNCERTAINTY_MEASURE_WITH_UNIT (LENGTH_MEASURE( 1.000000000000000082E-05 ), #10274, 'distance_accuracy_value', 'NONE');
#2595 = MECHANICAL_DESIGN_GEOMETRIC_PRESENTATION_REPRESENTATION (  '', ( #10326 ), #1673 ) ;
#2596 = CARTESIAN_POINT ( 'NONE',  ( 16.97452631578947546, 11.42999999999999972, -18.41499999999999915 ) ) ;
#2597 =( LENGTH_UNIT ( ) NAMED_UNIT ( * ) SI_UNIT ( .MILLI., .METRE. ) );
#2598 = ORIENTED_EDGE ( 'NONE', *, *, #7572, .F. ) ;
#2599 = PRESENTATION_LAYER_ASSIGNMENT (  '', '', ( #10939 ) ) ;
#2600 = ADVANCED_FACE ( 'NONE', ( #6907 ), #12377, .T. ) ;
#2601 = ORIENTED_EDGE ( 'NONE', *, *, #2722, .T. ) ;
#2602 = DIRECTION ( 'NONE',  ( -4.081702296416016490E-16, 1.000000000000000000, -0.000000000000000000 ) ) ;
#2603 = EDGE_LOOP ( 'NONE', ( #5987, #1451, #6376, #7623, #5566, #4839, #8884, #12571 ) ) ;
#2604 = DIRECTION ( 'NONE',  ( 0.000000000000000000, 0.000000000000000000, -1.000000000000000000 ) ) ;
#2605 = EDGE_CURVE ( 'NONE', #3464, #9886, #3798, .T. ) ;
#2606 = DIRECTION ( 'NONE',  ( 1.000000000000000000, 0.000000000000000000, 0.000000000000000000 ) ) ;
#2607 =( GEOMETRIC_REPRESENTATION_CONTEXT ( 3 ) GLOBAL_UNCERTAINTY_ASSIGNED_CONTEXT ( ( #7255 ) ) GLOBAL_UNIT_ASSIGNED_CONTEXT ( ( #2066, #4999, #9839 ) ) REPRESENTATION_CONTEXT ( 'NONE', 'WORKASPACE' ) );
#2608 = DIRECTION ( 'NONE',  ( -0.000000000000000000, 1.000000000000000000, -0.000000000000000000 ) ) ;
#2609 = ORIENTED_EDGE ( 'NONE', *, *, #2006, .T. ) ;
#2610 = CARTESIAN_POINT ( 'NONE',  ( -23.62199999999999633, 0.000000000000000000, 10.99350000000000449 ) ) ;
#2611 = EDGE_CURVE ( 'NONE', #516, #836, #2975, .T. ) ;
#2612 = CARTESIAN_POINT ( 'NONE',  ( -5.464421052631579734, 11.22289321881345536, -18.20789321881344591 ) ) ;
#2613 = ORIENTED_EDGE ( 'NONE', *, *, #86, .F. ) ;
#2614 = CARTESIAN_POINT ( 'NONE',  ( 21.40277101828169748, 2.514207698631071519, -7.353342797427149691 ) ) ;
#2615 = CARTESIAN_POINT ( 'NONE',  ( -1.969052631578948276, 11.42999999999999972, 0.000000000000000000 ) ) ;
#2616 = PRESENTATION_LAYER_ASSIGNMENT (  '', '', ( #12633 ) ) ;
#2617 = CARTESIAN_POINT ( 'NONE',  ( -7.959789473684211636, 11.42999999999999972, 18.41499999999999915 ) ) ;
#2618 = DIRECTION ( 'NONE',  ( -0.000000000000000000, -0.000000000000000000, 1.000000000000000000 ) ) ;
#2619 = ORIENTED_EDGE ( 'NONE', *, *, #463, .T. ) ;
#2620 =( LENGTH_UNIT ( ) NAMED_UNIT ( * ) SI_UNIT ( .MILLI., .METRE. ) );
#2621 = COLOUR_RGB ( '',0.2509803921568627416, 0.2509803921568627416, 0.2509803921568627416 ) ;
#2622 = ORIENTED_EDGE ( 'NONE', *, *, #643, .T. ) ;
#2623 = SURFACE_STYLE_FILL_AREA ( #4648 ) ;
#2624 = LINE ( 'NONE', #706, #10312 ) ;
#2625 = VERTEX_POINT ( 'NONE', #972 ) ;
#2626 = ADVANCED_FACE ( 'NONE', ( #7783 ), #4860, .F. ) ;
#2627 = FACE_OUTER_BOUND ( 'NONE', #12077, .T. ) ;
#2628 = ORIENTED_EDGE ( 'NONE', *, *, #3941, .F. ) ;
#2629 = LINE ( 'NONE', #642, #647 ) ;
#2630 =( GEOMETRIC_REPRESENTATION_CONTEXT ( 3 ) GLOBAL_UNCERTAINTY_ASSIGNED_CONTEXT ( ( #12419 ) ) GLOBAL_UNIT_ASSIGNED_CONTEXT ( ( #2742, #12524, #11557 ) ) REPRESENTATION_CONTEXT ( 'NONE', 'WORKASPACE' ) );
#2631 = DIRECTION ( 'NONE',  ( 4.081702296416016490E-16, -1.000000000000000000, 0.000000000000000000 ) ) ;
#2632 = FILL_AREA_STYLE ('',( #7336 ) ) ;
#2633 = SURFACE_STYLE_FILL_AREA ( #4537 ) ;
#2634 = CYLINDRICAL_SURFACE ( 'NONE', #5017, 0.5000000000000004441 ) ;
#2635 = LINE ( 'NONE', #10416, #6627 ) ;
#2636 = STYLED_ITEM ( 'NONE', ( #9936 ), #6765 ) ;
#2637 = ORIENTED_EDGE ( 'NONE', *, *, #1741, .F. ) ;
#2638 = VERTEX_POINT ( 'NONE', #12030 ) ;
#2639 = FACE_OUTER_BOUND ( 'NONE', #7400, .T. ) ;
#2640 = AXIS2_PLACEMENT_3D ( 'NONE', #1631, #6349, #10193 ) ;
#2641 = ORIENTED_EDGE ( 'NONE', *, *, #7268, .F. ) ;
#2642 = ADVANCED_FACE ( 'NONE', ( #8229 ), #3153, .T. ) ;
#2643 = SURFACE_STYLE_FILL_AREA ( #9459 ) ;
#2644 = COLOUR_RGB ( '',0.2509803921568627416, 0.2509803921568627416, 0.2509803921568627416 ) ;
#2645 =( NAMED_UNIT ( * ) PLANE_ANGLE_UNIT ( ) SI_UNIT ( $, .RADIAN. ) );
#2646 = EDGE_CURVE ( 'NONE', #9718, #6279, #2179, .T. ) ;
#2647 = UNCERTAINTY_MEASURE_WITH_UNIT (LENGTH_MEASURE( 1.000000000000000082E-05 ), #2109, 'distance_accuracy_value', 'NONE');
#2648 =( NAMED_UNIT ( * ) SI_UNIT ( $, .STERADIAN. ) SOLID_ANGLE_UNIT ( ) );
#2649 = DIRECTION ( 'NONE',  ( 0.000000000000000000, 0.000000000000000000, -1.000000000000000000 ) ) ;
#2650 = VERTEX_POINT ( 'NONE', #11119 ) ;
#2651 = DIRECTION ( 'NONE',  ( -4.081702296416016490E-16, 1.000000000000000000, -0.000000000000000000 ) ) ;
#2652 = AXIS2_PLACEMENT_3D ( 'NONE', #164, #6879, #1257 ) ;
#2653 = CYLINDRICAL_SURFACE ( 'NONE', #9024, 0.5000000000000004441 ) ;
#2654 = ORIENTED_EDGE ( 'NONE', *, *, #6278, .T. ) ;
#2655 = COLOUR_RGB ( '',0.2509803921568627416, 0.2509803921568627416, 0.2509803921568627416 ) ;
#2656 =( GEOMETRIC_REPRESENTATION_CONTEXT ( 3 ) GLOBAL_UNCERTAINTY_ASSIGNED_CONTEXT ( ( #2305 ) ) GLOBAL_UNIT_ASSIGNED_CONTEXT ( ( #12679, #5933, #10609 ) ) REPRESENTATION_CONTEXT ( 'NONE', 'WORKASPACE' ) );
#2657 = DIRECTION ( 'NONE',  ( 0.000000000000000000, 0.000000000000000000, -1.000000000000000000 ) ) ;
#2658 = ORIENTED_EDGE ( 'NONE', *, *, #3043, .T. ) ;
#2659 =( NAMED_UNIT ( * ) SI_UNIT ( $, .STERADIAN. ) SOLID_ANGLE_UNIT ( ) );
#2660 =( BOUNDED_CURVE ( )  B_SPLINE_CURVE ( 3, ( #8341, #620, #12275, #4510 ),
 .UNSPECIFIED., .F., .T. ) 
 B_SPLINE_CURVE_WITH_KNOTS ( ( 4, 4 ),
 ( 3.141592653589793116, 4.712388980384689674 ),
 .UNSPECIFIED. ) 
 CURVE ( )  GEOMETRIC_REPRESENTATION_ITEM ( )  RATIONAL_B_SPLINE_CURVE ( ( 1.000000000000000000, 0.8047378541243649375, 0.8047378541243649375, 1.000000000000000000 ) ) 
 REPRESENTATION_ITEM ( '' )  );
#2661 = CARTESIAN_POINT ( 'NONE',  ( -10.48378947368420988, 11.43000000000000682, -18.41499999999999559 ) ) ;
#2662 = DIRECTION ( 'NONE',  ( -0.000000000000000000, -1.000000000000000000, -0.000000000000000000 ) ) ;
#2663 = ADVANCED_FACE ( 'NONE', ( #4104 ), #8104, .T. ) ;
#2664 = DIRECTION ( 'NONE',  ( 1.000000000000000000, 0.000000000000000000, 0.000000000000000000 ) ) ;
#2665 = EDGE_CURVE ( 'NONE', #11367, #4469, #5393, .T. ) ;
#2666 = PRESENTATION_LAYER_ASSIGNMENT (  '', '', ( #1849 ) ) ;
#2667 = STYLED_ITEM ( 'NONE', ( #8198 ), #6770 ) ;
#2668 = FILL_AREA_STYLE_COLOUR ( '', #4361 ) ;
#2669 = DIRECTION ( 'NONE',  ( 0.000000000000000000, 0.000000000000000000, 1.000000000000000000 ) ) ;
#2670 =( NAMED_UNIT ( * ) PLANE_ANGLE_UNIT ( ) SI_UNIT ( $, .RADIAN. ) );
#2671 = DIRECTION ( 'NONE',  ( -0.000000000000000000, -1.000000000000000000, -0.000000000000000000 ) ) ;
#2672 = ORIENTED_EDGE ( 'NONE', *, *, #213, .F. ) ;
#2673 = AXIS2_PLACEMENT_3D ( 'NONE', #2895, #10735, #3982 ) ;
#2674 = FACE_OUTER_BOUND ( 'NONE', #519, .T. ) ;
#2675 = SURFACE_SIDE_STYLE ('',( #5459 ) ) ;
#2676 = ORIENTED_EDGE ( 'NONE', *, *, #4412, .F. ) ;
#2677 =( NAMED_UNIT ( * ) PLANE_ANGLE_UNIT ( ) SI_UNIT ( $, .RADIAN. ) );
#2678 = CARTESIAN_POINT ( 'NONE',  ( -21.96526315789472505, 2.929999999999998384, -7.236537172765303616 ) ) ;
#2679 = SURFACE_SIDE_STYLE ('',( #5527 ) ) ;
#2680 = VECTOR ( 'NONE', #11118, 1000.000000000000000 ) ;
#2681 = CARTESIAN_POINT ( 'NONE',  ( 40.19178643811905971, 1.778000000000000025, -7.179213561880927408 ) ) ;
#2682 =( LENGTH_UNIT ( ) NAMED_UNIT ( * ) SI_UNIT ( .MILLI., .METRE. ) );
#2683 = CARTESIAN_POINT ( 'NONE',  ( -18.96989473684210026, 1.778000000000001579, 8.872385971794111370 ) ) ;
#2684 = ORIENTED_EDGE ( 'NONE', *, *, #8365, .T. ) ;
#2685 = ADVANCED_FACE ( 'NONE', ( #4587 ), #9435, .F. ) ;
#2686 = ORIENTED_EDGE ( 'NONE', *, *, #5232, .T. ) ;
#2687 = DIRECTION ( 'NONE',  ( 1.000000000000000000, 0.000000000000000000, -0.000000000000000000 ) ) ;
#2688 = VECTOR ( 'NONE', #9771, 1000.000000000000000 ) ;
#2689 = ORIENTED_EDGE ( 'NONE', *, *, #9930, .T. ) ;
#2690 = SURFACE_STYLE_USAGE ( .BOTH. , #9691 ) ;
#2691 =( GEOMETRIC_REPRESENTATION_CONTEXT ( 3 ) GLOBAL_UNCERTAINTY_ASSIGNED_CONTEXT ( ( #9184 ) ) GLOBAL_UNIT_ASSIGNED_CONTEXT ( ( #7831, #7003, #4146 ) ) REPRESENTATION_CONTEXT ( 'NONE', 'WORKASPACE' ) );
#2692 =( NAMED_UNIT ( * ) SI_UNIT ( $, .STERADIAN. ) SOLID_ANGLE_UNIT ( ) );
#2693 = FILL_AREA_STYLE ('',( #11439 ) ) ;
#2694 = VERTEX_POINT ( 'NONE', #7507 ) ;
#2695 = FACE_OUTER_BOUND ( 'NONE', #4491, .T. ) ;
#2696 = EDGE_CURVE ( 'NONE', #8601, #10780, #6575, .T. ) ;
#2697 = VECTOR ( 'NONE', #12628, 1000.000000000000000 ) ;
#2698 = CYLINDRICAL_SURFACE ( 'NONE', #5046, 0.5000000000000004441 ) ;
#2699 =( GEOMETRIC_REPRESENTATION_CONTEXT ( 3 ) GLOBAL_UNCERTAINTY_ASSIGNED_CONTEXT ( ( #2444 ) ) GLOBAL_UNIT_ASSIGNED_CONTEXT ( ( #9442, #4785, #1662 ) ) REPRESENTATION_CONTEXT ( 'NONE', 'WORKASPACE' ) );
#2700 = STYLED_ITEM ( 'NONE', ( #4001 ), #8725 ) ;
#2701 =( LENGTH_UNIT ( ) NAMED_UNIT ( * ) SI_UNIT ( .MILLI., .METRE. ) );
#2702 = ORIENTED_EDGE ( 'NONE', *, *, #7710, .T. ) ;
#2703 = DIRECTION ( 'NONE',  ( -0.000000000000000000, -1.000000000000000000, -0.000000000000000000 ) ) ;
#2704 = EDGE_CURVE ( 'NONE', #4616, #5727, #2624, .T. ) ;
#2705 =( NAMED_UNIT ( * ) SI_UNIT ( $, .STERADIAN. ) SOLID_ANGLE_UNIT ( ) );
#2706 = ORIENTED_EDGE ( 'NONE', *, *, #9133, .T. ) ;
#2707 = DIRECTION ( 'NONE',  ( 0.000000000000000000, 0.000000000000000000, -1.000000000000000000 ) ) ;
#2708 = MECHANICAL_DESIGN_GEOMETRIC_PRESENTATION_REPRESENTATION (  '', ( #1464 ), #3329 ) ;
#2709 =( NAMED_UNIT ( * ) SI_UNIT ( $, .STERADIAN. ) SOLID_ANGLE_UNIT ( ) );
#2710 = ORIENTED_EDGE ( 'NONE', *, *, #7898, .T. ) ;
#2711 =( LENGTH_UNIT ( ) NAMED_UNIT ( * ) SI_UNIT ( .MILLI., .METRE. ) );
#2712 = FILL_AREA_STYLE_COLOUR ( '', #7420 ) ;
#2713 = UNCERTAINTY_MEASURE_WITH_UNIT (LENGTH_MEASURE( 1.000000000000000082E-05 ), #12531, 'distance_accuracy_value', 'NONE');
#2714 = FACE_OUTER_BOUND ( 'NONE', #8580, .T. ) ;
#2715 = DIRECTION ( 'NONE',  ( 6.938893903907231336E-16, 0.000000000000000000, -1.000000000000000000 ) ) ;
#2716 = LINE ( 'NONE', #5759, #11327 ) ;
#2717 = ORIENTED_EDGE ( 'NONE', *, *, #5236, .T. ) ;
#2718 = VECTOR ( 'NONE', #7287, 1000.000000000000000 ) ;
#2719 = SURFACE_SIDE_STYLE ('',( #3683 ) ) ;
#2720 = VERTEX_POINT ( 'NONE', #1600 ) ;
#2721 = CARTESIAN_POINT ( 'NONE',  ( 1.497684210526317727, 11.42999999999999972, 18.41499999999999915 ) ) ;
#2722 = EDGE_CURVE ( 'NONE', #2313, #4700, #7577, .T. ) ;
#2723 = SURFACE_STYLE_FILL_AREA ( #6362 ) ;
#2724 = ORIENTED_EDGE ( 'NONE', *, *, #8324, .T. ) ;
#2725 = DIRECTION ( 'NONE',  ( 0.000000000000000000, -1.000000000000000000, 0.000000000000000000 ) ) ;
#2726 = PRESENTATION_LAYER_ASSIGNMENT (  '', '', ( #9840 ) ) ;
#2727 =( GEOMETRIC_REPRESENTATION_CONTEXT ( 3 ) GLOBAL_UNCERTAINTY_ASSIGNED_CONTEXT ( ( #615 ) ) GLOBAL_UNIT_ASSIGNED_CONTEXT ( ( #5978, #10539, #1577 ) ) REPRESENTATION_CONTEXT ( 'NONE', 'WORKASPACE' ) );
#2728 = VECTOR ( 'NONE', #1526, 1000.000000000000000 ) ;
#2729 = PRESENTATION_STYLE_ASSIGNMENT (( #11543 ) ) ;
#2730 = CARTESIAN_POINT ( 'NONE',  ( -5.464421052631580622, 10.92999999999999794, 17.91499999999999915 ) ) ;
#2731 =( NAMED_UNIT ( * ) SI_UNIT ( $, .STERADIAN. ) SOLID_ANGLE_UNIT ( ) );
#2732 = CARTESIAN_POINT ( 'NONE',  ( -9.221789473684207650, 2.929999999999998384, -18.41499999999999915 ) ) ;
#2733 = FACE_OUTER_BOUND ( 'NONE', #7030, .T. ) ;
#2734 = CARTESIAN_POINT ( 'NONE',  ( 18.30760097204671055, 2.420170410065768163, -9.824792335469604510 ) ) ;
#2735 = DIRECTION ( 'NONE',  ( 1.000000000000000000, 0.000000000000000000, 0.000000000000000000 ) ) ;
#2736 = CIRCLE ( 'NONE', #11917, 0.7619999999999970131 ) ;
#2737 = PRESENTATION_LAYER_ASSIGNMENT (  '', '', ( #2114 ) ) ;
#2738 = EDGE_CURVE ( 'NONE', #10117, #12026, #2371, .T. ) ;
#2739 = ORIENTED_EDGE ( 'NONE', *, *, #3404, .T. ) ;
#2740 =( BOUNDED_CURVE ( )  B_SPLINE_CURVE ( 3, ( #3272, #374, #10087, #11166 ),
 .UNSPECIFIED., .F., .T. ) 
 B_SPLINE_CURVE_WITH_KNOTS ( ( 4, 4 ),
 ( 0.000000000000000000, 1.570796326794896558 ),
 .UNSPECIFIED. ) 
 CURVE ( )  GEOMETRIC_REPRESENTATION_ITEM ( )  RATIONAL_B_SPLINE_CURVE ( ( 1.000000000000000000, 0.8047378541243649375, 0.8047378541243649375, 1.000000000000000000 ) ) 
 REPRESENTATION_ITEM ( '' )  );
#2741 =( NAMED_UNIT ( * ) SI_UNIT ( $, .STERADIAN. ) SOLID_ANGLE_UNIT ( ) );
#2742 =( LENGTH_UNIT ( ) NAMED_UNIT ( * ) SI_UNIT ( .MILLI., .METRE. ) );
#2743 = ORIENTED_EDGE ( 'NONE', *, *, #1961, .T. ) ;
#2744 = FILL_AREA_STYLE_COLOUR ( '', #5768 ) ;
#2745 = FILL_AREA_STYLE ('',( #4702 ) ) ;
#2746 = MECHANICAL_DESIGN_GEOMETRIC_PRESENTATION_REPRESENTATION (  '', ( #3163 ), #907 ) ;
#2747 = STYLED_ITEM ( 'NONE', ( #3641 ), #4618 ) ;
#2748 = CARTESIAN_POINT ( 'NONE',  ( 18.48944488131618868, 2.797581556491414823, 9.514357917681497412 ) ) ;
#2749 = STYLED_ITEM ( 'NONE', ( #3015 ), #680 ) ;
#2750 =( NAMED_UNIT ( * ) SI_UNIT ( $, .STERADIAN. ) SOLID_ANGLE_UNIT ( ) );
#2751 = LINE ( 'NONE', #6631, #5988 ) ;
#2752 = ORIENTED_EDGE ( 'NONE', *, *, #7184, .F. ) ;
#2753 =( NAMED_UNIT ( * ) SI_UNIT ( $, .STERADIAN. ) SOLID_ANGLE_UNIT ( ) );
#2754 = ORIENTED_EDGE ( 'NONE', *, *, #8336, .T. ) ;
#2755 =( GEOMETRIC_REPRESENTATION_CONTEXT ( 3 ) GLOBAL_UNCERTAINTY_ASSIGNED_CONTEXT ( ( #12179 ) ) GLOBAL_UNIT_ASSIGNED_CONTEXT ( ( #23, #10757, #1898 ) ) REPRESENTATION_CONTEXT ( 'NONE', 'WORKASPACE' ) );
#2756 =( LENGTH_UNIT ( ) NAMED_UNIT ( * ) SI_UNIT ( .MILLI., .METRE. ) );
#2757 = STYLED_ITEM ( 'NONE', ( #9150 ), #9101 ) ;
#2758 = ORIENTED_EDGE ( 'NONE', *, *, #4930, .T. ) ;
#2759 = FACE_OUTER_BOUND ( 'NONE', #5171, .T. ) ;
#2760 = PRESENTATION_STYLE_ASSIGNMENT (( #10472 ) ) ;
#2761 = VERTEX_POINT ( 'NONE', #12289 ) ;
#2762 =( NAMED_UNIT ( * ) SI_UNIT ( $, .STERADIAN. ) SOLID_ANGLE_UNIT ( ) );
#2763 = ADVANCED_FACE ( 'NONE', ( #2511 ), #11435, .T. ) ;
#2764 = MECHANICAL_DESIGN_GEOMETRIC_PRESENTATION_REPRESENTATION (  '', ( #5797 ), #1123 ) ;
#2765 = COLOUR_RGB ( '',0.2509803921568627416, 0.2509803921568627416, 0.2509803921568627416 ) ;
#2766 = FILL_AREA_STYLE_COLOUR ( '', #1178 ) ;
#2767 =( GEOMETRIC_REPRESENTATION_CONTEXT ( 3 ) GLOBAL_UNCERTAINTY_ASSIGNED_CONTEXT ( ( #3595 ) ) GLOBAL_UNIT_ASSIGNED_CONTEXT ( ( #1434, #5311, #4433 ) ) REPRESENTATION_CONTEXT ( 'NONE', 'WORKASPACE' ) );
#2768 = CARTESIAN_POINT ( 'NONE',  ( -12.97915789473683112, 2.929999999999998384, -17.91499999999999204 ) ) ;
#2769 = ORIENTED_EDGE ( 'NONE', *, *, #10597, .F. ) ;
#2770 = LINE ( 'NONE', #7397, #9426 ) ;
#2771 = SURFACE_STYLE_FILL_AREA ( #7399 ) ;
#2772 = ORIENTED_EDGE ( 'NONE', *, *, #11332, .T. ) ;
#2773 = PRESENTATION_STYLE_ASSIGNMENT (( #12435 ) ) ;
#2774 =( NAMED_UNIT ( * ) SI_UNIT ( $, .STERADIAN. ) SOLID_ANGLE_UNIT ( ) );
#2775 =( NAMED_UNIT ( * ) PLANE_ANGLE_UNIT ( ) SI_UNIT ( $, .RADIAN. ) );
#2776 =( NAMED_UNIT ( * ) PLANE_ANGLE_UNIT ( ) SI_UNIT ( $, .RADIAN. ) );
#2777 = ORIENTED_EDGE ( 'NONE', *, *, #10385, .T. ) ;
#2778 = STYLED_ITEM ( 'NONE', ( #9080 ), #2663 ) ;
#2779 = UNCERTAINTY_MEASURE_WITH_UNIT (LENGTH_MEASURE( 1.000000000000000082E-05 ), #740, 'distance_accuracy_value', 'NONE');
#2780 = CARTESIAN_POINT ( 'NONE',  ( -16.47452631578947191, 10.92999999999999794, -18.41499999999999915 ) ) ;
#2781 = DIRECTION ( 'NONE',  ( -0.000000000000000000, -0.000000000000000000, 1.000000000000000000 ) ) ;
#2782 = EDGE_LOOP ( 'NONE', ( #10530, #6424, #2926, #989 ) ) ;
#2783 = PRESENTATION_STYLE_ASSIGNMENT (( #12446 ) ) ;
#2784 = PRESENTATION_STYLE_ASSIGNMENT (( #11599 ) ) ;
#2785 = ORIENTED_EDGE ( 'NONE', *, *, #9237, .T. ) ;
#2786 = CARTESIAN_POINT ( 'NONE',  ( 22.96526315789473927, 2.929999999999998384, 7.179213561880927408 ) ) ;
#2787 = EDGE_CURVE ( 'NONE', #10332, #9434, #11190, .T. ) ;
#2788 = SURFACE_STYLE_USAGE ( .BOTH. , #12577 ) ;
#2789 = ORIENTED_EDGE ( 'NONE', *, *, #425, .T. ) ;
#2790 = LINE ( 'NONE', #11605, #5851 ) ;
#2791 = VECTOR ( 'NONE', #7712, 1000.000000000000000 ) ;
#2792 =( LENGTH_UNIT ( ) NAMED_UNIT ( * ) SI_UNIT ( .MILLI., .METRE. ) );
#2793 = EDGE_CURVE ( 'NONE', #4863, #6632, #3239, .T. ) ;
#2794 = CYLINDRICAL_SURFACE ( 'NONE', #4122, 0.7619999999999953477 ) ;
#2795 = CARTESIAN_POINT ( 'NONE',  ( 28.95599999999999596, 11.42999999999999972, 6.679213561880927408 ) ) ;
#2796 =( GEOMETRIC_REPRESENTATION_CONTEXT ( 3 ) GLOBAL_UNCERTAINTY_ASSIGNED_CONTEXT ( ( #1528 ) ) GLOBAL_UNIT_ASSIGNED_CONTEXT ( ( #4500, #6615, #1633 ) ) REPRESENTATION_CONTEXT ( 'NONE', 'WORKASPACE' ) );
#2797 = CARTESIAN_POINT ( 'NONE',  ( 24.90151096696282451, 1.277999999999999581, -18.41499999999999559 ) ) ;
#2798 = VERTEX_POINT ( 'NONE', #1020 ) ;
#2799 = DIRECTION ( 'NONE',  ( 1.000000000000000000, 0.000000000000000000, -0.000000000000000000 ) ) ;
#2800 = CIRCLE ( 'NONE', #12613, 1.587500000000002132 ) ;
#2801 = DIRECTION ( 'NONE',  ( 1.000000000000000000, 0.000000000000000000, -0.000000000000000000 ) ) ;
#2802 = DIRECTION ( 'NONE',  ( 4.081702296416016490E-16, -1.000000000000000000, 0.000000000000000000 ) ) ;
#2803 = EDGE_CURVE ( 'NONE', #3089, #3603, #6695, .T. ) ;
#2804 = ORIENTED_EDGE ( 'NONE', *, *, #11377, .T. ) ;
#2805 =( LENGTH_UNIT ( ) NAMED_UNIT ( * ) SI_UNIT ( .MILLI., .METRE. ) );
#2806 = ADVANCED_FACE ( 'NONE', ( #3895 ), #3955, .T. ) ;
#2807 = AXIS2_PLACEMENT_3D ( 'NONE', #8641, #12568, #7351 ) ;
#2808 = FACE_OUTER_BOUND ( 'NONE', #4979, .T. ) ;
#2809 = EDGE_CURVE ( 'NONE', #8358, #8583, #5800, .T. ) ;
#2810 = CARTESIAN_POINT ( 'NONE',  ( 28.74889321881344628, 1.777999999999999581, 7.179213561880926520 ) ) ;
#2811 = FILL_AREA_STYLE ('',( #3770 ) ) ;
#2812 =( BOUNDED_CURVE ( )  B_SPLINE_CURVE ( 3, ( #3287, #7148, #2514, #2575 ),
 .UNSPECIFIED., .F., .F. ) 
 B_SPLINE_CURVE_WITH_KNOTS ( ( 4, 4 ),
 ( 2.105865804830413079, 3.141592653589793116 ),
 .UNSPECIFIED. ) 
 CURVE ( )  GEOMETRIC_REPRESENTATION_ITEM ( )  RATIONAL_B_SPLINE_CURVE ( ( 1.000000000000000000, 0.9125858800543401594, 0.9125858800543401594, 1.000000000000000000 ) ) 
 REPRESENTATION_ITEM ( '' )  );
#2813 = PRESENTATION_STYLE_ASSIGNMENT (( #10461 ) ) ;
#2814 = ORIENTED_EDGE ( 'NONE', *, *, #2234, .T. ) ;
#2815 = COLOUR_RGB ( '',0.2509803921568627416, 0.2509803921568627416, 0.2509803921568627416 ) ;
#2816 = MECHANICAL_DESIGN_GEOMETRIC_PRESENTATION_REPRESENTATION (  '', ( #9942 ), #12399 ) ;
#2817 = ORIENTED_EDGE ( 'NONE', *, *, #6358, .T. ) ;
#2818 = LINE ( 'NONE', #10718, #12281 ) ;
#2819 = CARTESIAN_POINT ( 'NONE',  ( 21.49389473684210117, 10.92999999999999794, -7.331931628739902784 ) ) ;
#2820 = ORIENTED_EDGE ( 'NONE', *, *, #5312, .F. ) ;
#2821 =( NAMED_UNIT ( * ) SI_UNIT ( $, .STERADIAN. ) SOLID_ANGLE_UNIT ( ) );
#2822 = CARTESIAN_POINT ( 'NONE',  ( -22.72021356188092511, 10.92999999999999794, 12.17921356188092652 ) ) ;
#2823 = COLOUR_RGB ( '',0.2509803921568627416, 0.2509803921568627416, 0.2509803921568627416 ) ;
#2824 =( LENGTH_UNIT ( ) NAMED_UNIT ( * ) SI_UNIT ( .MILLI., .METRE. ) );
#2825 = ORIENTED_EDGE ( 'NONE', *, *, #9057, .F. ) ;
#2826 = CARTESIAN_POINT ( 'NONE',  ( -28.95599999999999596, 1.277999999999999581, 18.41499999999999915 ) ) ;
#2827 = EDGE_CURVE ( 'NONE', #10299, #7695, #11940, .T. ) ;
#2828 =( NAMED_UNIT ( * ) PLANE_ANGLE_UNIT ( ) SI_UNIT ( $, .RADIAN. ) );
#2829 = EDGE_CURVE ( 'NONE', #11857, #42, #11107, .T. ) ;
#2830 = DIRECTION ( 'NONE',  ( -4.081702296416016490E-16, 1.000000000000000000, -0.000000000000000000 ) ) ;
#2831 = EDGE_CURVE ( 'NONE', #3136, #2112, #956, .T. ) ;
#2832 = CARTESIAN_POINT ( 'NONE',  ( 8.750421052631576657, 2.929999999999998384, 18.41499999999999915 ) ) ;
#2833 = EDGE_LOOP ( 'NONE', ( #10505, #8939, #8210, #2120 ) ) ;
#2834 = DIRECTION ( 'NONE',  ( 0.000000000000000000, 0.000000000000000000, 1.000000000000000000 ) ) ;
#2835 = PRESENTATION_LAYER_ASSIGNMENT (  '', '', ( #5240 ) ) ;
#2836 = SURFACE_STYLE_USAGE ( .BOTH. , #7653 ) ;
#2837 = ORIENTED_EDGE ( 'NONE', *, *, #4143, .F. ) ;
#2838 = ADVANCED_FACE ( 'NONE', ( #8871 ), #107, .F. ) ;
#2839 = CYLINDRICAL_SURFACE ( 'NONE', #2673, 0.5000000000000004441 ) ;
#2840 = MECHANICAL_DESIGN_GEOMETRIC_PRESENTATION_REPRESENTATION (  '', ( #6690 ), #11203 ) ;
#2841 = FACE_OUTER_BOUND ( 'NONE', #4747, .T. ) ;
#2842 = PRESENTATION_STYLE_ASSIGNMENT (( #6776 ) ) ;
#2843 = EDGE_LOOP ( 'NONE', ( #9805, #9058, #4106, #10217 ) ) ;
#2844 =( NAMED_UNIT ( * ) PLANE_ANGLE_UNIT ( ) SI_UNIT ( $, .RADIAN. ) );
#2845 = CARTESIAN_POINT ( 'NONE',  ( -22.72021356188096419, 10.92999999999999794, -7.179213561880928296 ) ) ;
#2846 = VECTOR ( 'NONE', #7243, 1000.000000000000000 ) ;
#2847 = SURFACE_STYLE_FILL_AREA ( #3802 ) ;
#2848 = VECTOR ( 'NONE', #9304, 1000.000000000000000 ) ;
#2849 = ORIENTED_EDGE ( 'NONE', *, *, #3899, .T. ) ;
#2850 = CARTESIAN_POINT ( 'NONE',  ( 17.73652631578947592, 2.929999999999998384, 18.41499999999999915 ) ) ;
#2851 = VECTOR ( 'NONE', #12058, 1000.000000000000000 ) ;
#2852 = ORIENTED_EDGE ( 'NONE', *, *, #12362, .T. ) ;
#2853 = FILL_AREA_STYLE_COLOUR ( '', #3634 ) ;
#2854 = STYLED_ITEM ( 'NONE', ( #5323 ), #2251 ) ;
#2855 = PRESENTATION_STYLE_ASSIGNMENT (( #8656 ) ) ;
#2856 = PLANE ( 'NONE',  #10531 ) ;
#2857 = FILL_AREA_STYLE ('',( #7551 ) ) ;
#2858 = AXIS2_PLACEMENT_3D ( 'NONE', #505, #3334, #12140 ) ;
#2859 = COLOUR_RGB ( '',0.2509803921568627416, 0.2509803921568627416, 0.2509803921568627416 ) ;
#2860 = DIRECTION ( 'NONE',  ( 1.000000000000000000, 0.000000000000000000, 0.000000000000000000 ) ) ;
#2861 =( LENGTH_UNIT ( ) NAMED_UNIT ( * ) SI_UNIT ( .MILLI., .METRE. ) );
#2862 = EDGE_CURVE ( 'NONE', #4824, #3103, #3270, .T. ) ;
#2863 = ORIENTED_EDGE ( 'NONE', *, *, #4501, .F. ) ;
#2864 = CARTESIAN_POINT ( 'NONE',  ( -24.96063157894735696, 2.929999999999998384, -18.41499999999999915 ) ) ;
#2865 = SURFACE_STYLE_USAGE ( .BOTH. , #1838 ) ;
#2866 = COLOUR_RGB ( '',0.2509803921568627416, 0.2509803921568627416, 0.2509803921568627416 ) ;
#2867 = ORIENTED_EDGE ( 'NONE', *, *, #3950, .F. ) ;
#2868 = DIRECTION ( 'NONE',  ( 1.000000000000000000, 0.000000000000000000, 0.000000000000000000 ) ) ;
#2869 = DIRECTION ( 'NONE',  ( 0.000000000000000000, 0.000000000000000000, -1.000000000000000000 ) ) ;
#2870 = CARTESIAN_POINT ( 'NONE',  ( 21.49389473684210117, 2.929999999999998384, -7.331931628739902784 ) ) ;
#2871 = SURFACE_STYLE_FILL_AREA ( #6042 ) ;
#2872 = LINE ( 'NONE', #12348, #4369 ) ;
#2873 = ORIENTED_EDGE ( 'NONE', *, *, #10035, .T. ) ;
#2874 = MECHANICAL_DESIGN_GEOMETRIC_PRESENTATION_REPRESENTATION (  '', ( #1849 ), #6326 ) ;
#2875 = VERTEX_POINT ( 'NONE', #4147 ) ;
#2876 = FILL_AREA_STYLE ('',( #1982 ) ) ;
#2877 = SURFACE_STYLE_USAGE ( .BOTH. , #6889 ) ;
#2878 = ORIENTED_EDGE ( 'NONE', *, *, #3760, .T. ) ;
#2879 = FILL_AREA_STYLE ('',( #10650 ) ) ;
#2880 = DIRECTION ( 'NONE',  ( -0.000000000000000000, 1.000000000000000000, -0.000000000000000000 ) ) ;
#2881 = CARTESIAN_POINT ( 'NONE',  ( 0.000000000000000000, 11.42999999999999972, -6.679213561880927408 ) ) ;
#2882 = ORIENTED_EDGE ( 'NONE', *, *, #3557, .T. ) ;
#2883 = CIRCLE ( 'NONE', #2266, 0.5000000000000004441 ) ;
#2884 = SURFACE_STYLE_FILL_AREA ( #4718 ) ;
#2885 =( BOUNDED_CURVE ( )  B_SPLINE_CURVE ( 3, ( #1751, #7602, #5560, #8449 ),
 .UNSPECIFIED., .F., .T. ) 
 B_SPLINE_CURVE_WITH_KNOTS ( ( 4, 4 ),
 ( 3.141592653589799777, 4.712388980384689674 ),
 .UNSPECIFIED. ) 
 CURVE ( )  GEOMETRIC_REPRESENTATION_ITEM ( )  RATIONAL_B_SPLINE_CURVE ( ( 1.000000000000000000, 0.8047378541243666028, 0.8047378541243666028, 1.000000000000000000 ) ) 
 REPRESENTATION_ITEM ( '' )  );
#2886 = DIRECTION ( 'NONE',  ( -0.000000000000000000, -0.000000000000000000, 1.000000000000000000 ) ) ;
#2887 = DIRECTION ( 'NONE',  ( -0.000000000000000000, 1.000000000000000000, -0.000000000000000000 ) ) ;
#2888 = SURFACE_STYLE_FILL_AREA ( #3850 ) ;
#2889 = VERTEX_POINT ( 'NONE', #1396 ) ;
#2890 = CYLINDRICAL_SURFACE ( 'NONE', #6785, 0.5000000000000004441 ) ;
#2891 = VECTOR ( 'NONE', #5495, 1000.000000000000000 ) ;
#2892 = LINE ( 'NONE', #11782, #3281 ) ;
#2893 = ORIENTED_EDGE ( 'NONE', *, *, #8175, .F. ) ;
#2894 = AXIS2_PLACEMENT_3D ( 'NONE', #11218, #6361, #11746 ) ;
#2895 = CARTESIAN_POINT ( 'NONE',  ( -7.488421052631577979, 10.92999999999999794, -18.41499999999999915 ) ) ;
#2896 = ADVANCED_FACE ( 'NONE', ( #307 ), #5281, .T. ) ;
#2897 = UNCERTAINTY_MEASURE_WITH_UNIT (LENGTH_MEASURE( 1.000000000000000082E-05 ), #2457, 'distance_accuracy_value', 'NONE');
#2898 = FILL_AREA_STYLE ('',( #11269 ) ) ;
#2899 = DIRECTION ( 'NONE',  ( 1.000000000000000000, 0.000000000000000000, 0.000000000000000000 ) ) ;
#2900 = EDGE_CURVE ( 'NONE', #1637, #9008, #8416, .T. ) ;
#2901 = EDGE_LOOP ( 'NONE', ( #3703, #6588, #5656, #6572 ) ) ;
#2902 = PRESENTATION_STYLE_ASSIGNMENT (( #11659 ) ) ;
#2903 = SURFACE_STYLE_FILL_AREA ( #202 ) ;
#2904 = MECHANICAL_DESIGN_GEOMETRIC_PRESENTATION_REPRESENTATION (  '', ( #1666 ), #11048 ) ;
#2905 =( NAMED_UNIT ( * ) PLANE_ANGLE_UNIT ( ) SI_UNIT ( $, .RADIAN. ) );
#2906 =( NAMED_UNIT ( * ) PLANE_ANGLE_UNIT ( ) SI_UNIT ( $, .RADIAN. ) );
#2907 = ORIENTED_EDGE ( 'NONE', *, *, #9057, .T. ) ;
#2908 = CYLINDRICAL_SURFACE ( 'NONE', #10646, 0.5000000000000004441 ) ;
#2909 = DIRECTION ( 'NONE',  ( -1.000000000000000000, 0.000000000000000000, 0.000000000000000000 ) ) ;
#2910 = ORIENTED_EDGE ( 'NONE', *, *, #11802, .T. ) ;
#2911 = CIRCLE ( 'NONE', #9821, 2.087500000000002576 ) ;
#2912 = PRESENTATION_STYLE_ASSIGNMENT (( #3919 ) ) ;
#2913 = STYLED_ITEM ( 'NONE', ( #2855 ), #8739 ) ;
#2914 =( NAMED_UNIT ( * ) PLANE_ANGLE_UNIT ( ) SI_UNIT ( $, .RADIAN. ) );
#2915 = STYLED_ITEM ( 'NONE', ( #5996 ), #690 ) ;
#2916 = EDGE_LOOP ( 'NONE', ( #8263, #1617, #7434, #1688, #8433 ) ) ;
#2917 = FILL_AREA_STYLE_COLOUR ( '', #6067 ) ;
#2918 = EDGE_CURVE ( 'NONE', #3763, #3136, #10091, .T. ) ;
#2919 = SURFACE_SIDE_STYLE ('',( #4816 ) ) ;
#2920 = DIRECTION ( 'NONE',  ( 1.000000000000000000, 0.000000000000000000, 0.000000000000000000 ) ) ;
#2921 = ADVANCED_FACE ( 'NONE', ( #1759 ), #9595, .T. ) ;
#2922 = SURFACE_STYLE_FILL_AREA ( #2020 ) ;
#2923 = DIRECTION ( 'NONE',  ( 1.000000000000000000, 0.000000000000000000, 0.000000000000000000 ) ) ;
#2924 = SURFACE_STYLE_USAGE ( .BOTH. , #11812 ) ;
#2925 = CARTESIAN_POINT ( 'NONE',  ( 23.72726315789473261, 2.929999999999998384, -7.179213561880927408 ) ) ;
#2926 = ORIENTED_EDGE ( 'NONE', *, *, #3209, .F. ) ;
#2927 = AXIS2_PLACEMENT_3D ( 'NONE', #6501, #4640, #623 ) ;
#2928 = CARTESIAN_POINT ( 'NONE',  ( 18.99852631578947282, 10.92999999999999794, 0.000000000000000000 ) ) ;
#2929 = SURFACE_STYLE_USAGE ( .BOTH. , #228 ) ;
#2930 = PRESENTATION_LAYER_ASSIGNMENT (  '', '', ( #6792 ) ) ;
#2931 = PRESENTATION_STYLE_ASSIGNMENT (( #8731 ) ) ;
#2932 = SURFACE_SIDE_STYLE ('',( #10762 ) ) ;
#2933 = DIRECTION ( 'NONE',  ( -0.000000000000000000, -0.000000000000000000, 1.000000000000000000 ) ) ;
#2934 = DIRECTION ( 'NONE',  ( -0.6360782202777646166, 0.000000000000000000, 0.7716245833877193316 ) ) ;
#2935 = DIRECTION ( 'NONE',  ( 1.000000000000000000, 0.000000000000000000, 0.000000000000000000 ) ) ;
#2936 =( GEOMETRIC_REPRESENTATION_CONTEXT ( 3 ) GLOBAL_UNCERTAINTY_ASSIGNED_CONTEXT ( ( #377 ) ) GLOBAL_UNIT_ASSIGNED_CONTEXT ( ( #9366, #3339, #1590 ) ) REPRESENTATION_CONTEXT ( 'NONE', 'WORKASPACE' ) );
#2937 = CIRCLE ( 'NONE', #6797, 1.587500000000002132 ) ;
#2938 = STYLED_ITEM ( 'NONE', ( #7824 ), #9416 ) ;
#2939 = VECTOR ( 'NONE', #10724, 1000.000000000000000 ) ;
#2940 = DIRECTION ( 'NONE',  ( 0.000000000000000000, 1.000000000000000000, 0.000000000000000000 ) ) ;
#2941 = ORIENTED_EDGE ( 'NONE', *, *, #5168, .T. ) ;
#2942 = FACE_OUTER_BOUND ( 'NONE', #12010, .T. ) ;
#2943 = ORIENTED_EDGE ( 'NONE', *, *, #2499, .T. ) ;
#2944 =( LENGTH_UNIT ( ) NAMED_UNIT ( * ) SI_UNIT ( .MILLI., .METRE. ) );
#2945 = ORIENTED_EDGE ( 'NONE', *, *, #9261, .F. ) ;
#2946 = COLOUR_RGB ( '',0.2509803921568627416, 0.2509803921568627416, 0.2509803921568627416 ) ;
#2947 = CARTESIAN_POINT ( 'NONE',  ( 13.47915789473683823, 11.42999999999999972, 0.000000000000000000 ) ) ;
#2948 = DIRECTION ( 'NONE',  ( 1.000000000000000000, 0.000000000000000000, 0.000000000000000000 ) ) ;
#2949 = COLOUR_RGB ( '',0.2509803921568627416, 0.2509803921568627416, 0.2509803921568627416 ) ;
#2950 = COLOUR_RGB ( '',0.2509803921568627416, 0.2509803921568627416, 0.2509803921568627416 ) ;
#2951 = CARTESIAN_POINT ( 'NONE',  ( 7.488421052631574426, 10.92999999999999794, -18.41499999999999915 ) ) ;
#2952 = EDGE_LOOP ( 'NONE', ( #1807, #8756, #5304, #12592 ) ) ;
#2953 = AXIS2_PLACEMENT_3D ( 'NONE', #11660, #70, #1880 ) ;
#2954 = CARTESIAN_POINT ( 'NONE',  ( 24.48926315789472241, 11.22289321881345536, -7.179213561880926520 ) ) ;
#2955 = DIRECTION ( 'NONE',  ( 4.081702296416016490E-16, -1.000000000000000000, 0.000000000000000000 ) ) ;
#2956 = PLANE ( 'NONE',  #4184 ) ;
#2957 = SURFACE_STYLE_FILL_AREA ( #1607 ) ;
#2958 = EDGE_CURVE ( 'NONE', #4824, #10161, #4509, .T. ) ;
#2959 = DIRECTION ( 'NONE',  ( -0.000000000000000000, 0.000000000000000000, 1.000000000000000000 ) ) ;
#2960 = CIRCLE ( 'NONE', #1524, 5.499999999999998224 ) ;
#2961 = ORIENTED_EDGE ( 'NONE', *, *, #12267, .T. ) ;
#2962 = STYLED_ITEM ( 'NONE', ( #11443 ), #4973 ) ;
#2963 = CARTESIAN_POINT ( 'NONE',  ( 1.997684210526318171, 10.92999999999999794, -17.91499999999999204 ) ) ;
#2964 = AXIS2_PLACEMENT_3D ( 'NONE', #8176, #12166, #2186 ) ;
#2965 = CARTESIAN_POINT ( 'NONE',  ( 22.72021356188096775, 11.36011660222229658, 6.934163965867163881 ) ) ;
#2966 = ORIENTED_EDGE ( 'NONE', *, *, #6856, .F. ) ;
#2967 = LINE ( 'NONE', #8823, #11652 ) ;
#2968 = CARTESIAN_POINT ( 'NONE',  ( 16.97452631578948257, 2.929999999999998384, -18.41499999999999915 ) ) ;
#2969 = CARTESIAN_POINT ( 'NONE',  ( 15.50315789473683736, 2.929999999999998384, -18.41499999999999915 ) ) ;
#2970 = VERTEX_POINT ( 'NONE', #2437 ) ;
#2971 = VECTOR ( 'NONE', #7749, 1000.000000000000000 ) ;
#2972 = AXIS2_PLACEMENT_3D ( 'NONE', #10359, #9034, #2521 ) ;
#2973 = EDGE_CURVE ( 'NONE', #3582, #2506, #804, .T. ) ;
#2974 = CARTESIAN_POINT ( 'NONE',  ( 18.50227634129677767, 10.99748396300888942, 9.487213228602429993 ) ) ;
#2975 = B_SPLINE_CURVE_WITH_KNOTS ( 'NONE', 3,
 ( #62, #3793, #6960, #1096, #2116, #11589, #6010, #1036, #9704, #5051, #1, #11651 ),
 .UNSPECIFIED., .F., .F.,
 ( 4, 2, 2, 2, 2, 4 ),
 ( 0.000000000000000000, 0.0006117687150918820317, 0.001223537430183764063, 0.001529421787729710012, 0.001835306145275655961, 0.002447074860367540270 ),
 .UNSPECIFIED. ) ;
#2976 = FACE_OUTER_BOUND ( 'NONE', #11918, .T. ) ;
#2977 = EDGE_CURVE ( 'NONE', #6760, #7515, #7313, .T. ) ;
#2978 = FILL_AREA_STYLE ('',( #11726 ) ) ;
#2979 = ORIENTED_EDGE ( 'NONE', *, *, #12053, .T. ) ;
#2980 = FILL_AREA_STYLE_COLOUR ( '', #5752 ) ;
#2981 = ORIENTED_EDGE ( 'NONE', *, *, #3768, .T. ) ;
#2982 = AXIS2_PLACEMENT_3D ( 'NONE', #1939, #6848, #11849 ) ;
#2983 = SURFACE_STYLE_FILL_AREA ( #211 ) ;
#2984 = VERTEX_POINT ( 'NONE', #4625 ) ;
#2985 = DIRECTION ( 'NONE',  ( 4.081702296416016490E-16, -1.000000000000000000, 0.000000000000000000 ) ) ;
#2986 = FILL_AREA_STYLE_COLOUR ( '', #3390 ) ;
#2987 = FACE_OUTER_BOUND ( 'NONE', #11264, .T. ) ;
#2988 = EDGE_CURVE ( 'NONE', #3635, #1308, #4037, .T. ) ;
#2989 = FILL_AREA_STYLE ('',( #6925 ) ) ;
#2990 = DIRECTION ( 'NONE',  ( -0.000000000000000000, 0.000000000000000000, 1.000000000000000000 ) ) ;
#2991 = CARTESIAN_POINT ( 'NONE',  ( 0.000000000000000000, 11.42999999999999972, 0.000000000000000000 ) ) ;
#2992 = EDGE_CURVE ( 'NONE', #9950, #11632, #8647, .T. ) ;
#2993 = EDGE_CURVE ( 'NONE', #4479, #1277, #7610, .T. ) ;
#2994 = PRESENTATION_STYLE_ASSIGNMENT (( #3935 ) ) ;
#2995 =( LENGTH_UNIT ( ) NAMED_UNIT ( * ) SI_UNIT ( .MILLI., .METRE. ) );
#2996 = SURFACE_STYLE_USAGE ( .BOTH. , #2148 ) ;
#2997 = CARTESIAN_POINT ( 'NONE',  ( -20.44126315789473480, 2.929999999999998384, -18.41499999999999915 ) ) ;
#2998 = CARTESIAN_POINT ( 'NONE',  ( 29.34181229169386640, 0.000000000000000000, -16.73785807575440288 ) ) ;
#2999 = DIRECTION ( 'NONE',  ( 0.000000000000000000, 0.000000000000000000, -1.000000000000000000 ) ) ;
#3000 = FACE_OUTER_BOUND ( 'NONE', #5070, .T. ) ;
#3001 =( LENGTH_UNIT ( ) NAMED_UNIT ( * ) SI_UNIT ( .MILLI., .METRE. ) );
#3002 = EDGE_CURVE ( 'NONE', #4241, #9950, #5097, .T. ) ;
#3003 = EDGE_LOOP ( 'NONE', ( #3238, #11287, #5490, #12617 ) ) ;
#3004 = ORIENTED_EDGE ( 'NONE', *, *, #3801, .F. ) ;
#3005 = ADVANCED_FACE ( 'NONE', ( #3688 ), #9536, .T. ) ;
#3006 = CARTESIAN_POINT ( 'NONE',  ( -13.95052631578947278, 2.929999999999998384, -18.41499999999999559 ) ) ;
#3007 = DIRECTION ( 'NONE',  ( 0.000000000000000000, -1.000000000000000000, 0.000000000000000000 ) ) ;
#3008 = EDGE_LOOP ( 'NONE', ( #7927, #9005, #10590, #6126 ) ) ;
#3009 = AXIS2_PLACEMENT_3D ( 'NONE', #9527, #8451, #800 ) ;
#3010 =( NAMED_UNIT ( * ) SI_UNIT ( $, .STERADIAN. ) SOLID_ANGLE_UNIT ( ) );
#3011 = CARTESIAN_POINT ( 'NONE',  ( -14.45052631578947278, 2.929999999999998384, -17.91499999999999204 ) ) ;
#3012 = CYLINDRICAL_SURFACE ( 'NONE', #1605, 0.5000000000000004441 ) ;
#3013 = ORIENTED_EDGE ( 'NONE', *, *, #7894, .F. ) ;
#3014 = FILL_AREA_STYLE_COLOUR ( '', #2330 ) ;
#3015 = PRESENTATION_STYLE_ASSIGNMENT (( #10783 ) ) ;
#3016 = AXIS2_PLACEMENT_3D ( 'NONE', #12650, #11683, #5847 ) ;
#3017 = LINE ( 'NONE', #11703, #8869 ) ;
#3018 = DIRECTION ( 'NONE',  ( 0.000000000000000000, -1.000000000000000000, 0.000000000000000000 ) ) ;
#3019 = PRESENTATION_STYLE_ASSIGNMENT (( #51 ) ) ;
#3020 = CYLINDRICAL_SURFACE ( 'NONE', #10935, 1.587500000000002132 ) ;
#3021 = PRESENTATION_LAYER_ASSIGNMENT (  '', '', ( #8508 ) ) ;
#3022 = EDGE_LOOP ( 'NONE', ( #6611, #2820, #11731, #11135 ) ) ;
#3023 =( NAMED_UNIT ( * ) SI_UNIT ( $, .STERADIAN. ) SOLID_ANGLE_UNIT ( ) );
#3024 = ORIENTED_EDGE ( 'NONE', *, *, #6885, .F. ) ;
#3025 = EDGE_CURVE ( 'NONE', #10903, #7736, #8845, .T. ) ;
#3026 = LINE ( 'NONE', #11715, #6940 ) ;
#3027 = SURFACE_STYLE_FILL_AREA ( #10612 ) ;
#3028 = UNCERTAINTY_MEASURE_WITH_UNIT (LENGTH_MEASURE( 1.000000000000000082E-05 ), #11238, 'distance_accuracy_value', 'NONE');
#3029 = DIRECTION ( 'NONE',  ( 0.000000000000000000, -1.000000000000000000, 0.000000000000000000 ) ) ;
#3030 = CARTESIAN_POINT ( 'NONE',  ( 25.47362625601097363, 0.2071067811865471286, -17.82296449780513115 ) ) ;
#3031 = CARTESIAN_POINT ( 'NONE',  ( 13.00778947368420901, 2.929999999999998384, -17.91499999999999204 ) ) ;
#3032 =( GEOMETRIC_REPRESENTATION_CONTEXT ( 3 ) GLOBAL_UNCERTAINTY_ASSIGNED_CONTEXT ( ( #9961 ) ) GLOBAL_UNIT_ASSIGNED_CONTEXT ( ( #1820, #9404, #1757 ) ) REPRESENTATION_CONTEXT ( 'NONE', 'WORKASPACE' ) );
#3033 = EDGE_LOOP ( 'NONE', ( #1551, #4152, #6638, #3076 ) ) ;
#3034 = CARTESIAN_POINT ( 'NONE',  ( 22.72021356188092511, 11.42999999999999972, 12.17921356188092652 ) ) ;
#3035 = DIRECTION ( 'NONE',  ( 0.000000000000000000, -0.000000000000000000, -1.000000000000000000 ) ) ;
#3036 = FILL_AREA_STYLE_COLOUR ( '', #3514 ) ;
#3037 = MECHANICAL_DESIGN_GEOMETRIC_PRESENTATION_REPRESENTATION (  '', ( #3244 ), #10154 ) ;
#3038 = CARTESIAN_POINT ( 'NONE',  ( -6.226421052631575748, 2.929999999999998384, 17.91499999999999915 ) ) ;
#3039 = ORIENTED_EDGE ( 'NONE', *, *, #1247, .F. ) ;
#3040 = CIRCLE ( 'NONE', #787, 0.5000000000000004441 ) ;
#3041 =( LENGTH_UNIT ( ) NAMED_UNIT ( * ) SI_UNIT ( .MILLI., .METRE. ) );
#3042 = EDGE_LOOP ( 'NONE', ( #6884, #10021, #3268, #12677 ) ) ;
#3043 = EDGE_CURVE ( 'NONE', #7188, #3834, #274, .T. ) ;
#3044 = DIRECTION ( 'NONE',  ( 1.000000000000000000, 0.000000000000000000, 0.000000000000000000 ) ) ;
#3045 = EDGE_CURVE ( 'NONE', #1277, #9950, #5485, .T. ) ;
#3046 = MECHANICAL_DESIGN_GEOMETRIC_PRESENTATION_REPRESENTATION (  '', ( #5669 ), #2213 ) ;
#3047 = CARTESIAN_POINT ( 'NONE',  ( 10.01242105263157356, 11.42999999999999972, -17.91499999999999204 ) ) ;
#3048 = EDGE_LOOP ( 'NONE', ( #8085, #9690, #6013, #8022 ) ) ;
#3049 = PRESENTATION_STYLE_ASSIGNMENT (( #6870 ) ) ;
#3050 = VECTOR ( 'NONE', #2022, 1000.000000000000000 ) ;
#3051 = UNCERTAINTY_MEASURE_WITH_UNIT (LENGTH_MEASURE( 1.000000000000000082E-05 ), #2134, 'distance_accuracy_value', 'NONE');
#3052 =( NAMED_UNIT ( * ) PLANE_ANGLE_UNIT ( ) SI_UNIT ( $, .RADIAN. ) );
#3053 = DIRECTION ( 'NONE',  ( -0.000000000000000000, -0.000000000000000000, -1.000000000000000000 ) ) ;
#3054 = AXIS2_PLACEMENT_3D ( 'NONE', #4637, #7560, #9675 ) ;
#3055 =( GEOMETRIC_REPRESENTATION_CONTEXT ( 3 ) GLOBAL_UNCERTAINTY_ASSIGNED_CONTEXT ( ( #2779 ) ) GLOBAL_UNIT_ASSIGNED_CONTEXT ( ( #740, #11534, #10563 ) ) REPRESENTATION_CONTEXT ( 'NONE', 'WORKASPACE' ) );
#3056 = FILL_AREA_STYLE ('',( #8855 ) ) ;
#3057 = EDGE_CURVE ( 'NONE', #8358, #7188, #5737, .T. ) ;
#3058 =( GEOMETRIC_REPRESENTATION_CONTEXT ( 3 ) GLOBAL_UNCERTAINTY_ASSIGNED_CONTEXT ( ( #11502 ) ) GLOBAL_UNIT_ASSIGNED_CONTEXT ( ( #1445, #7248, #11150 ) ) REPRESENTATION_CONTEXT ( 'NONE', 'WORKASPACE' ) );
#3059 = DIRECTION ( 'NONE',  ( -0.000000000000000000, -0.000000000000000000, 1.000000000000000000 ) ) ;
#3060 = FILL_AREA_STYLE ('',( #11817 ) ) ;
#3061 = ORIENTED_EDGE ( 'NONE', *, *, #3190, .T. ) ;
#3062 = DIRECTION ( 'NONE',  ( 0.7716245833877191096, 0.000000000000000000, 0.6360782202777650607 ) ) ;
#3063 = DIRECTION ( 'NONE',  ( 4.081702296416016490E-16, -1.000000000000000000, 0.000000000000000000 ) ) ;
#3064 =( NAMED_UNIT ( * ) PLANE_ANGLE_UNIT ( ) SI_UNIT ( $, .RADIAN. ) );
#3065 = AXIS2_PLACEMENT_3D ( 'NONE', #2300, #6182, #9127 ) ;
#3066 = AXIS2_PLACEMENT_3D ( 'NONE', #4666, #3666, #10545 ) ;
#3067 = CYLINDRICAL_SURFACE ( 'NONE', #6185, 0.5000000000000004441 ) ;
#3068 = DIRECTION ( 'NONE',  ( 0.000000000000000000, -1.000000000000000000, 0.000000000000000000 ) ) ;
#3069 = UNCERTAINTY_MEASURE_WITH_UNIT (LENGTH_MEASURE( 1.000000000000000082E-05 ), #1769, 'distance_accuracy_value', 'NONE');
#3070 = EDGE_LOOP ( 'NONE', ( #10340, #5871, #108, #2376 ) ) ;
#3071 = ORIENTED_EDGE ( 'NONE', *, *, #5918, .F. ) ;
#3072 =( GEOMETRIC_REPRESENTATION_CONTEXT ( 3 ) GLOBAL_UNCERTAINTY_ASSIGNED_CONTEXT ( ( #6849 ) ) GLOBAL_UNIT_ASSIGNED_CONTEXT ( ( #6307, #2914, #4053 ) ) REPRESENTATION_CONTEXT ( 'NONE', 'WORKASPACE' ) );
#3073 = PRESENTATION_STYLE_ASSIGNMENT (( #11763 ) ) ;
#3074 = FILL_AREA_STYLE_COLOUR ( '', #1327 ) ;
#3075 = ORIENTED_EDGE ( 'NONE', *, *, #326, .F. ) ;
#3076 = ORIENTED_EDGE ( 'NONE', *, *, #6381, .T. ) ;
#3077 = CARTESIAN_POINT ( 'NONE',  ( 23.62199999999999633, -0.0009999999999992653654, -13.08100000000000840 ) ) ;
#3078 =( BOUNDED_CURVE ( )  B_SPLINE_CURVE ( 3, ( #5788, #11024, #11153, #8140 ),
 .UNSPECIFIED., .F., .F. ) 
 B_SPLINE_CURVE_WITH_KNOTS ( ( 4, 4 ),
 ( 3.141592653589793116, 4.712388980384689674 ),
 .UNSPECIFIED. ) 
 CURVE ( )  GEOMETRIC_REPRESENTATION_ITEM ( )  RATIONAL_B_SPLINE_CURVE ( ( 1.000000000000000000, 0.8047378541243649375, 0.8047378541243649375, 1.000000000000000000 ) ) 
 REPRESENTATION_ITEM ( '' )  );
#3079 = ADVANCED_FACE ( 'NONE', ( #10690 ), #2131, .T. ) ;
#3080 = UNCERTAINTY_MEASURE_WITH_UNIT (LENGTH_MEASURE( 1.000000000000000082E-05 ), #10668, 'distance_accuracy_value', 'NONE');
#3081 = CARTESIAN_POINT ( 'NONE',  ( -27.95599999999998886, 11.22289321881345536, 7.179213561880926520 ) ) ;
#3082 = PRESENTATION_LAYER_ASSIGNMENT (  '', '', ( #8781 ) ) ;
#3083 = FILL_AREA_STYLE_COLOUR ( '', #4953 ) ;
#3084 = EDGE_CURVE ( 'NONE', #376, #5625, #9782, .T. ) ;
#3085 =( GEOMETRIC_REPRESENTATION_CONTEXT ( 3 ) GLOBAL_UNCERTAINTY_ASSIGNED_CONTEXT ( ( #380 ) ) GLOBAL_UNIT_ASSIGNED_CONTEXT ( ( #5470, #6510, #3255 ) ) REPRESENTATION_CONTEXT ( 'NONE', 'WORKASPACE' ) );
#3086 =( NAMED_UNIT ( * ) SI_UNIT ( $, .STERADIAN. ) SOLID_ANGLE_UNIT ( ) );
#3087 = CARTESIAN_POINT ( 'NONE',  ( -15.97452631578946303, 2.929999999999998384, 17.91499999999999915 ) ) ;
#3088 = CARTESIAN_POINT ( 'NONE',  ( 10.48378947368420988, 11.42999999999999972, 0.000000000000000000 ) ) ;
#3089 = VERTEX_POINT ( 'NONE', #9921 ) ;
#3090 = LINE ( 'NONE', #12678, #10258 ) ;
#3091 = LINE ( 'NONE', #10855, #5090 ) ;
#3092 = VERTEX_POINT ( 'NONE', #1115 ) ;
#3093 = CARTESIAN_POINT ( 'NONE',  ( -4.964421052631579734, 2.929999999999998384, 17.91499999999999915 ) ) ;
#3094 =( GEOMETRIC_REPRESENTATION_CONTEXT ( 3 ) GLOBAL_UNCERTAINTY_ASSIGNED_CONTEXT ( ( #2170 ) ) GLOBAL_UNIT_ASSIGNED_CONTEXT ( ( #4413, #6322, #8228 ) ) REPRESENTATION_CONTEXT ( 'NONE', 'WORKASPACE' ) );
#3095 = DIRECTION ( 'NONE',  ( 4.081702296416016490E-16, -1.000000000000000000, 0.000000000000000000 ) ) ;
#3096 = CARTESIAN_POINT ( 'NONE',  ( -14.45052631578947278, 10.92999999999999794, -17.91499999999999204 ) ) ;
#3097 = VERTEX_POINT ( 'NONE', #6084 ) ;
#3098 =( NAMED_UNIT ( * ) SI_UNIT ( $, .STERADIAN. ) SOLID_ANGLE_UNIT ( ) );
#3099 = EDGE_CURVE ( 'NONE', #2638, #7659, #81, .T. ) ;
#3100 =( LENGTH_UNIT ( ) NAMED_UNIT ( * ) SI_UNIT ( .MILLI., .METRE. ) );
#3101 = VECTOR ( 'NONE', #3838, 1000.000000000000000 ) ;
#3102 = FILL_AREA_STYLE_COLOUR ( '', #1212 ) ;
#3103 = VERTEX_POINT ( 'NONE', #11801 ) ;
#3104 = DIRECTION ( 'NONE',  ( 0.000000000000000000, -0.000000000000000000, -1.000000000000000000 ) ) ;
#3106 = ORIENTED_EDGE ( 'NONE', *, *, #6788, .T. ) ;
#3105 = VECTOR ( 'NONE', #8441, 1000.000000000000000 ) ;
#3107 = DIRECTION ( 'NONE',  ( 0.000000000000000000, -1.000000000000000000, 0.000000000000000000 ) ) ;
#3108 = MECHANICAL_DESIGN_GEOMETRIC_PRESENTATION_REPRESENTATION (  '', ( #6746 ), #12292 ) ;
#3109 = SURFACE_SIDE_STYLE ('',( #6922 ) ) ;
#3110 =( NAMED_UNIT ( * ) SI_UNIT ( $, .STERADIAN. ) SOLID_ANGLE_UNIT ( ) );
#3111 = CARTESIAN_POINT ( 'NONE',  ( -2.261945850392400370, 11.43000000000000149, 18.41499999999999915 ) ) ;
#3112 = DIRECTION ( 'NONE',  ( 0.000000000000000000, 0.000000000000000000, -1.000000000000000000 ) ) ;
#3113 = AXIS2_PLACEMENT_3D ( 'NONE', #6373, #5345, #7499 ) ;
#3114 = CARTESIAN_POINT ( 'NONE',  ( -13.95052631578947278, 2.929999999999998384, -17.91499999999999204 ) ) ;
#3115 = EDGE_CURVE ( 'NONE', #7868, #8563, #10604, .T. ) ;
#3116 = PRESENTATION_LAYER_ASSIGNMENT (  '', '', ( #2700 ) ) ;
#3117 = PRESENTATION_STYLE_ASSIGNMENT (( #2145 ) ) ;
#3118 = DIRECTION ( 'NONE',  ( -0.000000000000000000, 1.000000000000000000, -0.000000000000000000 ) ) ;
#3119 =( LENGTH_UNIT ( ) NAMED_UNIT ( * ) SI_UNIT ( .MILLI., .METRE. ) );
#3120 = COLOUR_RGB ( '',0.2509803921568627416, 0.2509803921568627416, 0.2509803921568627416 ) ;
#3121 = SURFACE_STYLE_FILL_AREA ( #5909 ) ;
#3122 = FILL_AREA_STYLE_COLOUR ( '', #887 ) ;
#3123 = FACE_OUTER_BOUND ( 'NONE', #3664, .T. ) ;
#3124 = EDGE_CURVE ( 'NONE', #9916, #9494, #1018, .T. ) ;
#3125 = FACE_OUTER_BOUND ( 'NONE', #370, .T. ) ;
#3126 = ORIENTED_EDGE ( 'NONE', *, *, #11790, .F. ) ;
#3127 =( GEOMETRIC_REPRESENTATION_CONTEXT ( 3 ) GLOBAL_UNCERTAINTY_ASSIGNED_CONTEXT ( ( #6282 ) ) GLOBAL_UNIT_ASSIGNED_CONTEXT ( ( #667, #5762, #4678 ) ) REPRESENTATION_CONTEXT ( 'NONE', 'WORKASPACE' ) );
#3128 = EDGE_CURVE ( 'NONE', #6777, #5188, #11255, .T. ) ;
#3129 = ORIENTED_EDGE ( 'NONE', *, *, #12294, .T. ) ;
#3130 = VECTOR ( 'NONE', #8734, 1000.000000000000000 ) ;
#3131 =( NAMED_UNIT ( * ) SI_UNIT ( $, .STERADIAN. ) SOLID_ANGLE_UNIT ( ) );
#3132 = CARTESIAN_POINT ( 'NONE',  ( -18.39673248841659969, 2.187480838622395396, 9.662236248352073176 ) ) ;
#3133 = ORIENTED_EDGE ( 'NONE', *, *, #10001, .T. ) ;
#3134 = FILL_AREA_STYLE_COLOUR ( '', #8529 ) ;
#3135 = DIRECTION ( 'NONE',  ( 0.6360782202777650607, -0.000000000000000000, 0.7716245833877191096 ) ) ;
#3136 = VERTEX_POINT ( 'NONE', #1370 ) ;
#3137 = FILL_AREA_STYLE ('',( #3014 ) ) ;
#3138 = DIRECTION ( 'NONE',  ( -1.000000000000000000, 0.000000000000000000, 0.000000000000000000 ) ) ;
#3139 = CYLINDRICAL_SURFACE ( 'NONE', #5534, 0.5000000000000004441 ) ;
#3140 =( GEOMETRIC_REPRESENTATION_CONTEXT ( 3 ) GLOBAL_UNCERTAINTY_ASSIGNED_CONTEXT ( ( #4488 ) ) GLOBAL_UNIT_ASSIGNED_CONTEXT ( ( #10731, #5932, #3023 ) ) REPRESENTATION_CONTEXT ( 'NONE', 'WORKASPACE' ) );
#3141 = AXIS2_PLACEMENT_3D ( 'NONE', #11756, #10961, #11951 ) ;
#3142 = FILL_AREA_STYLE ('',( #5229 ) ) ;
#3143 = AXIS2_PLACEMENT_3D ( 'NONE', #1509, #2486, #3445 ) ;
#3144 =( LENGTH_UNIT ( ) NAMED_UNIT ( * ) SI_UNIT ( .MILLI., .METRE. ) );
#3145 = DIRECTION ( 'NONE',  ( -1.000000000000000000, 0.000000000000000000, 0.000000000000000000 ) ) ;
#3146 = DIRECTION ( 'NONE',  ( 0.000000000000000000, 0.000000000000000000, 1.000000000000000000 ) ) ;
#3147 =( NAMED_UNIT ( * ) PLANE_ANGLE_UNIT ( ) SI_UNIT ( $, .RADIAN. ) );
#3148 = ORIENTED_EDGE ( 'NONE', *, *, #2918, .T. ) ;
#3149 = SURFACE_SIDE_STYLE ('',( #11046 ) ) ;
#3150 = VERTEX_POINT ( 'NONE', #9097 ) ;
#3151 =( GEOMETRIC_REPRESENTATION_CONTEXT ( 3 ) GLOBAL_UNCERTAINTY_ASSIGNED_CONTEXT ( ( #1435 ) ) GLOBAL_UNIT_ASSIGNED_CONTEXT ( ( #513, #8289, #6254 ) ) REPRESENTATION_CONTEXT ( 'NONE', 'WORKASPACE' ) );
#3152 = MECHANICAL_DESIGN_GEOMETRIC_PRESENTATION_REPRESENTATION (  '', ( #10487 ), #278 ) ;
#3153 = CYLINDRICAL_SURFACE ( 'NONE', #8259, 0.5000000000000000000 ) ;
#3154 = UNCERTAINTY_MEASURE_WITH_UNIT (LENGTH_MEASURE( 1.000000000000000082E-05 ), #4714, 'distance_accuracy_value', 'NONE');
#3155 =( BOUNDED_CURVE ( )  B_SPLINE_CURVE ( 3, ( #11521, #656, #12373, #12436 ),
 .UNSPECIFIED., .F., .T. ) 
 B_SPLINE_CURVE_WITH_KNOTS ( ( 4, 4 ),
 ( 1.570796326794896558, 3.141592653589793116 ),
 .UNSPECIFIED. ) 
 CURVE ( )  GEOMETRIC_REPRESENTATION_ITEM ( )  RATIONAL_B_SPLINE_CURVE ( ( 1.000000000000000000, 0.8047378541243649375, 0.8047378541243649375, 1.000000000000000000 ) ) 
 REPRESENTATION_ITEM ( '' )  );
#3156 = FACE_OUTER_BOUND ( 'NONE', #6045, .T. ) ;
#3157 = CARTESIAN_POINT ( 'NONE',  ( 25.44555368504572357, -9.680146019491008459E-16, -18.11450929433956603 ) ) ;
#3158 = STYLED_ITEM ( 'NONE', ( #10960 ), #863 ) ;
#3159 = EDGE_CURVE ( 'NONE', #2491, #9348, #7860, .T. ) ;
#3160 = VERTEX_POINT ( 'NONE', #4428 ) ;
#3161 = CARTESIAN_POINT ( 'NONE',  ( 18.65850377644882840, 11.30065615640916121, 8.994399727110019782 ) ) ;
#3162 = PRESENTATION_LAYER_ASSIGNMENT (  '', '', ( #2548 ) ) ;
#3163 = STYLED_ITEM ( 'NONE', ( #4890 ), #11242 ) ;
#3164 = SURFACE_STYLE_USAGE ( .BOTH. , #8775 ) ;
#3165 = VECTOR ( 'NONE', #9398, 1000.000000000000000 ) ;
#3166 = PRESENTATION_STYLE_ASSIGNMENT (( #11189 ) ) ;
#3167 = AXIS2_PLACEMENT_3D ( 'NONE', #10839, #3007, #9689 ) ;
#3168 = EDGE_LOOP ( 'NONE', ( #9780, #8086, #912, #3853 ) ) ;
#3169 = SURFACE_STYLE_FILL_AREA ( #1950 ) ;
#3170 = CARTESIAN_POINT ( 'NONE',  ( 25.96063157894736761, 11.42999999999999972, -18.41499999999999915 ) ) ;
#3171 = VERTEX_POINT ( 'NONE', #1555 ) ;
#3172 = SURFACE_STYLE_FILL_AREA ( #273 ) ;
#3173 = PRESENTATION_LAYER_ASSIGNMENT (  '', '', ( #5797 ) ) ;
#3175 = CARTESIAN_POINT ( 'NONE',  ( -16.18163309697601449, 11.42999999999999794, -18.41499999999999559 ) ) ;
#3174 = PRESENTATION_LAYER_ASSIGNMENT (  '', '', ( #1323 ) ) ;
#3176 = MECHANICAL_DESIGN_GEOMETRIC_PRESENTATION_REPRESENTATION (  '', ( #1942 ), #1732 ) ;
#3177 = EDGE_LOOP ( 'NONE', ( #1854, #1958, #5894, #5745 ) ) ;
#3178 = MECHANICAL_DESIGN_GEOMETRIC_PRESENTATION_REPRESENTATION (  '', ( #5801 ), #4390 ) ;
#3179 = FACE_OUTER_BOUND ( 'NONE', #11843, .T. ) ;
#3180 = CARTESIAN_POINT ( 'NONE',  ( 23.62199999999999633, -0.0009999999999992653654, -13.08100000000000840 ) ) ;
#3181 = UNCERTAINTY_MEASURE_WITH_UNIT (LENGTH_MEASURE( 1.000000000000000082E-05 ), #6579, 'distance_accuracy_value', 'NONE');
#3182 = FILL_AREA_STYLE_COLOUR ( '', #3964 ) ;
#3183 = LINE ( 'NONE', #1963, #132 ) ;
#3184 = CARTESIAN_POINT ( 'NONE',  ( -4.493052631578940748, 2.929999999999998384, 18.41499999999999915 ) ) ;
#3185 =( LENGTH_UNIT ( ) NAMED_UNIT ( * ) SI_UNIT ( .MILLI., .METRE. ) );
#3186 = VECTOR ( 'NONE', #7966, 1000.000000000000000 ) ;
#3187 =( GEOMETRIC_REPRESENTATION_CONTEXT ( 3 ) GLOBAL_UNCERTAINTY_ASSIGNED_CONTEXT ( ( #3967 ) ) GLOBAL_UNIT_ASSIGNED_CONTEXT ( ( #12630, #9588, #11460 ) ) REPRESENTATION_CONTEXT ( 'NONE', 'WORKASPACE' ) );
#3188 = CARTESIAN_POINT ( 'NONE',  ( -16.94589473684210290, 2.929999999999998384, -17.91499999999999204 ) ) ;
#3189 = DIRECTION ( 'NONE',  ( 1.000000000000000000, 0.000000000000000000, 0.000000000000000000 ) ) ;
#3190 = EDGE_CURVE ( 'NONE', #9886, #4621, #1429, .T. ) ;
#3191 = CARTESIAN_POINT ( 'NONE',  ( 0.5263157894736837372, 2.929999999999998384, -18.41499999999999915 ) ) ;
#3192 = SURFACE_STYLE_FILL_AREA ( #6990 ) ;
#3193 = CARTESIAN_POINT ( 'NONE',  ( -28.45599999999999596, 1.778000000000000025, -16.16328183851187816 ) ) ;
#3194 = MECHANICAL_DESIGN_GEOMETRIC_PRESENTATION_REPRESENTATION (  '', ( #6435 ), #1546 ) ;
#3195 =( LENGTH_UNIT ( ) NAMED_UNIT ( * ) SI_UNIT ( .MILLI., .METRE. ) );
#3196 = LINE ( 'NONE', #5091, #12333 ) ;
#3197 = SURFACE_STYLE_FILL_AREA ( #493 ) ;
#3198 = DIRECTION ( 'NONE',  ( 0.000000000000000000, 0.000000000000000000, 1.000000000000000000 ) ) ;
#3199 = UNCERTAINTY_MEASURE_WITH_UNIT (LENGTH_MEASURE( 1.000000000000000082E-05 ), #544, 'distance_accuracy_value', 'NONE');
#3200 = FILL_AREA_STYLE_COLOUR ( '', #4172 ) ;
#3201 = ORIENTED_EDGE ( 'NONE', *, *, #7784, .T. ) ;
#3202 = MECHANICAL_DESIGN_GEOMETRIC_PRESENTATION_REPRESENTATION (  '', ( #12396 ), #325 ) ;
#3203 = ORIENTED_EDGE ( 'NONE', *, *, #6943, .F. ) ;
#3204 = CARTESIAN_POINT ( 'NONE',  ( -17.72021356188092867, 2.344499298387705544, 12.17921356188096382 ) ) ;
#3205 = VERTEX_POINT ( 'NONE', #4366 ) ;
#3206 = SURFACE_SIDE_STYLE ('',( #11833 ) ) ;
#3207 = DIRECTION ( 'NONE',  ( 0.000000000000000000, 0.000000000000000000, -1.000000000000000000 ) ) ;
#3208 = ORIENTED_EDGE ( 'NONE', *, *, #4518, .F. ) ;
#3209 = EDGE_CURVE ( 'NONE', #7671, #1365, #7292, .T. ) ;
#3210 = CIRCLE ( 'NONE', #9701, 0.7619999999999970131 ) ;
#3211 = CARTESIAN_POINT ( 'NONE',  ( 25.47362625601098074, 0.2071067811865453245, 17.82296449780514180 ) ) ;
#3212 = UNCERTAINTY_MEASURE_WITH_UNIT (LENGTH_MEASURE( 1.000000000000000082E-05 ), #8480, 'distance_accuracy_value', 'NONE');
#3213 = DIRECTION ( 'NONE',  ( 0.7716245833877194427, 0.000000000000000000, 0.6360782202777647276 ) ) ;
#3214 = AXIS2_PLACEMENT_3D ( 'NONE', #7807, #9929, #2920 ) ;
#3215 = SURFACE_SIDE_STYLE ('',( #11174 ) ) ;
#3216 = CARTESIAN_POINT ( 'NONE',  ( 7.988421052631582420, 2.929999999999998384, 17.91499999999999915 ) ) ;
#3217 = ORIENTED_EDGE ( 'NONE', *, *, #3925, .T. ) ;
#3218 = CARTESIAN_POINT ( 'NONE',  ( 22.01123368217812981, 0.000000000000000000, 14.40881328482983470 ) ) ;
#3219 = VECTOR ( 'NONE', #11141, 1000.000000000000000 ) ;
#3220 = ORIENTED_EDGE ( 'NONE', *, *, #1979, .T. ) ;
#3221 = CARTESIAN_POINT ( 'NONE',  ( 23.62199999999999633, 0.000000000000000000, -13.08100000000000840 ) ) ;
#3222 = DIRECTION ( 'NONE',  ( -0.000000000000000000, 0.000000000000000000, 1.000000000000000000 ) ) ;
#3223 = CARTESIAN_POINT ( 'NONE',  ( -6.988421052631577979, 11.42999999999999972, -17.91499999999999204 ) ) ;
#3224 = PRESENTATION_STYLE_ASSIGNMENT (( #12089 ) ) ;
#3225 = AXIS2_PLACEMENT_3D ( 'NONE', #9031, #7104, #12247 ) ;
#3226 = CARTESIAN_POINT ( 'NONE',  ( -23.43663157894736671, 2.929999999999998384, 7.179213561880927408 ) ) ;
#3227 = ORIENTED_EDGE ( 'NONE', *, *, #5741, .T. ) ;
#3228 = ADVANCED_FACE ( 'NONE', ( #1488 ), #11070, .F. ) ;
#3229 = EDGE_CURVE ( 'NONE', #1876, #10985, #406, .T. ) ;
#3230 = CARTESIAN_POINT ( 'NONE',  ( 4.493052631578946077, 11.42999999999999972, 0.000000000000000000 ) ) ;
#3231 = DIRECTION ( 'NONE',  ( -0.000000000000000000, -0.000000000000000000, 1.000000000000000000 ) ) ;
#3232 = EDGE_CURVE ( 'NONE', #6733, #12481, #8970, .T. ) ;
#3233 = CARTESIAN_POINT ( 'NONE',  ( 6.724159412765492227, 11.42999999999999972, -18.41499999999999559 ) ) ;
#3234 = FILL_AREA_STYLE_COLOUR ( '', #9909 ) ;
#3235 = STYLED_ITEM ( 'NONE', ( #8794 ), #4060 ) ;
#3236 = VERTEX_POINT ( 'NONE', #11134 ) ;
#3237 = PRESENTATION_STYLE_ASSIGNMENT (( #11985 ) ) ;
#3238 = ORIENTED_EDGE ( 'NONE', *, *, #6720, .T. ) ;
#3239 =( BOUNDED_CURVE ( )  B_SPLINE_CURVE ( 3, ( #10719, #10775, #1853, #8684 ),
 .UNSPECIFIED., .F., .T. ) 
 B_SPLINE_CURVE_WITH_KNOTS ( ( 4, 4 ),
 ( 1.570796326794896558, 3.141592653589793116 ),
 .UNSPECIFIED. ) 
 CURVE ( )  GEOMETRIC_REPRESENTATION_ITEM ( )  RATIONAL_B_SPLINE_CURVE ( ( 1.000000000000000000, 0.8047378541243649375, 0.8047378541243649375, 1.000000000000000000 ) ) 
 REPRESENTATION_ITEM ( '' )  );
#3240 = DIRECTION ( 'NONE',  ( -0.6360782202777650607, 0.000000000000000000, -0.7716245833877191096 ) ) ;
#3241 = VECTOR ( 'NONE', #9217, 1000.000000000000000 ) ;
#3242 = EDGE_LOOP ( 'NONE', ( #7685, #6972, #11336, #8888 ) ) ;
#3243 = DIRECTION ( 'NONE',  ( -1.000000000000000000, 0.000000000000000000, 0.000000000000000000 ) ) ;
#3244 = STYLED_ITEM ( 'NONE', ( #2194 ), #4376 ) ;
#3245 = UNCERTAINTY_MEASURE_WITH_UNIT (LENGTH_MEASURE( 1.000000000000000082E-05 ), #1352, 'distance_accuracy_value', 'NONE');
#3246 = ADVANCED_FACE ( 'NONE', ( #8249 ), #5193, .T. ) ;
#3247 = CARTESIAN_POINT ( 'NONE',  ( -18.61644254139594423, 2.284792748491540681, -9.321697038640619937 ) ) ;
#3248 = CARTESIAN_POINT ( 'NONE',  ( 17.72021356188092867, 2.168174630207213127, -17.99004061071435601 ) ) ;
#3249 = PRESENTATION_LAYER_ASSIGNMENT (  '', '', ( #9540 ) ) ;
#3250 = CARTESIAN_POINT ( 'NONE',  ( 6.033546133231030950, 0.5000000000000000000, 4.973671613130804303 ) ) ;
#3251 = EDGE_CURVE ( 'NONE', #3603, #3487, #10551, .T. ) ;
#3252 = SURFACE_STYLE_USAGE ( .BOTH. , #5440 ) ;
#3253 = CARTESIAN_POINT ( 'NONE',  ( -17.72021356188092867, 1.778000000000000025, -17.91499999999999559 ) ) ;
#3254 = PRESENTATION_LAYER_ASSIGNMENT (  '', '', ( #6289 ) ) ;
#3255 =( NAMED_UNIT ( * ) SI_UNIT ( $, .STERADIAN. ) SOLID_ANGLE_UNIT ( ) );
#3256 = COLOUR_RGB ( '',0.2509803921568627416, 0.2509803921568627416, 0.2509803921568627416 ) ;
#3257 =( LENGTH_UNIT ( ) NAMED_UNIT ( * ) SI_UNIT ( .MILLI., .METRE. ) );
#3258 = CYLINDRICAL_SURFACE ( 'NONE', #603, 0.5000000000000004441 ) ;
#3259 = LINE ( 'NONE', #12193, #11563 ) ;
#3260 = COLOUR_RGB ( '',0.2509803921568627416, 0.2509803921568627416, 0.2509803921568627416 ) ;
#3261 = DIRECTION ( 'NONE',  ( 0.000000000000000000, 0.000000000000000000, 1.000000000000000000 ) ) ;
#3262 = CYLINDRICAL_SURFACE ( 'NONE', #5839, 0.7619999999999970131 ) ;
#3263 = CYLINDRICAL_SURFACE ( 'NONE', #9660, 0.7619999999999970131 ) ;
#3264 = EDGE_CURVE ( 'NONE', #4089, #10976, #11451, .T. ) ;
#3265 = PLANE ( 'NONE',  #12311 ) ;
#3266 =( LENGTH_UNIT ( ) NAMED_UNIT ( * ) SI_UNIT ( .MILLI., .METRE. ) );
#3267 = ORIENTED_EDGE ( 'NONE', *, *, #663, .T. ) ;
#3268 = ORIENTED_EDGE ( 'NONE', *, *, #8391, .F. ) ;
#3269 = CARTESIAN_POINT ( 'NONE',  ( 18.79097769773422044, 11.39789735776634316, -8.625092893865449639 ) ) ;
#3270 = LINE ( 'NONE', #6049, #5579 ) ;
#3271 = SURFACE_STYLE_USAGE ( .BOTH. , #8400 ) ;
#3272 = CARTESIAN_POINT ( 'NONE',  ( 27.48463157894736497, 10.92999999999999794, 7.179213561880927408 ) ) ;
#3273 = CIRCLE ( 'NONE', #2858, 1.587500000000002132 ) ;
#3274 = ORIENTED_EDGE ( 'NONE', *, *, #10782, .T. ) ;
#3275 = FILL_AREA_STYLE_COLOUR ( '', #685 ) ;
#3276 = CARTESIAN_POINT ( 'NONE',  ( -3.231052631578943402, 2.929999999999998384, 18.41499999999999915 ) ) ;
#3277 = CARTESIAN_POINT ( 'NONE',  ( -7.195527833818126773, 11.42999999999999794, -18.41499999999999559 ) ) ;
#3278 = CARTESIAN_POINT ( 'NONE',  ( -17.66138945099627833, 2.316314519966676144, -18.18358830467066056 ) ) ;
#3279 = ORIENTED_EDGE ( 'NONE', *, *, #9317, .F. ) ;
#3280 = VECTOR ( 'NONE', #3997, 1000.000000000000000 ) ;
#3281 = VECTOR ( 'NONE', #1869, 1000.000000000000000 ) ;
#3282 = EDGE_CURVE ( 'NONE', #581, #1077, #7468, .T. ) ;
#3283 = SURFACE_STYLE_FILL_AREA ( #10162 ) ;
#3284 = ORIENTED_EDGE ( 'NONE', *, *, #2362, .T. ) ;
#3285 = DIRECTION ( 'NONE',  ( 4.081702296416016490E-16, -1.000000000000000000, 0.000000000000000000 ) ) ;
#3286 = LINE ( 'NONE', #10168, #11656 ) ;
#3287 = CARTESIAN_POINT ( 'NONE',  ( 22.72021356188096775, 11.36011660222229658, 6.934163965867163881 ) ) ;
#3288 = VERTEX_POINT ( 'NONE', #10423 ) ;
#3289 = PRESENTATION_STYLE_ASSIGNMENT (( #10990 ) ) ;
#3290 = TOROIDAL_SURFACE ( 'NONE', #10403, 1.261999999999997124, 0.5000000000000000000 ) ;
#3291 =( GEOMETRIC_REPRESENTATION_CONTEXT ( 3 ) GLOBAL_UNCERTAINTY_ASSIGNED_CONTEXT ( ( #8161 ) ) GLOBAL_UNIT_ASSIGNED_CONTEXT ( ( #2207, #3773, #7637 ) ) REPRESENTATION_CONTEXT ( 'NONE', 'WORKASPACE' ) );
#3292 =( LENGTH_UNIT ( ) NAMED_UNIT ( * ) SI_UNIT ( .MILLI., .METRE. ) );
#3293 =( LENGTH_UNIT ( ) NAMED_UNIT ( * ) SI_UNIT ( .MILLI., .METRE. ) );
#3294 =( NAMED_UNIT ( * ) PLANE_ANGLE_UNIT ( ) SI_UNIT ( $, .RADIAN. ) );
#3295 = ORIENTED_EDGE ( 'NONE', *, *, #8503, .T. ) ;
#3296 = SURFACE_STYLE_FILL_AREA ( #6274 ) ;
#3297 = EDGE_CURVE ( 'NONE', #10309, #12664, #3155, .T. ) ;
#3298 = ORIENTED_EDGE ( 'NONE', *, *, #5651, .F. ) ;
#3299 = CIRCLE ( 'NONE', #10817, 0.5000000000000004441 ) ;
#3300 = ADVANCED_FACE ( 'NONE', ( #10615 ), #10203, .T. ) ;
#3301 = CARTESIAN_POINT ( 'NONE',  ( -3.231052631578943402, 2.929999999999998384, -18.41499999999999559 ) ) ;
#3302 =( NAMED_UNIT ( * ) PLANE_ANGLE_UNIT ( ) SI_UNIT ( $, .RADIAN. ) );
#3303 = ORIENTED_EDGE ( 'NONE', *, *, #11530, .F. ) ;
#3304 = FACE_OUTER_BOUND ( 'NONE', #8173, .T. ) ;
#3305 =( NAMED_UNIT ( * ) PLANE_ANGLE_UNIT ( ) SI_UNIT ( $, .RADIAN. ) );
#3306 = UNCERTAINTY_MEASURE_WITH_UNIT (LENGTH_MEASURE( 1.000000000000000082E-05 ), #12020, 'distance_accuracy_value', 'NONE');
#3307 = CARTESIAN_POINT ( 'NONE',  ( -18.95548324832481057, 2.762871025180166473, -8.888580556103153896 ) ) ;
#3308 = CARTESIAN_POINT ( 'NONE',  ( 17.34401845439357004, 1.858709768461263900, -18.41499999999999559 ) ) ;
#3309 = SURFACE_STYLE_FILL_AREA ( #10061 ) ;
#3310 = CARTESIAN_POINT ( 'NONE',  ( -28.45599999999999596, 10.92999999999999794, 7.179213561880927408 ) ) ;
#3311 = CARTESIAN_POINT ( 'NONE',  ( 28.45599999999999596, 0.000000000000000000, 15.66328183851187994 ) ) ;
#3312 = CARTESIAN_POINT ( 'NONE',  ( 17.22021356188092867, 1.277999999999999581, -18.41499999999999559 ) ) ;
#3313 = DIRECTION ( 'NONE',  ( 1.000000000000000000, -0.000000000000000000, 0.000000000000000000 ) ) ;
#3314 = CYLINDRICAL_SURFACE ( 'NONE', #9751, 0.7619999999999970131 ) ;
#3315 = ADVANCED_FACE ( 'NONE', ( #8634 ), #7526, .F. ) ;
#3316 =( NAMED_UNIT ( * ) PLANE_ANGLE_UNIT ( ) SI_UNIT ( $, .RADIAN. ) );
#3317 = FILL_AREA_STYLE_COLOUR ( '', #12290 ) ;
#3318 = CARTESIAN_POINT ( 'NONE',  ( -23.62199999999999633, 0.5000000000000000000, -13.08100000000000840 ) ) ;
#3319 = EDGE_CURVE ( 'NONE', #11367, #6467, #10156, .T. ) ;
#3320 = LINE ( 'NONE', #4204, #2400 ) ;
#3321 = LINE ( 'NONE', #1329, #4561 ) ;
#3322 = SURFACE_SIDE_STYLE ('',( #8332 ) ) ;
#3323 = MECHANICAL_DESIGN_GEOMETRIC_PRESENTATION_REPRESENTATION (  '', ( #9405 ), #7161 ) ;
#3324 = SURFACE_STYLE_FILL_AREA ( #234 ) ;
#3325 = UNCERTAINTY_MEASURE_WITH_UNIT (LENGTH_MEASURE( 1.000000000000000082E-05 ), #720, 'distance_accuracy_value', 'NONE');
#3326 = CARTESIAN_POINT ( 'NONE',  ( -18.96989473684210026, 10.99047631220812526, -8.872385971794113146 ) ) ;
#3327 = ORIENTED_EDGE ( 'NONE', *, *, #1681, .F. ) ;
#3328 = ORIENTED_EDGE ( 'NONE', *, *, #2105, .F. ) ;
#3329 =( GEOMETRIC_REPRESENTATION_CONTEXT ( 3 ) GLOBAL_UNCERTAINTY_ASSIGNED_CONTEXT ( ( #11526 ) ) GLOBAL_UNIT_ASSIGNED_CONTEXT ( ( #828, #4706, #4831 ) ) REPRESENTATION_CONTEXT ( 'NONE', 'WORKASPACE' ) );
#3330 = CYLINDRICAL_SURFACE ( 'NONE', #9605, 0.5000000000000004441 ) ;
#3331 = CARTESIAN_POINT ( 'NONE',  ( -18.79290979176202114, 2.437029564189131303, 9.084034438540069090 ) ) ;
#3332 = SURFACE_SIDE_STYLE ('',( #5282 ) ) ;
#3333 =( GEOMETRIC_REPRESENTATION_CONTEXT ( 3 ) GLOBAL_UNCERTAINTY_ASSIGNED_CONTEXT ( ( #4958 ) ) GLOBAL_UNIT_ASSIGNED_CONTEXT ( ( #748, #7549, #2731 ) ) REPRESENTATION_CONTEXT ( 'NONE', 'WORKASPACE' ) );
#3334 = DIRECTION ( 'NONE',  ( 0.000000000000000000, -1.000000000000000000, 0.000000000000000000 ) ) ;
#3335 = STYLED_ITEM ( 'NONE', ( #2564 ), #738 ) ;
#3336 = FILL_AREA_STYLE_COLOUR ( '', #7921 ) ;
#3337 = ORIENTED_EDGE ( 'NONE', *, *, #190, .F. ) ;
#3338 = UNCERTAINTY_MEASURE_WITH_UNIT (LENGTH_MEASURE( 1.000000000000000082E-05 ), #1826, 'distance_accuracy_value', 'NONE');
#3339 =( NAMED_UNIT ( * ) PLANE_ANGLE_UNIT ( ) SI_UNIT ( $, .RADIAN. ) );
#3340 = UNCERTAINTY_MEASURE_WITH_UNIT (LENGTH_MEASURE( 1.000000000000000082E-05 ), #5382, 'distance_accuracy_value', 'NONE');
#3341 = COLOUR_RGB ( '',0.2509803921568627416, 0.2509803921568627416, 0.2509803921568627416 ) ;
#3342 =( NAMED_UNIT ( * ) SI_UNIT ( $, .STERADIAN. ) SOLID_ANGLE_UNIT ( ) );
#3343 = DIRECTION ( 'NONE',  ( 0.7716245833877191096, 0.000000000000000000, 0.6360782202777650607 ) ) ;
#3344 = ORIENTED_EDGE ( 'NONE', *, *, #6493, .T. ) ;
#3345 = EDGE_LOOP ( 'NONE', ( #5736, #3851, #3791, #10396 ) ) ;
#3346 = SURFACE_STYLE_USAGE ( .BOTH. , #4285 ) ;
#3347 = PRESENTATION_STYLE_ASSIGNMENT (( #9320 ) ) ;
#3348 = COLOUR_RGB ( '',0.2509803921568627416, 0.2509803921568627416, 0.2509803921568627416 ) ;
#3349 =( NAMED_UNIT ( * ) SI_UNIT ( $, .STERADIAN. ) SOLID_ANGLE_UNIT ( ) );
#3350 = ORIENTED_EDGE ( 'NONE', *, *, #12325, .F. ) ;
#3351 = CIRCLE ( 'NONE', #677, 0.7619999999999970131 ) ;
#3352 = CARTESIAN_POINT ( 'NONE',  ( -16.94589473684210290, 2.929999999999998384, -18.41499999999999559 ) ) ;
#3353 = DIRECTION ( 'NONE',  ( 0.000000000000000000, 1.000000000000000000, -0.000000000000000000 ) ) ;
#3354 = CARTESIAN_POINT ( 'NONE',  ( -18.96989473684210026, 1.778000000000001579, -8.872385971794111370 ) ) ;
#3355 = CARTESIAN_POINT ( 'NONE',  ( -18.96989473684210381, 10.99047923458284970, 8.872385971794114923 ) ) ;
#3356 = ORIENTED_EDGE ( 'NONE', *, *, #1135, .F. ) ;
#3357 = STYLED_ITEM ( 'NONE', ( #8144 ), #9456 ) ;
#3358 = DIRECTION ( 'NONE',  ( 1.000000000000000000, 0.000000000000000000, -0.000000000000000000 ) ) ;
#3359 = ORIENTED_EDGE ( 'NONE', *, *, #2611, .T. ) ;
#3360 = CARTESIAN_POINT ( 'NONE',  ( -24.84695402612800308, 1.778000000000000025, -12.07122582530904786 ) ) ;
#3361 = CARTESIAN_POINT ( 'NONE',  ( 23.62199999999999633, 0.5000000000000000000, 13.08100000000000840 ) ) ;
#3362 = ORIENTED_EDGE ( 'NONE', *, *, #10826, .T. ) ;
#3363 = AXIS2_PLACEMENT_3D ( 'NONE', #9493, #1911, #12599 ) ;
#3364 = VECTOR ( 'NONE', #1069, 1000.000000000000000 ) ;
#3365 = AXIS2_PLACEMENT_3D ( 'NONE', #1008, #4887, #8797 ) ;
#3366 = SURFACE_STYLE_FILL_AREA ( #12244 ) ;
#3367 = MECHANICAL_DESIGN_GEOMETRIC_PRESENTATION_REPRESENTATION (  '', ( #1925 ), #11091 ) ;
#3368 = EDGE_CURVE ( 'NONE', #470, #1876, #8765, .T. ) ;
#3369 = UNCERTAINTY_MEASURE_WITH_UNIT (LENGTH_MEASURE( 1.000000000000000082E-05 ), #5915, 'distance_accuracy_value', 'NONE');
#3370 = CARTESIAN_POINT ( 'NONE',  ( -27.95599999999999596, 10.92999999999999794, -7.179213561880927408 ) ) ;
#3371 =( NAMED_UNIT ( * ) PLANE_ANGLE_UNIT ( ) SI_UNIT ( $, .RADIAN. ) );
#3372 = LINE ( 'NONE', #11079, #9894 ) ;
#3373 = CARTESIAN_POINT ( 'NONE',  ( 21.49389473684210117, 1.778000000000000025, -7.331931628739902784 ) ) ;
#3374 =( GEOMETRIC_REPRESENTATION_CONTEXT ( 3 ) GLOBAL_UNCERTAINTY_ASSIGNED_CONTEXT ( ( #9102 ) ) GLOBAL_UNIT_ASSIGNED_CONTEXT ( ( #9804, #10835, #951 ) ) REPRESENTATION_CONTEXT ( 'NONE', 'WORKASPACE' ) );
#3375 =( NAMED_UNIT ( * ) PLANE_ANGLE_UNIT ( ) SI_UNIT ( $, .RADIAN. ) );
#3376 = TOROIDAL_SURFACE ( 'NONE', #5790, 1.261999999999997124, 0.5000000000000000000 ) ;
#3377 = VECTOR ( 'NONE', #9087, 1000.000000000000000 ) ;
#3378 = CARTESIAN_POINT ( 'NONE',  ( -15.21252631578946790, 2.929999999999998384, -18.41499999999999915 ) ) ;
#3379 = AXIS2_PLACEMENT_3D ( 'NONE', #397, #8053, #4294 ) ;
#3380 = SURFACE_STYLE_FILL_AREA ( #9110 ) ;
#3381 =( LENGTH_UNIT ( ) NAMED_UNIT ( * ) SI_UNIT ( .MILLI., .METRE. ) );
#3382 = PRESENTATION_STYLE_ASSIGNMENT (( #7175 ) ) ;
#3383 = CARTESIAN_POINT ( 'NONE',  ( -21.96526315789473571, 11.01328260873400922, -7.236537172765302728 ) ) ;
#3384 = EDGE_CURVE ( 'NONE', #10583, #531, #4039, .T. ) ;
#3385 = CIRCLE ( 'NONE', #4992, 0.5000000000000004441 ) ;
#3386 = CARTESIAN_POINT ( 'NONE',  ( -8.459789473684212524, 2.929999999999998384, 17.91499999999999915 ) ) ;
#3387 = CIRCLE ( 'NONE', #10509, 1.261999999999997568 ) ;
#3388 = COLOUR_RGB ( '',0.2509803921568627416, 0.2509803921568627416, 0.2509803921568627416 ) ;
#3390 = COLOUR_RGB ( '',0.2509803921568627416, 0.2509803921568627416, 0.2509803921568627416 ) ;
#3389 = CARTESIAN_POINT ( 'NONE',  ( 16.00315789473683736, 2.929999999999998384, 18.41499999999999915 ) ) ;
#3391 = SURFACE_SIDE_STYLE ('',( #365 ) ) ;
#3392 = FILL_AREA_STYLE_COLOUR ( '', #3341 ) ;
#3393 = CARTESIAN_POINT ( 'NONE',  ( -22.46526315789473216, 11.42999999999999972, 6.685125803980871417 ) ) ;
#3394 = ORIENTED_EDGE ( 'NONE', *, *, #12066, .F. ) ;
#3395 = EDGE_LOOP ( 'NONE', ( #6593, #11507, #8624, #11047 ) ) ;
#3396 = CIRCLE ( 'NONE', #10520, 5.499999999999996447 ) ;
#3397 = CARTESIAN_POINT ( 'NONE',  ( -18.96989473684209671, 2.929999999999998384, 8.872385971794113146 ) ) ;
#3398 = CARTESIAN_POINT ( 'NONE',  ( -20.06349372060417835, 11.43000000000000327, 7.502998331866392867 ) ) ;
#3399 = SURFACE_SIDE_STYLE ('',( #11035 ) ) ;
#3400 = SURFACE_STYLE_USAGE ( .BOTH. , #9192 ) ;
#3401 = ORIENTED_EDGE ( 'NONE', *, *, #10983, .T. ) ;
#3402 =( NAMED_UNIT ( * ) SI_UNIT ( $, .STERADIAN. ) SOLID_ANGLE_UNIT ( ) );
#3403 = PRESENTATION_STYLE_ASSIGNMENT (( #5286 ) ) ;
#3404 = EDGE_CURVE ( 'NONE', #8627, #5249, #1100, .T. ) ;
#3405 = MECHANICAL_DESIGN_GEOMETRIC_PRESENTATION_REPRESENTATION (  '', ( #4405 ), #11338 ) ;
#3406 = SURFACE_STYLE_USAGE ( .BOTH. , #2391 ) ;
#3407 = SURFACE_STYLE_USAGE ( .BOTH. , #11972 ) ;
#3408 = LINE ( 'NONE', #6258, #4162 ) ;
#3409 = EDGE_LOOP ( 'NONE', ( #9076, #4477, #11960, #992 ) ) ;
#3410 = EDGE_CURVE ( 'NONE', #9358, #5957, #6851, .T. ) ;
#3411 =( NAMED_UNIT ( * ) SI_UNIT ( $, .STERADIAN. ) SOLID_ANGLE_UNIT ( ) );
#3412 = ORIENTED_EDGE ( 'NONE', *, *, #1193, .T. ) ;
#3413 = DIRECTION ( 'NONE',  ( 0.000000000000000000, -1.000000000000000000, 0.000000000000000000 ) ) ;
#3414 = PRESENTATION_STYLE_ASSIGNMENT (( #10107 ) ) ;
#3415 =( GEOMETRIC_REPRESENTATION_CONTEXT ( 3 ) GLOBAL_UNCERTAINTY_ASSIGNED_CONTEXT ( ( #1402 ) ) GLOBAL_UNIT_ASSIGNED_CONTEXT ( ( #8858, #1195, #8796 ) ) REPRESENTATION_CONTEXT ( 'NONE', 'WORKASPACE' ) );
#3416 = MECHANICAL_DESIGN_GEOMETRIC_PRESENTATION_REPRESENTATION (  '', ( #5619 ), #7054 ) ;
#3417 = VERTEX_POINT ( 'NONE', #4989 ) ;
#3418 = LINE ( 'NONE', #8426, #6757 ) ;
#3419 = MECHANICAL_DESIGN_GEOMETRIC_PRESENTATION_REPRESENTATION (  '', ( #1770 ), #4608 ) ;
#3420 = DIRECTION ( 'NONE',  ( 0.000000000000000000, 0.000000000000000000, -1.000000000000000000 ) ) ;
#3421 = CARTESIAN_POINT ( 'NONE',  ( -19.21838616470901684, 11.36579828439211681, 8.268365051104282770 ) ) ;
#3422 = VECTOR ( 'NONE', #12113, 1000.000000000000000 ) ;
#3423 = EDGE_LOOP ( 'NONE', ( #11005, #5302, #2435, #3984 ) ) ;
#3424 = CYLINDRICAL_SURFACE ( 'NONE', #12102, 0.5000000000000004441 ) ;
#3425 = ADVANCED_FACE ( 'NONE', ( #8892 ), #8945, .T. ) ;
#3426 = ORIENTED_EDGE ( 'NONE', *, *, #7944, .F. ) ;
#3427 = DIRECTION ( 'NONE',  ( -4.081702296416016490E-16, 1.000000000000000000, -0.000000000000000000 ) ) ;
#3428 = EDGE_LOOP ( 'NONE', ( #6623, #10303, #183, #4588 ) ) ;
#3429 =( GEOMETRIC_REPRESENTATION_CONTEXT ( 3 ) GLOBAL_UNCERTAINTY_ASSIGNED_CONTEXT ( ( #8148 ) ) GLOBAL_UNIT_ASSIGNED_CONTEXT ( ( #9654, #2906, #8831 ) ) REPRESENTATION_CONTEXT ( 'NONE', 'WORKASPACE' ) );
#3430 = FILL_AREA_STYLE ('',( #599 ) ) ;
#3431 = CARTESIAN_POINT ( 'NONE',  ( -17.75310929087304856, 2.314034846902254472, -11.51955161647689252 ) ) ;
#3432 =( LENGTH_UNIT ( ) NAMED_UNIT ( * ) SI_UNIT ( .MILLI., .METRE. ) );
#3433 = LINE ( 'NONE', #1378, #8051 ) ;
#3434 = FILL_AREA_STYLE ('',( #10130 ) ) ;
#3435 =( GEOMETRIC_REPRESENTATION_CONTEXT ( 3 ) GLOBAL_UNCERTAINTY_ASSIGNED_CONTEXT ( ( #7600 ) ) GLOBAL_UNIT_ASSIGNED_CONTEXT ( ( #10874, #78, #7799 ) ) REPRESENTATION_CONTEXT ( 'NONE', 'WORKASPACE' ) );
#3436 = CARTESIAN_POINT ( 'NONE',  ( -7.488421052631577979, 11.43000000000000860, -18.41499999999999559 ) ) ;
#3437 = CARTESIAN_POINT ( 'NONE',  ( -27.95599999999999596, 10.92999999999999794, -7.179213561880927408 ) ) ;
#3438 = EDGE_CURVE ( 'NONE', #3549, #3582, #1426, .T. ) ;
#3439 =( GEOMETRIC_REPRESENTATION_CONTEXT ( 3 ) GLOBAL_UNCERTAINTY_ASSIGNED_CONTEXT ( ( #10816 ) ) GLOBAL_UNIT_ASSIGNED_CONTEXT ( ( #2339, #1433, #5131 ) ) REPRESENTATION_CONTEXT ( 'NONE', 'WORKASPACE' ) );
#3440 = SURFACE_STYLE_FILL_AREA ( #1874 ) ;
#3441 = ORIENTED_EDGE ( 'NONE', *, *, #9730, .T. ) ;
#3442 = SURFACE_SIDE_STYLE ('',( #485 ) ) ;
#3443 = FACE_OUTER_BOUND ( 'NONE', #3910, .T. ) ;
#3444 = CARTESIAN_POINT ( 'NONE',  ( 21.49389473684210117, 10.92999999999999794, 7.331931628739902784 ) ) ;
#3445 = DIRECTION ( 'NONE',  ( -1.387778780781444413E-14, 0.000000000000000000, -1.000000000000000000 ) ) ;
#3446 = DIRECTION ( 'NONE',  ( 0.000000000000000000, 0.000000000000000000, -1.000000000000000000 ) ) ;
#3447 = EDGE_CURVE ( 'NONE', #4082, #6509, #8977, .T. ) ;
#3448 = CARTESIAN_POINT ( 'NONE',  ( 17.72021356188092511, 2.168174630207212683, -11.91625468818378586 ) ) ;
#3449 = UNCERTAINTY_MEASURE_WITH_UNIT (LENGTH_MEASURE( 1.000000000000000082E-05 ), #7305, 'distance_accuracy_value', 'NONE');
#3450 = COLOUR_RGB ( '',0.2509803921568627416, 0.2509803921568627416, 0.2509803921568627416 ) ;
#3451 = EDGE_CURVE ( 'NONE', #4425, #12606, #9908, .T. ) ;
#3452 = ORIENTED_EDGE ( 'NONE', *, *, #3451, .T. ) ;
#3453 = CYLINDRICAL_SURFACE ( 'NONE', #2894, 0.7619999999999953477 ) ;
#3454 = DIRECTION ( 'NONE',  ( -0.000000000000000000, -0.000000000000000000, -1.000000000000000000 ) ) ;
#3455 = LINE ( 'NONE', #7315, #398 ) ;
#3456 = DIRECTION ( 'NONE',  ( 1.000000000000000000, 0.000000000000000000, 0.000000000000000000 ) ) ;
#3457 = ORIENTED_EDGE ( 'NONE', *, *, #11332, .F. ) ;
#3458 = CARTESIAN_POINT ( 'NONE',  ( -25.46063157894736406, 11.42999999999999972, -6.679213561880927408 ) ) ;
#3459 = DIRECTION ( 'NONE',  ( 1.000000000000000000, -0.000000000000000000, 0.000000000000000000 ) ) ;
#3460 = STYLED_ITEM ( 'NONE', ( #2302 ), #1956 ) ;
#3461 = CARTESIAN_POINT ( 'NONE',  ( -22.93663157894736315, 11.42999999999999972, 6.679213561880927408 ) ) ;
#3462 = EDGE_LOOP ( 'NONE', ( #5028, #8761, #11736, #4352 ) ) ;
#3463 = CARTESIAN_POINT ( 'NONE',  ( 25.40151096696283872, 1.778000000000000025, 17.91499999999999915 ) ) ;
#3464 = VERTEX_POINT ( 'NONE', #7786 ) ;
#3465 = SURFACE_STYLE_FILL_AREA ( #8044 ) ;
#3466 = TOROIDAL_SURFACE ( 'NONE', #12245, 1.261999999999997124, 0.5000000000000000000 ) ;
#3467 = CARTESIAN_POINT ( 'NONE',  ( 19.71866424374845295, 11.38274629170736141, 7.870082372759382494 ) ) ;
#3468 = ADVANCED_FACE ( 'NONE', ( #9706 ), #7945, .T. ) ;
#3469 = SURFACE_STYLE_FILL_AREA ( #5480 ) ;
#3470 = VERTEX_POINT ( 'NONE', #975 ) ;
#3471 = PRESENTATION_LAYER_ASSIGNMENT (  '', '', ( #10392 ) ) ;
#3472 = ADVANCED_FACE ( 'NONE', ( #11121 ), #2402, .T. ) ;
#3473 = DIRECTION ( 'NONE',  ( 1.000000000000000000, 0.000000000000000000, 0.000000000000000000 ) ) ;
#3474 = EDGE_CURVE ( 'NONE', #12552, #2467, #3286, .T. ) ;
#3475 = DIRECTION ( 'NONE',  ( -0.000000000000000000, 1.000000000000000000, -0.000000000000000000 ) ) ;
#3476 = CARTESIAN_POINT ( 'NONE',  ( -15.21252631578946790, 2.929999999999998384, -18.41499999999999559 ) ) ;
#3477 = AXIS2_PLACEMENT_3D ( 'NONE', #639, #1792, #12542 ) ;
#3478 = PRESENTATION_LAYER_ASSIGNMENT (  '', '', ( #12461 ) ) ;
#3479 = CARTESIAN_POINT ( 'NONE',  ( 28.74889321881344628, 1.777999999999999581, 16.16328183851187816 ) ) ;
#3480 = ORIENTED_EDGE ( 'NONE', *, *, #4752, .F. ) ;
#3481 = SURFACE_SIDE_STYLE ('',( #10233 ) ) ;
#3482 = PLANE ( 'NONE',  #1222 ) ;
#3483 = ORIENTED_EDGE ( 'NONE', *, *, #8075, .T. ) ;
#3484 = SURFACE_STYLE_USAGE ( .BOTH. , #9336 ) ;
#3485 = SURFACE_STYLE_USAGE ( .BOTH. , #6336 ) ;
#3486 =( GEOMETRIC_REPRESENTATION_CONTEXT ( 3 ) GLOBAL_UNCERTAINTY_ASSIGNED_CONTEXT ( ( #248 ) ) GLOBAL_UNIT_ASSIGNED_CONTEXT ( ( #8040, #257, #10031 ) ) REPRESENTATION_CONTEXT ( 'NONE', 'WORKASPACE' ) );
#3487 = VERTEX_POINT ( 'NONE', #5239 ) ;
#3488 =( NAMED_UNIT ( * ) SI_UNIT ( $, .STERADIAN. ) SOLID_ANGLE_UNIT ( ) );
#3489 = ADVANCED_FACE ( 'NONE', ( #4288 ), #3290, .T. ) ;
#3490 = UNCERTAINTY_MEASURE_WITH_UNIT (LENGTH_MEASURE( 1.000000000000000082E-05 ), #2824, 'distance_accuracy_value', 'NONE');
#3491 = UNCERTAINTY_MEASURE_WITH_UNIT (LENGTH_MEASURE( 1.000000000000000082E-05 ), #3001, 'distance_accuracy_value', 'NONE');
#3492 =( BOUNDED_CURVE ( )  B_SPLINE_CURVE ( 3, ( #4748, #6485, #10382, #6734 ),
 .UNSPECIFIED., .F., .T. ) 
 B_SPLINE_CURVE_WITH_KNOTS ( ( 4, 4 ),
 ( 1.570796326794896336, 3.141592653589792672 ),
 .UNSPECIFIED. ) 
 CURVE ( )  GEOMETRIC_REPRESENTATION_ITEM ( )  RATIONAL_B_SPLINE_CURVE ( ( 1.000000000000000000, 0.8047378541243650485, 0.8047378541243650485, 1.000000000000000000 ) ) 
 REPRESENTATION_ITEM ( '' )  );
#3493 = DIRECTION ( 'NONE',  ( 0.000000000000000000, 0.000000000000000000, 1.000000000000000000 ) ) ;
#3494 = ORIENTED_EDGE ( 'NONE', *, *, #8667, .F. ) ;
#3495 = SURFACE_STYLE_USAGE ( .BOTH. , #9228 ) ;
#3496 =( GEOMETRIC_REPRESENTATION_CONTEXT ( 3 ) GLOBAL_UNCERTAINTY_ASSIGNED_CONTEXT ( ( #10725 ) ) GLOBAL_UNIT_ASSIGNED_CONTEXT ( ( #405, #8184, #594 ) ) REPRESENTATION_CONTEXT ( 'NONE', 'WORKASPACE' ) );
#3497 = AXIS2_PLACEMENT_3D ( 'NONE', #2118, #6011, #5820 ) ;
#3498 = CARTESIAN_POINT ( 'NONE',  ( -40.19178643811905971, 1.778000000000000025, 7.179213561880927408 ) ) ;
#3499 = SURFACE_STYLE_FILL_AREA ( #2898 ) ;
#3500 = ORIENTED_EDGE ( 'NONE', *, *, #5541, .T. ) ;
#3501 = FILL_AREA_STYLE ('',( #1383 ) ) ;
#3502 = SURFACE_SIDE_STYLE ('',( #5387 ) ) ;
#3503 = ADVANCED_FACE ( 'NONE', ( #2245 ), #712, .T. ) ;
#3504 = LINE ( 'NONE', #5213, #269 ) ;
#3505 = CARTESIAN_POINT ( 'NONE',  ( 15.50315789473683736, 11.42999999999999972, -17.91499999999999204 ) ) ;
#3506 = DIRECTION ( 'NONE',  ( 0.000000000000000000, 0.000000000000000000, 1.000000000000000000 ) ) ;
#3507 = CARTESIAN_POINT ( 'NONE',  ( 10.48378947368420988, 11.42999999999999972, 18.41499999999999915 ) ) ;
#3508 = PRESENTATION_LAYER_ASSIGNMENT (  '', '', ( #5520 ) ) ;
#3509 = ORIENTED_EDGE ( 'NONE', *, *, #11032, .T. ) ;
#3510 = CARTESIAN_POINT ( 'NONE',  ( 2.759684210526320403, 2.929999999999998384, 18.41499999999999915 ) ) ;
#3511 = EDGE_CURVE ( 'NONE', #9506, #3549, #5505, .T. ) ;
#3512 = PRESENTATION_STYLE_ASSIGNMENT (( #2381 ) ) ;
#3513 = ORIENTED_EDGE ( 'NONE', *, *, #8202, .T. ) ;
#3514 = COLOUR_RGB ( '',0.2509803921568627416, 0.2509803921568627416, 0.2509803921568627416 ) ;
#3515 = STYLED_ITEM ( 'NONE', ( #7675 ), #393 ) ;
#3516 = ADVANCED_FACE ( 'NONE', ( #8616 ), #4466, .T. ) ;
#3517 = SURFACE_SIDE_STYLE ('',( #8348 ) ) ;
#3518 = ADVANCED_FACE ( 'NONE', ( #1542 ), #837, .F. ) ;
#3519 = CARTESIAN_POINT ( 'NONE',  ( 28.95599999999999952, 1.570893218813452119, 6.972106780694380390 ) ) ;
#3520 = SURFACE_STYLE_FILL_AREA ( #12283 ) ;
#3521 = SURFACE_STYLE_FILL_AREA ( #10459 ) ;
#3522 = SURFACE_SIDE_STYLE ('',( #11176 ) ) ;
#3523 = ORIENTED_EDGE ( 'NONE', *, *, #195, .F. ) ;
#3524 = STYLED_ITEM ( 'NONE', ( #8986 ), #10350 ) ;
#3525 = SURFACE_SIDE_STYLE ('',( #770 ) ) ;
#3526 = VERTEX_POINT ( 'NONE', #11640 ) ;
#3527 = AXIS2_PLACEMENT_3D ( 'NONE', #11087, #10139, #3261 ) ;
#3528 = B_SPLINE_CURVE_WITH_KNOTS ( 'NONE', 3,
 ( #11034, #3398, #7260, #10262, #11165, #5337 ),
 .UNSPECIFIED., .F., .F.,
 ( 4, 2, 4 ),
 ( -4.814168209512836716E-06, 0.0004178875645532765561, 0.0008405892973160659573 ),
 .UNSPECIFIED. ) ;
#3529 = DIRECTION ( 'NONE',  ( 0.000000000000000000, 0.000000000000000000, 1.000000000000000000 ) ) ;
#3530 = DIRECTION ( 'NONE',  ( 1.000000000000000000, 0.000000000000000000, 0.000000000000000000 ) ) ;
#3531 = SURFACE_SIDE_STYLE ('',( #6452 ) ) ;
#3532 =( NAMED_UNIT ( * ) PLANE_ANGLE_UNIT ( ) SI_UNIT ( $, .RADIAN. ) );
#3533 = ORIENTED_EDGE ( 'NONE', *, *, #9528, .F. ) ;
#3534 = LINE ( 'NONE', #8236, #2078 ) ;
#3535 = EDGE_CURVE ( 'NONE', #11692, #5610, #5035, .T. ) ;
#3536 = SURFACE_STYLE_USAGE ( .BOTH. , #6523 ) ;
#3537 = DIRECTION ( 'NONE',  ( -0.000000000000000000, 0.000000000000000000, 1.000000000000000000 ) ) ;
#3538 =( NAMED_UNIT ( * ) PLANE_ANGLE_UNIT ( ) SI_UNIT ( $, .RADIAN. ) );
#3539 = SURFACE_STYLE_USAGE ( .BOTH. , #9266 ) ;
#3540 = ORIENTED_EDGE ( 'NONE', *, *, #7431, .F. ) ;
#3541 = SURFACE_STYLE_FILL_AREA ( #8625 ) ;
#3542 = FACE_OUTER_BOUND ( 'NONE', #12494, .T. ) ;
#3543 = VERTEX_POINT ( 'NONE', #3011 ) ;
#3544 = STYLED_ITEM ( 'NONE', ( #5746 ), #10929 ) ;
#3545 = ADVANCED_FACE ( 'NONE', ( #1920 ), #110, .F. ) ;
#3546 = VECTOR ( 'NONE', #9678, 1000.000000000000000 ) ;
#3547 = FILL_AREA_STYLE ('',( #4670 ) ) ;
#3548 = LINE ( 'NONE', #1616, #3105 ) ;
#3549 = VERTEX_POINT ( 'NONE', #1856 ) ;
#3550 = CARTESIAN_POINT ( 'NONE',  ( -19.46989473684210381, 11.42999999999999972, 0.000000000000000000 ) ) ;
#3551 = LINE ( 'NONE', #7857, #2697 ) ;
#3552 = VECTOR ( 'NONE', #1282, 1000.000000000000000 ) ;
#3553 = MECHANICAL_DESIGN_GEOMETRIC_PRESENTATION_REPRESENTATION (  '', ( #2533 ), #3757 ) ;
#3554 = STYLED_ITEM ( 'NONE', ( #11770 ), #4447 ) ;
#3555 = ORIENTED_EDGE ( 'NONE', *, *, #12213, .F. ) ;
#3556 = CARTESIAN_POINT ( 'NONE',  ( -22.01123368217812981, 0.5000000000000000000, -14.40881328482983648 ) ) ;
#3557 = EDGE_CURVE ( 'NONE', #5, #10715, #6759, .T. ) ;
#3558 = PRESENTATION_STYLE_ASSIGNMENT (( #12322 ) ) ;
#3559 = MECHANICAL_DESIGN_GEOMETRIC_PRESENTATION_REPRESENTATION (  '', ( #277 ), #10676 ) ;
#3560 = MECHANICAL_DESIGN_GEOMETRIC_PRESENTATION_REPRESENTATION (  '', ( #1921 ), #5175 ) ;
#3561 = TOROIDAL_SURFACE ( 'NONE', #6396, 1.261999999999997124, 0.5000000000000000000 ) ;
#3562 = ORIENTED_EDGE ( 'NONE', *, *, #6177, .T. ) ;
#3563 =( NAMED_UNIT ( * ) PLANE_ANGLE_UNIT ( ) SI_UNIT ( $, .RADIAN. ) );
#3564 =( BOUNDED_CURVE ( )  B_SPLINE_CURVE ( 3, ( #6986, #94, #11676, #4065 ),
 .UNSPECIFIED., .F., .T. ) 
 B_SPLINE_CURVE_WITH_KNOTS ( ( 4, 4 ),
 ( 0.000000000000000000, 1.570796326794896558 ),
 .UNSPECIFIED. ) 
 CURVE ( )  GEOMETRIC_REPRESENTATION_ITEM ( )  RATIONAL_B_SPLINE_CURVE ( ( 1.000000000000000000, 0.8047378541243649375, 0.8047378541243649375, 1.000000000000000000 ) ) 
 REPRESENTATION_ITEM ( '' )  );
#3565 = FILL_AREA_STYLE ('',( #8386 ) ) ;
#3566 = CARTESIAN_POINT ( 'NONE',  ( 5.755052631578949196, 2.929999999999998384, -18.41499999999999559 ) ) ;
#3567 = CARTESIAN_POINT ( 'NONE',  ( -8.459789473684212524, 10.92999999999999794, -17.91499999999999204 ) ) ;
#3568 = CARTESIAN_POINT ( 'NONE',  ( 11.74578947368421211, 2.929999999999998384, 17.91499999999999915 ) ) ;
#3569 = COLOUR_RGB ( '',0.2509803921568627416, 0.2509803921568627416, 0.2509803921568627416 ) ;
#3570 = VECTOR ( 'NONE', #2551, 1000.000000000000000 ) ;
#3571 = COLOUR_RGB ( '',0.2509803921568627416, 0.2509803921568627416, 0.2509803921568627416 ) ;
#3572 = PRESENTATION_LAYER_ASSIGNMENT (  '', '', ( #508 ) ) ;
#3573 =( NAMED_UNIT ( * ) SI_UNIT ( $, .STERADIAN. ) SOLID_ANGLE_UNIT ( ) );
#3574 = DIRECTION ( 'NONE',  ( -1.000000000000000000, 0.000000000000000000, 0.000000000000000000 ) ) ;
#3575 = EDGE_CURVE ( 'NONE', #11351, #4710, #12609, .T. ) ;
#3576 = VERTEX_POINT ( 'NONE', #7902 ) ;
#3577 = CARTESIAN_POINT ( 'NONE',  ( 28.95599999999999596, 11.42999999999999972, 6.679213561880927408 ) ) ;
#3578 = AXIS2_PLACEMENT_3D ( 'NONE', #4495, #10314, #5508 ) ;
#3579 = PRESENTATION_STYLE_ASSIGNMENT (( #12522 ) ) ;
#3580 = CIRCLE ( 'NONE', #8455, 1.261999999999997568 ) ;
#3581 = CARTESIAN_POINT ( 'NONE',  ( 16.00315789473683736, 2.929999999999998384, 17.91499999999999915 ) ) ;
#3582 = VERTEX_POINT ( 'NONE', #8927 ) ;
#3583 = FILL_AREA_STYLE ('',( #2443 ) ) ;
#3584 = VECTOR ( 'NONE', #10754, 1000.000000000000000 ) ;
#3585 = SURFACE_STYLE_FILL_AREA ( #12404 ) ;
#3586 =( NAMED_UNIT ( * ) SI_UNIT ( $, .STERADIAN. ) SOLID_ANGLE_UNIT ( ) );
#3587 = CARTESIAN_POINT ( 'NONE',  ( 0.000000000000000000, 11.42999999999999972, 0.000000000000000000 ) ) ;
#3588 = ORIENTED_EDGE ( 'NONE', *, *, #10963, .F. ) ;
#3589 = EDGE_CURVE ( 'NONE', #6965, #4425, #2228, .T. ) ;
#3590 = ORIENTED_EDGE ( 'NONE', *, *, #138, .T. ) ;
#3591 = PRESENTATION_STYLE_ASSIGNMENT (( #6574 ) ) ;
#3592 = SURFACE_STYLE_FILL_AREA ( #7330 ) ;
#3593 = EDGE_CURVE ( 'NONE', #7915, #3998, #9692, .T. ) ;
#3594 = ORIENTED_EDGE ( 'NONE', *, *, #5167, .F. ) ;
#3595 = UNCERTAINTY_MEASURE_WITH_UNIT (LENGTH_MEASURE( 1.000000000000000082E-05 ), #1434, 'distance_accuracy_value', 'NONE');
#3596 = DIRECTION ( 'NONE',  ( 0.000000000000000000, 0.000000000000000000, -1.000000000000000000 ) ) ;
#3597 = SURFACE_STYLE_USAGE ( .BOTH. , #5417 ) ;
#3598 = ORIENTED_EDGE ( 'NONE', *, *, #8019, .F. ) ;
#3599 = CARTESIAN_POINT ( 'NONE',  ( -15.97452631578946303, 2.929999999999998384, -17.91499999999999204 ) ) ;
#3600 = DIRECTION ( 'NONE',  ( 1.000000000000000000, 0.000000000000000000, -0.000000000000000000 ) ) ;
#3601 = CARTESIAN_POINT ( 'NONE',  ( 28.95599999999999596, 1.277999999999999581, 18.41499999999999915 ) ) ;
#3602 = FACE_OUTER_BOUND ( 'NONE', #1400, .T. ) ;
#3603 = VERTEX_POINT ( 'NONE', #5859 ) ;
#3604 = DIRECTION ( 'NONE',  ( -0.000000000000000000, -0.000000000000000000, 1.000000000000000000 ) ) ;
#3605 = DIRECTION ( 'NONE',  ( -0.000000000000000000, -0.000000000000000000, 1.000000000000000000 ) ) ;
#3606 = VERTEX_POINT ( 'NONE', #10842 ) ;
#3607 = MECHANICAL_DESIGN_GEOMETRIC_PRESENTATION_REPRESENTATION (  '', ( #4213 ), #8068 ) ;
#3608 = EDGE_CURVE ( 'NONE', #5234, #1557, #4090, .T. ) ;
#3609 =( NAMED_UNIT ( * ) SI_UNIT ( $, .STERADIAN. ) SOLID_ANGLE_UNIT ( ) );
#3610 = ORIENTED_EDGE ( 'NONE', *, *, #4059, .F. ) ;
#3611 = DIRECTION ( 'NONE',  ( 0.000000000000000000, 0.000000000000000000, -1.000000000000000000 ) ) ;
#3612 = UNCERTAINTY_MEASURE_WITH_UNIT (LENGTH_MEASURE( 1.000000000000000082E-05 ), #12596, 'distance_accuracy_value', 'NONE');
#3613 = PRESENTATION_LAYER_ASSIGNMENT (  '', '', ( #10326 ) ) ;
#3614 =( NAMED_UNIT ( * ) SI_UNIT ( $, .STERADIAN. ) SOLID_ANGLE_UNIT ( ) );
#3615 = EDGE_CURVE ( 'NONE', #5795, #9592, #3674, .T. ) ;
#3616 = SURFACE_SIDE_STYLE ('',( #12443 ) ) ;
#3617 = ORIENTED_EDGE ( 'NONE', *, *, #1780, .T. ) ;
#3618 =( NAMED_UNIT ( * ) SI_UNIT ( $, .STERADIAN. ) SOLID_ANGLE_UNIT ( ) );
#3619 = DIRECTION ( 'NONE',  ( 4.081702296416016490E-16, -1.000000000000000000, 0.000000000000000000 ) ) ;
#3620 = ORIENTED_EDGE ( 'NONE', *, *, #2793, .T. ) ;
#3621 = SURFACE_STYLE_USAGE ( .BOTH. , #9593 ) ;
#3622 = VECTOR ( 'NONE', #7302, 1000.000000000000000 ) ;
#3623 = ORIENTED_EDGE ( 'NONE', *, *, #11086, .F. ) ;
#3624 = EDGE_CURVE ( 'NONE', #6312, #10583, #8343, .T. ) ;
#3625 = AXIS2_PLACEMENT_3D ( 'NONE', #7314, #6363, #2439 ) ;
#3626 = DIRECTION ( 'NONE',  ( 0.000000000000000000, 0.000000000000000000, -1.000000000000000000 ) ) ;
#3627 = CARTESIAN_POINT ( 'NONE',  ( -20.44126315789473480, 10.92999999999999794, -7.728777060123920073 ) ) ;
#3628 = FILL_AREA_STYLE ('',( #12397 ) ) ;
#3629 = DIRECTION ( 'NONE',  ( 0.000000000000000000, 0.000000000000000000, -1.000000000000000000 ) ) ;
#3630 = EDGE_CURVE ( 'NONE', #7736, #12349, #434, .T. ) ;
#3631 = TOROIDAL_SURFACE ( 'NONE', #2807, 2.087500000000002132, 0.5000000000000000000 ) ;
#3632 = SURFACE_STYLE_FILL_AREA ( #4693 ) ;
#3633 = PRESENTATION_STYLE_ASSIGNMENT (( #8726 ) ) ;
#3634 = COLOUR_RGB ( '',0.2509803921568627416, 0.2509803921568627416, 0.2509803921568627416 ) ;
#3635 = VERTEX_POINT ( 'NONE', #10973 ) ;
#3636 =( BOUNDED_CURVE ( )  B_SPLINE_CURVE ( 3, ( #2617, #514, #12218, #6506 ),
 .UNSPECIFIED., .F., .F. ) 
 B_SPLINE_CURVE_WITH_KNOTS ( ( 4, 4 ),
 ( 0.000000000000000000, 1.570796326794896558 ),
 .UNSPECIFIED. ) 
 CURVE ( )  GEOMETRIC_REPRESENTATION_ITEM ( )  RATIONAL_B_SPLINE_CURVE ( ( 1.000000000000000000, 0.8047378541243649375, 0.8047378541243649375, 1.000000000000000000 ) ) 
 REPRESENTATION_ITEM ( '' )  );
#3637 = VECTOR ( 'NONE', #3240, 999.9999999999998863 ) ;
#3638 = DIRECTION ( 'NONE',  ( 0.000000000000000000, 0.000000000000000000, -1.000000000000000000 ) ) ;
#3639 = DIRECTION ( 'NONE',  ( 0.000000000000000000, -1.000000000000000000, 0.000000000000000000 ) ) ;
#3640 = EDGE_LOOP ( 'NONE', ( #6947, #4606, #10844, #4418, #3126, #8028, #3298, #7451, #8613, #6905, #7126, #1938 ) ) ;
#3641 = PRESENTATION_STYLE_ASSIGNMENT (( #12403 ) ) ;
#3642 = DIRECTION ( 'NONE',  ( 0.7716245833877194427, 0.000000000000000000, -0.6360782202777647276 ) ) ;
#3643 = COLOUR_RGB ( '',0.2509803921568627416, 0.2509803921568627416, 0.2509803921568627416 ) ;
#3644 = EDGE_CURVE ( 'NONE', #10780, #5764, #3273, .T. ) ;
#3645 = DIRECTION ( 'NONE',  ( 0.000000000000000000, -1.000000000000000000, 0.000000000000000000 ) ) ;
#3646 = STYLED_ITEM ( 'NONE', ( #8772 ), #5907 ) ;
#3647 = ORIENTED_EDGE ( 'NONE', *, *, #8324, .F. ) ;
#3648 = SURFACE_SIDE_STYLE ('',( #11497 ) ) ;
#3649 =( GEOMETRIC_REPRESENTATION_CONTEXT ( 3 ) GLOBAL_UNCERTAINTY_ASSIGNED_CONTEXT ( ( #5499 ) ) GLOBAL_UNIT_ASSIGNED_CONTEXT ( ( #11054, #6012, #4167 ) ) REPRESENTATION_CONTEXT ( 'NONE', 'WORKASPACE' ) );
#3650 = ORIENTED_EDGE ( 'NONE', *, *, #2993, .F. ) ;
#3651 = CARTESIAN_POINT ( 'NONE',  ( 10.77668269249765842, 11.42999999999999972, 18.41499999999999915 ) ) ;
#3652 = CIRCLE ( 'NONE', #7689, 0.7619999999999970131 ) ;
#3653 = ORIENTED_EDGE ( 'NONE', *, *, #4440, .F. ) ;
#3654 = CARTESIAN_POINT ( 'NONE',  ( 12.50778947368420901, 2.929999999999998384, -18.41499999999999915 ) ) ;
#3655 = LINE ( 'NONE', #4865, #12523 ) ;
#3656 = FILL_AREA_STYLE ('',( #8361 ) ) ;
#3657 =( LENGTH_UNIT ( ) NAMED_UNIT ( * ) SI_UNIT ( .MILLI., .METRE. ) );
#3658 = VECTOR ( 'NONE', #9857, 1000.000000000000000 ) ;
#3659 = ORIENTED_EDGE ( 'NONE', *, *, #8438, .F. ) ;
#3660 = AXIS2_PLACEMENT_3D ( 'NONE', #5224, #2229, #5160 ) ;
#3661 = CARTESIAN_POINT ( 'NONE',  ( -10.48378947368420988, 11.42999999999999972, 0.000000000000000000 ) ) ;
#3662 =( NAMED_UNIT ( * ) PLANE_ANGLE_UNIT ( ) SI_UNIT ( $, .RADIAN. ) );
#3663 = DIRECTION ( 'NONE',  ( 0.000000000000000000, 1.000000000000000000, 0.000000000000000000 ) ) ;
#3664 = EDGE_LOOP ( 'NONE', ( #9537, #8216, #7698, #4464 ) ) ;
#3665 = DIRECTION ( 'NONE',  ( 0.000000000000000000, 0.000000000000000000, -1.000000000000000000 ) ) ;
#3666 = DIRECTION ( 'NONE',  ( 0.000000000000000000, -1.000000000000000000, 0.000000000000000000 ) ) ;
#3667 = ORIENTED_EDGE ( 'NONE', *, *, #11068, .F. ) ;
#3668 =( NAMED_UNIT ( * ) SI_UNIT ( $, .STERADIAN. ) SOLID_ANGLE_UNIT ( ) );
#3669 = VECTOR ( 'NONE', #9234, 1000.000000000000000 ) ;
#3670 = CARTESIAN_POINT ( 'NONE',  ( 18.49852631578947282, 1.778000000000000025, 9.500154623337630611 ) ) ;
#3671 = FILL_AREA_STYLE ('',( #10424 ) ) ;
#3672 = EDGE_CURVE ( 'NONE', #9810, #3837, #7194, .T. ) ;
#3673 = EDGE_LOOP ( 'NONE', ( #11830, #11975, #3758, #1146 ) ) ;
#3674 = CIRCLE ( 'NONE', #8133, 4.999999999999998224 ) ;
#3675 = CARTESIAN_POINT ( 'NONE',  ( -26.22489321881345248, 11.42999999999999972, 6.972106780694380390 ) ) ;
#3676 = COLOUR_RGB ( '',0.2509803921568627416, 0.2509803921568627416, 0.2509803921568627416 ) ;
#3677 = UNCERTAINTY_MEASURE_WITH_UNIT (LENGTH_MEASURE( 1.000000000000000082E-05 ), #5518, 'distance_accuracy_value', 'NONE');
#3678 = DIRECTION ( 'NONE',  ( -1.000000000000000000, -4.081702296416016490E-16, 0.000000000000000000 ) ) ;
#3679 = CARTESIAN_POINT ( 'NONE',  ( 17.72021356188092867, 1.778000000000000025, -17.91499999999999204 ) ) ;
#3680 = ORIENTED_EDGE ( 'NONE', *, *, #8180, .F. ) ;
#3681 = EDGE_CURVE ( 'NONE', #10741, #10232, #2740, .T. ) ;
#3682 = MECHANICAL_DESIGN_GEOMETRIC_PRESENTATION_REPRESENTATION (  '', ( #5287 ), #9767 ) ;
#3683 = SURFACE_STYLE_FILL_AREA ( #9468 ) ;
#3684 = ORIENTED_EDGE ( 'NONE', *, *, #1583, .T. ) ;
#3685 = MECHANICAL_DESIGN_GEOMETRIC_PRESENTATION_REPRESENTATION (  '', ( #7521 ), #3072 ) ;
#3686 = COLOUR_RGB ( '',0.2509803921568627416, 0.2509803921568627416, 0.2509803921568627416 ) ;
#3687 = SURFACE_STYLE_FILL_AREA ( #12451 ) ;
#3688 = FACE_OUTER_BOUND ( 'NONE', #3242, .T. ) ;
#3689 = ORIENTED_EDGE ( 'NONE', *, *, #338, .T. ) ;
#3690 = PRESENTATION_STYLE_ASSIGNMENT (( #8385 ) ) ;
#3691 = CARTESIAN_POINT ( 'NONE',  ( -6.988421052631577979, 10.92999999999999794, -18.41499999999999915 ) ) ;
#3692 = CARTESIAN_POINT ( 'NONE',  ( -4.964421052631579734, 11.42999999999999972, 18.41499999999999915 ) ) ;
#3693 = AXIS2_PLACEMENT_3D ( 'NONE', #4166, #6265, #5351 ) ;
#3694 = COLOUR_RGB ( '',0.2509803921568627416, 0.2509803921568627416, 0.2509803921568627416 ) ;
#3695 = PLANE ( 'NONE',  #11504 ) ;
#3696 = LINE ( 'NONE', #6554, #4777 ) ;
#3697 = CARTESIAN_POINT ( 'NONE',  ( -21.96526315789472861, 1.778000000000000247, 7.236537172765303616 ) ) ;
#3698 = EDGE_CURVE ( 'NONE', #6755, #2442, #5338, .T. ) ;
#3699 = ORIENTED_EDGE ( 'NONE', *, *, #1744, .F. ) ;
#3700 = EDGE_CURVE ( 'NONE', #2475, #4100, #9063, .T. ) ;
#3701 = SURFACE_STYLE_FILL_AREA ( #4699 ) ;
#3702 = CARTESIAN_POINT ( 'NONE',  ( -17.23878795565555677, 11.42999999999999972, 18.41499999999999915 ) ) ;
#3703 = ORIENTED_EDGE ( 'NONE', *, *, #5834, .T. ) ;
#3704 = SURFACE_STYLE_FILL_AREA ( #8602 ) ;
#3705 = DIRECTION ( 'NONE',  ( 0.000000000000000000, -1.000000000000000000, 0.000000000000000000 ) ) ;
#3706 = LINE ( 'NONE', #11489, #8467 ) ;
#3707 = LINE ( 'NONE', #10272, #7231 ) ;
#3708 = PRESENTATION_LAYER_ASSIGNMENT (  '', '', ( #1859 ) ) ;
#3709 = FACE_OUTER_BOUND ( 'NONE', #12525, .T. ) ;
#3710 = CARTESIAN_POINT ( 'NONE',  ( -21.96526315789472505, 2.929999999999998384, -18.41499999999999915 ) ) ;
#3711 = ORIENTED_EDGE ( 'NONE', *, *, #7324, .T. ) ;
#3712 = FILL_AREA_STYLE ('',( #7503 ) ) ;
#3713 = ORIENTED_EDGE ( 'NONE', *, *, #3319, .F. ) ;
#3714 = PRESENTATION_STYLE_ASSIGNMENT (( #5475 ) ) ;
#3715 = MECHANICAL_DESIGN_GEOMETRIC_PRESENTATION_REPRESENTATION (  '', ( #11878 ), #12078 ) ;
#3716 = ORIENTED_EDGE ( 'NONE', *, *, #8457, .T. ) ;
#3717 = DIRECTION ( 'NONE',  ( 0.000000000000000000, -1.000000000000000000, 0.000000000000000000 ) ) ;
#3718 = UNCERTAINTY_MEASURE_WITH_UNIT (LENGTH_MEASURE( 1.000000000000000082E-05 ), #7317, 'distance_accuracy_value', 'NONE');
#3719 = MECHANICAL_DESIGN_GEOMETRIC_PRESENTATION_REPRESENTATION (  '', ( #11247 ), #6345 ) ;
#3720 = FACE_OUTER_BOUND ( 'NONE', #8940, .T. ) ;
#3721 = ORIENTED_EDGE ( 'NONE', *, *, #554, .T. ) ;
#3722 = CYLINDRICAL_SURFACE ( 'NONE', #1713, 0.5000000000000004441 ) ;
#3723 = CARTESIAN_POINT ( 'NONE',  ( -1.969052631578947832, 11.42999999999999972, 18.41499999999999915 ) ) ;
#3724 = SURFACE_SIDE_STYLE ('',( #2633 ) ) ;
#3725 = CARTESIAN_POINT ( 'NONE',  ( 28.45599999999999596, 1.778000000000000025, 16.16328183851187816 ) ) ;
#3726 = ORIENTED_EDGE ( 'NONE', *, *, #10245, .T. ) ;
#3727 = FILL_AREA_STYLE_COLOUR ( '', #3676 ) ;
#3728 = ORIENTED_EDGE ( 'NONE', *, *, #5145, .F. ) ;
#3729 = EDGE_CURVE ( 'NONE', #4100, #1176, #11626, .T. ) ;
#3730 = SURFACE_STYLE_FILL_AREA ( #12309 ) ;
#3731 = FILL_AREA_STYLE ('',( #12492 ) ) ;
#3732 = CARTESIAN_POINT ( 'NONE',  ( -3.993052631578938971, 2.929999999999998384, -17.91499999999999204 ) ) ;
#3733 = ORIENTED_EDGE ( 'NONE', *, *, #10705, .T. ) ;
#3734 = COLOUR_RGB ( '',0.2509803921568627416, 0.2509803921568627416, 0.2509803921568627416 ) ;
#3735 = UNCERTAINTY_MEASURE_WITH_UNIT (LENGTH_MEASURE( 1.000000000000000082E-05 ), #3266, 'distance_accuracy_value', 'NONE');
#3736 = DIRECTION ( 'NONE',  ( 0.000000000000000000, 1.000000000000000000, 0.000000000000000000 ) ) ;
#3737 = FACE_OUTER_BOUND ( 'NONE', #9633, .T. ) ;
#3738 =( NAMED_UNIT ( * ) SI_UNIT ( $, .STERADIAN. ) SOLID_ANGLE_UNIT ( ) );
#3739 = ORIENTED_EDGE ( 'NONE', *, *, #3511, .T. ) ;
#3740 = FILL_AREA_STYLE_COLOUR ( '', #9711 ) ;
#3741 =( LENGTH_UNIT ( ) NAMED_UNIT ( * ) SI_UNIT ( .MILLI., .METRE. ) );
#3742 = SURFACE_STYLE_FILL_AREA ( #7538 ) ;
#3743 = VERTEX_POINT ( 'NONE', #6248 ) ;
#3744 = VECTOR ( 'NONE', #5607, 1000.000000000000000 ) ;
#3745 = SURFACE_STYLE_USAGE ( .BOTH. , #11469 ) ;
#3746 = VERTEX_POINT ( 'NONE', #2227 ) ;
#3747 = EDGE_CURVE ( 'NONE', #11055, #5843, #9582, .T. ) ;
#3748 = VECTOR ( 'NONE', #651, 1000.000000000000000 ) ;
#3749 =( GEOMETRIC_REPRESENTATION_CONTEXT ( 3 ) GLOBAL_UNCERTAINTY_ASSIGNED_CONTEXT ( ( #11094 ) ) GLOBAL_UNIT_ASSIGNED_CONTEXT ( ( #5484, #4536, #8008 ) ) REPRESENTATION_CONTEXT ( 'NONE', 'WORKASPACE' ) );
#3750 = STYLED_ITEM ( 'NONE', ( #12438 ), #4445 ) ;
#3751 = CARTESIAN_POINT ( 'NONE',  ( -3.993052631578938971, 2.929999999999998384, 17.91499999999999915 ) ) ;
#3752 = CARTESIAN_POINT ( 'NONE',  ( -18.20789473684209980, 2.929999999999998384, 18.41499999999999915 ) ) ;
#3753 = DIRECTION ( 'NONE',  ( 1.000000000000000000, 0.000000000000000000, 0.000000000000000000 ) ) ;
#3754 = FILL_AREA_STYLE_COLOUR ( '', #1603 ) ;
#3755 = STYLED_ITEM ( 'NONE', ( #8353 ), #11945 ) ;
#3756 = DIRECTION ( 'NONE',  ( -0.000000000000000000, -0.000000000000000000, -1.000000000000000000 ) ) ;
#3757 =( GEOMETRIC_REPRESENTATION_CONTEXT ( 3 ) GLOBAL_UNCERTAINTY_ASSIGNED_CONTEXT ( ( #7000 ) ) GLOBAL_UNIT_ASSIGNED_CONTEXT ( ( #8465, #9413, #9543 ) ) REPRESENTATION_CONTEXT ( 'NONE', 'WORKASPACE' ) );
#3758 = ORIENTED_EDGE ( 'NONE', *, *, #8006, .F. ) ;
#3759 = LINE ( 'NONE', #4883, #12303 ) ;
#3760 = EDGE_CURVE ( 'NONE', #5161, #6632, #7072, .T. ) ;
#3761 = SURFACE_SIDE_STYLE ('',( #6742 ) ) ;
#3762 = EDGE_CURVE ( 'NONE', #2638, #337, #8995, .T. ) ;
#3763 = VERTEX_POINT ( 'NONE', #4331 ) ;
#3764 = DIRECTION ( 'NONE',  ( 2.775557561562891745E-15, 0.000000000000000000, -1.000000000000000000 ) ) ;
#3765 =( GEOMETRIC_REPRESENTATION_CONTEXT ( 3 ) GLOBAL_UNCERTAINTY_ASSIGNED_CONTEXT ( ( #9224 ) ) GLOBAL_UNIT_ASSIGNED_CONTEXT ( ( #10899, #5913, #7691 ) ) REPRESENTATION_CONTEXT ( 'NONE', 'WORKASPACE' ) );
#3766 = VECTOR ( 'NONE', #4781, 1000.000000000000000 ) ;
#3767 = CARTESIAN_POINT ( 'NONE',  ( -3.993052631578945633, 10.92999999999999794, -17.91499999999999204 ) ) ;
#3768 = EDGE_CURVE ( 'NONE', #1176, #11367, #11891, .T. ) ;
#3769 = FILL_AREA_STYLE ('',( #6689 ) ) ;
#3770 = FILL_AREA_STYLE_COLOUR ( '', #6352 ) ;
#3771 = DIRECTION ( 'NONE',  ( -0.000000000000000000, 1.000000000000000000, -0.000000000000000000 ) ) ;
#3772 = EDGE_LOOP ( 'NONE', ( #2568, #11031, #2039, #6956 ) ) ;
#3773 =( NAMED_UNIT ( * ) PLANE_ANGLE_UNIT ( ) SI_UNIT ( $, .RADIAN. ) );
#3774 = ORIENTED_EDGE ( 'NONE', *, *, #4078, .T. ) ;
#3775 = AXIS2_PLACEMENT_3D ( 'NONE', #2925, #5904, #6806 ) ;
#3776 = STYLED_ITEM ( 'NONE', ( #8815 ), #5114 ) ;
#3777 = FACE_OUTER_BOUND ( 'NONE', #10409, .T. ) ;
#3778 = VECTOR ( 'NONE', #4735, 1000.000000000000000 ) ;
#3779 = VERTEX_POINT ( 'NONE', #7132 ) ;
#3780 =( NAMED_UNIT ( * ) PLANE_ANGLE_UNIT ( ) SI_UNIT ( $, .RADIAN. ) );
#3781 = SURFACE_STYLE_USAGE ( .BOTH. , #961 ) ;
#3782 = EDGE_LOOP ( 'NONE', ( #2961, #4411, #6921, #11160, #2907, #6192, #9185, #5549, #9216, #6545 ) ) ;
#3783 = AXIS2_PLACEMENT_3D ( 'NONE', #6288, #3189, #10953 ) ;
#3784 = CIRCLE ( 'NONE', #9272, 0.5000000000000004441 ) ;
#3785 = PRESENTATION_LAYER_ASSIGNMENT (  '', '', ( #5599 ) ) ;
#3786 = ADVANCED_FACE ( 'NONE', ( #10151 ), #11102, .F. ) ;
#3787 = LINE ( 'NONE', #121, #4612 ) ;
#3788 = LINE ( 'NONE', #1864, #8248 ) ;
#3789 = ORIENTED_EDGE ( 'NONE', *, *, #880, .F. ) ;
#3790 =( NAMED_UNIT ( * ) PLANE_ANGLE_UNIT ( ) SI_UNIT ( $, .RADIAN. ) );
#3791 = ORIENTED_EDGE ( 'NONE', *, *, #9975, .F. ) ;
#3792 = CARTESIAN_POINT ( 'NONE',  ( -16.47452631578947191, 11.43000000000000504, 18.41499999999999915 ) ) ;
#3793 = CARTESIAN_POINT ( 'NONE',  ( -20.44126315789473480, 2.722939799021180551, -7.728777060123920961 ) ) ;
#3794 = DIRECTION ( 'NONE',  ( 0.000000000000000000, -1.000000000000000000, 0.000000000000000000 ) ) ;
#3795 = AXIS2_PLACEMENT_3D ( 'NONE', #2075, #8605, #11936 ) ;
#3796 = SURFACE_SIDE_STYLE ('',( #6715 ) ) ;
#3797 = ORIENTED_EDGE ( 'NONE', *, *, #11799, .F. ) ;
#3798 = CIRCLE ( 'NONE', #11549, 0.5000000000000004441 ) ;
#3799 = CARTESIAN_POINT ( 'NONE',  ( -26.43199999999999861, 11.22289321881345536, 7.179213561880926520 ) ) ;
#3800 = DIRECTION ( 'NONE',  ( 4.081702296416016490E-16, -1.000000000000000000, 0.000000000000000000 ) ) ;
#3801 = EDGE_CURVE ( 'NONE', #9198, #2694, #3455, .T. ) ;
#3802 = FILL_AREA_STYLE ('',( #12567 ) ) ;
#3803 = DIRECTION ( 'NONE',  ( 0.000000000000000000, 0.000000000000000000, -1.000000000000000000 ) ) ;
#3804 = FILL_AREA_STYLE_COLOUR ( '', #8126 ) ;
#3805 = EDGE_LOOP ( 'NONE', ( #12257, #9305, #7634, #11128 ) ) ;
#3806 = DIRECTION ( 'NONE',  ( 0.000000000000000000, 1.000000000000000000, 0.000000000000000000 ) ) ;
#3807 = DIRECTION ( 'NONE',  ( 0.000000000000000000, 0.000000000000000000, -1.000000000000000000 ) ) ;
#3808 = ORIENTED_EDGE ( 'NONE', *, *, #1174, .F. ) ;
#3809 = VECTOR ( 'NONE', #1446, 1000.000000000000000 ) ;
#3810 = CARTESIAN_POINT ( 'NONE',  ( 22.72021356188092511, 1.778000000000000025, 12.17921356188092652 ) ) ;
#3811 = SURFACE_STYLE_FILL_AREA ( #7150 ) ;
#3812 = DIRECTION ( 'NONE',  ( -0.000000000000000000, -0.000000000000000000, -1.000000000000000000 ) ) ;
#3813 = FILL_AREA_STYLE_COLOUR ( '', #8078 ) ;
#3814 = EDGE_CURVE ( 'NONE', #4384, #12664, #6365, .T. ) ;
#3815 = EDGE_CURVE ( 'NONE', #82, #7580, #8280, .T. ) ;
#3816 =( LENGTH_UNIT ( ) NAMED_UNIT ( * ) SI_UNIT ( .MILLI., .METRE. ) );
#3817 = FILL_AREA_STYLE_COLOUR ( '', #7405 ) ;
#3818 = ADVANCED_FACE ( 'NONE', ( #10908 ), #5922, .T. ) ;
#3819 = SURFACE_SIDE_STYLE ('',( #1636 ) ) ;
#3820 = ORIENTED_EDGE ( 'NONE', *, *, #663, .F. ) ;
#3821 = SURFACE_STYLE_FILL_AREA ( #3056 ) ;
#3822 = VECTOR ( 'NONE', #5075, 1000.000000000000000 ) ;
#3823 =( NAMED_UNIT ( * ) PLANE_ANGLE_UNIT ( ) SI_UNIT ( $, .RADIAN. ) );
#3824 = ORIENTED_EDGE ( 'NONE', *, *, #86, .T. ) ;
#3825 = EDGE_CURVE ( 'NONE', #9715, #177, #4727, .T. ) ;
#3826 = SURFACE_STYLE_USAGE ( .BOTH. , #823 ) ;
#3827 = CIRCLE ( 'NONE', #5034, 0.7619999999999970131 ) ;
#3828 = CARTESIAN_POINT ( 'NONE',  ( -14.45052631578947278, 2.929999999999998384, -18.41499999999999915 ) ) ;
#3829 = CIRCLE ( 'NONE', #11371, 0.7619999999999953477 ) ;
#3830 = SURFACE_SIDE_STYLE ('',( #2871 ) ) ;
#3831 = EDGE_CURVE ( 'NONE', #11956, #6529, #3652, .T. ) ;
#3832 = CARTESIAN_POINT ( 'NONE',  ( 16.47452631578947546, 10.92999999999999794, -18.41499999999999915 ) ) ;
#3833 = CARTESIAN_POINT ( 'NONE',  ( -17.72021356188092867, 2.344499298387705544, 17.91499999999999915 ) ) ;
#3834 = VERTEX_POINT ( 'NONE', #43 ) ;
#3835 = CIRCLE ( 'NONE', #8924, 0.5000000000000004441 ) ;
#3836 = PRESENTATION_STYLE_ASSIGNMENT (( #7053 ) ) ;
#3837 = VERTEX_POINT ( 'NONE', #9811 ) ;
#3838 = DIRECTION ( 'NONE',  ( -0.000000000000000000, -0.000000000000000000, -1.000000000000000000 ) ) ;
#3839 = CARTESIAN_POINT ( 'NONE',  ( 21.88250277886095674, 11.42999999999999794, -6.854638349485107085 ) ) ;
#3840 = VERTEX_POINT ( 'NONE', #11766 ) ;
#3841 = SURFACE_STYLE_FILL_AREA ( #8549 ) ;
#3842 = CARTESIAN_POINT ( 'NONE',  ( 17.72021356188092867, 2.168174630207213127, -18.41499999999999915 ) ) ;
#3843 = MECHANICAL_DESIGN_GEOMETRIC_PRESENTATION_REPRESENTATION (  '', ( #1388 ), #5258 ) ;
#3844 = CARTESIAN_POINT ( 'NONE',  ( 28.74889321881344628, 11.22289321881345536, -7.179213561880926520 ) ) ;
#3845 = VERTEX_POINT ( 'NONE', #1144 ) ;
#3846 = LINE ( 'NONE', #46, #4971 ) ;
#3847 = VECTOR ( 'NONE', #383, 1000.000000000000000 ) ;
#3848 = DIRECTION ( 'NONE',  ( 0.000000000000000000, -1.000000000000000000, 0.000000000000000000 ) ) ;
#3849 =( NAMED_UNIT ( * ) SI_UNIT ( $, .STERADIAN. ) SOLID_ANGLE_UNIT ( ) );
#3850 = FILL_AREA_STYLE ('',( #12616 ) ) ;
#3851 = ORIENTED_EDGE ( 'NONE', *, *, #10890, .F. ) ;
#3852 =( NAMED_UNIT ( * ) PLANE_ANGLE_UNIT ( ) SI_UNIT ( $, .RADIAN. ) );
#3853 = ORIENTED_EDGE ( 'NONE', *, *, #5041, .F. ) ;
#3854 = ADVANCED_FACE ( 'NONE', ( #1078 ), #5158, .T. ) ;
#3855 = LINE ( 'NONE', #6009, #839 ) ;
#3856 =( GEOMETRIC_REPRESENTATION_CONTEXT ( 3 ) GLOBAL_UNCERTAINTY_ASSIGNED_CONTEXT ( ( #8510 ) ) GLOBAL_UNIT_ASSIGNED_CONTEXT ( ( #877, #4756, #4694 ) ) REPRESENTATION_CONTEXT ( 'NONE', 'WORKASPACE' ) );
#3857 = SURFACE_STYLE_USAGE ( .BOTH. , #9288 ) ;
#3858 = EDGE_CURVE ( 'NONE', #957, #10032, #10721, .T. ) ;
#3859 = DIRECTION ( 'NONE',  ( -0.000000000000000000, -1.000000000000000000, -0.000000000000000000 ) ) ;
#3860 = EDGE_LOOP ( 'NONE', ( #6266, #8058, #4726, #10265 ) ) ;
#3861 = CARTESIAN_POINT ( 'NONE',  ( 18.49852631578947282, 10.92999999999999794, 9.500154623337630611 ) ) ;
#3862 = FACE_OUTER_BOUND ( 'NONE', #6085, .T. ) ;
#3863 =( GEOMETRIC_REPRESENTATION_CONTEXT ( 3 ) GLOBAL_UNCERTAINTY_ASSIGNED_CONTEXT ( ( #11456 ) ) GLOBAL_UNIT_ASSIGNED_CONTEXT ( ( #6480, #10506, #9532 ) ) REPRESENTATION_CONTEXT ( 'NONE', 'WORKASPACE' ) );
#3864 = CARTESIAN_POINT ( 'NONE',  ( -22.72021356188092511, 1.778000000000000025, -12.17921356188092652 ) ) ;
#3865 = CARTESIAN_POINT ( 'NONE',  ( 1.026315789473684292, 11.42999999999999972, -18.41499999999999559 ) ) ;
#3866 = ORIENTED_EDGE ( 'NONE', *, *, #5316, .F. ) ;
#3867 = FACE_OUTER_BOUND ( 'NONE', #7207, .T. ) ;
#3868 = ORIENTED_EDGE ( 'NONE', *, *, #6856, .T. ) ;
#3869 = CARTESIAN_POINT ( 'NONE',  ( -23.43663157894736671, 10.92999999999999794, -7.179213561880927408 ) ) ;
#3870 = CARTESIAN_POINT ( 'NONE',  ( -19.94126315789473125, 10.92999999999999794, 0.000000000000000000 ) ) ;
#3871 = AXIS2_PLACEMENT_3D ( 'NONE', #10205, #1210, #7007 ) ;
#3872 = ORIENTED_EDGE ( 'NONE', *, *, #338, .F. ) ;
#3873 = FILL_AREA_STYLE ('',( #10877 ) ) ;
#3874 =( NAMED_UNIT ( * ) SI_UNIT ( $, .STERADIAN. ) SOLID_ANGLE_UNIT ( ) );
#3875 = DIRECTION ( 'NONE',  ( 1.000000000000000000, 0.000000000000000000, 0.000000000000000000 ) ) ;
#3876 = DIRECTION ( 'NONE',  ( 0.000000000000000000, 0.000000000000000000, 1.000000000000000000 ) ) ;
#3877 = DIRECTION ( 'NONE',  ( -0.000000000000000000, -0.000000000000000000, -1.000000000000000000 ) ) ;
#3878 = DIRECTION ( 'NONE',  ( 1.000000000000000000, 0.000000000000000000, 0.000000000000000000 ) ) ;
#3879 = VECTOR ( 'NONE', #6026, 1000.000000000000000 ) ;
#3880 = DIRECTION ( 'NONE',  ( 1.000000000000000000, 0.000000000000000000, 0.000000000000000000 ) ) ;
#3881 = CARTESIAN_POINT ( 'NONE',  ( -17.72021356188092867, 1.778000000000000025, 17.91499999999999915 ) ) ;
#3882 = ORIENTED_EDGE ( 'NONE', *, *, #8118, .T. ) ;
#3883 = COLOUR_RGB ( '',0.2509803921568627416, 0.2509803921568627416, 0.2509803921568627416 ) ;
#3884 = FACE_OUTER_BOUND ( 'NONE', #2833, .T. ) ;
#3886 = EDGE_CURVE ( 'NONE', #5727, #1432, #11393, .T. ) ;
#3885 = CARTESIAN_POINT ( 'NONE',  ( -24.84695402612800308, -0.0009999999999992653654, 12.07122582530904786 ) ) ;
#3887 = LINE ( 'NONE', #5976, #6374 ) ;
#3888 =( NAMED_UNIT ( * ) SI_UNIT ( $, .STERADIAN. ) SOLID_ANGLE_UNIT ( ) );
#3889 = DIRECTION ( 'NONE',  ( 0.000000000000000000, -0.000000000000000000, -1.000000000000000000 ) ) ;
#3890 = SURFACE_STYLE_FILL_AREA ( #7063 ) ;
#3891 = EDGE_LOOP ( 'NONE', ( #9370, #142, #7280, #7144 ) ) ;
#3892 = PRESENTATION_LAYER_ASSIGNMENT (  '', '', ( #5300 ) ) ;
#3893 = ORIENTED_EDGE ( 'NONE', *, *, #10782, .F. ) ;
#3894 = LINE ( 'NONE', #5799, #10220 ) ;
#3895 = FACE_OUTER_BOUND ( 'NONE', #11991, .T. ) ;
#3896 = ORIENTED_EDGE ( 'NONE', *, *, #1207, .F. ) ;
#3897 = EDGE_LOOP ( 'NONE', ( #12376, #1360, #12454, #11179 ) ) ;
#3899 = EDGE_CURVE ( 'NONE', #575, #9378, #9151, .T. ) ;
#3898 = SURFACE_STYLE_USAGE ( .BOTH. , #733 ) ;
#3900 = PRESENTATION_LAYER_ASSIGNMENT (  '', '', ( #9389 ) ) ;
#3901 = FILL_AREA_STYLE_COLOUR ( '', #1111 ) ;
#3902 = VERTEX_POINT ( 'NONE', #5458 ) ;
#3903 = CARTESIAN_POINT ( 'NONE',  ( 13.77205111355029032, 11.42999999999999794, -18.41499999999999559 ) ) ;
#3904 = ORIENTED_EDGE ( 'NONE', *, *, #2973, .T. ) ;
#3905 = LINE ( 'NONE', #128, #1038 ) ;
#3906 = UNCERTAINTY_MEASURE_WITH_UNIT (LENGTH_MEASURE( 1.000000000000000082E-05 ), #1343, 'distance_accuracy_value', 'NONE');
#3907 = SURFACE_SIDE_STYLE ('',( #8891 ) ) ;
#3908 = CARTESIAN_POINT ( 'NONE',  ( -14.45052631578947278, 11.42999999999999972, 17.91499999999999915 ) ) ;
#3909 = CARTESIAN_POINT ( 'NONE',  ( -17.72021356188092867, 2.344499298387705544, 12.17921356188096382 ) ) ;
#3910 = EDGE_LOOP ( 'NONE', ( #6332, #5030, #6752, #11784, #6494 ) ) ;
#3911 = UNCERTAINTY_MEASURE_WITH_UNIT (LENGTH_MEASURE( 1.000000000000000082E-05 ), #2343, 'distance_accuracy_value', 'NONE');
#3912 = ADVANCED_FACE ( 'NONE', ( #4511 ), #10204, .F. ) ;
#3913 = AXIS2_PLACEMENT_3D ( 'NONE', #9341, #7413, #2715 ) ;
#3914 = DIRECTION ( 'NONE',  ( 0.000000000000000000, 0.000000000000000000, -1.000000000000000000 ) ) ;
#3915 = STYLED_ITEM ( 'NONE', ( #4630 ), #287 ) ;
#3916 = EDGE_CURVE ( 'NONE', #10161, #10202, #7449, .T. ) ;
#3917 = SURFACE_SIDE_STYLE ('',( #8777 ) ) ;
#3918 = ORIENTED_EDGE ( 'NONE', *, *, #10419, .F. ) ;
#3919 = SURFACE_STYLE_USAGE ( .BOTH. , #1240 ) ;
#3920 = VECTOR ( 'NONE', #8388, 1000.000000000000000 ) ;
#3921 = SURFACE_SIDE_STYLE ('',( #2983 ) ) ;
#3922 = COLOUR_RGB ( '',0.2509803921568627416, 0.2509803921568627416, 0.2509803921568627416 ) ;
#3923 = ORIENTED_EDGE ( 'NONE', *, *, #715, .T. ) ;
#3924 =( NAMED_UNIT ( * ) SI_UNIT ( $, .STERADIAN. ) SOLID_ANGLE_UNIT ( ) );
#3925 = EDGE_CURVE ( 'NONE', #67, #8876, #9121, .T. ) ;
#3926 = SURFACE_SIDE_STYLE ('',( #87 ) ) ;
#3927 = CARTESIAN_POINT ( 'NONE',  ( 13.00778947368420901, 11.42999999999999972, 18.41499999999999915 ) ) ;
#3928 = DIRECTION ( 'NONE',  ( 0.000000000000000000, 0.000000000000000000, -1.000000000000000000 ) ) ;
#3929 = PRESENTATION_LAYER_ASSIGNMENT (  '', '', ( #2310 ) ) ;
#3930 = DIRECTION ( 'NONE',  ( 0.000000000000000000, 0.000000000000000000, -1.000000000000000000 ) ) ;
#3931 = EDGE_CURVE ( 'NONE', #3543, #461, #5873, .T. ) ;
#3932 = FILL_AREA_STYLE ('',( #6929 ) ) ;
#3933 = PRESENTATION_LAYER_ASSIGNMENT (  '', '', ( #11077 ) ) ;
#3934 = VECTOR ( 'NONE', #10228, 1000.000000000000000 ) ;
#3935 = SURFACE_STYLE_USAGE ( .BOTH. , #2081 ) ;
#3936 =( LENGTH_UNIT ( ) NAMED_UNIT ( * ) SI_UNIT ( .MILLI., .METRE. ) );
#3937 = COLOUR_RGB ( '',0.2509803921568627416, 0.2509803921568627416, 0.2509803921568627416 ) ;
#3938 =( NAMED_UNIT ( * ) SI_UNIT ( $, .STERADIAN. ) SOLID_ANGLE_UNIT ( ) );
#3939 = ORIENTED_EDGE ( 'NONE', *, *, #7941, .T. ) ;
#3940 = FACE_OUTER_BOUND ( 'NONE', #6641, .T. ) ;
#3941 = EDGE_CURVE ( 'NONE', #11448, #8601, #10331, .T. ) ;
#3942 = LINE ( 'NONE', #8799, #11485 ) ;
#3943 = LINE ( 'NONE', #2998, #11682 ) ;
#3944 = AXIS2_PLACEMENT_3D ( 'NONE', #7266, #1529, #7198 ) ;
#3945 = CARTESIAN_POINT ( 'NONE',  ( 13.47915789473684356, 2.929999999999998384, -18.41499999999999559 ) ) ;
#3946 = PRESENTATION_LAYER_ASSIGNMENT (  '', '', ( #9438 ) ) ;
#3947 = PRESENTATION_LAYER_ASSIGNMENT (  '', '', ( #4155 ) ) ;
#3948 = AXIS2_PLACEMENT_3D ( 'NONE', #3077, #10781, #6951 ) ;
#3949 = CARTESIAN_POINT ( 'NONE',  ( 19.46989473684210381, 11.42999999999999972, 0.000000000000000000 ) ) ;
#3950 = EDGE_CURVE ( 'NONE', #1072, #1432, #3528, .T. ) ;
#3951 = SURFACE_STYLE_USAGE ( .BOTH. , #6823 ) ;
#3952 = EDGE_LOOP ( 'NONE', ( #2943, #6395, #7611, #9078 ) ) ;
#3953 = ORIENTED_EDGE ( 'NONE', *, *, #6151, .T. ) ;
#3954 = PRESENTATION_STYLE_ASSIGNMENT (( #6753 ) ) ;
#3955 = CYLINDRICAL_SURFACE ( 'NONE', #5187, 0.5000000000000004441 ) ;
#3956 = ORIENTED_EDGE ( 'NONE', *, *, #11872, .F. ) ;
#3957 = VECTOR ( 'NONE', #1993, 1000.000000000000000 ) ;
#3958 = PRESENTATION_STYLE_ASSIGNMENT (( #6891 ) ) ;
#3959 = CARTESIAN_POINT ( 'NONE',  ( -8.459789473684212524, 11.42999999999999972, -18.41499999999999915 ) ) ;
#3960 = MECHANICAL_DESIGN_GEOMETRIC_PRESENTATION_REPRESENTATION (  '', ( #4968 ), #2540 ) ;
#3961 = MECHANICAL_DESIGN_GEOMETRIC_PRESENTATION_REPRESENTATION (  '', ( #5176 ), #4759 ) ;
#3962 = CYLINDRICAL_SURFACE ( 'NONE', #8326, 0.5000000000000004441 ) ;
#3963 = ORIENTED_EDGE ( 'NONE', *, *, #715, .F. ) ;
#3964 = COLOUR_RGB ( '',0.2509803921568627416, 0.2509803921568627416, 0.2509803921568627416 ) ;
#3965 = DIRECTION ( 'NONE',  ( 1.000000000000000000, 0.000000000000000000, 0.000000000000000000 ) ) ;
#3966 =( BOUNDED_CURVE ( )  B_SPLINE_CURVE ( 3, ( #1375, #4191, #2479, #6341 ),
 .UNSPECIFIED., .F., .F. ) 
 B_SPLINE_CURVE_WITH_KNOTS ( ( 4, 4 ),
 ( 0.6894050545377613526, 1.570796326794896114 ),
 .UNSPECIFIED. ) 
 CURVE ( )  GEOMETRIC_REPRESENTATION_ITEM ( )  RATIONAL_B_SPLINE_CURVE ( ( 1.000000000000000000, 0.9363034303029121874, 0.9363034303029121874, 1.000000000000000000 ) ) 
 REPRESENTATION_ITEM ( '' )  );
#3967 = UNCERTAINTY_MEASURE_WITH_UNIT (LENGTH_MEASURE( 1.000000000000000082E-05 ), #12630, 'distance_accuracy_value', 'NONE');
#3968 = SURFACE_STYLE_FILL_AREA ( #9629 ) ;
#3969 = SURFACE_SIDE_STYLE ('',( #2108 ) ) ;
#3970 =( NAMED_UNIT ( * ) PLANE_ANGLE_UNIT ( ) SI_UNIT ( $, .RADIAN. ) );
#3971 = DIRECTION ( 'NONE',  ( -0.000000000000000000, -0.000000000000000000, 1.000000000000000000 ) ) ;
#3972 = PRESENTATION_LAYER_ASSIGNMENT (  '', '', ( #9868 ) ) ;
#3973 = CARTESIAN_POINT ( 'NONE',  ( 27.98463157894736497, 11.42999999999999972, -6.679213561880927408 ) ) ;
#3974 = AXIS2_PLACEMENT_3D ( 'NONE', #3114, #8909, #1831 ) ;
#3975 = EDGE_LOOP ( 'NONE', ( #8783, #194, #5356, #10175 ) ) ;
#3976 = CARTESIAN_POINT ( 'NONE',  ( 25.28732325865669495, 1.778000000000000025, 17.59696088986112272 ) ) ;
#3977 = AXIS2_PLACEMENT_3D ( 'NONE', #10292, #3537, #1478 ) ;
#3978 = EDGE_CURVE ( 'NONE', #7590, #12220, #9303, .T. ) ;
#3979 = B_SPLINE_CURVE_WITH_KNOTS ( 'NONE', 3,
 ( #9539, #11273, #10438, #6674, #12457, #11344, #810, #7547, #2545, #8387, #8461, #1573 ),
 .UNSPECIFIED., .F., .F.,
 ( 4, 2, 2, 2, 2, 4 ),
 ( 0.000000000000000000, 0.0006117687150918817065, 0.001223537430183763413, 0.001529421787729709145, 0.001835306145275655094, 0.002447074860367538969 ),
 .UNSPECIFIED. ) ;
#3980 = PLANE ( 'NONE',  #2474 ) ;
#3981 = ORIENTED_EDGE ( 'NONE', *, *, #2862, .T. ) ;
#3982 = DIRECTION ( 'NONE',  ( 1.000000000000000000, 0.000000000000000000, 0.000000000000000000 ) ) ;
#3983 = FILL_AREA_STYLE ('',( #11716 ) ) ;
#3984 = ORIENTED_EDGE ( 'NONE', *, *, #1694, .F. ) ;
#3985 =( GEOMETRIC_REPRESENTATION_CONTEXT ( 3 ) GLOBAL_UNCERTAINTY_ASSIGNED_CONTEXT ( ( #10370 ) ) GLOBAL_UNIT_ASSIGNED_CONTEXT ( ( #8431, #9331, #11937 ) ) REPRESENTATION_CONTEXT ( 'NONE', 'WORKASPACE' ) );
#3986 = COLOUR_RGB ( '',0.2509803921568627416, 0.2509803921568627416, 0.2509803921568627416 ) ;
#3987 = ADVANCED_FACE ( 'NONE', ( #7373 ), #6436, .F. ) ;
#3988 = COLOUR_RGB ( '',0.2509803921568627416, 0.2509803921568627416, 0.2509803921568627416 ) ;
#3989 =( NAMED_UNIT ( * ) SI_UNIT ( $, .STERADIAN. ) SOLID_ANGLE_UNIT ( ) );
#3990 = CYLINDRICAL_SURFACE ( 'NONE', #8059, 0.5000000000000004441 ) ;
#3991 = DIRECTION ( 'NONE',  ( 0.000000000000000000, 0.000000000000000000, 1.000000000000000000 ) ) ;
#3992 = EDGE_CURVE ( 'NONE', #470, #3746, #5260, .T. ) ;
#3993 = PRESENTATION_STYLE_ASSIGNMENT (( #76 ) ) ;
#3994 = ORIENTED_EDGE ( 'NONE', *, *, #10699, .T. ) ;
#3995 = AXIS2_PLACEMENT_3D ( 'NONE', #9169, #5561, #7663 ) ;
#3996 =( GEOMETRIC_REPRESENTATION_CONTEXT ( 3 ) GLOBAL_UNCERTAINTY_ASSIGNED_CONTEXT ( ( #2005 ) ) GLOBAL_UNIT_ASSIGNED_CONTEXT ( ( #12622, #6712, #9766 ) ) REPRESENTATION_CONTEXT ( 'NONE', 'WORKASPACE' ) );
#3997 = DIRECTION ( 'NONE',  ( 1.000000000000000000, -0.000000000000000000, -0.000000000000000000 ) ) ;
#3998 = VERTEX_POINT ( 'NONE', #11618 ) ;
#3999 = DIRECTION ( 'NONE',  ( 1.000000000000000000, 0.000000000000000000, 0.000000000000000000 ) ) ;
#4000 = LINE ( 'NONE', #5007, #3584 ) ;
#4001 = PRESENTATION_STYLE_ASSIGNMENT (( #7806 ) ) ;
#4002 = FILL_AREA_STYLE_COLOUR ( '', #1768 ) ;
#4003 = CARTESIAN_POINT ( 'NONE',  ( -2.469052631578948276, 10.92999999999999794, -18.41499999999999915 ) ) ;
#4004 = CARTESIAN_POINT ( 'NONE',  ( 4.993052631578946965, 11.42999999999999972, 17.91499999999999915 ) ) ;
#4005 = DIRECTION ( 'NONE',  ( 0.000000000000000000, -1.000000000000000000, 0.000000000000000000 ) ) ;
#4006 = PRESENTATION_STYLE_ASSIGNMENT (( #8729 ) ) ;
#4007 = DIRECTION ( 'NONE',  ( 0.000000000000000000, -1.000000000000000000, 0.000000000000000000 ) ) ;
#4008 = ADVANCED_FACE ( 'NONE', ( #9551 ), #579, .T. ) ;
#4009 = ADVANCED_FACE ( 'NONE', ( #2674 ), #5783, .F. ) ;
#4010 = LINE ( 'NONE', #8077, #394 ) ;
#4011 = COLOUR_RGB ( '',0.2509803921568627416, 0.2509803921568627416, 0.2509803921568627416 ) ;
#4012 = VECTOR ( 'NONE', #5910, 1000.000000000000000 ) ;
#4013 = DIRECTION ( 'NONE',  ( -1.000000000000000000, 0.000000000000000000, 0.000000000000000000 ) ) ;
#4014 = DIRECTION ( 'NONE',  ( 0.000000000000000000, 1.000000000000000000, -0.000000000000000000 ) ) ;
#4015 = AXIS2_PLACEMENT_3D ( 'NONE', #2394, #6190, #4276 ) ;
#4016 = FACE_OUTER_BOUND ( 'NONE', #3772, .T. ) ;
#4017 = VERTEX_POINT ( 'NONE', #2610 ) ;
#4018 = EDGE_LOOP ( 'NONE', ( #650, #10749, #6664, #9764 ) ) ;
#4019 = CARTESIAN_POINT ( 'NONE',  ( 1.497684210526317727, 11.42999999999999972, -18.41499999999999559 ) ) ;
#4020 = VERTEX_POINT ( 'NONE', #7817 ) ;
#4021 = STYLED_ITEM ( 'NONE', ( #5840 ), #9579 ) ;
#4022 = DIRECTION ( 'NONE',  ( 1.000000000000000000, -0.000000000000000000, -0.000000000000000000 ) ) ;
#4023 = EDGE_CURVE ( 'NONE', #833, #4651, #3829, .T. ) ;
#4024 = ORIENTED_EDGE ( 'NONE', *, *, #4965, .F. ) ;
#4025 = DIRECTION ( 'NONE',  ( -1.000000000000000000, 0.000000000000000000, 0.000000000000000000 ) ) ;
#4026 =( GEOMETRIC_REPRESENTATION_CONTEXT ( 3 ) GLOBAL_UNCERTAINTY_ASSIGNED_CONTEXT ( ( #9906 ) ) GLOBAL_UNIT_ASSIGNED_CONTEXT ( ( #1971, #1256, #5905 ) ) REPRESENTATION_CONTEXT ( 'NONE', 'WORKASPACE' ) );
#4027 = LINE ( 'NONE', #965, #11939 ) ;
#4028 = DIRECTION ( 'NONE',  ( 0.000000000000000000, 0.000000000000000000, 1.000000000000000000 ) ) ;
#4029 = LINE ( 'NONE', #11582, #7254 ) ;
#4030 = SURFACE_SIDE_STYLE ('',( #10918 ) ) ;
#4031 = ORIENTED_EDGE ( 'NONE', *, *, #341, .F. ) ;
#4032 = CARTESIAN_POINT ( 'NONE',  ( 13.97915789473684001, 10.92999999999999794, -17.91499999999999204 ) ) ;
#4033 = DIRECTION ( 'NONE',  ( -0.000000000000000000, -1.000000000000000000, -0.000000000000000000 ) ) ;
#4034 = EDGE_LOOP ( 'NONE', ( #7719, #10911, #11720, #4765 ) ) ;
#4035 = VECTOR ( 'NONE', #11472, 1000.000000000000000 ) ;
#4036 = UNCERTAINTY_MEASURE_WITH_UNIT (LENGTH_MEASURE( 1.000000000000000082E-05 ), #9421, 'distance_accuracy_value', 'NONE');
#4037 =( BOUNDED_CURVE ( )  B_SPLINE_CURVE ( 3, ( #5400, #9473, #10567, #8520 ),
 .UNSPECIFIED., .F., .F. ) 
 B_SPLINE_CURVE_WITH_KNOTS ( ( 4, 4 ),
 ( 3.141592653589791784, 4.712388980384689674 ),
 .UNSPECIFIED. ) 
 CURVE ( )  GEOMETRIC_REPRESENTATION_ITEM ( )  RATIONAL_B_SPLINE_CURVE ( ( 1.000000000000000000, 0.8047378541243646044, 0.8047378541243646044, 1.000000000000000000 ) ) 
 REPRESENTATION_ITEM ( '' )  );
#4038 = CARTESIAN_POINT ( 'NONE',  ( 16.00315789473683736, 11.42999999999999972, 18.41499999999999915 ) ) ;
#4039 = LINE ( 'NONE', #9831, #414 ) ;
#4040 = ORIENTED_EDGE ( 'NONE', *, *, #10419, .T. ) ;
#4041 =( NAMED_UNIT ( * ) PLANE_ANGLE_UNIT ( ) SI_UNIT ( $, .RADIAN. ) );
#4042 = ADVANCED_FACE ( 'NONE', ( #8857 ), #2082, .F. ) ;
#4043 = SURFACE_SIDE_STYLE ('',( #2064 ) ) ;
#4044 = SURFACE_SIDE_STYLE ('',( #9649 ) ) ;
#4045 = SURFACE_SIDE_STYLE ('',( #9914 ) ) ;
#4046 = DIRECTION ( 'NONE',  ( 0.000000000000000000, 0.000000000000000000, 1.000000000000000000 ) ) ;
#4047 = ORIENTED_EDGE ( 'NONE', *, *, #1135, .T. ) ;
#4048 = MECHANICAL_DESIGN_GEOMETRIC_PRESENTATION_REPRESENTATION (  '', ( #12633 ), #7089 ) ;
#4049 = DIRECTION ( 'NONE',  ( -1.000000000000000000, -4.081702296416016490E-16, 0.000000000000000000 ) ) ;
#4050 = EDGE_LOOP ( 'NONE', ( #4299, #3774, #1774, #4453 ) ) ;
#4051 = CARTESIAN_POINT ( 'NONE',  ( 23.72726315789473261, 2.929999999999998384, 7.179213561880927408 ) ) ;
#4052 = PRESENTATION_LAYER_ASSIGNMENT (  '', '', ( #5669 ) ) ;
#4053 =( NAMED_UNIT ( * ) SI_UNIT ( $, .STERADIAN. ) SOLID_ANGLE_UNIT ( ) );
#4054 = ORIENTED_EDGE ( 'NONE', *, *, #5011, .T. ) ;
#4055 = EDGE_CURVE ( 'NONE', #12243, #2313, #4133, .T. ) ;
#4056 = UNCERTAINTY_MEASURE_WITH_UNIT (LENGTH_MEASURE( 1.000000000000000082E-05 ), #10763, 'distance_accuracy_value', 'NONE');
#4057 = FILL_AREA_STYLE ('',( #5771 ) ) ;
#4058 = SURFACE_STYLE_FILL_AREA ( #6030 ) ;
#4059 = EDGE_CURVE ( 'NONE', #177, #10332, #9938, .T. ) ;
#4060 = ADVANCED_FACE ( 'NONE', ( #7884 ), #8730, .F. ) ;
#4061 =( LENGTH_UNIT ( ) NAMED_UNIT ( * ) SI_UNIT ( .MILLI., .METRE. ) );
#4062 = DIRECTION ( 'NONE',  ( -0.000000000000000000, -0.000000000000000000, -1.000000000000000000 ) ) ;
#4063 = AXIS2_PLACEMENT_3D ( 'NONE', #12277, #6560, #7375 ) ;
#4064 = CARTESIAN_POINT ( 'NONE',  ( 17.72021356188092867, 1.778000000000000025, -12.17921356188096382 ) ) ;
#4065 = CARTESIAN_POINT ( 'NONE',  ( -11.45515789473684087, 10.92999999999999794, 17.91499999999999915 ) ) ;
#4066 =( NAMED_UNIT ( * ) SI_UNIT ( $, .STERADIAN. ) SOLID_ANGLE_UNIT ( ) );
#4067 =( GEOMETRIC_REPRESENTATION_CONTEXT ( 3 ) GLOBAL_UNCERTAINTY_ASSIGNED_CONTEXT ( ( #9816 ) ) GLOBAL_UNIT_ASSIGNED_CONTEXT ( ( #865, #6727, #8579 ) ) REPRESENTATION_CONTEXT ( 'NONE', 'WORKASPACE' ) );
#4068 = SURFACE_SIDE_STYLE ('',( #8074 ) ) ;
#4069 = VECTOR ( 'NONE', #2084, 1000.000000000000000 ) ;
#4070 = FILL_AREA_STYLE ('',( #6099 ) ) ;
#4071 = ORIENTED_EDGE ( 'NONE', *, *, #5613, .T. ) ;
#4072 = CARTESIAN_POINT ( 'NONE',  ( -27.95599999999998886, 2.929999999999998384, 7.179213561880927408 ) ) ;
#4073 = EDGE_CURVE ( 'NONE', #1675, #2528, #10753, .T. ) ;
#4074 = LINE ( 'NONE', #2029, #4012 ) ;
#4075 = AXIS2_PLACEMENT_3D ( 'NONE', #897, #2948, #8686 ) ;
#4076 = VECTOR ( 'NONE', #10119, 1000.000000000000000 ) ;
#4077 = DIRECTION ( 'NONE',  ( -0.000000000000000000, -0.000000000000000000, 1.000000000000000000 ) ) ;
#4078 = EDGE_CURVE ( 'NONE', #11798, #3136, #355, .T. ) ;
#4079 = CARTESIAN_POINT ( 'NONE',  ( -16.94589473684210290, 11.42999999999999972, -17.91499999999999204 ) ) ;
#4080 = DIRECTION ( 'NONE',  ( -0.000000000000000000, -1.000000000000000000, -0.000000000000000000 ) ) ;
#4081 = UNCERTAINTY_MEASURE_WITH_UNIT (LENGTH_MEASURE( 1.000000000000000082E-05 ), #7601, 'distance_accuracy_value', 'NONE');
#4082 = VERTEX_POINT ( 'NONE', #9737 ) ;
#4083 = ADVANCED_FACE ( 'NONE', ( #28 ), #10146, .T. ) ;
#4084 = VERTEX_POINT ( 'NONE', #6293 ) ;
#4085 = COLOUR_RGB ( '',0.2509803921568627416, 0.2509803921568627416, 0.2509803921568627416 ) ;
#4086 = FILL_AREA_STYLE ('',( #5730 ) ) ;
#4087 = COLOUR_RGB ( '',0.2509803921568627416, 0.2509803921568627416, 0.2509803921568627416 ) ;
#4088 = SURFACE_SIDE_STYLE ('',( #6114 ) ) ;
#4089 = VERTEX_POINT ( 'NONE', #2280 ) ;
#4090 = LINE ( 'NONE', #10651, #7111 ) ;
#4091 =( LENGTH_UNIT ( ) NAMED_UNIT ( * ) SI_UNIT ( .MILLI., .METRE. ) );
#4092 = ORIENTED_EDGE ( 'NONE', *, *, #10577, .T. ) ;
#4093 = SURFACE_STYLE_USAGE ( .BOTH. , #9815 ) ;
#4094 = SURFACE_STYLE_FILL_AREA ( #7962 ) ;
#4095 = UNCERTAINTY_MEASURE_WITH_UNIT (LENGTH_MEASURE( 1.000000000000000082E-05 ), #5555, 'distance_accuracy_value', 'NONE');
#4096 = DIRECTION ( 'NONE',  ( 0.000000000000000000, -0.000000000000000000, -1.000000000000000000 ) ) ;
#4097 =( NAMED_UNIT ( * ) SI_UNIT ( $, .STERADIAN. ) SOLID_ANGLE_UNIT ( ) );
#4098 = DIRECTION ( 'NONE',  ( -0.000000000000000000, -1.000000000000000000, -0.000000000000000000 ) ) ;
#4099 = CARTESIAN_POINT ( 'NONE',  ( 19.96989473684210736, 1.777999999999998915, -8.003600270322777988 ) ) ;
#4100 = VERTEX_POINT ( 'NONE', #8201 ) ;
#4101 = CARTESIAN_POINT ( 'NONE',  ( -24.96063157894736406, 10.92999999999999794, 7.179213561880927408 ) ) ;
#4102 = ORIENTED_EDGE ( 'NONE', *, *, #3700, .T. ) ;
#4103 = PLANE ( 'NONE',  #10211 ) ;
#4104 = FACE_OUTER_BOUND ( 'NONE', #2403, .T. ) ;
#4105 = AXIS2_PLACEMENT_3D ( 'NONE', #5688, #8631, #2707 ) ;
#4106 = ORIENTED_EDGE ( 'NONE', *, *, #8014, .T. ) ;
#4107 = PRESENTATION_STYLE_ASSIGNMENT (( #7922 ) ) ;
#4108 = LINE ( 'NONE', #6203, #5185 ) ;
#4109 =( NAMED_UNIT ( * ) SI_UNIT ( $, .STERADIAN. ) SOLID_ANGLE_UNIT ( ) );
#4110 = AXIS2_PLACEMENT_3D ( 'NONE', #7976, #454, #4351 ) ;
#4111 = SURFACE_STYLE_FILL_AREA ( #6207 ) ;
#4112 = AXIS2_PLACEMENT_3D ( 'NONE', #6196, #387, #5177 ) ;
#4113 = DIRECTION ( 'NONE',  ( 0.000000000000000000, 1.000000000000000000, 0.000000000000000000 ) ) ;
#4114 = ADVANCED_FACE ( 'NONE', ( #10136 ), #7076, .T. ) ;
#4115 = EDGE_LOOP ( 'NONE', ( #12417, #4278, #4233, #3650 ) ) ;
#4116 =( BOUNDED_CURVE ( )  B_SPLINE_CURVE ( 3, ( #777, #10408, #9505, #1660 ),
 .UNSPECIFIED., .F., .T. ) 
 B_SPLINE_CURVE_WITH_KNOTS ( ( 4, 4 ),
 ( 4.712388980384689674, 6.283185307179586232 ),
 .UNSPECIFIED. ) 
 CURVE ( )  GEOMETRIC_REPRESENTATION_ITEM ( )  RATIONAL_B_SPLINE_CURVE ( ( 1.000000000000000000, 0.8047378541243649375, 0.8047378541243649375, 1.000000000000000000 ) ) 
 REPRESENTATION_ITEM ( '' )  );
#4117 = DIRECTION ( 'NONE',  ( 4.081702296416016490E-16, -1.000000000000000000, 0.000000000000000000 ) ) ;
#4118 = CARTESIAN_POINT ( 'NONE',  ( -28.95599999999999596, 11.42999999999999972, -18.41499999999999559 ) ) ;
#4120 = ORIENTED_EDGE ( 'NONE', *, *, #8336, .F. ) ;
#4119 = VECTOR ( 'NONE', #1101, 1000.000000000000000 ) ;
#4121 = CARTESIAN_POINT ( 'NONE',  ( -11.45515789473684087, 11.42999999999999972, 17.91499999999999915 ) ) ;
#4122 = AXIS2_PLACEMENT_3D ( 'NONE', #5710, #8331, #12329 ) ;
#4123 = FACE_OUTER_BOUND ( 'NONE', #12635, .T. ) ;
#4124 = CARTESIAN_POINT ( 'NONE',  ( -22.46526315789473216, 11.42999999999999972, -6.685125803980871417 ) ) ;
#4125 = CARTESIAN_POINT ( 'NONE',  ( -28.45599999999999952, 1.778000000000000025, 7.179213561880927408 ) ) ;
#4126 = CARTESIAN_POINT ( 'NONE',  ( -7.959789473684211636, 2.929999999999998384, -17.91499999999999204 ) ) ;
#4127 = VECTOR ( 'NONE', #10964, 1000.000000000000000 ) ;
#4128 = DIRECTION ( 'NONE',  ( 0.000000000000000000, 0.000000000000000000, -1.000000000000000000 ) ) ;
#4129 = LINE ( 'NONE', #8000, #7490 ) ;
#4130 = COLOUR_RGB ( '',0.2509803921568627416, 0.2509803921568627416, 0.2509803921568627416 ) ;
#4131 = ADVANCED_FACE ( 'NONE', ( #9042 ), #12062, .T. ) ;
#4132 =( NAMED_UNIT ( * ) PLANE_ANGLE_UNIT ( ) SI_UNIT ( $, .RADIAN. ) );
#4133 = LINE ( 'NONE', #3191, #1377 ) ;
#4134 =( GEOMETRIC_REPRESENTATION_CONTEXT ( 3 ) GLOBAL_UNCERTAINTY_ASSIGNED_CONTEXT ( ( #2478 ) ) GLOBAL_UNIT_ASSIGNED_CONTEXT ( ( #5250, #9268, #5303 ) ) REPRESENTATION_CONTEXT ( 'NONE', 'WORKASPACE' ) );
#4135 = COLOUR_RGB ( '',0.2509803921568627416, 0.2509803921568627416, 0.2509803921568627416 ) ;
#4136 = DIRECTION ( 'NONE',  ( -1.000000000000000000, -4.081702296416016490E-16, 0.000000000000000000 ) ) ;
#4137 = SURFACE_STYLE_FILL_AREA ( #5977 ) ;
#4138 = DIRECTION ( 'NONE',  ( 1.000000000000000000, 0.000000000000000000, 0.000000000000000000 ) ) ;
#4139 =( NAMED_UNIT ( * ) SI_UNIT ( $, .STERADIAN. ) SOLID_ANGLE_UNIT ( ) );
#4140 = FILL_AREA_STYLE_COLOUR ( '', #1953 ) ;
#4141 = ORIENTED_EDGE ( 'NONE', *, *, #11658, .T. ) ;
#4142 = VECTOR ( 'NONE', #12488, 1000.000000000000000 ) ;
#4143 = EDGE_CURVE ( 'NONE', #3487, #1686, #2790, .T. ) ;
#4144 = ORIENTED_EDGE ( 'NONE', *, *, #1511, .F. ) ;
#4145 = VECTOR ( 'NONE', #5087, 1000.000000000000000 ) ;
#4146 =( NAMED_UNIT ( * ) SI_UNIT ( $, .STERADIAN. ) SOLID_ANGLE_UNIT ( ) );
#4147 = CARTESIAN_POINT ( 'NONE',  ( 13.47915789473683823, 11.42999999999999972, -18.41499999999999559 ) ) ;
#4148 = VERTEX_POINT ( 'NONE', #11542 ) ;
#4149 =( NAMED_UNIT ( * ) SI_UNIT ( $, .STERADIAN. ) SOLID_ANGLE_UNIT ( ) );
#4150 = CARTESIAN_POINT ( 'NONE',  ( 3.521684210526315972, 11.22289321881345536, 18.20789321881345302 ) ) ;
#4151 = FILL_AREA_STYLE_COLOUR ( '', #7108 ) ;
#4152 = ORIENTED_EDGE ( 'NONE', *, *, #8175, .T. ) ;
#4153 = LINE ( 'NONE', #5863, #7777 ) ;
#4154 = PRESENTATION_LAYER_ASSIGNMENT (  '', '', ( #8639 ) ) ;
#4155 = STYLED_ITEM ( 'NONE', ( #8268 ), #9428 ) ;
#4156 =( GEOMETRIC_REPRESENTATION_CONTEXT ( 3 ) GLOBAL_UNCERTAINTY_ASSIGNED_CONTEXT ( ( #6088 ) ) GLOBAL_UNIT_ASSIGNED_CONTEXT ( ( #6895, #5106, #312 ) ) REPRESENTATION_CONTEXT ( 'NONE', 'WORKASPACE' ) );
#4157 =( NAMED_UNIT ( * ) PLANE_ANGLE_UNIT ( ) SI_UNIT ( $, .RADIAN. ) );
#4158 = FACE_OUTER_BOUND ( 'NONE', #5676, .T. ) ;
#4159 =( NAMED_UNIT ( * ) SI_UNIT ( $, .STERADIAN. ) SOLID_ANGLE_UNIT ( ) );
#4160 = ORIENTED_EDGE ( 'NONE', *, *, #12536, .T. ) ;
#4161 = EDGE_LOOP ( 'NONE', ( #4680, #5652, #449, #6325 ) ) ;
#4162 = VECTOR ( 'NONE', #1534, 1000.000000000000000 ) ;
#4163 = AXIS2_PLACEMENT_3D ( 'NONE', #8985, #1447, #10962 ) ;
#4164 =( NAMED_UNIT ( * ) PLANE_ANGLE_UNIT ( ) SI_UNIT ( $, .RADIAN. ) );
#4165 = DIRECTION ( 'NONE',  ( -0.000000000000000000, -1.000000000000000000, -0.000000000000000000 ) ) ;
#4166 = CARTESIAN_POINT ( 'NONE',  ( 1.497684210526318171, 11.42999999999999972, 17.91499999999999915 ) ) ;
#4167 =( NAMED_UNIT ( * ) SI_UNIT ( $, .STERADIAN. ) SOLID_ANGLE_UNIT ( ) );
#4168 = VERTEX_POINT ( 'NONE', #6548 ) ;
#4169 = CYLINDRICAL_SURFACE ( 'NONE', #11654, 0.5000000000000004441 ) ;
#4170 = ADVANCED_FACE ( 'NONE', ( #11410 ), #7545, .F. ) ;
#4171 = CARTESIAN_POINT ( 'NONE',  ( -22.72021356188092511, 11.42999999999999972, -12.17921356188092652 ) ) ;
#4172 = COLOUR_RGB ( '',0.2509803921568627416, 0.2509803921568627416, 0.2509803921568627416 ) ;
#4173 = SURFACE_SIDE_STYLE ('',( #7152 ) ) ;
#4174 = VECTOR ( 'NONE', #4755, 1000.000000000000000 ) ;
#4175 = COLOUR_RGB ( '',0.2509803921568627416, 0.2509803921568627416, 0.2509803921568627416 ) ;
#4176 = LINE ( 'NONE', #5061, #1140 ) ;
#4177 = CYLINDRICAL_SURFACE ( 'NONE', #7887, 0.5000000000000004441 ) ;
#4178 =( GEOMETRIC_REPRESENTATION_CONTEXT ( 3 ) GLOBAL_UNCERTAINTY_ASSIGNED_CONTEXT ( ( #11717 ) ) GLOBAL_UNIT_ASSIGNED_CONTEXT ( ( #9190, #8992, #10150 ) ) REPRESENTATION_CONTEXT ( 'NONE', 'WORKASPACE' ) );
#4179 = ORIENTED_EDGE ( 'NONE', *, *, #7190, .F. ) ;
#4180 = DIRECTION ( 'NONE',  ( 1.000000000000000000, 0.000000000000000000, 0.000000000000000000 ) ) ;
#4181 = ORIENTED_EDGE ( 'NONE', *, *, #447, .T. ) ;
#4182 = VECTOR ( 'NONE', #6344, 1000.000000000000000 ) ;
#4183 = CARTESIAN_POINT ( 'NONE',  ( 10.98378947368420988, 11.42999999999999972, -17.91499999999999204 ) ) ;
#4184 = AXIS2_PLACEMENT_3D ( 'NONE', #1404, #512, #5288 ) ;
#4185 = ORIENTED_EDGE ( 'NONE', *, *, #9237, .F. ) ;
#4186 = PRESENTATION_LAYER_ASSIGNMENT (  '', '', ( #5801 ) ) ;
#4187 =( NAMED_UNIT ( * ) SI_UNIT ( $, .STERADIAN. ) SOLID_ANGLE_UNIT ( ) );
#4188 =( LENGTH_UNIT ( ) NAMED_UNIT ( * ) SI_UNIT ( .MILLI., .METRE. ) );
#4189 = EDGE_CURVE ( 'NONE', #4700, #3092, #10437, .T. ) ;
#4190 = UNCERTAINTY_MEASURE_WITH_UNIT (LENGTH_MEASURE( 1.000000000000000082E-05 ), #1656, 'distance_accuracy_value', 'NONE');
#4191 = CARTESIAN_POINT ( 'NONE',  ( -28.30413728609201485, 0.2107842730952803889, -16.16328183851187816 ) ) ;
#4192 = CARTESIAN_POINT ( 'NONE',  ( 28.07018770830613263, 0.5000000000000000000, -15.98132094865075814 ) ) ;
#4193 =( NAMED_UNIT ( * ) SI_UNIT ( $, .STERADIAN. ) SOLID_ANGLE_UNIT ( ) );
#4194 = LINE ( 'NONE', #350, #2176 ) ;
#4195 =( BOUNDED_CURVE ( )  B_SPLINE_CURVE ( 3, ( #1024, #5805, #3844, #1986 ),
 .UNSPECIFIED., .F., .T. ) 
 B_SPLINE_CURVE_WITH_KNOTS ( ( 4, 4 ),
 ( 0.000000000000000000, 1.570796326794896558 ),
 .UNSPECIFIED. ) 
 CURVE ( )  GEOMETRIC_REPRESENTATION_ITEM ( )  RATIONAL_B_SPLINE_CURVE ( ( 1.000000000000000000, 0.8047378541243649375, 0.8047378541243649375, 1.000000000000000000 ) ) 
 REPRESENTATION_ITEM ( '' )  );
#4196 = STYLED_ITEM ( 'NONE', ( #1932 ), #11768 ) ;
#4197 = PRESENTATION_LAYER_ASSIGNMENT (  '', '', ( #7635 ) ) ;
#4198 =( NAMED_UNIT ( * ) PLANE_ANGLE_UNIT ( ) SI_UNIT ( $, .RADIAN. ) );
#4199 = PLANE ( 'NONE',  #8329 ) ;
#4200 = DIRECTION ( 'NONE',  ( 0.000000000000000000, 0.000000000000000000, 1.000000000000000000 ) ) ;
#4201 = FILL_AREA_STYLE ('',( #10004 ) ) ;
#4202 = SURFACE_STYLE_FILL_AREA ( #5273 ) ;
#4203 =( LENGTH_UNIT ( ) NAMED_UNIT ( * ) SI_UNIT ( .MILLI., .METRE. ) );
#4204 = CARTESIAN_POINT ( 'NONE',  ( -28.95599999999999596, 11.42999999999999972, 18.41499999999999915 ) ) ;
#4205 = CARTESIAN_POINT ( 'NONE',  ( 17.22021356188092867, 1.778450982306281958, 18.41499999999999915 ) ) ;
#4206 = CARTESIAN_POINT ( 'NONE',  ( -28.07018770830613619, 0.5000000000000000000, 15.98132094865076169 ) ) ;
#4207 = SURFACE_STYLE_USAGE ( .BOTH. , #2429 ) ;
#4208 = DIRECTION ( 'NONE',  ( 0.000000000000000000, -0.000000000000000000, -1.000000000000000000 ) ) ;
#4209 = CARTESIAN_POINT ( 'NONE',  ( 14.74115789473684224, 2.929999999999998384, -18.41499999999999915 ) ) ;
#4210 = UNCERTAINTY_MEASURE_WITH_UNIT (LENGTH_MEASURE( 1.000000000000000082E-05 ), #10374, 'distance_accuracy_value', 'NONE');
#4211 = CARTESIAN_POINT ( 'NONE',  ( -7.959789473684211636, 11.42999999999999972, -18.41499999999999559 ) ) ;
#4212 = ORIENTED_EDGE ( 'NONE', *, *, #1868, .T. ) ;
#4213 = STYLED_ITEM ( 'NONE', ( #3019 ), #5666 ) ;
#4214 = ORIENTED_EDGE ( 'NONE', *, *, #5312, .T. ) ;
#4215 = CARTESIAN_POINT ( 'NONE',  ( 18.56106220704115728, 11.17450485333481680, -9.292327167747345129 ) ) ;
#4216 = CARTESIAN_POINT ( 'NONE',  ( 3.728790991712863878, 11.42999999999999972, 18.41499999999999915 ) ) ;
#4217 = EDGE_LOOP ( 'NONE', ( #6337, #6008, #5002, #12680 ) ) ;
#4218 = CARTESIAN_POINT ( 'NONE',  ( 15.50315789473683559, 11.22289321881345536, -18.20789321881344591 ) ) ;
#4219 = STYLED_ITEM ( 'NONE', ( #8097 ), #10187 ) ;
#4220 =( LENGTH_UNIT ( ) NAMED_UNIT ( * ) SI_UNIT ( .MILLI., .METRE. ) );
#4221 = UNCERTAINTY_MEASURE_WITH_UNIT (LENGTH_MEASURE( 1.000000000000000082E-05 ), #3041, 'distance_accuracy_value', 'NONE');
#4222 = EDGE_CURVE ( 'NONE', #8583, #7185, #101, .T. ) ;
#4223 = DIRECTION ( 'NONE',  ( 0.000000000000000000, 0.000000000000000000, 1.000000000000000000 ) ) ;
#4224 = SURFACE_STYLE_FILL_AREA ( #443 ) ;
#4225 = COLOUR_RGB ( '',0.2509803921568627416, 0.2509803921568627416, 0.2509803921568627416 ) ;
#4226 = VERTEX_POINT ( 'NONE', #10513 ) ;
#4227 = CYLINDRICAL_SURFACE ( 'NONE', #11425, 0.5000000000000003331 ) ;
#4228 = ORIENTED_EDGE ( 'NONE', *, *, #9756, .T. ) ;
#4229 = DIRECTION ( 'NONE',  ( 0.000000000000000000, 0.000000000000000000, -1.000000000000000000 ) ) ;
#4230 = SURFACE_STYLE_USAGE ( .BOTH. , #323 ) ;
#4231 = FILL_AREA_STYLE_COLOUR ( '', #1440 ) ;
#4232 = AXIS2_PLACEMENT_3D ( 'NONE', #9360, #3454, #7193 ) ;
#4233 = ORIENTED_EDGE ( 'NONE', *, *, #3045, .F. ) ;
#4234 = AXIS2_PLACEMENT_3D ( 'NONE', #924, #5887, #7924 ) ;
#4235 = FACE_OUTER_BOUND ( 'NONE', #9877, .T. ) ;
#4236 = VERTEX_POINT ( 'NONE', #12455 ) ;
#4237 = VERTEX_POINT ( 'NONE', #1689 ) ;
#4238 = EDGE_CURVE ( 'NONE', #1034, #957, #3492, .T. ) ;
#4239 = CARTESIAN_POINT ( 'NONE',  ( -28.45599999999999596, 1.778000000000000025, -16.16328183851187816 ) ) ;
#4240 = SURFACE_SIDE_STYLE ('',( #5308 ) ) ;
#4241 = VERTEX_POINT ( 'NONE', #12579 ) ;
#4242 = SURFACE_STYLE_USAGE ( .BOTH. , #11006 ) ;
#4243 = CIRCLE ( 'NONE', #7085, 0.7619999999999970131 ) ;
#4244 = PRODUCT_DEFINITION_CONTEXT ( 'detailed design', #6800, 'design' ) ;
#4245 = PRESENTATION_STYLE_ASSIGNMENT (( #6221 ) ) ;
#4246 = AXIS2_PLACEMENT_3D ( 'NONE', #3276, #9136, #6189 ) ;
#4247 = SURFACE_STYLE_FILL_AREA ( #6285 ) ;
#4248 = FILL_AREA_STYLE ('',( #351 ) ) ;
#4250 = MECHANICAL_DESIGN_GEOMETRIC_PRESENTATION_REPRESENTATION (  '', ( #12024 ), #3649 ) ;
#4249 = FACE_OUTER_BOUND ( 'NONE', #9684, .T. ) ;
#4251 = CARTESIAN_POINT ( 'NONE',  ( -22.72021356188096419, 10.92999999999999794, -7.179213561880927408 ) ) ;
#4252 = AXIS2_PLACEMENT_3D ( 'NONE', #504, #1342, #12139 ) ;
#4253 = PRESENTATION_LAYER_ASSIGNMENT (  '', '', ( #4452 ) ) ;
#4254 = SURFACE_SIDE_STYLE ('',( #12061 ) ) ;
#4255 = PLANE ( 'NONE',  #1882 ) ;
#4256 = DIRECTION ( 'NONE',  ( 1.000000000000000000, 0.000000000000000000, 0.000000000000000000 ) ) ;
#4257 = VECTOR ( 'NONE', #2802, 1000.000000000000000 ) ;
#4258 = PRESENTATION_STYLE_ASSIGNMENT (( #2365 ) ) ;
#4259 = SURFACE_STYLE_USAGE ( .BOTH. , #8081 ) ;
#4260 = MECHANICAL_DESIGN_GEOMETRIC_PRESENTATION_REPRESENTATION (  '', ( #2636 ), #416 ) ;
#4261 = PRESENTATION_STYLE_ASSIGNMENT (( #11953 ) ) ;
#4262 = CARTESIAN_POINT ( 'NONE',  ( -0.9976842105263136196, 10.92999999999999794, 17.91499999999999915 ) ) ;
#4263 = FACE_OUTER_BOUND ( 'NONE', #321, .T. ) ;
#4264 = ORIENTED_EDGE ( 'NONE', *, *, #946, .T. ) ;
#4265 =( GEOMETRIC_REPRESENTATION_CONTEXT ( 3 ) GLOBAL_UNCERTAINTY_ASSIGNED_CONTEXT ( ( #10469 ) ) GLOBAL_UNIT_ASSIGNED_CONTEXT ( ( #6425, #9176, #4448 ) ) REPRESENTATION_CONTEXT ( 'NONE', 'WORKASPACE' ) );
#4266 = VERTEX_POINT ( 'NONE', #1572 ) ;
#4267 = CARTESIAN_POINT ( 'NONE',  ( 17.72021356188092867, 2.168174630207213127, -17.91499999999999204 ) ) ;
#4268 = FACE_OUTER_BOUND ( 'NONE', #2843, .T. ) ;
#4269 = ORIENTED_EDGE ( 'NONE', *, *, #9620, .F. ) ;
#4270 = SURFACE_SIDE_STYLE ('',( #9130 ) ) ;
#4271 = CARTESIAN_POINT ( 'NONE',  ( -10.95515789473684087, 11.42999999999999972, -18.41499999999999559 ) ) ;
#4272 = B_SPLINE_CURVE_WITH_KNOTS ( 'NONE', 3,
 ( #7688, #4578, #1842, #10456, #7631, #12528, #1906, #5658, #11625, #2614, #9556, #2870 ),
 .UNSPECIFIED., .F., .F.,
 ( 4, 2, 2, 2, 2, 4 ),
 ( 0.000000000000000000, 0.0003122962237442733729, 0.0006245924474885467459, 0.001249184894977089589, 0.001873777342465632323, 0.002498369789954175274 ),
 .UNSPECIFIED. ) ;
#4273 = TOROIDAL_SURFACE ( 'NONE', #11419, 1.261999999999997124, 0.5000000000000000000 ) ;
#4274 = DIRECTION ( 'NONE',  ( 1.000000000000000000, 0.000000000000000000, 0.000000000000000000 ) ) ;
#4275 =( NAMED_UNIT ( * ) PLANE_ANGLE_UNIT ( ) SI_UNIT ( $, .RADIAN. ) );
#4276 = DIRECTION ( 'NONE',  ( 0.000000000000000000, 0.000000000000000000, 1.000000000000000000 ) ) ;
#4277 = FILL_AREA_STYLE ('',( #9137 ) ) ;
#4278 = ORIENTED_EDGE ( 'NONE', *, *, #2992, .F. ) ;
#4279 = AXIS2_PLACEMENT_3D ( 'NONE', #9026, #15, #11926 ) ;
#4280 = MECHANICAL_DESIGN_GEOMETRIC_PRESENTATION_REPRESENTATION (  '', ( #6928 ), #1431 ) ;
#4281 = EDGE_CURVE ( 'NONE', #5957, #7932, #364, .T. ) ;
#4282 = EDGE_CURVE ( 'NONE', #6577, #1858, #5445, .T. ) ;
#4283 = PLANE ( 'NONE',  #10195 ) ;
#4284 = ORIENTED_EDGE ( 'NONE', *, *, #4059, .T. ) ;
#4285 = SURFACE_SIDE_STYLE ('',( #9141 ) ) ;
#4286 = SURFACE_STYLE_FILL_AREA ( #8045 ) ;
#4287 = EDGE_CURVE ( 'NONE', #5005, #4569, #5511, .T. ) ;
#4288 = FACE_OUTER_BOUND ( 'NONE', #5279, .T. ) ;
#4289 =( NAMED_UNIT ( * ) PLANE_ANGLE_UNIT ( ) SI_UNIT ( $, .RADIAN. ) );
#4290 = VERTEX_POINT ( 'NONE', #1763 ) ;
#4291 = DIRECTION ( 'NONE',  ( 2.775557561562888827E-14, 0.000000000000000000, -1.000000000000000000 ) ) ;
#4292 = PRESENTATION_LAYER_ASSIGNMENT (  '', '', ( #11862 ) ) ;
#4293 = CARTESIAN_POINT ( 'NONE',  ( -9.983789473684209881, 10.92999999999999794, 17.91499999999999915 ) ) ;
#4294 = DIRECTION ( 'NONE',  ( 1.000000000000000000, 0.000000000000000000, 0.000000000000000000 ) ) ;
#4295 =( NAMED_UNIT ( * ) PLANE_ANGLE_UNIT ( ) SI_UNIT ( $, .RADIAN. ) );
#4296 = SURFACE_SIDE_STYLE ('',( #4111 ) ) ;
#4297 = ORIENTED_EDGE ( 'NONE', *, *, #11214, .F. ) ;
#4298 = SURFACE_SIDE_STYLE ('',( #271 ) ) ;
#4299 = ORIENTED_EDGE ( 'NONE', *, *, #372, .T. ) ;
#4300 = MECHANICAL_DESIGN_GEOMETRIC_PRESENTATION_REPRESENTATION (  '', ( #11441 ), #11019 ) ;
#4301 = CARTESIAN_POINT ( 'NONE',  ( -17.72021356188092867, 1.778000000000000025, -17.91499999999999204 ) ) ;
#4302 = EDGE_CURVE ( 'NONE', #2875, #2984, #5641, .T. ) ;
#4303 = DIRECTION ( 'NONE',  ( -0.000000000000000000, 1.000000000000000000, 0.000000000000000000 ) ) ;
#4304 = EDGE_LOOP ( 'NONE', ( #3824, #5037, #10801, #10723 ) ) ;
#4305 =( NAMED_UNIT ( * ) PLANE_ANGLE_UNIT ( ) SI_UNIT ( $, .RADIAN. ) );
#4306 = EDGE_CURVE ( 'NONE', #632, #12659, #8840, .T. ) ;
#4307 = FILL_AREA_STYLE ('',( #9340 ) ) ;
#4308 = CARTESIAN_POINT ( 'NONE',  ( -18.90563339613381544, 2.613801581194548973, -8.946499830105235418 ) ) ;
#4309 = DIRECTION ( 'NONE',  ( 0.000000000000000000, 0.000000000000000000, 1.000000000000000000 ) ) ;
#4310 = ADVANCED_FACE ( 'NONE', ( #8718 ), #1053, .T. ) ;
#4311 = SURFACE_STYLE_FILL_AREA ( #11335 ) ;
#4312 = LINE ( 'NONE', #8193, #3422 ) ;
#4313 = LINE ( 'NONE', #2274, #4386 ) ;
#4314 = DIRECTION ( 'NONE',  ( 0.000000000000000000, 0.000000000000000000, 1.000000000000000000 ) ) ;
#4315 =( GEOMETRIC_REPRESENTATION_CONTEXT ( 3 ) GLOBAL_UNCERTAINTY_ASSIGNED_CONTEXT ( ( #7530 ) ) GLOBAL_UNIT_ASSIGNED_CONTEXT ( ( #9338, #2776, #6470 ) ) REPRESENTATION_CONTEXT ( 'NONE', 'WORKASPACE' ) );
#4316 =( NAMED_UNIT ( * ) SI_UNIT ( $, .STERADIAN. ) SOLID_ANGLE_UNIT ( ) );
#4317 = ADVANCED_FACE ( 'NONE', ( #3179 ), #9923, .T. ) ;
#4318 = CARTESIAN_POINT ( 'NONE',  ( -17.72021356188092867, 1.777999999999999581, 18.20789321881345302 ) ) ;
#4319 = SURFACE_STYLE_USAGE ( .BOTH. , #422 ) ;
#4320 = SURFACE_SIDE_STYLE ('',( #1387 ) ) ;
#4321 = CARTESIAN_POINT ( 'NONE',  ( 4.021684210526315972, 2.929999999999998384, 18.41499999999999915 ) ) ;
#4322 =( GEOMETRIC_REPRESENTATION_CONTEXT ( 3 ) GLOBAL_UNCERTAINTY_ASSIGNED_CONTEXT ( ( #4334 ) ) GLOBAL_UNIT_ASSIGNED_CONTEXT ( ( #11912, #1228, #11183 ) ) REPRESENTATION_CONTEXT ( 'NONE', 'WORKASPACE' ) );
#4323 = FACE_OUTER_BOUND ( 'NONE', #7286, .T. ) ;
#4324 = DIRECTION ( 'NONE',  ( 0.000000000000000000, 0.000000000000000000, 1.000000000000000000 ) ) ;
#4325 = UNCERTAINTY_MEASURE_WITH_UNIT (LENGTH_MEASURE( 1.000000000000000082E-05 ), #8305, 'distance_accuracy_value', 'NONE');
#4326 = ORIENTED_EDGE ( 'NONE', *, *, #8882, .F. ) ;
#4327 = VERTEX_POINT ( 'NONE', #1181 ) ;
#4328 = COLOUR_RGB ( '',0.2509803921568627416, 0.2509803921568627416, 0.2509803921568627416 ) ;
#4329 = CARTESIAN_POINT ( 'NONE',  ( -21.20326315789473171, 2.929999999999998384, -18.41499999999999915 ) ) ;
#4330 = CARTESIAN_POINT ( 'NONE',  ( 22.55297341789472299, 11.42999999999999972, -6.768883854435937764 ) ) ;
#4331 = CARTESIAN_POINT ( 'NONE',  ( 10.01242105263157356, 2.929999999999998384, 18.41499999999999915 ) ) ;
#4332 = VERTEX_POINT ( 'NONE', #5895 ) ;
#4333 =( LENGTH_UNIT ( ) NAMED_UNIT ( * ) SI_UNIT ( .MILLI., .METRE. ) );
#4334 = UNCERTAINTY_MEASURE_WITH_UNIT (LENGTH_MEASURE( 1.000000000000000082E-05 ), #11912, 'distance_accuracy_value', 'NONE');
#4335 = CARTESIAN_POINT ( 'NONE',  ( -22.01123368217812981, 0.000000000000000000, 14.40881328482983825 ) ) ;
#4336 = ADVANCED_FACE ( 'NONE', ( #9784 ), #5442, .T. ) ;
#4337 = SURFACE_STYLE_FILL_AREA ( #8162 ) ;
#4338 = MECHANICAL_DESIGN_GEOMETRIC_PRESENTATION_REPRESENTATION (  '', ( #8203 ), #9617 ) ;
#4339 = SURFACE_STYLE_USAGE ( .BOTH. , #8096 ) ;
#4340 = CARTESIAN_POINT ( 'NONE',  ( -21.96526315789472861, 10.92999999999999794, 7.236537172765303616 ) ) ;
#4341 = DIRECTION ( 'NONE',  ( -0.000000000000000000, 1.000000000000000000, -0.000000000000000000 ) ) ;
#4342 =( GEOMETRIC_REPRESENTATION_CONTEXT ( 3 ) GLOBAL_UNCERTAINTY_ASSIGNED_CONTEXT ( ( #11216 ) ) GLOBAL_UNIT_ASSIGNED_CONTEXT ( ( #4917, #65, #1225 ) ) REPRESENTATION_CONTEXT ( 'NONE', 'WORKASPACE' ) );
#4343 = FILL_AREA_STYLE_COLOUR ( '', #11289 ) ;
#4344 = ORIENTED_EDGE ( 'NONE', *, *, #2973, .F. ) ;
#4345 = CARTESIAN_POINT ( 'NONE',  ( -40.19178643811905971, 10.92999999999999794, 6.679213561880927408 ) ) ;
#4346 = EDGE_LOOP ( 'NONE', ( #7159, #12539, #5919, #6406 ) ) ;
#4347 =( LENGTH_UNIT ( ) NAMED_UNIT ( * ) SI_UNIT ( .MILLI., .METRE. ) );
#4348 =( NAMED_UNIT ( * ) PLANE_ANGLE_UNIT ( ) SI_UNIT ( $, .RADIAN. ) );
#4349 = CIRCLE ( 'NONE', #7803, 1.587500000000002132 ) ;
#4350 = MECHANICAL_DESIGN_GEOMETRIC_PRESENTATION_REPRESENTATION (  '', ( #3750 ), #6987 ) ;
#4351 = DIRECTION ( 'NONE',  ( 0.000000000000000000, 0.000000000000000000, -1.000000000000000000 ) ) ;
#4352 = ORIENTED_EDGE ( 'NONE', *, *, #10613, .F. ) ;
#4353 = MECHANICAL_DESIGN_GEOMETRIC_PRESENTATION_REPRESENTATION (  '', ( #468 ), #1902 ) ;
#4354 = EDGE_CURVE ( 'NONE', #10968, #2625, #11322, .T. ) ;
#4355 = CARTESIAN_POINT ( 'NONE',  ( -10.19089625487075601, 11.42999999999999972, 18.41499999999999915 ) ) ;
#4356 = FILL_AREA_STYLE ('',( #11914 ) ) ;
#4357 = CARTESIAN_POINT ( 'NONE',  ( -25.40151096696282451, 1.778000000000000025, -17.91499999999999204 ) ) ;
#4358 = EDGE_CURVE ( 'NONE', #238, #2313, #4243, .T. ) ;
#4359 =( LENGTH_UNIT ( ) NAMED_UNIT ( * ) SI_UNIT ( .MILLI., .METRE. ) );
#4360 = EDGE_LOOP ( 'NONE', ( #669, #1088, #1410, #7912 ) ) ;
#4361 = COLOUR_RGB ( '',0.2509803921568627416, 0.2509803921568627416, 0.2509803921568627416 ) ;
#4362 = PRESENTATION_STYLE_ASSIGNMENT (( #8245 ) ) ;
#4363 = CARTESIAN_POINT ( 'NONE',  ( 28.74889321881344273, 1.778000000000000469, -16.16328183851187106 ) ) ;
#4364 = VERTEX_POINT ( 'NONE', #9099 ) ;
#4365 = CARTESIAN_POINT ( 'NONE',  ( 15.50315789473683736, 11.42999999999999972, 17.91499999999999915 ) ) ;
#4366 = CARTESIAN_POINT ( 'NONE',  ( 27.48463157894736497, 2.929999999999998384, -7.179213561880927408 ) ) ;
#4367 = ADVANCED_FACE ( 'NONE', ( #3304 ), #1309, .T. ) ;
#4368 = ORIENTED_EDGE ( 'NONE', *, *, #3992, .F. ) ;
#4369 = VECTOR ( 'NONE', #2618, 1000.000000000000000 ) ;
#4370 = AXIS2_PLACEMENT_3D ( 'NONE', #9928, #934, #6801 ) ;
#4371 = UNCERTAINTY_MEASURE_WITH_UNIT (LENGTH_MEASURE( 1.000000000000000082E-05 ), #1173, 'distance_accuracy_value', 'NONE');
#4372 =( BOUNDED_CURVE ( )  B_SPLINE_CURVE ( 3, ( #1632, #10572, #11544, #6675 ),
 .UNSPECIFIED., .F., .F. ) 
 B_SPLINE_CURVE_WITH_KNOTS ( ( 4, 4 ),
 ( 1.570796326794896558, 3.141592653589786455 ),
 .UNSPECIFIED. ) 
 CURVE ( )  GEOMETRIC_REPRESENTATION_ITEM ( )  RATIONAL_B_SPLINE_CURVE ( ( 1.000000000000000000, 0.8047378541243666028, 0.8047378541243666028, 1.000000000000000000 ) ) 
 REPRESENTATION_ITEM ( '' )  );
#4373 = CARTESIAN_POINT ( 'NONE',  ( -10.95515789473684087, 2.929999999999998384, -18.41499999999999559 ) ) ;
#4374 = LINE ( 'NONE', #12182, #7065 ) ;
#4375 = DIRECTION ( 'NONE',  ( -1.000000000000000000, -0.000000000000000000, -0.000000000000000000 ) ) ;
#4376 = ADVANCED_FACE ( 'NONE', ( #1372 ), #12107, .T. ) ;
#4377 = FACE_OUTER_BOUND ( 'NONE', #258, .T. ) ;
#4378 = CARTESIAN_POINT ( 'NONE',  ( -7.959789473684211636, 11.42999999999999972, -18.41499999999999559 ) ) ;
#4379 = MECHANICAL_DESIGN_GEOMETRIC_PRESENTATION_REPRESENTATION (  '', ( #9868 ), #79 ) ;
#4380 = CARTESIAN_POINT ( 'NONE',  ( 6.033546133231033615, -0.000000000000000000, -4.973671613130806968 ) ) ;
#4381 =( GEOMETRIC_REPRESENTATION_CONTEXT ( 3 ) GLOBAL_UNCERTAINTY_ASSIGNED_CONTEXT ( ( #3181 ) ) GLOBAL_UNIT_ASSIGNED_CONTEXT ( ( #6579, #4658, #10290 ) ) REPRESENTATION_CONTEXT ( 'NONE', 'WORKASPACE' ) );
#4382 =( NAMED_UNIT ( * ) SI_UNIT ( $, .STERADIAN. ) SOLID_ANGLE_UNIT ( ) );
#4383 = AXIS2_PLACEMENT_3D ( 'NONE', #10743, #3800, #6721 ) ;
#4384 = VERTEX_POINT ( 'NONE', #10367 ) ;
#4385 = CARTESIAN_POINT ( 'NONE',  ( 25.96063157894736761, 10.92999999999999794, -7.179213561880927408 ) ) ;
#4386 = VECTOR ( 'NONE', #9171, 1000.000000000000000 ) ;
#4387 = FACE_OUTER_BOUND ( 'NONE', #10553, .T. ) ;
#4388 = DIRECTION ( 'NONE',  ( -0.000000000000000000, 1.000000000000000000, 0.000000000000000000 ) ) ;
#4389 = AXIS2_PLACEMENT_3D ( 'NONE', #1031, #5047, #5930 ) ;
#4390 =( GEOMETRIC_REPRESENTATION_CONTEXT ( 3 ) GLOBAL_UNCERTAINTY_ASSIGNED_CONTEXT ( ( #3911 ) ) GLOBAL_UNIT_ASSIGNED_CONTEXT ( ( #2343, #7235, #3488 ) ) REPRESENTATION_CONTEXT ( 'NONE', 'WORKASPACE' ) );
#4391 =( NAMED_UNIT ( * ) PLANE_ANGLE_UNIT ( ) SI_UNIT ( $, .RADIAN. ) );
#4392 = EDGE_CURVE ( 'NONE', #461, #8358, #8507, .T. ) ;
#4393 = ORIENTED_EDGE ( 'NONE', *, *, #1489, .F. ) ;
#4394 = ADVANCED_FACE ( 'NONE', ( #4846 ), #659, .T. ) ;
#4395 = STYLED_ITEM ( 'NONE', ( #1499 ), #5348 ) ;
#4396 = EDGE_CURVE ( 'NONE', #1787, #2156, #159, .T. ) ;
#4397 = DIRECTION ( 'NONE',  ( 1.000000000000000000, 0.000000000000000000, 0.000000000000000000 ) ) ;
#4398 =( LENGTH_UNIT ( ) NAMED_UNIT ( * ) SI_UNIT ( .MILLI., .METRE. ) );
#4399 = DIRECTION ( 'NONE',  ( 0.000000000000000000, 0.000000000000000000, 1.000000000000000000 ) ) ;
#4400 = SURFACE_STYLE_USAGE ( .BOTH. , #2675 ) ;
#4401 = ORIENTED_EDGE ( 'NONE', *, *, #9529, .F. ) ;
#4402 = LINE ( 'NONE', #8283, #1498 ) ;
#4403 = DIRECTION ( 'NONE',  ( -0.6360782202777650607, -0.000000000000000000, -0.7716245833877191096 ) ) ;
#4404 = SURFACE_SIDE_STYLE ('',( #5344 ) ) ;
#4405 = STYLED_ITEM ( 'NONE', ( #10744 ), #5509 ) ;
#4406 = CARTESIAN_POINT ( 'NONE',  ( -17.44589473684210645, 11.42999999999999972, -17.91499999999999204 ) ) ;
#4407 = CARTESIAN_POINT ( 'NONE',  ( -27.95599999999999596, 11.42999999999999972, -18.41499999999999915 ) ) ;
#4408 = CARTESIAN_POINT ( 'NONE',  ( 10.98378947368421699, 2.929999999999998384, -18.41499999999999915 ) ) ;
#4409 = EDGE_CURVE ( 'NONE', #11536, #2313, #11714, .T. ) ;
#4410 = ORIENTED_EDGE ( 'NONE', *, *, #643, .F. ) ;
#4411 = ORIENTED_EDGE ( 'NONE', *, *, #3615, .T. ) ;
#4412 = EDGE_CURVE ( 'NONE', #1176, #2045, #1094, .T. ) ;
#4413 =( LENGTH_UNIT ( ) NAMED_UNIT ( * ) SI_UNIT ( .MILLI., .METRE. ) );
#4414 = SURFACE_STYLE_FILL_AREA ( #9499 ) ;
#4415 = PRESENTATION_LAYER_ASSIGNMENT (  '', '', ( #12394 ) ) ;
#4416 = AXIS2_PLACEMENT_3D ( 'NONE', #2504, #4580, #573 ) ;
#4417 = DIRECTION ( 'NONE',  ( -0.000000000000000000, -0.000000000000000000, 1.000000000000000000 ) ) ;
#4418 = ORIENTED_EDGE ( 'NONE', *, *, #7087, .F. ) ;
#4419 =( GEOMETRIC_REPRESENTATION_CONTEXT ( 3 ) GLOBAL_UNCERTAINTY_ASSIGNED_CONTEXT ( ( #9308 ) ) GLOBAL_UNIT_ASSIGNED_CONTEXT ( ( #11934, #4941, #3110 ) ) REPRESENTATION_CONTEXT ( 'NONE', 'WORKASPACE' ) );
#4420 = DIRECTION ( 'NONE',  ( 1.000000000000000000, 0.000000000000000000, 0.000000000000000000 ) ) ;
#4421 = PRESENTATION_STYLE_ASSIGNMENT (( #1800 ) ) ;
#4422 = CIRCLE ( 'NONE', #548, 0.5000000000000004441 ) ;
#4423 = ORIENTED_EDGE ( 'NONE', *, *, #1471, .F. ) ;
#4424 = DIRECTION ( 'NONE',  ( 0.000000000000000000, 0.000000000000000000, 1.000000000000000000 ) ) ;
#4425 = VERTEX_POINT ( 'NONE', #11331 ) ;
#4426 =( GEOMETRIC_REPRESENTATION_CONTEXT ( 3 ) GLOBAL_UNCERTAINTY_ASSIGNED_CONTEXT ( ( #12439 ) ) GLOBAL_UNIT_ASSIGNED_CONTEXT ( ( #11459, #11263, #2648 ) ) REPRESENTATION_CONTEXT ( 'NONE', 'WORKASPACE' ) );
#4427 = DIRECTION ( 'NONE',  ( 0.000000000000000000, 1.000000000000000000, -0.000000000000000000 ) ) ;
#4428 = CARTESIAN_POINT ( 'NONE',  ( 23.62199999999999633, 0.5000000000000000000, -11.49350000000000627 ) ) ;
#4429 = ORIENTED_EDGE ( 'NONE', *, *, #12215, .F. ) ;
#4430 = EDGE_CURVE ( 'NONE', #4168, #82, #4847, .T. ) ;
#4431 = SURFACE_STYLE_FILL_AREA ( #536 ) ;
#4432 = MECHANICAL_DESIGN_GEOMETRIC_PRESENTATION_REPRESENTATION (  '', ( #5647 ), #2607 ) ;
#4433 =( NAMED_UNIT ( * ) SI_UNIT ( $, .STERADIAN. ) SOLID_ANGLE_UNIT ( ) );
#4434 = SURFACE_STYLE_FILL_AREA ( #11262 ) ;
#4435 = CARTESIAN_POINT ( 'NONE',  ( -16.94589473684210290, 11.42999999999999972, 17.91499999999999915 ) ) ;
#4436 =( GEOMETRIC_REPRESENTATION_CONTEXT ( 3 ) GLOBAL_UNCERTAINTY_ASSIGNED_CONTEXT ( ( #10943 ) ) GLOBAL_UNIT_ASSIGNED_CONTEXT ( ( #5321, #11210, #8653 ) ) REPRESENTATION_CONTEXT ( 'NONE', 'WORKASPACE' ) );
#4437 = ORIENTED_EDGE ( 'NONE', *, *, #221, .T. ) ;
#4438 = LINE ( 'NONE', #3373, #3219 ) ;
#4439 =( GEOMETRIC_REPRESENTATION_CONTEXT ( 3 ) GLOBAL_UNCERTAINTY_ASSIGNED_CONTEXT ( ( #3340 ) ) GLOBAL_UNIT_ASSIGNED_CONTEXT ( ( #5382, #5319, #4382 ) ) REPRESENTATION_CONTEXT ( 'NONE', 'WORKASPACE' ) );
#4440 = EDGE_CURVE ( 'NONE', #8224, #54, #2592, .T. ) ;
#4441 = LINE ( 'NONE', #7352, #2846 ) ;
#4442 = AXIS2_PLACEMENT_3D ( 'NONE', #4660, #3663, #8429 ) ;
#4443 = FILL_AREA_STYLE_COLOUR ( '', #3694 ) ;
#4444 = ORIENTED_EDGE ( 'NONE', *, *, #11484, .F. ) ;
#4445 = ADVANCED_FACE ( 'NONE', ( #6473 ), #7201, .T. ) ;
#4446 =( BOUNDED_CURVE ( )  B_SPLINE_CURVE ( 3, ( #1084, #3081, #4905, #1928 ),
 .UNSPECIFIED., .F., .F. ) 
 B_SPLINE_CURVE_WITH_KNOTS ( ( 4, 4 ),
 ( 3.141592653589793116, 4.712388980384689674 ),
 .UNSPECIFIED. ) 
 CURVE ( )  GEOMETRIC_REPRESENTATION_ITEM ( )  RATIONAL_B_SPLINE_CURVE ( ( 1.000000000000000000, 0.8047378541243649375, 0.8047378541243649375, 1.000000000000000000 ) ) 
 REPRESENTATION_ITEM ( '' )  );
#4447 = ADVANCED_FACE ( 'NONE', ( #1619 ), #6184, .F. ) ;
#4448 =( NAMED_UNIT ( * ) SI_UNIT ( $, .STERADIAN. ) SOLID_ANGLE_UNIT ( ) );
#4449 =( LENGTH_UNIT ( ) NAMED_UNIT ( * ) SI_UNIT ( .MILLI., .METRE. ) );
#4450 = CARTESIAN_POINT ( 'NONE',  ( 24.84695402612800308, -0.0009999999999992653654, 12.07122582530904786 ) ) ;
#4451 = UNCERTAINTY_MEASURE_WITH_UNIT (LENGTH_MEASURE( 1.000000000000000082E-05 ), #7119, 'distance_accuracy_value', 'NONE');
#4452 = STYLED_ITEM ( 'NONE', ( #1060 ), #6073 ) ;
#4453 = ORIENTED_EDGE ( 'NONE', *, *, #3831, .T. ) ;
#4454 = EDGE_CURVE ( 'NONE', #8340, #2451, #10888, .T. ) ;
#4455 = CARTESIAN_POINT ( 'NONE',  ( -28.95599999999999596, 11.42999999999999972, 18.41499999999999915 ) ) ;
#4456 = FACE_OUTER_BOUND ( 'NONE', #4484, .T. ) ;
#4457 = ORIENTED_EDGE ( 'NONE', *, *, #2024, .T. ) ;
#4458 = CYLINDRICAL_SURFACE ( 'NONE', #10259, 0.7619999999999970131 ) ;
#4459 =( NAMED_UNIT ( * ) SI_UNIT ( $, .STERADIAN. ) SOLID_ANGLE_UNIT ( ) );
#4460 = CARTESIAN_POINT ( 'NONE',  ( -28.95599999999999596, 1.277999999999999581, -6.679213561880927408 ) ) ;
#4461 = DIRECTION ( 'NONE',  ( 1.000000000000000000, 0.000000000000000000, 0.000000000000000000 ) ) ;
#4462 = EDGE_CURVE ( 'NONE', #10907, #10054, #10870, .T. ) ;
#4463 = CARTESIAN_POINT ( 'NONE',  ( 3.521684210526315972, 10.92999999999999794, 17.91499999999999915 ) ) ;
#4464 = ORIENTED_EDGE ( 'NONE', *, *, #11096, .T. ) ;
#4465 = ORIENTED_EDGE ( 'NONE', *, *, #4073, .F. ) ;
#4466 = TOROIDAL_SURFACE ( 'NONE', #3477, 5.499999999999998224, 0.5000000000000000000 ) ;
#4467 = MECHANICAL_DESIGN_GEOMETRIC_PRESENTATION_REPRESENTATION (  '', ( #6515 ), #2656 ) ;
#4468 = UNCERTAINTY_MEASURE_WITH_UNIT (LENGTH_MEASURE( 1.000000000000000082E-05 ), #8915, 'distance_accuracy_value', 'NONE');
#4469 = VERTEX_POINT ( 'NONE', #5038 ) ;
#4470 = MECHANICAL_DESIGN_GEOMETRIC_PRESENTATION_REPRESENTATION (  '', ( #10784 ), #8339 ) ;
#4471 = LINE ( 'NONE', #7282, #10033 ) ;
#4472 = CARTESIAN_POINT ( 'NONE',  ( -14.45052631578947278, 10.92999999999999794, -18.41499999999999915 ) ) ;
#4473 = VECTOR ( 'NONE', #10020, 1000.000000000000000 ) ;
#4474 = STYLED_ITEM ( 'NONE', ( #10748 ), #6299 ) ;
#4475 = CARTESIAN_POINT ( 'NONE',  ( 25.23276631782185930, 0.000000000000000000, 11.75318671517016789 ) ) ;
#4476 = DIRECTION ( 'NONE',  ( -1.000000000000000000, 0.000000000000000000, -0.000000000000000000 ) ) ;
#4477 = ORIENTED_EDGE ( 'NONE', *, *, #3814, .T. ) ;
#4478 = CARTESIAN_POINT ( 'NONE',  ( 6.517052631578944322, 2.929999999999998384, -18.41499999999999915 ) ) ;
#4479 = VERTEX_POINT ( 'NONE', #8931 ) ;
#4480 = FILL_AREA_STYLE_COLOUR ( '', #8976 ) ;
#4481 = VECTOR ( 'NONE', #2527, 1000.000000000000000 ) ;
#4482 = PRESENTATION_LAYER_ASSIGNMENT (  '', '', ( #7728 ) ) ;
#4483 = CARTESIAN_POINT ( 'NONE',  ( 13.00778947368420901, 11.42999999999999972, -17.91499999999999204 ) ) ;
#4484 = EDGE_LOOP ( 'NONE', ( #3590, #500, #2011, #11558 ) ) ;
#4485 = CARTESIAN_POINT ( 'NONE',  ( 1.026315789473683848, 2.929999999999998384, 17.91499999999999915 ) ) ;
#4486 = SURFACE_SIDE_STYLE ('',( #8254 ) ) ;
#4487 = UNCERTAINTY_MEASURE_WITH_UNIT (LENGTH_MEASURE( 1.000000000000000082E-05 ), #4919, 'distance_accuracy_value', 'NONE');
#4488 = UNCERTAINTY_MEASURE_WITH_UNIT (LENGTH_MEASURE( 1.000000000000000082E-05 ), #10731, 'distance_accuracy_value', 'NONE');
#4489 = LINE ( 'NONE', #5374, #4563 ) ;
#4490 = ADVANCED_FACE ( 'NONE', ( #2232 ), #9067, .T. ) ;
#4491 = EDGE_LOOP ( 'NONE', ( #1941, #9475, #5540, #6209 ) ) ;
#4492 = SURFACE_SIDE_STYLE ('',( #602 ) ) ;
#4493 = VECTOR ( 'NONE', #11588, 1000.000000000000000 ) ;
#4494 =( GEOMETRIC_REPRESENTATION_CONTEXT ( 3 ) GLOBAL_UNCERTAINTY_ASSIGNED_CONTEXT ( ( #3028 ) ) GLOBAL_UNIT_ASSIGNED_CONTEXT ( ( #11238, #4348, #9205 ) ) REPRESENTATION_CONTEXT ( 'NONE', 'WORKASPACE' ) );
#4495 = CARTESIAN_POINT ( 'NONE',  ( 0.000000000000000000, 0.000000000000000000, 0.000000000000000000 ) ) ;
#4496 = DIRECTION ( 'NONE',  ( 0.000000000000000000, 0.000000000000000000, 1.000000000000000000 ) ) ;
#4497 = ORIENTED_EDGE ( 'NONE', *, *, #8806, .T. ) ;
#4498 = DIRECTION ( 'NONE',  ( 0.000000000000000000, -0.000000000000000000, -1.000000000000000000 ) ) ;
#4499 = CARTESIAN_POINT ( 'NONE',  ( 27.48463157894736497, 10.92999999999999794, 7.179213561880927408 ) ) ;
#4500 =( LENGTH_UNIT ( ) NAMED_UNIT ( * ) SI_UNIT ( .MILLI., .METRE. ) );
#4501 = EDGE_CURVE ( 'NONE', #5460, #8563, #11169, .T. ) ;
#4502 = DIRECTION ( 'NONE',  ( -0.000000000000000000, -1.000000000000000000, -0.000000000000000000 ) ) ;
#4503 = DIRECTION ( 'NONE',  ( 0.000000000000000000, 0.000000000000000000, 1.000000000000000000 ) ) ;
#4504 = STYLED_ITEM ( 'NONE', ( #2842 ), #1618 ) ;
#4505 = ADVANCED_FACE ( 'NONE', ( #6250 ), #567, .T. ) ;
#4506 = SURFACE_STYLE_FILL_AREA ( #684 ) ;
#4507 = CIRCLE ( 'NONE', #10429, 5.499999999999998224 ) ;
#4508 = ORIENTED_EDGE ( 'NONE', *, *, #7475, .F. ) ;
#4509 =( BOUNDED_CURVE ( )  B_SPLINE_CURVE ( 3, ( #11163, #930, #4685, #10261 ),
 .UNSPECIFIED., .F., .T. ) 
 B_SPLINE_CURVE_WITH_KNOTS ( ( 4, 4 ),
 ( 0.000000000000000000, 1.035726848759383145 ),
 .UNSPECIFIED. ) 
 CURVE ( )  GEOMETRIC_REPRESENTATION_ITEM ( )  RATIONAL_B_SPLINE_CURVE ( ( 1.000000000000000000, 0.9125858800543396043, 0.9125858800543396043, 1.000000000000000000 ) ) 
 REPRESENTATION_ITEM ( '' )  );
#4510 = CARTESIAN_POINT ( 'NONE',  ( -22.93663157894736315, 11.42999999999999972, -6.679213561880927408 ) ) ;
#4511 = FACE_OUTER_BOUND ( 'NONE', #11762, .T. ) ;
#4512 = CYLINDRICAL_SURFACE ( 'NONE', #4063, 0.5000000000000004441 ) ;
#4513 = ORIENTED_EDGE ( 'NONE', *, *, #4933, .T. ) ;
#4514 = DIRECTION ( 'NONE',  ( -0.000000000000000000, -0.000000000000000000, 1.000000000000000000 ) ) ;
#4515 = FACE_OUTER_BOUND ( 'NONE', #4050, .T. ) ;
#4516 = CIRCLE ( 'NONE', #9215, 0.4999999999999992228 ) ;
#4517 = DIRECTION ( 'NONE',  ( -0.000000000000000000, 0.000000000000000000, 1.000000000000000000 ) ) ;
#4518 = EDGE_CURVE ( 'NONE', #10535, #3606, #7319, .T. ) ;
#4519 =( NAMED_UNIT ( * ) SI_UNIT ( $, .STERADIAN. ) SOLID_ANGLE_UNIT ( ) );
#4520 = CARTESIAN_POINT ( 'NONE',  ( -17.47548928618103403, 2.238189449107887530, 18.36401126338435930 ) ) ;
#4521 = ORIENTED_EDGE ( 'NONE', *, *, #12496, .T. ) ;
#4522 = VECTOR ( 'NONE', #7693, 1000.000000000000000 ) ;
#4523 = ORIENTED_EDGE ( 'NONE', *, *, #9261, .T. ) ;
#4524 = AXIS2_PLACEMENT_3D ( 'NONE', #10959, #2214, #8079 ) ;
#4525 = ADVANCED_FACE ( 'NONE', ( #1643 ), #4458, .F. ) ;
#4526 = DIRECTION ( 'NONE',  ( -0.000000000000000000, -0.000000000000000000, 1.000000000000000000 ) ) ;
#4527 = ORIENTED_EDGE ( 'NONE', *, *, #12671, .F. ) ;
#4528 = CARTESIAN_POINT ( 'NONE',  ( -15.97452631578947013, 10.92999999999999794, -17.91499999999999204 ) ) ;
#4529 = CARTESIAN_POINT ( 'NONE',  ( 24.90151096696282451, 0.000000000000000000, -17.91499999999999204 ) ) ;
#4530 = EDGE_CURVE ( 'NONE', #8403, #12335, #4402, .T. ) ;
#4531 = DIRECTION ( 'NONE',  ( -1.000000000000000000, 0.000000000000000000, 0.000000000000000000 ) ) ;
#4532 = ORIENTED_EDGE ( 'NONE', *, *, #2013, .T. ) ;
#4533 = DIRECTION ( 'NONE',  ( 0.000000000000000000, 0.000000000000000000, 1.000000000000000000 ) ) ;
#4534 = STYLED_ITEM ( 'NONE', ( #9843 ), #10591 ) ;
#4535 = VECTOR ( 'NONE', #5443, 1000.000000000000000 ) ;
#4536 =( NAMED_UNIT ( * ) PLANE_ANGLE_UNIT ( ) SI_UNIT ( $, .RADIAN. ) );
#4537 = FILL_AREA_STYLE ('',( #781 ) ) ;
#4538 = FILL_AREA_STYLE_COLOUR ( '', #12414 ) ;
#4539 = CARTESIAN_POINT ( 'NONE',  ( -20.18686063407064779, 11.38445435134440942, -7.575508278673012796 ) ) ;
#4540 = VERTEX_POINT ( 'NONE', #3458 ) ;
#4541 = PRESENTATION_STYLE_ASSIGNMENT (( #12369 ) ) ;
#4542 =( NAMED_UNIT ( * ) SI_UNIT ( $, .STERADIAN. ) SOLID_ANGLE_UNIT ( ) );
#4543 = EDGE_LOOP ( 'NONE', ( #9061, #10558, #2658, #6635 ) ) ;
#4544 = STYLED_ITEM ( 'NONE', ( #4577 ), #10944 ) ;
#4545 = CARTESIAN_POINT ( 'NONE',  ( -4.493052631578946077, 11.42999999999999972, 18.41499999999999915 ) ) ;
#4546 = DIRECTION ( 'NONE',  ( 0.000000000000000000, 0.000000000000000000, -1.000000000000000000 ) ) ;
#4547 = ORIENTED_EDGE ( 'NONE', *, *, #2809, .T. ) ;
#4548 = FILL_AREA_STYLE_COLOUR ( '', #6386 ) ;
#4549 = CARTESIAN_POINT ( 'NONE',  ( 22.72021356188092511, 10.92999999999999794, 12.17921356188092652 ) ) ;
#4550 = UNCERTAINTY_MEASURE_WITH_UNIT (LENGTH_MEASURE( 1.000000000000000082E-05 ), #4061, 'distance_accuracy_value', 'NONE');
#4551 =( NAMED_UNIT ( * ) SI_UNIT ( $, .STERADIAN. ) SOLID_ANGLE_UNIT ( ) );
#4552 = MECHANICAL_DESIGN_GEOMETRIC_PRESENTATION_REPRESENTATION (  '', ( #8639 ), #11712 ) ;
#4553 = AXIS2_PLACEMENT_3D ( 'NONE', #8091, #10845, #8999 ) ;
#4554 = ORIENTED_EDGE ( 'NONE', *, *, #4281, .F. ) ;
#4555 = PRESENTATION_STYLE_ASSIGNMENT (( #7607 ) ) ;
#4556 = CARTESIAN_POINT ( 'NONE',  ( 22.46526315789473216, 10.92999999999999794, -18.41499999999999915 ) ) ;
#4557 = CARTESIAN_POINT ( 'NONE',  ( 0.000000000000000000, 0.000000000000000000, 0.000000000000000000 ) ) ;
#4558 = ORIENTED_EDGE ( 'NONE', *, *, #1556, .T. ) ;
#4559 =( LENGTH_UNIT ( ) NAMED_UNIT ( * ) SI_UNIT ( .MILLI., .METRE. ) );
#4560 = FILL_AREA_STYLE ('',( #11601 ) ) ;
#4561 = VECTOR ( 'NONE', #5209, 1000.000000000000000 ) ;
#4562 = VERTEX_POINT ( 'NONE', #6367 ) ;
#4563 = VECTOR ( 'NONE', #12317, 1000.000000000000000 ) ;
#4564 = SURFACE_SIDE_STYLE ('',( #676 ) ) ;
#4565 =( LENGTH_UNIT ( ) NAMED_UNIT ( * ) SI_UNIT ( .MILLI., .METRE. ) );
#4566 = VECTOR ( 'NONE', #3475, 1000.000000000000000 ) ;
#4567 =( NAMED_UNIT ( * ) SI_UNIT ( $, .STERADIAN. ) SOLID_ANGLE_UNIT ( ) );
#4568 = DIRECTION ( 'NONE',  ( 4.081702296416016490E-16, -1.000000000000000000, 0.000000000000000000 ) ) ;
#4569 = VERTEX_POINT ( 'NONE', #10397 ) ;
#4570 = AXIS2_PLACEMENT_3D ( 'NONE', #9285, #3313, #2205 ) ;
#4571 = STYLED_ITEM ( 'NONE', ( #8559 ), #11664 ) ;
#4572 = CARTESIAN_POINT ( 'NONE',  ( 13.97915789473684001, 11.42999999999999972, 17.91499999999999915 ) ) ;
#4573 = VERTEX_POINT ( 'NONE', #10266 ) ;
#4575 = ADVANCED_FACE ( 'NONE', ( #8404 ), #9306, .F. ) ;
#4574 = FILL_AREA_STYLE_COLOUR ( '', #2950 ) ;
#4576 = COLOUR_RGB ( '',0.2509803921568627416, 0.2509803921568627416, 0.2509803921568627416 ) ;
#4577 = PRESENTATION_STYLE_ASSIGNMENT (( #691 ) ) ;
#4578 = CARTESIAN_POINT ( 'NONE',  ( 19.96989473684211802, 2.824235734309080037, -8.003600270322777988 ) ) ;
#4579 = CARTESIAN_POINT ( 'NONE',  ( 18.49852631578948348, 2.862810451725353644, 9.500154623337630611 ) ) ;
#4580 = DIRECTION ( 'NONE',  ( -0.6360782202777647276, 0.000000000000000000, -0.7716245833877193316 ) ) ;
#4581 = SURFACE_SIDE_STYLE ('',( #11567 ) ) ;
#4582 = VERTEX_POINT ( 'NONE', #11686 ) ;
#4583 = PRESENTATION_LAYER_ASSIGNMENT (  '', '', ( #9674 ) ) ;
#4584 = EDGE_CURVE ( 'NONE', #9497, #8609, #12526, .T. ) ;
#4585 = MECHANICAL_DESIGN_GEOMETRIC_PRESENTATION_REPRESENTATION (  '', ( #7638 ), #11753 ) ;
#4586 = ORIENTED_EDGE ( 'NONE', *, *, #3831, .F. ) ;
#4587 = FACE_OUTER_BOUND ( 'NONE', #2004, .T. ) ;
#4588 = ORIENTED_EDGE ( 'NONE', *, *, #12388, .F. ) ;
#4589 = LINE ( 'NONE', #7642, #3766 ) ;
#4590 = DIRECTION ( 'NONE',  ( -0.000000000000000000, -1.000000000000000000, -0.000000000000000000 ) ) ;
#4591 = DIRECTION ( 'NONE',  ( -0.000000000000000000, 1.000000000000000000, 0.000000000000000000 ) ) ;
#4592 = EDGE_LOOP ( 'NONE', ( #9948, #10433, #2789, #6557, #1626, #9623 ) ) ;
#4593 = EDGE_CURVE ( 'NONE', #10780, #7735, #12595, .T. ) ;
#4594 = LINE ( 'NONE', #9627, #5997 ) ;
#4595 = AXIS2_PLACEMENT_3D ( 'NONE', #5486, #11316, #10415 ) ;
#4596 = EDGE_CURVE ( 'NONE', #42, #7671, #7494, .T. ) ;
#4597 = SURFACE_STYLE_USAGE ( .BOTH. , #717 ) ;
#4598 = LINE ( 'NONE', #6461, #12205 ) ;
#4599 = DIRECTION ( 'NONE',  ( 0.000000000000000000, 1.000000000000000000, 0.000000000000000000 ) ) ;
#4600 = ORIENTED_EDGE ( 'NONE', *, *, #6405, .T. ) ;
#4601 = FILL_AREA_STYLE_COLOUR ( '', #4749 ) ;
#4602 = MECHANICAL_DESIGN_GEOMETRIC_PRESENTATION_REPRESENTATION (  '', ( #9294 ), #7252 ) ;
#4603 = CARTESIAN_POINT ( 'NONE',  ( -21.96526315789473216, 10.92999999999999794, -18.41499999999999915 ) ) ;
#4604 = ORIENTED_EDGE ( 'NONE', *, *, #10094, .F. ) ;
#4605 = DIRECTION ( 'NONE',  ( 0.000000000000000000, 0.000000000000000000, -1.000000000000000000 ) ) ;
#4606 = ORIENTED_EDGE ( 'NONE', *, *, #11565, .T. ) ;
#4607 = DIRECTION ( 'NONE',  ( -0.000000000000000000, 1.000000000000000000, 0.000000000000000000 ) ) ;
#4608 =( GEOMETRIC_REPRESENTATION_CONTEXT ( 3 ) GLOBAL_UNCERTAINTY_ASSIGNED_CONTEXT ( ( #11108 ) ) GLOBAL_UNIT_ASSIGNED_CONTEXT ( ( #3195, #3064, #2215 ) ) REPRESENTATION_CONTEXT ( 'NONE', 'WORKASPACE' ) );
#4609 = CARTESIAN_POINT ( 'NONE',  ( -24.84695402612800308, -0.0009999999999992653654, 12.07122582530904786 ) ) ;
#4610 = UNCERTAINTY_MEASURE_WITH_UNIT (LENGTH_MEASURE( 1.000000000000000082E-05 ), #4091, 'distance_accuracy_value', 'NONE');
#4611 = UNCERTAINTY_MEASURE_WITH_UNIT (LENGTH_MEASURE( 1.000000000000000082E-05 ), #143, 'distance_accuracy_value', 'NONE');
#4612 = VECTOR ( 'NONE', #2887, 1000.000000000000000 ) ;
#4613 = ADVANCED_FACE ( 'NONE', ( #10640 ), #9554, .T. ) ;
#4614 = DIRECTION ( 'NONE',  ( 1.000000000000000000, 0.000000000000000000, 0.000000000000000000 ) ) ;
#4615 = DIRECTION ( 'NONE',  ( 0.000000000000000000, 0.000000000000000000, -1.000000000000000000 ) ) ;
#4616 = VERTEX_POINT ( 'NONE', #11622 ) ;
#4617 = CARTESIAN_POINT ( 'NONE',  ( 21.99389473684210117, 11.42999999999999972, 6.727382588309361644 ) ) ;
#4618 = ADVANCED_FACE ( 'NONE', ( #11560 ), #3561, .T. ) ;
#4619 = EDGE_CURVE ( 'NONE', #10673, #524, #761, .T. ) ;
#4620 = MECHANICAL_DESIGN_GEOMETRIC_PRESENTATION_REPRESENTATION (  '', ( #953 ), #12601 ) ;
#4621 = VERTEX_POINT ( 'NONE', #9045 ) ;
#4622 = LINE ( 'NONE', #6419, #10700 ) ;
#4623 = CARTESIAN_POINT ( 'NONE',  ( -40.19178643811905971, 10.92999999999999794, 7.179213561880927408 ) ) ;
#4624 = VECTOR ( 'NONE', #2651, 1000.000000000000000 ) ;
#4625 = CARTESIAN_POINT ( 'NONE',  ( 13.00778947368420901, 11.42999999999999972, -18.41499999999999559 ) ) ;
#4626 = VERTEX_POINT ( 'NONE', #4205 ) ;
#4627 = DIRECTION ( 'NONE',  ( -0.000000000000000000, 1.000000000000000000, 0.000000000000000000 ) ) ;
#4628 = STYLED_ITEM ( 'NONE', ( #6230 ), #4114 ) ;
#4629 = CARTESIAN_POINT ( 'NONE',  ( 12.71489625487075692, 11.42999999999999972, 18.41499999999999915 ) ) ;
#4630 = PRESENTATION_STYLE_ASSIGNMENT (( #12510 ) ) ;
#4631 = SURFACE_SIDE_STYLE ('',( #611 ) ) ;
#4632 = PRESENTATION_STYLE_ASSIGNMENT (( #5576 ) ) ;
#4633 = CARTESIAN_POINT ( 'NONE',  ( -24.19863157894736005, 2.929999999999998384, -18.41499999999999915 ) ) ;
#4634 = LINE ( 'NONE', #1773, #7006 ) ;
#4635 = ORIENTED_EDGE ( 'NONE', *, *, #7049, .T. ) ;
#4636 = PRESENTATION_LAYER_ASSIGNMENT (  '', '', ( #5044 ) ) ;
#4637 = CARTESIAN_POINT ( 'NONE',  ( -13.47915789473683823, 11.43000000000000682, -17.91499999999999204 ) ) ;
#4638 = EDGE_LOOP ( 'NONE', ( #8062, #6854, #8178, #727, #908 ) ) ;
#4639 =( NAMED_UNIT ( * ) SI_UNIT ( $, .STERADIAN. ) SOLID_ANGLE_UNIT ( ) );
#4640 = DIRECTION ( 'NONE',  ( 0.000000000000000000, 1.000000000000000000, -0.000000000000000000 ) ) ;
#4641 = LINE ( 'NONE', #8537, #1346 ) ;
#4642 = STYLED_ITEM ( 'NONE', ( #5430 ), #4394 ) ;
#4643 = VECTOR ( 'NONE', #4977, 1000.000000000000000 ) ;
#4644 = SURFACE_SIDE_STYLE ('',( #10277 ) ) ;
#4645 = DIRECTION ( 'NONE',  ( -0.000000000000000000, -0.000000000000000000, 1.000000000000000000 ) ) ;
#4646 = EDGE_LOOP ( 'NONE', ( #2097, #10608, #12652, #4811 ) ) ;
#4647 = VERTEX_POINT ( 'NONE', #10009 ) ;
#4648 = FILL_AREA_STYLE ('',( #8546 ) ) ;
#4649 = PRESENTATION_LAYER_ASSIGNMENT (  '', '', ( #6903 ) ) ;
#4650 = DIRECTION ( 'NONE',  ( 0.000000000000000000, 0.000000000000000000, -1.000000000000000000 ) ) ;
#4651 = VERTEX_POINT ( 'NONE', #4072 ) ;
#4652 = CARTESIAN_POINT ( 'NONE',  ( 28.95599999999999596, 1.778000000000000025, 6.679213561880927408 ) ) ;
#4653 = FILL_AREA_STYLE_COLOUR ( '', #11020 ) ;
#4654 = DIRECTION ( 'NONE',  ( 4.081702296416016490E-16, -1.000000000000000000, 0.000000000000000000 ) ) ;
#4655 = COLOUR_RGB ( '',0.2509803921568627416, 0.2509803921568627416, 0.2509803921568627416 ) ;
#4656 = EDGE_LOOP ( 'NONE', ( #11769, #12535, #4508, #1042 ) ) ;
#4657 = AXIS2_PLACEMENT_3D ( 'NONE', #1972, #7684, #10521 ) ;
#4658 =( NAMED_UNIT ( * ) PLANE_ANGLE_UNIT ( ) SI_UNIT ( $, .RADIAN. ) );
#4659 = CYLINDRICAL_SURFACE ( 'NONE', #8833, 0.5000000000000004441 ) ;
#4660 = CARTESIAN_POINT ( 'NONE',  ( 7.488421052631579755, 2.929999999999998384, 17.91499999999999915 ) ) ;
#4661 = SURFACE_STYLE_FILL_AREA ( #8694 ) ;
#4662 = ORIENTED_EDGE ( 'NONE', *, *, #6100, .F. ) ;
#4663 = CARTESIAN_POINT ( 'NONE',  ( -1.497684210526313509, 10.92999999999999794, -18.41499999999999915 ) ) ;
#4664 = MECHANICAL_DESIGN_GEOMETRIC_PRESENTATION_REPRESENTATION (  '', ( #5081 ), #6087 ) ;
#4665 = ADVANCED_FACE ( 'NONE', ( #9941 ), #9740, .F. ) ;
#4666 = CARTESIAN_POINT ( 'NONE',  ( -10.95515789473684087, 2.929999999999998384, 17.91499999999999915 ) ) ;
#4667 = EDGE_LOOP ( 'NONE', ( #10109, #1865, #1457, #5033 ) ) ;
#4668 = CARTESIAN_POINT ( 'NONE',  ( 25.46063157894736761, 11.42999999999999972, -6.679213561880927408 ) ) ;
#4669 = PRESENTATION_LAYER_ASSIGNMENT (  '', '', ( #5690 ) ) ;
#4670 = FILL_AREA_STYLE_COLOUR ( '', #3883 ) ;
#4671 =( NAMED_UNIT ( * ) PLANE_ANGLE_UNIT ( ) SI_UNIT ( $, .RADIAN. ) );
#4672 = VERTEX_POINT ( 'NONE', #29 ) ;
#4673 = COLOUR_RGB ( '',0.2509803921568627416, 0.2509803921568627416, 0.2509803921568627416 ) ;
#4674 = PRESENTATION_LAYER_ASSIGNMENT (  '', '', ( #4474 ) ) ;
#4675 = UNCERTAINTY_MEASURE_WITH_UNIT (LENGTH_MEASURE( 1.000000000000000082E-05 ), #7171, 'distance_accuracy_value', 'NONE');
#4676 = LINE ( 'NONE', #8572, #7612 ) ;
#4677 = ORIENTED_EDGE ( 'NONE', *, *, #10470, .F. ) ;
#4678 =( NAMED_UNIT ( * ) SI_UNIT ( $, .STERADIAN. ) SOLID_ANGLE_UNIT ( ) );
#4679 = ADVANCED_FACE ( 'NONE', ( #3940 ), #11819, .F. ) ;
#4680 = ORIENTED_EDGE ( 'NONE', *, *, #9755, .F. ) ;
#4681 =( NAMED_UNIT ( * ) PLANE_ANGLE_UNIT ( ) SI_UNIT ( $, .RADIAN. ) );
#4682 = MECHANICAL_DESIGN_GEOMETRIC_PRESENTATION_REPRESENTATION (  '', ( #7726 ), #9361 ) ;
#4683 = PRESENTATION_LAYER_ASSIGNMENT (  '', '', ( #12263 ) ) ;
#4684 = CARTESIAN_POINT ( 'NONE',  ( -27.95599999999999596, 10.92999999999999794, 7.179213561880927408 ) ) ;
#4685 = CARTESIAN_POINT ( 'NONE',  ( 22.87575574773582332, 11.26791940984305462, -7.089706151722016791 ) ) ;
#4686 = ORIENTED_EDGE ( 'NONE', *, *, #3438, .F. ) ;
#4687 = DIRECTION ( 'NONE',  ( 0.000000000000000000, -0.000000000000000000, -1.000000000000000000 ) ) ;
#4688 = FILL_AREA_STYLE_COLOUR ( '', #2034 ) ;
#4689 = FACE_OUTER_BOUND ( 'NONE', #4667, .T. ) ;
#4690 = DIRECTION ( 'NONE',  ( -1.000000000000000000, 0.000000000000000000, 0.000000000000000000 ) ) ;
#4691 = DIRECTION ( 'NONE',  ( -1.000000000000000000, -0.000000000000000000, -0.000000000000000000 ) ) ;
#4692 = CARTESIAN_POINT ( 'NONE',  ( 25.21955007710171515, -0.000000000000000000, 18.30081229169386248 ) ) ;
#4693 = FILL_AREA_STYLE ('',( #10574 ) ) ;
#4694 =( NAMED_UNIT ( * ) SI_UNIT ( $, .STERADIAN. ) SOLID_ANGLE_UNIT ( ) );
#4695 = LINE ( 'NONE', #6555, #6000 ) ;
#4696 = VERTEX_POINT ( 'NONE', #360 ) ;
#4697 = COLOUR_RGB ( '',0.2509803921568627416, 0.2509803921568627416, 0.2509803921568627416 ) ;
#4698 = LINE ( 'NONE', #2864, #5132 ) ;
#4699 = FILL_AREA_STYLE ('',( #758 ) ) ;
#4700 = VERTEX_POINT ( 'NONE', #10073 ) ;
#4701 = PRESENTATION_STYLE_ASSIGNMENT (( #10523 ) ) ;
#4702 = FILL_AREA_STYLE_COLOUR ( '', #9656 ) ;
#4703 = FACE_OUTER_BOUND ( 'NONE', #1924, .T. ) ;
#4704 = AXIS2_PLACEMENT_3D ( 'NONE', #3221, #451, #1224 ) ;
#4705 = DIRECTION ( 'NONE',  ( 0.000000000000000000, 0.000000000000000000, 1.000000000000000000 ) ) ;
#4706 =( NAMED_UNIT ( * ) PLANE_ANGLE_UNIT ( ) SI_UNIT ( $, .RADIAN. ) );
#4707 = DIRECTION ( 'NONE',  ( 0.000000000000000000, 1.000000000000000000, -0.000000000000000000 ) ) ;
#4708 = EDGE_LOOP ( 'NONE', ( #7502, #10329, #3620, #5020 ) ) ;
#4709 = SURFACE_SIDE_STYLE ('',( #7113 ) ) ;
#4710 = VERTEX_POINT ( 'NONE', #8139 ) ;
#4711 = DIRECTION ( 'NONE',  ( -0.000000000000000000, 1.000000000000000000, -0.000000000000000000 ) ) ;
#4712 = DIRECTION ( 'NONE',  ( -0.000000000000000000, 1.000000000000000000, 0.000000000000000000 ) ) ;
#4713 = EDGE_LOOP ( 'NONE', ( #12144, #11310, #8548, #10720 ) ) ;
#4714 =( LENGTH_UNIT ( ) NAMED_UNIT ( * ) SI_UNIT ( .MILLI., .METRE. ) );
#4715 = EDGE_CURVE ( 'NONE', #5460, #8901, #7396, .T. ) ;
#4716 = CIRCLE ( 'NONE', #7556, 5.499999999999998224 ) ;
#4717 = VERTEX_POINT ( 'NONE', #6168 ) ;
#4718 = FILL_AREA_STYLE ('',( #8689 ) ) ;
#4719 = CARTESIAN_POINT ( 'NONE',  ( -1.497684210526314175, 11.42999999999999972, 18.41499999999999915 ) ) ;
#4720 = CIRCLE ( 'NONE', #9608, 0.5000000000000004441 ) ;
#4721 = DIRECTION ( 'NONE',  ( -0.000000000000000000, 1.000000000000000000, -0.000000000000000000 ) ) ;
#4722 =( LENGTH_UNIT ( ) NAMED_UNIT ( * ) SI_UNIT ( .MILLI., .METRE. ) );
#4723 = COLOUR_RGB ( '',0.2509803921568627416, 0.2509803921568627416, 0.2509803921568627416 ) ;
#4724 =( GEOMETRIC_REPRESENTATION_CONTEXT ( 3 ) GLOBAL_UNCERTAINTY_ASSIGNED_CONTEXT ( ( #1517 ) ) GLOBAL_UNIT_ASSIGNED_CONTEXT ( ( #6351, #5150, #7178 ) ) REPRESENTATION_CONTEXT ( 'NONE', 'WORKASPACE' ) );
#4725 = CARTESIAN_POINT ( 'NONE',  ( -17.72021356188092867, 1.778000000000000025, 12.17921356188096382 ) ) ;
#4726 = ORIENTED_EDGE ( 'NONE', *, *, #6281, .T. ) ;
#4727 = B_SPLINE_CURVE_WITH_KNOTS ( 'NONE', 3,
 ( #6948, #10777, #12017, #2162, #10972, #181, #7835, #2226 ),
 .UNSPECIFIED., .F., .F.,
 ( 4, 2, 2, 4 ),
 ( -4.491857610864183143E-06, 0.0005033625286909690789, 0.0007572897218418836495, 0.001011216914992798220 ),
 .UNSPECIFIED. ) ;
#4728 = CYLINDRICAL_SURFACE ( 'NONE', #47, 0.5000000000000004441 ) ;
#4729 = LINE ( 'NONE', #8626, #6920 ) ;
#4730 = EDGE_LOOP ( 'NONE', ( #8894, #7099, #1802, #5617, #3227, #666, #3562, #9289, #2910, #636 ) ) ;
#4731 = FILL_AREA_STYLE_COLOUR ( '', #3734 ) ;
#4732 = SURFACE_SIDE_STYLE ('',( #1742 ) ) ;
#4733 = CARTESIAN_POINT ( 'NONE',  ( -14.24341953460292665, 11.42999999999999972, 18.41499999999999915 ) ) ;
#4734 = ORIENTED_EDGE ( 'NONE', *, *, #8504, .T. ) ;
#4735 = DIRECTION ( 'NONE',  ( 0.000000000000000000, -1.000000000000000000, -0.000000000000000000 ) ) ;
#4736 = EDGE_CURVE ( 'NONE', #575, #2484, #3321, .T. ) ;
#4737 = DIRECTION ( 'NONE',  ( -1.000000000000000000, 0.000000000000000000, 0.000000000000000000 ) ) ;
#4738 = DIRECTION ( 'NONE',  ( 1.000000000000000000, 0.000000000000000000, 0.000000000000000000 ) ) ;
#4739 = LINE ( 'NONE', #11265, #9934 ) ;
#4740 = AXIS2_PLACEMENT_3D ( 'NONE', #55, #2834, #1995 ) ;
#4741 = LINE ( 'NONE', #9402, #5146 ) ;
#4742 = ORIENTED_EDGE ( 'NONE', *, *, #4813, .T. ) ;
#4743 = VECTOR ( 'NONE', #1198, 1000.000000000000000 ) ;
#4744 = CARTESIAN_POINT ( 'NONE',  ( 17.72021356188092867, 1.778000000000000025, -29.65078643811905934 ) ) ;
#4745 = EDGE_CURVE ( 'NONE', #2071, #2875, #9115, .T. ) ;
#4746 = DIRECTION ( 'NONE',  ( 0.000000000000000000, 1.000000000000000000, 0.000000000000000000 ) ) ;
#4747 = EDGE_LOOP ( 'NONE', ( #2758, #6843, #6066, #10223 ) ) ;
#4748 = CARTESIAN_POINT ( 'NONE',  ( -12.97915789473683823, 10.92999999999999794, -17.91499999999999204 ) ) ;
#4749 = COLOUR_RGB ( '',0.2509803921568627416, 0.2509803921568627416, 0.2509803921568627416 ) ;
#4750 = STYLED_ITEM ( 'NONE', ( #9957 ), #4490 ) ;
#4751 = CARTESIAN_POINT ( 'NONE',  ( -26.43199999999999861, 2.929999999999998384, -7.179213561880927408 ) ) ;
#4752 = EDGE_CURVE ( 'NONE', #9198, #1017, #6969, .T. ) ;
#4753 = DIRECTION ( 'NONE',  ( 1.000000000000000000, 0.000000000000000000, 0.000000000000000000 ) ) ;
#4754 = EDGE_CURVE ( 'NONE', #8346, #2798, #959, .T. ) ;
#4755 = DIRECTION ( 'NONE',  ( -4.081702296416016490E-16, 1.000000000000000000, -0.000000000000000000 ) ) ;
#4756 =( NAMED_UNIT ( * ) PLANE_ANGLE_UNIT ( ) SI_UNIT ( $, .RADIAN. ) );
#4757 =( NAMED_UNIT ( * ) SI_UNIT ( $, .STERADIAN. ) SOLID_ANGLE_UNIT ( ) );
#4758 =( GEOMETRIC_REPRESENTATION_CONTEXT ( 3 ) GLOBAL_UNCERTAINTY_ASSIGNED_CONTEXT ( ( #12316 ) ) GLOBAL_UNIT_ASSIGNED_CONTEXT ( ( #3144, #7841, #11970 ) ) REPRESENTATION_CONTEXT ( 'NONE', 'WORKASPACE' ) );
#4759 =( GEOMETRIC_REPRESENTATION_CONTEXT ( 3 ) GLOBAL_UNCERTAINTY_ASSIGNED_CONTEXT ( ( #2265 ) ) GLOBAL_UNIT_ASSIGNED_CONTEXT ( ( #3119, #5975, #1196 ) ) REPRESENTATION_CONTEXT ( 'NONE', 'WORKASPACE' ) );
#4760 =( GEOMETRIC_REPRESENTATION_CONTEXT ( 3 ) GLOBAL_UNCERTAINTY_ASSIGNED_CONTEXT ( ( #1267 ) ) GLOBAL_UNIT_ASSIGNED_CONTEXT ( ( #2531, #600, #922 ) ) REPRESENTATION_CONTEXT ( 'NONE', 'WORKASPACE' ) );
#4761 = EDGE_LOOP ( 'NONE', ( #2193, #5589, #2161, #8450 ) ) ;
#4762 = COLOUR_RGB ( '',0.2509803921568627416, 0.2509803921568627416, 0.2509803921568627416 ) ;
#4763 = FILL_AREA_STYLE_COLOUR ( '', #6149 ) ;
#4764 = CYLINDRICAL_SURFACE ( 'NONE', #3054, 0.5000000000000004441 ) ;
#4765 = ORIENTED_EDGE ( 'NONE', *, *, #10913, .F. ) ;
#4766 = SURFACE_SIDE_STYLE ('',( #10334 ) ) ;
#4767 = SURFACE_SIDE_STYLE ('',( #12211 ) ) ;
#4768 = PRESENTATION_LAYER_ASSIGNMENT (  '', '', ( #7223 ) ) ;
#4769 = DIRECTION ( 'NONE',  ( -0.000000000000000000, 0.000000000000000000, 1.000000000000000000 ) ) ;
#4770 =( BOUNDED_CURVE ( )  B_SPLINE_CURVE ( 3, ( #7780, #11710, #1033, #4912 ),
 .UNSPECIFIED., .F., .T. ) 
 B_SPLINE_CURVE_WITH_KNOTS ( ( 4, 4 ),
 ( 0.000000000000000000, 1.570796326794896558 ),
 .UNSPECIFIED. ) 
 CURVE ( )  GEOMETRIC_REPRESENTATION_ITEM ( )  RATIONAL_B_SPLINE_CURVE ( ( 1.000000000000000000, 0.8047378541243649375, 0.8047378541243649375, 1.000000000000000000 ) ) 
 REPRESENTATION_ITEM ( '' )  );
#4771 = SURFACE_STYLE_FILL_AREA ( #697 ) ;
#4772 = SURFACE_STYLE_USAGE ( .BOTH. , #7760 ) ;
#4773 = ORIENTED_EDGE ( 'NONE', *, *, #2827, .F. ) ;
#4774 = ADVANCED_FACE ( 'NONE', ( #6756 ), #11501, .F. ) ;
#4775 = CARTESIAN_POINT ( 'NONE',  ( 28.45599999999999596, 1.778000000000000025, 16.16328183851187816 ) ) ;
#4776 = ORIENTED_EDGE ( 'NONE', *, *, #8204, .T. ) ;
#4777 = VECTOR ( 'NONE', #1635, 1000.000000000000000 ) ;
#4778 = FILL_AREA_STYLE_COLOUR ( '', #1724 ) ;
#4779 = MECHANICAL_DESIGN_GEOMETRIC_PRESENTATION_REPRESENTATION (  '', ( #7833 ), #11744 ) ;
#4780 = ORIENTED_EDGE ( 'NONE', *, *, #8338, .F. ) ;
#4781 = DIRECTION ( 'NONE',  ( 4.081702296416016490E-16, -1.000000000000000000, 0.000000000000000000 ) ) ;
#4782 = CARTESIAN_POINT ( 'NONE',  ( 24.48926315789472952, 2.929999999999998384, -18.41499999999999915 ) ) ;
#4783 = FILL_AREA_STYLE ('',( #6893 ) ) ;
#4784 = ORIENTED_EDGE ( 'NONE', *, *, #6471, .F. ) ;
#4785 =( NAMED_UNIT ( * ) PLANE_ANGLE_UNIT ( ) SI_UNIT ( $, .RADIAN. ) );
#4786 = CYLINDRICAL_SURFACE ( 'NONE', #9264, 0.5000000000000004441 ) ;
#4787 = MECHANICAL_DESIGN_GEOMETRIC_PRESENTATION_REPRESENTATION (  '', ( #9674 ), #926 ) ;
#4788 = PRESENTATION_STYLE_ASSIGNMENT (( #11581 ) ) ;
#4789 = LINE ( 'NONE', #6705, #2791 ) ;
#4790 = COLOUR_RGB ( '',0.2509803921568627416, 0.2509803921568627416, 0.2509803921568627416 ) ;
#4791 = FACE_OUTER_BOUND ( 'NONE', #12153, .T. ) ;
#4792 = VERTEX_POINT ( 'NONE', #710 ) ;
#4793 = CARTESIAN_POINT ( 'NONE',  ( -13.47915789473683823, 11.42999999999999972, 17.91499999999999915 ) ) ;
#4794 = SURFACE_STYLE_FILL_AREA ( #11649 ) ;
#4795 = ORIENTED_EDGE ( 'NONE', *, *, #3297, .F. ) ;
#4796 = DIRECTION ( 'NONE',  ( 0.000000000000000000, 0.000000000000000000, 1.000000000000000000 ) ) ;
#4797 = LINE ( 'NONE', #9641, #4535 ) ;
#4798 = SURFACE_STYLE_USAGE ( .BOTH. , #11655 ) ;
#4799 = STYLED_ITEM ( 'NONE', ( #10295 ), #5538 ) ;
#4800 = FILL_AREA_STYLE ('',( #1041 ) ) ;
#4801 = ORIENTED_EDGE ( 'NONE', *, *, #8900, .T. ) ;
#4802 = COLOUR_RGB ( '',0.2509803921568627416, 0.2509803921568627416, 0.2509803921568627416 ) ;
#4803 = FILL_AREA_STYLE ('',( #12379 ) ) ;
#4804 = CARTESIAN_POINT ( 'NONE',  ( 18.74683195949835479, 11.36548968363771017, 8.748162859786035028 ) ) ;
#4805 = CYLINDRICAL_SURFACE ( 'NONE', #4383, 0.5000000000000004441 ) ;
#4806 = FACE_OUTER_BOUND ( 'NONE', #12326, .T. ) ;
#4807 = DIRECTION ( 'NONE',  ( 4.081702296416016490E-16, -1.000000000000000000, 0.000000000000000000 ) ) ;
#4808 = COLOUR_RGB ( '',0.2509803921568627416, 0.2509803921568627416, 0.2509803921568627416 ) ;
#4809 = SURFACE_STYLE_USAGE ( .BOTH. , #3917 ) ;
#4810 =( NAMED_UNIT ( * ) PLANE_ANGLE_UNIT ( ) SI_UNIT ( $, .RADIAN. ) );
#4811 = ORIENTED_EDGE ( 'NONE', *, *, #6493, .F. ) ;
#4812 = CARTESIAN_POINT ( 'NONE',  ( -7.488421052631572650, 2.929999999999998384, -18.41499999999999559 ) ) ;
#4813 = EDGE_CURVE ( 'NONE', #7735, #11448, #9437, .T. ) ;
#4814 = ORIENTED_EDGE ( 'NONE', *, *, #3978, .F. ) ;
#4815 = VECTOR ( 'NONE', #52, 1000.000000000000000 ) ;
#4816 = SURFACE_STYLE_FILL_AREA ( #6735 ) ;
#4817 = LINE ( 'NONE', #1962, #8435 ) ;
#4818 = PRESENTATION_LAYER_ASSIGNMENT (  '', '', ( #953 ) ) ;
#4819 = EDGE_CURVE ( 'NONE', #7903, #5504, #4589, .T. ) ;
#4820 = ADVANCED_FACE ( 'NONE', ( #2759 ), #10599, .F. ) ;
#4821 = SURFACE_SIDE_STYLE ('',( #937 ) ) ;
#4822 = VECTOR ( 'NONE', #10820, 1000.000000000000000 ) ;
#4823 = EDGE_CURVE ( 'NONE', #9358, #4236, #1855, .T. ) ;
#4824 = VERTEX_POINT ( 'NONE', #396 ) ;
#4825 =( LENGTH_UNIT ( ) NAMED_UNIT ( * ) SI_UNIT ( .MILLI., .METRE. ) );
#4826 = FILL_AREA_STYLE ('',( #6685 ) ) ;
#4827 = FACE_OUTER_BOUND ( 'NONE', #1756, .T. ) ;
#4828 = AXIS2_PLACEMENT_3D ( 'NONE', #3556, #861, #6416 ) ;
#4829 = LINE ( 'NONE', #1331, #9243 ) ;
#4830 =( NAMED_UNIT ( * ) PLANE_ANGLE_UNIT ( ) SI_UNIT ( $, .RADIAN. ) );
#4831 =( NAMED_UNIT ( * ) SI_UNIT ( $, .STERADIAN. ) SOLID_ANGLE_UNIT ( ) );
#4832 = SURFACE_STYLE_USAGE ( .BOTH. , #9876 ) ;
#4833 = ORIENTED_EDGE ( 'NONE', *, *, #3043, .F. ) ;
#4834 = STYLED_ITEM ( 'NONE', ( #6402 ), #7241 ) ;
#4835 = CARTESIAN_POINT ( 'NONE',  ( -4.964421052631579734, 11.42999999999999972, -17.91499999999999204 ) ) ;
#4836 = EDGE_LOOP ( 'NONE', ( #2470, #5333, #2591, #9140 ) ) ;
#4837 = CARTESIAN_POINT ( 'NONE',  ( 25.46063157894736761, 11.42999999999999972, 0.000000000000000000 ) ) ;
#4838 = CARTESIAN_POINT ( 'NONE',  ( -15.97452631578947013, 10.92999999999999794, -18.41499999999999915 ) ) ;
#4839 = ORIENTED_EDGE ( 'NONE', *, *, #8827, .T. ) ;
#4840 = CARTESIAN_POINT ( 'NONE',  ( 28.54803550219486041, 0.000000000000000000, 16.23539712756002373 ) ) ;
#4841 = EDGE_CURVE ( 'NONE', #8728, #3150, #12165, .T. ) ;
#4842 =( NAMED_UNIT ( * ) SI_UNIT ( $, .STERADIAN. ) SOLID_ANGLE_UNIT ( ) );
#4843 = AXIS2_PLACEMENT_3D ( 'NONE', #1630, #2725, #2604 ) ;
#4844 = FILL_AREA_STYLE ('',( #12545 ) ) ;
#4845 = EDGE_LOOP ( 'NONE', ( #6438, #175, #4795, #3623 ) ) ;
#4846 = FACE_OUTER_BOUND ( 'NONE', #724, .T. ) ;
#4847 =( BOUNDED_CURVE ( )  B_SPLINE_CURVE ( 3, ( #5497, #2954, #8443, #9394 ),
 .UNSPECIFIED., .F., .T. ) 
 B_SPLINE_CURVE_WITH_KNOTS ( ( 4, 4 ),
 ( 3.141592653589793116, 4.712388980384689674 ),
 .UNSPECIFIED. ) 
 CURVE ( )  GEOMETRIC_REPRESENTATION_ITEM ( )  RATIONAL_B_SPLINE_CURVE ( ( 1.000000000000000000, 0.8047378541243649375, 0.8047378541243649375, 1.000000000000000000 ) ) 
 REPRESENTATION_ITEM ( '' )  );
#4848 = LINE ( 'NONE', #2826, #698 ) ;
#4849 = ADVANCED_FACE ( 'NONE', ( #6201 ), #457, .T. ) ;
#4850 = VECTOR ( 'NONE', #10276, 999.9999999999998863 ) ;
#4851 = CARTESIAN_POINT ( 'NONE',  ( 20.13040750171879978, 2.452328999283742927, 7.901446135911059265 ) ) ;
#4852 = CARTESIAN_POINT ( 'NONE',  ( 1.026315789473684292, 2.929999999999998384, -18.41499999999999559 ) ) ;
#4853 = SURFACE_SIDE_STYLE ('',( #968 ) ) ;
#4854 = EDGE_LOOP ( 'NONE', ( #10405, #673, #597, #4444 ) ) ;
#4855 = COLOUR_RGB ( '',0.2509803921568627416, 0.2509803921568627416, 0.2509803921568627416 ) ;
#4856 = PRESENTATION_STYLE_ASSIGNMENT (( #6709 ) ) ;
#4857 = VERTEX_POINT ( 'NONE', #9149 ) ;
#4858 = DIRECTION ( 'NONE',  ( -0.000000000000000000, 1.000000000000000000, -0.000000000000000000 ) ) ;
#4859 =( GEOMETRIC_REPRESENTATION_CONTEXT ( 3 ) GLOBAL_UNCERTAINTY_ASSIGNED_CONTEXT ( ( #117 ) ) GLOBAL_UNIT_ASSIGNED_CONTEXT ( ( #1390, #4391, #6302 ) ) REPRESENTATION_CONTEXT ( 'NONE', 'WORKASPACE' ) );
#4860 = PLANE ( 'NONE',  #929 ) ;
#4861 = CARTESIAN_POINT ( 'NONE',  ( 27.48463157894736497, 10.92999999999999794, -18.41499999999999915 ) ) ;
#4862 = SURFACE_STYLE_FILL_AREA ( #198 ) ;
#4863 = VERTEX_POINT ( 'NONE', #9015 ) ;
#4864 = SURFACE_STYLE_USAGE ( .BOTH. , #11895 ) ;
#4865 = CARTESIAN_POINT ( 'NONE',  ( -25.96166266216593499, 0.5000000000000000000, 18.41499999999999915 ) ) ;
#4866 = CARTESIAN_POINT ( 'NONE',  ( -24.90151096696282806, 0.000000000000000000, 17.91499999999999915 ) ) ;
#4867 = MECHANICAL_DESIGN_GEOMETRIC_PRESENTATION_REPRESENTATION (  '', ( #2667 ), #7130 ) ;
#4868 = SURFACE_SIDE_STYLE ('',( #11662 ) ) ;
#4869 = PRESENTATION_STYLE_ASSIGNMENT (( #4809 ) ) ;
#4870 = CARTESIAN_POINT ( 'NONE',  ( -40.19178643811905971, 1.778000000000000025, -7.179213561880927408 ) ) ;
#4871 = ORIENTED_EDGE ( 'NONE', *, *, #9920, .F. ) ;
#4872 = COLOUR_RGB ( '',0.2509803921568627416, 0.2509803921568627416, 0.2509803921568627416 ) ;
#4873 = VECTOR ( 'NONE', #12306, 1000.000000000000000 ) ;
#4874 = ORIENTED_EDGE ( 'NONE', *, *, #3557, .F. ) ;
#4875 = CARTESIAN_POINT ( 'NONE',  ( -10.95515789473684087, 11.42999999999999972, 18.41499999999999915 ) ) ;
#4876 = EDGE_CURVE ( 'NONE', #1876, #4894, #7366, .T. ) ;
#4877 = VECTOR ( 'NONE', #3118, 1000.000000000000000 ) ;
#4878 = DIRECTION ( 'NONE',  ( 0.000000000000000000, 1.000000000000000000, -0.000000000000000000 ) ) ;
#4879 = CYLINDRICAL_SURFACE ( 'NONE', #7660, 0.5000000000000004441 ) ;
#4880 = CARTESIAN_POINT ( 'NONE',  ( 14.74115789473684224, 2.929999999999998384, -18.41499999999999559 ) ) ;
#4881 = DIRECTION ( 'NONE',  ( -0.7716245833877181104, 0.000000000000000000, 0.6360782202777660599 ) ) ;
#4882 = FILL_AREA_STYLE_COLOUR ( '', #12561 ) ;
#4883 = CARTESIAN_POINT ( 'NONE',  ( -28.95599999999999596, 1.277999999999999581, -18.41499999999999559 ) ) ;
#4884 = DIRECTION ( 'NONE',  ( 0.000000000000000000, 0.000000000000000000, 1.000000000000000000 ) ) ;
#4885 = SURFACE_SIDE_STYLE ('',( #11620 ) ) ;
#4886 = SURFACE_SIDE_STYLE ('',( #2147 ) ) ;
#4887 = DIRECTION ( 'NONE',  ( -0.000000000000000000, -0.000000000000000000, 1.000000000000000000 ) ) ;
#4888 = LINE ( 'NONE', #1199, #7866 ) ;
#4889 = EDGE_CURVE ( 'NONE', #1213, #4364, #11186, .T. ) ;
#4890 = PRESENTATION_STYLE_ASSIGNMENT (( #6747 ) ) ;
#4891 = CARTESIAN_POINT ( 'NONE',  ( -4.964421052631579734, 2.929999999999998384, -17.91499999999999204 ) ) ;
#4892 = CYLINDRICAL_SURFACE ( 'NONE', #10688, 0.5000000000000004441 ) ;
#4893 = CIRCLE ( 'NONE', #8786, 0.5000000000000004441 ) ;
#4894 = VERTEX_POINT ( 'NONE', #1363 ) ;
#4895 = ORIENTED_EDGE ( 'NONE', *, *, #4593, .F. ) ;
#4896 = LINE ( 'NONE', #4837, #3101 ) ;
#4897 = DIRECTION ( 'NONE',  ( 1.000000000000000000, 0.000000000000000000, 0.000000000000000000 ) ) ;
#4898 = ORIENTED_EDGE ( 'NONE', *, *, #481, .F. ) ;
#4899 = DIRECTION ( 'NONE',  ( 1.000000000000000000, 0.000000000000000000, 0.000000000000000000 ) ) ;
#4900 = CYLINDRICAL_SURFACE ( 'NONE', #5678, 0.5000000000000004441 ) ;
#4901 = ORIENTED_EDGE ( 'NONE', *, *, #7882, .F. ) ;
#4902 = CARTESIAN_POINT ( 'NONE',  ( -22.01123368217812981, 0.5000000000000000000, -14.40881328482983825 ) ) ;
#4903 = CIRCLE ( 'NONE', #6549, 0.7619999999999970131 ) ;
#4904 = EDGE_CURVE ( 'NONE', #10232, #8644, #10991, .T. ) ;
#4905 = CARTESIAN_POINT ( 'NONE',  ( -28.16310678118654209, 11.42999999999999972, 6.972106780694380390 ) ) ;
#4906 = B_SPLINE_CURVE_WITH_KNOTS ( 'NONE', 3,
 ( #401, #9153, #11916, #5123, #3421, #9212, #12042, #10116, #460, #6329, #3355, #10231 ),
 .UNSPECIFIED., .F., .F.,
 ( 4, 2, 2, 2, 2, 4 ),
 ( -4.979209085263336970E-06, 0.0003467767130470008133, 0.0006985326351792649517, 0.001050288557311529090, 0.001226166518377662731, 0.001402044479443796589 ),
 .UNSPECIFIED. ) ;
#4907 = FILL_AREA_STYLE ('',( #5045 ) ) ;
#4908 = DIRECTION ( 'NONE',  ( 1.000000000000000000, 0.000000000000000000, 0.000000000000000000 ) ) ;
#4909 = CARTESIAN_POINT ( 'NONE',  ( -28.45599999999999596, 11.42999999999999972, -6.679213561880927408 ) ) ;
#4910 = ORIENTED_EDGE ( 'NONE', *, *, #7808, .T. ) ;
#4911 = CIRCLE ( 'NONE', #10626, 0.5000000000000004441 ) ;
#4912 = CARTESIAN_POINT ( 'NONE',  ( -24.90151096696282806, 1.277999999999999581, 18.41499999999999915 ) ) ;
#4913 = ORIENTED_EDGE ( 'NONE', *, *, #4596, .T. ) ;
#4914 = LINE ( 'NONE', #61, #5305 ) ;
#4915 = UNCERTAINTY_MEASURE_WITH_UNIT (LENGTH_MEASURE( 1.000000000000000082E-05 ), #1473, 'distance_accuracy_value', 'NONE');
#4916 =( BOUNDED_CURVE ( )  B_SPLINE_CURVE ( 3, ( #8370, #5423, #1738, #9386 ),
 .UNSPECIFIED., .F., .F. ) 
 B_SPLINE_CURVE_WITH_KNOTS ( ( 4, 4 ),
 ( 3.141592653589793116, 4.712388980384689674 ),
 .UNSPECIFIED. ) 
 CURVE ( )  GEOMETRIC_REPRESENTATION_ITEM ( )  RATIONAL_B_SPLINE_CURVE ( ( 1.000000000000000000, 0.8047378541243649375, 0.8047378541243649375, 1.000000000000000000 ) ) 
 REPRESENTATION_ITEM ( '' )  );
#4917 =( LENGTH_UNIT ( ) NAMED_UNIT ( * ) SI_UNIT ( .MILLI., .METRE. ) );
#4918 = FILL_AREA_STYLE_COLOUR ( '', #12274 ) ;
#4919 =( LENGTH_UNIT ( ) NAMED_UNIT ( * ) SI_UNIT ( .MILLI., .METRE. ) );
#4920 = EDGE_LOOP ( 'NONE', ( #7306, #7021, #10016, #12288 ) ) ;
#4921 = UNCERTAINTY_MEASURE_WITH_UNIT (LENGTH_MEASURE( 1.000000000000000082E-05 ), #344, 'distance_accuracy_value', 'NONE');
#4922 = CIRCLE ( 'NONE', #3913, 4.999999999999998224 ) ;
#4923 = FACE_OUTER_BOUND ( 'NONE', #4217, .T. ) ;
#4924 = COLOUR_RGB ( '',0.2509803921568627416, 0.2509803921568627416, 0.2509803921568627416 ) ;
#4925 = FACE_OUTER_BOUND ( 'NONE', #7608, .T. ) ;
#4926 = PRESENTATION_STYLE_ASSIGNMENT (( #8829 ) ) ;
#4927 = VECTOR ( 'NONE', #1691, 1000.000000000000000 ) ;
#4928 = FACE_OUTER_BOUND ( 'NONE', #3673, .T. ) ;
#4929 = FACE_OUTER_BOUND ( 'NONE', #6183, .T. ) ;
#4930 = EDGE_CURVE ( 'NONE', #1034, #4089, #8237, .T. ) ;
#4931 = VERTEX_POINT ( 'NONE', #11980 ) ;
#4932 =( GEOMETRIC_REPRESENTATION_CONTEXT ( 3 ) GLOBAL_UNCERTAINTY_ASSIGNED_CONTEXT ( ( #5627 ) ) GLOBAL_UNIT_ASSIGNED_CONTEXT ( ( #2373, #5276, #9052 ) ) REPRESENTATION_CONTEXT ( 'NONE', 'WORKASPACE' ) );
#4933 = EDGE_CURVE ( 'NONE', #11470, #1213, #4980, .T. ) ;
#4934 = DIRECTION ( 'NONE',  ( 1.000000000000000000, -0.000000000000000000, -0.000000000000000000 ) ) ;
#4935 =( GEOMETRIC_REPRESENTATION_CONTEXT ( 3 ) GLOBAL_UNCERTAINTY_ASSIGNED_CONTEXT ( ( #4451 ) ) GLOBAL_UNIT_ASSIGNED_CONTEXT ( ( #7119, #6297, #6170 ) ) REPRESENTATION_CONTEXT ( 'NONE', 'WORKASPACE' ) );
#4936 = PRESENTATION_LAYER_ASSIGNMENT (  '', '', ( #3335 ) ) ;
#4937 = ORIENTED_EDGE ( 'NONE', *, *, #8764, .T. ) ;
#4938 = CARTESIAN_POINT ( 'NONE',  ( 19.96989473684210736, 10.92999999999999794, -8.003600270322777988 ) ) ;
#4939 = DIRECTION ( 'NONE',  ( -0.000000000000000000, 1.000000000000000000, 0.000000000000000000 ) ) ;
#4940 = DIRECTION ( 'NONE',  ( -0.000000000000000000, 1.000000000000000000, 0.000000000000000000 ) ) ;
#4941 =( NAMED_UNIT ( * ) PLANE_ANGLE_UNIT ( ) SI_UNIT ( $, .RADIAN. ) );
#4942 = STYLED_ITEM ( 'NONE', ( #4362 ), #10605 ) ;
#4943 = PRESENTATION_LAYER_ASSIGNMENT (  '', '', ( #10451 ) ) ;
#4944 = SURFACE_SIDE_STYLE ('',( #11870 ) ) ;
#4945 = DIRECTION ( 'NONE',  ( -0.6360782202777661709, 2.677110558886997063E-15, -0.7716245833877183324 ) ) ;
#4946 = SURFACE_SIDE_STYLE ('',( #5966 ) ) ;
#4947 = EDGE_CURVE ( 'NONE', #67, #4562, #2518, .T. ) ;
#4948 = FILL_AREA_STYLE ('',( #1062 ) ) ;
#4949 = DIRECTION ( 'NONE',  ( -0.000000000000000000, -0.000000000000000000, -1.000000000000000000 ) ) ;
#4950 = VECTOR ( 'NONE', #4165, 1000.000000000000000 ) ;
#4951 = SURFACE_STYLE_FILL_AREA ( #10765 ) ;
#4952 = FACE_OUTER_BOUND ( 'NONE', #7466, .T. ) ;
#4953 = COLOUR_RGB ( '',0.2509803921568627416, 0.2509803921568627416, 0.2509803921568627416 ) ;
#4954 = AXIS2_PLACEMENT_3D ( 'NONE', #4450, #2430, #424 ) ;
#4955 = PRESENTATION_LAYER_ASSIGNMENT (  '', '', ( #270 ) ) ;
#4956 = FILL_AREA_STYLE_COLOUR ( '', #9449 ) ;
#4957 = DIRECTION ( 'NONE',  ( 1.662010515905920831E-15, 0.000000000000000000, -1.000000000000000000 ) ) ;
#4958 = UNCERTAINTY_MEASURE_WITH_UNIT (LENGTH_MEASURE( 1.000000000000000082E-05 ), #748, 'distance_accuracy_value', 'NONE');
#4959 = CARTESIAN_POINT ( 'NONE',  ( 0.5263157894736837372, 10.92999999999999794, 17.91499999999999915 ) ) ;
#4960 = ORIENTED_EDGE ( 'NONE', *, *, #8405, .F. ) ;
#4961 = EDGE_CURVE ( 'NONE', #7827, #303, #7009, .T. ) ;
#4962 = ORIENTED_EDGE ( 'NONE', *, *, #10447, .F. ) ;
#4963 = FACE_OUTER_BOUND ( 'NONE', #11294, .T. ) ;
#4964 = CARTESIAN_POINT ( 'NONE',  ( 9.512421052631573559, 11.42999999999999972, 17.91499999999999915 ) ) ;
#4965 = EDGE_CURVE ( 'NONE', #7751, #11351, #2324, .T. ) ;
#4966 = EDGE_LOOP ( 'NONE', ( #12101, #11663, #465, #3274, #9748, #12239, #5830, #9982, #6686, #10489, #2061, #2873, #6476, #4801, #8807, #11904, #4833, #1525, #4523, #10936, #737, #5284, #8925, #1227, #7224, #7258, #5112, #12371, #4120, #2587, #10431, #4910, #11270, #10687, #10468, #6212, #5105, #11440, #6824, #7421, #1642, #212, #2706, #3500, #5536, #9242, #11209, #10181, #2247, #4040, #1204, #7402, #7462, #2743, #7227, #9275 ) ) ;
#4967 = CIRCLE ( 'NONE', #11513, 0.5000000000000003331 ) ;
#4968 = STYLED_ITEM ( 'NONE', ( #10012 ), #11248 ) ;
#4969 = SURFACE_STYLE_USAGE ( .BOTH. , #1276 ) ;
#4970 = ORIENTED_EDGE ( 'NONE', *, *, #9820, .T. ) ;
#4971 = VECTOR ( 'NONE', #8032, 1000.000000000000000 ) ;
#4972 = UNCERTAINTY_MEASURE_WITH_UNIT (LENGTH_MEASURE( 1.000000000000000082E-05 ), #5668, 'distance_accuracy_value', 'NONE');
#4973 = MANIFOLD_SOLID_BREP ( 'Fillet1', #2166 ) ;
#4974 = FACE_OUTER_BOUND ( 'NONE', #11453, .T. ) ;
#4975 =( LENGTH_UNIT ( ) NAMED_UNIT ( * ) SI_UNIT ( .MILLI., .METRE. ) );
#4976 = EDGE_CURVE ( 'NONE', #461, #12012, #11735, .T. ) ;
#4977 = DIRECTION ( 'NONE',  ( 0.000000000000000000, 0.000000000000000000, 1.000000000000000000 ) ) ;
#4978 = FACE_OUTER_BOUND ( 'NONE', #10278, .T. ) ;
#4979 = EDGE_LOOP ( 'NONE', ( #8373, #7350, #7854, #6433 ) ) ;
#4980 = CIRCLE ( 'NONE', #8240, 4.999999999999999112 ) ;
#4981 = CARTESIAN_POINT ( 'NONE',  ( 10.77668269249766198, 11.42999999999999794, -18.41499999999999559 ) ) ;
#4982 = MECHANICAL_DESIGN_GEOMETRIC_PRESENTATION_REPRESENTATION (  '', ( #6410 ), #3749 ) ;
#4983 =( GEOMETRIC_REPRESENTATION_CONTEXT ( 3 ) GLOBAL_UNCERTAINTY_ASSIGNED_CONTEXT ( ( #196 ) ) GLOBAL_UNIT_ASSIGNED_CONTEXT ( ( #11219, #502, #7543 ) ) REPRESENTATION_CONTEXT ( 'NONE', 'WORKASPACE' ) );
#4984 = VERTEX_POINT ( 'NONE', #779 ) ;
#4985 = PRESENTATION_STYLE_ASSIGNMENT (( #8941 ) ) ;
#4986 = PRESENTATION_STYLE_ASSIGNMENT (( #9829 ) ) ;
#4987 = ADVANCED_FACE ( 'NONE', ( #584 ), #10413, .T. ) ;
#4988 = CARTESIAN_POINT ( 'NONE',  ( 24.84695402612800308, 0.5000000000000000000, -12.07122582530904786 ) ) ;
#4989 = CARTESIAN_POINT ( 'NONE',  ( -2.469052631578948276, 10.92999999999999794, -17.91499999999999204 ) ) ;
#4990 = ADVANCED_FACE ( 'NONE', ( #1606 ), #2579, .T. ) ;
#4991 = EDGE_LOOP ( 'NONE', ( #5468, #6693, #10237, #6218 ) ) ;
#4992 = AXIS2_PLACEMENT_3D ( 'NONE', #9232, #2352, #4200 ) ;
#4993 = VECTOR ( 'NONE', #782, 1000.000000000000000 ) ;
#4994 = DIRECTION ( 'NONE',  ( 0.000000000000000000, -1.000000000000000000, 0.000000000000000000 ) ) ;
#4995 = STYLED_ITEM ( 'NONE', ( #826 ), #5214 ) ;
#4996 = VECTOR ( 'NONE', #5133, 1000.000000000000000 ) ;
#4997 = CARTESIAN_POINT ( 'NONE',  ( 18.61679882145272558, 11.26002163221710894, 9.117802779457296225 ) ) ;
#4998 = FILL_AREA_STYLE_COLOUR ( '', #11291 ) ;
#4999 =( NAMED_UNIT ( * ) PLANE_ANGLE_UNIT ( ) SI_UNIT ( $, .RADIAN. ) );
#5000 = FACE_OUTER_BOUND ( 'NONE', #9526, .T. ) ;
#5001 = FACE_OUTER_BOUND ( 'NONE', #760, .T. ) ;
#5002 = ORIENTED_EDGE ( 'NONE', *, *, #12074, .T. ) ;
#5003 =( BOUNDED_CURVE ( )  B_SPLINE_CURVE ( 3, ( #11964, #3211, #5039, #2169 ),
 .UNSPECIFIED., .F., .F. ) 
 B_SPLINE_CURVE_WITH_KNOTS ( ( 4, 4 ),
 ( 1.570796326794899000, 3.141592653589801110 ),
 .UNSPECIFIED. ) 
 CURVE ( )  GEOMETRIC_REPRESENTATION_ITEM ( )  RATIONAL_B_SPLINE_CURVE ( ( 1.000000000000000000, 0.8047378541243637162, 0.8047378541243637162, 1.000000000000000000 ) ) 
 REPRESENTATION_ITEM ( '' )  );
#5004 = CARTESIAN_POINT ( 'NONE',  ( -24.96063157894736406, 10.92999999999999794, -7.179213561880927408 ) ) ;
#5005 = VERTEX_POINT ( 'NONE', #4719 ) ;
#5006 = CARTESIAN_POINT ( 'NONE',  ( -1.497684210526314175, 11.43000000000001037, -17.91499999999999204 ) ) ;
#5007 = CARTESIAN_POINT ( 'NONE',  ( -23.43663157894736671, 2.929999999999998384, -18.41499999999999915 ) ) ;
#5008 = FACE_OUTER_BOUND ( 'NONE', #8397, .T. ) ;
#5009 = DIRECTION ( 'NONE',  ( 0.000000000000000000, 0.000000000000000000, -1.000000000000000000 ) ) ;
#5010 = STYLED_ITEM ( 'NONE', ( #11661 ), #5454 ) ;
#5011 = EDGE_CURVE ( 'NONE', #12626, #8609, #19, .T. ) ;
#5012 = CARTESIAN_POINT ( 'NONE',  ( -28.95599999999999596, 0.000000000000000000, -15.66328183851187994 ) ) ;
#5013 = SURFACE_STYLE_FILL_AREA ( #2989 ) ;
#5014 = FILL_AREA_STYLE ('',( #7936 ) ) ;
#5015 = CARTESIAN_POINT ( 'NONE',  ( 17.64493032868844580, 2.097309236642056707, 18.18773111918484986 ) ) ;
#5016 = CARTESIAN_POINT ( 'NONE',  ( -8.459789473684212524, 10.92999999999999794, -18.41499999999999915 ) ) ;
#5017 = AXIS2_PLACEMENT_3D ( 'NONE', #5742, #7649, #4908 ) ;
#5018 = DIRECTION ( 'NONE',  ( 0.000000000000000000, 0.000000000000000000, 1.000000000000000000 ) ) ;
#5019 = SURFACE_STYLE_FILL_AREA ( #1006 ) ;
#5020 = ORIENTED_EDGE ( 'NONE', *, *, #7609, .F. ) ;
#5021 = PRESENTATION_STYLE_ASSIGNMENT (( #2996 ) ) ;
#5022 = FILL_AREA_STYLE_COLOUR ( '', #5156 ) ;
#5023 = DIRECTION ( 'NONE',  ( 4.081702296416016490E-16, -1.000000000000000000, 0.000000000000000000 ) ) ;
#5024 = LINE ( 'NONE', #9945, #1701 ) ;
#5025 =( GEOMETRIC_REPRESENTATION_CONTEXT ( 3 ) GLOBAL_UNCERTAINTY_ASSIGNED_CONTEXT ( ( #3069 ) ) GLOBAL_UNIT_ASSIGNED_CONTEXT ( ( #1769, #8723, #6873 ) ) REPRESENTATION_CONTEXT ( 'NONE', 'WORKASPACE' ) );
#5026 = FILL_AREA_STYLE ('',( #1136 ) ) ;
#5027 = SURFACE_STYLE_USAGE ( .BOTH. , #6883 ) ;
#5028 = ORIENTED_EDGE ( 'NONE', *, *, #1270, .T. ) ;
#5029 = VECTOR ( 'NONE', #4309, 1000.000000000000000 ) ;
#5030 = ORIENTED_EDGE ( 'NONE', *, *, #12310, .F. ) ;
#5031 = DIRECTION ( 'NONE',  ( 0.000000000000000000, 0.000000000000000000, -1.000000000000000000 ) ) ;
#5032 =( LENGTH_UNIT ( ) NAMED_UNIT ( * ) SI_UNIT ( .MILLI., .METRE. ) );
#5033 = ORIENTED_EDGE ( 'NONE', *, *, #7049, .F. ) ;
#5034 = AXIS2_PLACEMENT_3D ( 'NONE', #10683, #1948, #1109 ) ;
#5035 = LINE ( 'NONE', #4782, #6310 ) ;
#5036 = CARTESIAN_POINT ( 'NONE',  ( 21.99389473684210117, 10.92999999999999794, 0.000000000000000000 ) ) ;
#5037 = ORIENTED_EDGE ( 'NONE', *, *, #7750, .F. ) ;
#5038 = CARTESIAN_POINT ( 'NONE',  ( -24.90151096696282451, 0.000000000000000000, -18.41499999999999559 ) ) ;
#5039 = CARTESIAN_POINT ( 'NONE',  ( 25.44555368504573423, -1.980143200002709424E-15, 18.11450929433957668 ) ) ;
#5040 = PRESENTATION_LAYER_ASSIGNMENT (  '', '', ( #4628 ) ) ;
#5041 = EDGE_CURVE ( 'NONE', #7395, #7590, #4027, .T. ) ;
#5042 = SURFACE_STYLE_USAGE ( .BOTH. , #8935 ) ;
#5043 = FACE_OUTER_BOUND ( 'NONE', #5890, .T. ) ;
#5044 = STYLED_ITEM ( 'NONE', ( #10378 ), #6980 ) ;
#5045 = FILL_AREA_STYLE_COLOUR ( '', #5827 ) ;
#5046 = AXIS2_PLACEMENT_3D ( 'NONE', #12366, #6392, #6584 ) ;
#5047 = DIRECTION ( 'NONE',  ( 0.000000000000000000, 0.000000000000000000, 1.000000000000000000 ) ) ;
#5048 = EDGE_LOOP ( 'NONE', ( #8413, #7639, #11518, #3217 ) ) ;
#5049 = ORIENTED_EDGE ( 'NONE', *, *, #5096, .T. ) ;
#5050 = FACE_OUTER_BOUND ( 'NONE', #1474, .T. ) ;
#5051 = CARTESIAN_POINT ( 'NONE',  ( -21.87882973113956453, 2.522396168247389880, -7.248216127376995388 ) ) ;
#5052 = UNCERTAINTY_MEASURE_WITH_UNIT (LENGTH_MEASURE( 1.000000000000000082E-05 ), #3257, 'distance_accuracy_value', 'NONE');
#5053 = CARTESIAN_POINT ( 'NONE',  ( -28.45599999999999596, 1.778000000000000025, 7.179213561880927408 ) ) ;
#5054 = CARTESIAN_POINT ( 'NONE',  ( -25.47362625601096653, 0.2071067811865485719, -17.82296449780512759 ) ) ;
#5055 = SURFACE_STYLE_USAGE ( .BOTH. , #391 ) ;
#5056 = EDGE_LOOP ( 'NONE', ( #11162, #1032, #577, #7162 ) ) ;
#5057 = CYLINDRICAL_SURFACE ( 'NONE', #8603, 0.5000000000000004441 ) ;
#5058 = ADVANCED_FACE ( 'NONE', ( #1861 ), #4786, .T. ) ;
#5059 = FILL_AREA_STYLE_COLOUR ( '', #3450 ) ;
#5060 = MECHANICAL_DESIGN_GEOMETRIC_PRESENTATION_REPRESENTATION (  '', ( #10173 ), #8115 ) ;
#5061 = CARTESIAN_POINT ( 'NONE',  ( 12.50778947368420901, 11.42999999999999972, 17.91499999999999915 ) ) ;
#5062 = EDGE_CURVE ( 'NONE', #6917, #7504, #4446, .T. ) ;
#5063 = CARTESIAN_POINT ( 'NONE',  ( 0.5263157894736840703, 11.22289321881345536, -18.20789321881344591 ) ) ;
#5064 = MECHANICAL_DESIGN_GEOMETRIC_PRESENTATION_REPRESENTATION (  '', ( #9540 ), #6488 ) ;
#5065 = DIRECTION ( 'NONE',  ( 0.000000000000000000, 1.000000000000000000, 0.000000000000000000 ) ) ;
#5066 = EDGE_LOOP ( 'NONE', ( #11071, #7525, #9213, #7005 ) ) ;
#5067 = DIRECTION ( 'NONE',  ( -0.000000000000000000, 1.000000000000000000, 0.000000000000000000 ) ) ;
#5068 =( GEOMETRIC_REPRESENTATION_CONTEXT ( 3 ) GLOBAL_UNCERTAINTY_ASSIGNED_CONTEXT ( ( #4610 ) ) GLOBAL_UNIT_ASSIGNED_CONTEXT ( ( #4091, #2383, #9065 ) ) REPRESENTATION_CONTEXT ( 'NONE', 'WORKASPACE' ) );
#5069 = DIRECTION ( 'NONE',  ( 0.000000000000000000, 0.000000000000000000, -1.000000000000000000 ) ) ;
#5070 = EDGE_LOOP ( 'NONE', ( #4437, #7066, #12391, #1652 ) ) ;
#5071 = FILL_AREA_STYLE_COLOUR ( '', #11595 ) ;
#5072 = AXIS2_PLACEMENT_3D ( 'NONE', #2488, #3506, #614 ) ;
#5073 = UNCERTAINTY_MEASURE_WITH_UNIT (LENGTH_MEASURE( 1.000000000000000082E-05 ), #3292, 'distance_accuracy_value', 'NONE');
#5074 = CARTESIAN_POINT ( 'NONE',  ( 16.97452631578947546, 11.42999999999999972, 17.91499999999999915 ) ) ;
#5075 = DIRECTION ( 'NONE',  ( -0.000000000000000000, 0.000000000000000000, 1.000000000000000000 ) ) ;
#5076 = CARTESIAN_POINT ( 'NONE',  ( -22.39704597387198959, 0.5000000000000000000, 14.09077417469095295 ) ) ;
#5077 = EDGE_CURVE ( 'NONE', #3470, #6312, #11538, .T. ) ;
#5078 = CARTESIAN_POINT ( 'NONE',  ( 22.96526315789473216, 11.42999999999999972, -18.41499999999999915 ) ) ;
#5079 = CARTESIAN_POINT ( 'NONE',  ( -22.72021356188096419, 1.778000000000000025, 7.179213561880928296 ) ) ;
#5080 = LINE ( 'NONE', #6034, #2364 ) ;
#5081 = STYLED_ITEM ( 'NONE', ( #9284 ), #6220 ) ;
#5082 = VECTOR ( 'NONE', #1960, 1000.000000000000000 ) ;
#5083 = DIRECTION ( 'NONE',  ( 0.000000000000000000, -0.000000000000000000, -1.000000000000000000 ) ) ;
#5084 = SURFACE_STYLE_USAGE ( .BOTH. , #2281 ) ;
#5085 = EDGE_LOOP ( 'NONE', ( #8362, #10610, #2852, #1021 ) ) ;
#5086 = SURFACE_STYLE_FILL_AREA ( #294 ) ;
#5087 = DIRECTION ( 'NONE',  ( -0.000000000000000000, -0.000000000000000000, 1.000000000000000000 ) ) ;
#5088 =( LENGTH_UNIT ( ) NAMED_UNIT ( * ) SI_UNIT ( .MILLI., .METRE. ) );
#5089 =( GEOMETRIC_REPRESENTATION_CONTEXT ( 3 ) GLOBAL_UNCERTAINTY_ASSIGNED_CONTEXT ( ( #64 ) ) GLOBAL_UNIT_ASSIGNED_CONTEXT ( ( #11834, #5990, #10778 ) ) REPRESENTATION_CONTEXT ( 'NONE', 'WORKASPACE' ) );
#5090 = VECTOR ( 'NONE', #4033, 1000.000000000000000 ) ;
#5091 = CARTESIAN_POINT ( 'NONE',  ( -29.34181229169386640, 0.000000000000000000, 16.73785807575440288 ) ) ;
#5092 = UNCERTAINTY_MEASURE_WITH_UNIT (LENGTH_MEASURE( 1.000000000000000082E-05 ), #7954, 'distance_accuracy_value', 'NONE');
#5093 = DIRECTION ( 'NONE',  ( 1.000000000000000000, 0.000000000000000000, 0.000000000000000000 ) ) ;
#5094 = ORIENTED_EDGE ( 'NONE', *, *, #6101, .F. ) ;
#5095 = EDGE_LOOP ( 'NONE', ( #1301, #8679, #11832, #7701 ) ) ;
#5096 = EDGE_CURVE ( 'NONE', #543, #7395, #3017, .T. ) ;
#5097 = CIRCLE ( 'NONE', #1229, 0.7619999999999953477 ) ;
#5098 = DIRECTION ( 'NONE',  ( 0.000000000000000000, 0.000000000000000000, 1.000000000000000000 ) ) ;
#5099 = CIRCLE ( 'NONE', #6730, 2.087500000000002576 ) ;
#5100 = CARTESIAN_POINT ( 'NONE',  ( -17.97828902089817404, 2.192271861629095042, 10.55982037861818412 ) ) ;
#5101 = EDGE_LOOP ( 'NONE', ( #8873, #9581, #11532, #4960, #866 ) ) ;
#5102 = FILL_AREA_STYLE ('',( #6052 ) ) ;
#5103 = CARTESIAN_POINT ( 'NONE',  ( -24.96063157894736051, 1.778000000000006464, 7.179213561880927408 ) ) ;
#5104 = DIRECTION ( 'NONE',  ( -0.000000000000000000, 0.000000000000000000, 1.000000000000000000 ) ) ;
#5105 = ORIENTED_EDGE ( 'NONE', *, *, #12074, .F. ) ;
#5106 =( NAMED_UNIT ( * ) PLANE_ANGLE_UNIT ( ) SI_UNIT ( $, .RADIAN. ) );
#5107 = CARTESIAN_POINT ( 'NONE',  ( 1.026315789473684292, 11.42999999999999972, -17.91499999999999204 ) ) ;
#5108 = UNCERTAINTY_MEASURE_WITH_UNIT (LENGTH_MEASURE( 1.000000000000000082E-05 ), #1663, 'distance_accuracy_value', 'NONE');
#5109 = AXIS2_PLACEMENT_3D ( 'NONE', #11326, #4605, #6531 ) ;
#5110 = SURFACE_STYLE_FILL_AREA ( #1929 ) ;
#5111 = LINE ( 'NONE', #5291, #1364 ) ;
#5112 = ORIENTED_EDGE ( 'NONE', *, *, #6134, .T. ) ;
#5113 = EDGE_LOOP ( 'NONE', ( #8369, #8056, #11797, #12411 ) ) ;
#5114 = ADVANCED_FACE ( 'NONE', ( #4974 ), #2956, .F. ) ;
#5115 =( LENGTH_UNIT ( ) NAMED_UNIT ( * ) SI_UNIT ( .MILLI., .METRE. ) );
#5116 =( LENGTH_UNIT ( ) NAMED_UNIT ( * ) SI_UNIT ( .MILLI., .METRE. ) );
#5117 = VERTEX_POINT ( 'NONE', #11110 ) ;
#5118 = CARTESIAN_POINT ( 'NONE',  ( -17.72021356188092867, 2.344499298387705544, -17.91499999999999204 ) ) ;
#5119 = CARTESIAN_POINT ( 'NONE',  ( 3.521684210526315972, 2.929999999999998384, -18.41499999999999915 ) ) ;
#5120 = LINE ( 'NONE', #6074, #9872 ) ;
#5121 =( NAMED_UNIT ( * ) PLANE_ANGLE_UNIT ( ) SI_UNIT ( $, .RADIAN. ) );
#5122 = COLOUR_RGB ( '',0.2509803921568627416, 0.2509803921568627416, 0.2509803921568627416 ) ;
#5123 = CARTESIAN_POINT ( 'NONE',  ( -19.26588998635829597, 11.38944450801720087, 8.163462673303648387 ) ) ;
#5124 = VERTEX_POINT ( 'NONE', #313 ) ;
#5125 = ORIENTED_EDGE ( 'NONE', *, *, #8006, .T. ) ;
#5126 = DIRECTION ( 'NONE',  ( -0.000000000000000000, 0.000000000000000000, 1.000000000000000000 ) ) ;
#5127 = EDGE_CURVE ( 'NONE', #10985, #8563, #1334, .T. ) ;
#5128 = DIRECTION ( 'NONE',  ( -1.000000000000000000, -0.000000000000000000, -0.000000000000000000 ) ) ;
#5130 = ORIENTED_EDGE ( 'NONE', *, *, #3410, .F. ) ;
#5129 = VECTOR ( 'NONE', #10678, 1000.000000000000000 ) ;
#5131 =( NAMED_UNIT ( * ) SI_UNIT ( $, .STERADIAN. ) SOLID_ANGLE_UNIT ( ) );
#5132 = VECTOR ( 'NONE', #8598, 1000.000000000000000 ) ;
#5133 = DIRECTION ( 'NONE',  ( -0.000000000000000000, -1.000000000000000000, -0.000000000000000000 ) ) ;
#5134 = CARTESIAN_POINT ( 'NONE',  ( -18.79290979176202470, 2.437029564189132635, -9.084034438540065537 ) ) ;
#5135 = DIRECTION ( 'NONE',  ( -0.000000000000000000, 1.000000000000000000, 0.000000000000000000 ) ) ;
#5136 =( NAMED_UNIT ( * ) SI_UNIT ( $, .STERADIAN. ) SOLID_ANGLE_UNIT ( ) );
#5137 = SURFACE_STYLE_FILL_AREA ( #7239 ) ;
#5138 = DIRECTION ( 'NONE',  ( 0.6360782202777647276, 0.000000000000000000, -0.7716245833877193316 ) ) ;
#5139 = ADVANCED_FACE ( 'NONE', ( #10025 ), #2171, .F. ) ;
#5140 = CIRCLE ( 'NONE', #9222, 0.7619999999999970131 ) ;
#5141 = LINE ( 'NONE', #9037, #6827 ) ;
#5142 = CARTESIAN_POINT ( 'NONE',  ( 4.021684210526315972, 2.929999999999998384, -18.41499999999999559 ) ) ;
#5143 =( LENGTH_UNIT ( ) NAMED_UNIT ( * ) SI_UNIT ( .MILLI., .METRE. ) );
#5144 = ADVANCED_FACE ( 'NONE', ( #442 ), #11966, .F. ) ;
#5145 = EDGE_CURVE ( 'NONE', #2484, #2241, #10981, .T. ) ;
#5146 = VECTOR ( 'NONE', #864, 1000.000000000000000 ) ;
#5147 = DIRECTION ( 'NONE',  ( 1.000000000000000000, 0.000000000000000000, -0.000000000000000000 ) ) ;
#5148 = LINE ( 'NONE', #9177, #3809 ) ;
#5149 = FILL_AREA_STYLE_COLOUR ( '', #9451 ) ;
#5150 =( NAMED_UNIT ( * ) PLANE_ANGLE_UNIT ( ) SI_UNIT ( $, .RADIAN. ) );
#5151 = DIRECTION ( 'NONE',  ( 0.000000000000000000, 0.000000000000000000, -1.000000000000000000 ) ) ;
#5152 = CARTESIAN_POINT ( 'NONE',  ( -17.44589473684210645, 11.22289321881345536, -18.20789321881344591 ) ) ;
#5153 = FILL_AREA_STYLE_COLOUR ( '', #3569 ) ;
#5154 = VERTEX_POINT ( 'NONE', #8095 ) ;
#5155 = ORIENTED_EDGE ( 'NONE', *, *, #11377, .F. ) ;
#5156 = COLOUR_RGB ( '',0.2509803921568627416, 0.2509803921568627416, 0.2509803921568627416 ) ;
#5157 = ORIENTED_EDGE ( 'NONE', *, *, #3729, .T. ) ;
#5158 = CYLINDRICAL_SURFACE ( 'NONE', #12224, 0.5000000000000004441 ) ;
#5159 = DIRECTION ( 'NONE',  ( -1.000000000000000000, -0.000000000000000000, -0.000000000000000000 ) ) ;
#5160 = DIRECTION ( 'NONE',  ( 0.000000000000000000, 0.000000000000000000, -1.000000000000000000 ) ) ;
#5161 = VERTEX_POINT ( 'NONE', #10093 ) ;
#5162 = EDGE_CURVE ( 'NONE', #1858, #6112, #12346, .T. ) ;
#5163 = SURFACE_STYLE_FILL_AREA ( #1279 ) ;
#5164 = TOROIDAL_SURFACE ( 'NONE', #3141, 5.499999999999998224, 0.5000000000000000000 ) ;
#5165 = STYLED_ITEM ( 'NONE', ( #10584 ), #4575 ) ;
#5166 = DIRECTION ( 'NONE',  ( 1.000000000000000000, 0.000000000000000000, 0.000000000000000000 ) ) ;
#5167 = EDGE_CURVE ( 'NONE', #3470, #9348, #1531, .T. ) ;
#5168 = EDGE_CURVE ( 'NONE', #6576, #3603, #7472, .T. ) ;
#5169 = SURFACE_STYLE_USAGE ( .BOTH. , #1407 ) ;
#5170 = CARTESIAN_POINT ( 'NONE',  ( 27.48463157894736497, 10.92999999999999794, -7.179213561880927408 ) ) ;
#5171 = EDGE_LOOP ( 'NONE', ( #7645, #2601, #11707, #5716 ) ) ;
#5172 = CARTESIAN_POINT ( 'NONE',  ( -25.23276631782186286, 0.5000000000000000000, -11.75318671517016433 ) ) ;
#5173 = VERTEX_POINT ( 'NONE', #4460 ) ;
#5174 = PRESENTATION_LAYER_ASSIGNMENT (  '', '', ( #1918 ) ) ;
#5175 =( GEOMETRIC_REPRESENTATION_CONTEXT ( 3 ) GLOBAL_UNCERTAINTY_ASSIGNED_CONTEXT ( ( #2713 ) ) GLOBAL_UNIT_ASSIGNED_CONTEXT ( ( #12531, #8864, #3888 ) ) REPRESENTATION_CONTEXT ( 'NONE', 'WORKASPACE' ) );
#5176 = STYLED_ITEM ( 'NONE', ( #9797 ), #4665 ) ;
#5177 = DIRECTION ( 'NONE',  ( 0.000000000000000000, 0.000000000000000000, -1.000000000000000000 ) ) ;
#5178 = AXIS2_PLACEMENT_3D ( 'NONE', #2780, #11458, #4614 ) ;
#5179 = FILL_AREA_STYLE_COLOUR ( '', #7757 ) ;
#5180 = ORIENTED_EDGE ( 'NONE', *, *, #4813, .F. ) ;
#5181 = EDGE_CURVE ( 'NONE', #11647, #10976, #3707, .T. ) ;
#5182 = DIRECTION ( 'NONE',  ( -6.938893903907222067E-15, 0.000000000000000000, -1.000000000000000000 ) ) ;
#5183 = CARTESIAN_POINT ( 'NONE',  ( 10.01242105263157356, 2.929999999999998384, -17.91499999999999204 ) ) ;
#5184 =( LENGTH_UNIT ( ) NAMED_UNIT ( * ) SI_UNIT ( .MILLI., .METRE. ) );
#5185 = VECTOR ( 'NONE', #2325, 1000.000000000000000 ) ;
#5186 =( NAMED_UNIT ( * ) SI_UNIT ( $, .STERADIAN. ) SOLID_ANGLE_UNIT ( ) );
#5187 = AXIS2_PLACEMENT_3D ( 'NONE', #2041, #7832, #1916 ) ;
#5188 = VERTEX_POINT ( 'NONE', #6505 ) ;
#5189 = FILL_AREA_STYLE_COLOUR ( '', #7112 ) ;
#5190 = ORIENTED_EDGE ( 'NONE', *, *, #8437, .T. ) ;
#5191 = LINE ( 'NONE', #7290, #1585 ) ;
#5193 = CYLINDRICAL_SURFACE ( 'NONE', #6927, 0.5000000000000004441 ) ;
#5192 =( GEOMETRIC_REPRESENTATION_CONTEXT ( 3 ) GLOBAL_UNCERTAINTY_ASSIGNED_CONTEXT ( ( #1680 ) ) GLOBAL_UNIT_ASSIGNED_CONTEXT ( ( #969, #3147, #9074 ) ) REPRESENTATION_CONTEXT ( 'NONE', 'WORKASPACE' ) );
#5194 = COLOUR_RGB ( '',0.2509803921568627416, 0.2509803921568627416, 0.2509803921568627416 ) ;
#5195 = VERTEX_POINT ( 'NONE', #2501 ) ;
#5196 =( NAMED_UNIT ( * ) PLANE_ANGLE_UNIT ( ) SI_UNIT ( $, .RADIAN. ) );
#5197 = UNCERTAINTY_MEASURE_WITH_UNIT (LENGTH_MEASURE( 1.000000000000000082E-05 ), #5958, 'distance_accuracy_value', 'NONE');
#5198 = DIRECTION ( 'NONE',  ( -4.081702296416016490E-16, 1.000000000000000000, -0.000000000000000000 ) ) ;
#5199 = EDGE_CURVE ( 'NONE', #6144, #4569, #6153, .T. ) ;
#5200 =( GEOMETRIC_REPRESENTATION_CONTEXT ( 3 ) GLOBAL_UNCERTAINTY_ASSIGNED_CONTEXT ( ( #4550 ) ) GLOBAL_UNIT_ASSIGNED_CONTEXT ( ( #4061, #1248, #5136 ) ) REPRESENTATION_CONTEXT ( 'NONE', 'WORKASPACE' ) );
#5201 = FACE_OUTER_BOUND ( 'NONE', #11199, .T. ) ;
#5202 =( GEOMETRIC_REPRESENTATION_CONTEXT ( 3 ) GLOBAL_UNCERTAINTY_ASSIGNED_CONTEXT ( ( #6855 ) ) GLOBAL_UNIT_ASSIGNED_CONTEXT ( ( #5877, #129, #8702 ) ) REPRESENTATION_CONTEXT ( 'NONE', 'WORKASPACE' ) );
#5203 = CYLINDRICAL_SURFACE ( 'NONE', #11374, 0.5000000000000004441 ) ;
#5204 = TOROIDAL_SURFACE ( 'NONE', #1927, 5.499999999999998224, 0.5000000000000000000 ) ;
#5205 =( LENGTH_UNIT ( ) NAMED_UNIT ( * ) SI_UNIT ( .MILLI., .METRE. ) );
#5206 = SURFACE_SIDE_STYLE ('',( #4202 ) ) ;
#5207 = VECTOR ( 'NONE', #5420, 1000.000000000000000 ) ;
#5208 = CARTESIAN_POINT ( 'NONE',  ( 28.95599999999999596, 11.42999999999999972, 18.41499999999999915 ) ) ;
#5209 = DIRECTION ( 'NONE',  ( -4.081702296416016490E-16, 1.000000000000000000, -0.000000000000000000 ) ) ;
#5210 = CARTESIAN_POINT ( 'NONE',  ( -15.97452631578947013, 10.92999999999999794, 17.91499999999999915 ) ) ;
#5211 = FACE_OUTER_BOUND ( 'NONE', #9094, .T. ) ;
#5212 = ADVANCED_FACE ( 'NONE', ( #8408 ), #12406, .F. ) ;
#5213 = CARTESIAN_POINT ( 'NONE',  ( -26.43199999999999861, 10.92999999999999794, -18.41499999999999915 ) ) ;
#5214 = ADVANCED_FACE ( 'NONE', ( #4703 ), #919, .T. ) ;
#5215 = DIRECTION ( 'NONE',  ( 0.6360782202777661709, 0.000000000000000000, 0.7716245833877183324 ) ) ;
#5216 = EDGE_CURVE ( 'NONE', #4084, #376, #6231, .T. ) ;
#5217 = UNCERTAINTY_MEASURE_WITH_UNIT (LENGTH_MEASURE( 1.000000000000000082E-05 ), #2462, 'distance_accuracy_value', 'NONE');
#5218 = EDGE_LOOP ( 'NONE', ( #10648, #4141, #1223, #6118 ) ) ;
#5219 = COLOUR_RGB ( '',0.2509803921568627416, 0.2509803921568627416, 0.2509803921568627416 ) ;
#5220 = ORIENTED_EDGE ( 'NONE', *, *, #8524, .F. ) ;
#5221 = CARTESIAN_POINT ( 'NONE',  ( 18.54323646833702455, 11.14156127101844795, -9.349984277243972741 ) ) ;
#5222 = CARTESIAN_POINT ( 'NONE',  ( -18.16813964866852515, 2.166362042130637100, 10.10419699634602253 ) ) ;
#5223 = CARTESIAN_POINT ( 'NONE',  ( -25.93199999999999505, 11.42999999999999972, 0.000000000000000000 ) ) ;
#5224 = CARTESIAN_POINT ( 'NONE',  ( 7.017052631578944322, 2.929999999999998384, 17.91499999999999915 ) ) ;
#5225 = ORIENTED_EDGE ( 'NONE', *, *, #7184, .T. ) ;
#5226 = UNCERTAINTY_MEASURE_WITH_UNIT (LENGTH_MEASURE( 1.000000000000000082E-05 ), #568, 'distance_accuracy_value', 'NONE');
#5227 = DIRECTION ( 'NONE',  ( -0.000000000000000000, -0.000000000000000000, 1.000000000000000000 ) ) ;
#5228 = UNCERTAINTY_MEASURE_WITH_UNIT (LENGTH_MEASURE( 1.000000000000000082E-05 ), #8, 'distance_accuracy_value', 'NONE');
#5229 = FILL_AREA_STYLE_COLOUR ( '', #2132 ) ;
#5230 = VECTOR ( 'NONE', #7616, 1000.000000000000000 ) ;
#5231 = DIRECTION ( 'NONE',  ( -1.000000000000000000, -4.081702296416016490E-16, 0.000000000000000000 ) ) ;
#5232 = EDGE_CURVE ( 'NONE', #8901, #9138, #9085, .T. ) ;
#5233 =( LENGTH_UNIT ( ) NAMED_UNIT ( * ) SI_UNIT ( .MILLI., .METRE. ) );
#5234 = VERTEX_POINT ( 'NONE', #5076 ) ;
#5235 = ORIENTED_EDGE ( 'NONE', *, *, #4440, .T. ) ;
#5236 = EDGE_CURVE ( 'NONE', #3171, #12313, #11384, .T. ) ;
#5237 = DIRECTION ( 'NONE',  ( 1.000000000000000000, 0.000000000000000000, -6.938893903907234689E-15 ) ) ;
#5238 = CARTESIAN_POINT ( 'NONE',  ( -1.497684210526313731, 11.42999999999999972, 17.91499999999999915 ) ) ;
#5239 = CARTESIAN_POINT ( 'NONE',  ( 18.49852631578947282, 10.92999999999999794, 9.500154623337630611 ) ) ;
#5240 = STYLED_ITEM ( 'NONE', ( #6684 ), #4009 ) ;
#5241 = EDGE_CURVE ( 'NONE', #6112, #9902, #869, .T. ) ;
#5242 = ADVANCED_FACE ( 'NONE', ( #9612 ), #7106, .T. ) ;
#5243 = CARTESIAN_POINT ( 'NONE',  ( 4.993052631578953182, 2.929999999999998384, -17.91499999999999204 ) ) ;
#5244 = VERTEX_POINT ( 'NONE', #3184 ) ;
#5245 = DIRECTION ( 'NONE',  ( -1.000000000000000000, -0.000000000000000000, -0.000000000000000000 ) ) ;
#5246 = DIRECTION ( 'NONE',  ( -0.000000000000000000, 0.000000000000000000, 1.000000000000000000 ) ) ;
#5247 = DIRECTION ( 'NONE',  ( 0.000000000000000000, -1.000000000000000000, 0.000000000000000000 ) ) ;
#5248 = COLOUR_RGB ( '',0.2509803921568627416, 0.2509803921568627416, 0.2509803921568627416 ) ;
#5249 = VERTEX_POINT ( 'NONE', #5012 ) ;
#5250 =( LENGTH_UNIT ( ) NAMED_UNIT ( * ) SI_UNIT ( .MILLI., .METRE. ) );
#5251 = CARTESIAN_POINT ( 'NONE',  ( 28.45599999999999596, 1.778000000000000025, -16.16328183851187106 ) ) ;
#5252 = ORIENTED_EDGE ( 'NONE', *, *, #1760, .T. ) ;
#5253 = CARTESIAN_POINT ( 'NONE',  ( -28.95599999999999952, 11.42999999999999972, -6.972106780694380390 ) ) ;
#5254 = AXIS2_PLACEMENT_3D ( 'NONE', #4744, #672, #1889 ) ;
#5255 = CARTESIAN_POINT ( 'NONE',  ( 4.993052631578946965, 10.92999999999999794, 17.91499999999999915 ) ) ;
#5256 = ORIENTED_EDGE ( 'NONE', *, *, #447, .F. ) ;
#5257 =( LENGTH_UNIT ( ) NAMED_UNIT ( * ) SI_UNIT ( .MILLI., .METRE. ) );
#5258 =( GEOMETRIC_REPRESENTATION_CONTEXT ( 3 ) GLOBAL_UNCERTAINTY_ASSIGNED_CONTEXT ( ( #345 ) ) GLOBAL_UNIT_ASSIGNED_CONTEXT ( ( #6978, #5196, #4187 ) ) REPRESENTATION_CONTEXT ( 'NONE', 'WORKASPACE' ) );
#5259 = UNCERTAINTY_MEASURE_WITH_UNIT (LENGTH_MEASURE( 1.000000000000000082E-05 ), #9634, 'distance_accuracy_value', 'NONE');
#5260 =( BOUNDED_CURVE ( )  B_SPLINE_CURVE ( 3, ( #9673, #9607, #9485, #7683 ),
 .UNSPECIFIED., .F., .T. ) 
 B_SPLINE_CURVE_WITH_KNOTS ( ( 4, 4 ),
 ( 1.570796326794896336, 3.141592653589792672 ),
 .UNSPECIFIED. ) 
 CURVE ( )  GEOMETRIC_REPRESENTATION_ITEM ( )  RATIONAL_B_SPLINE_CURVE ( ( 1.000000000000000000, 0.8047378541243650485, 0.8047378541243650485, 1.000000000000000000 ) ) 
 REPRESENTATION_ITEM ( '' )  );
#5261 = CARTESIAN_POINT ( 'NONE',  ( -4.493052631578946077, 11.43000000000001037, 18.41499999999999915 ) ) ;
#5262 = LINE ( 'NONE', #1376, #9931 ) ;
#5263 = PRESENTATION_LAYER_ASSIGNMENT (  '', '', ( #3646 ) ) ;
#5264 = DIRECTION ( 'NONE',  ( -1.000000000000000000, 0.000000000000000000, 0.000000000000000000 ) ) ;
#5265 = PRESENTATION_STYLE_ASSIGNMENT (( #3495 ) ) ;
#5267 = AXIS2_PLACEMENT_3D ( 'NONE', #8299, #12229, #11239 ) ;
#5266 = CARTESIAN_POINT ( 'NONE',  ( -8.252682692497664618, 11.42999999999999972, -18.41499999999999559 ) ) ;
#5268 = PRESENTATION_LAYER_ASSIGNMENT (  '', '', ( #10173 ) ) ;
#5269 = SURFACE_SIDE_STYLE ('',( #3380 ) ) ;
#5270 = EDGE_CURVE ( 'NONE', #8876, #1417, #153, .T. ) ;
#5271 =( GEOMETRIC_REPRESENTATION_CONTEXT ( 3 ) GLOBAL_UNCERTAINTY_ASSIGNED_CONTEXT ( ( #2048 ) ) GLOBAL_UNIT_ASSIGNED_CONTEXT ( ( #6355, #6431, #3573 ) ) REPRESENTATION_CONTEXT ( 'NONE', 'WORKASPACE' ) );
#5272 =( LENGTH_UNIT ( ) NAMED_UNIT ( * ) SI_UNIT ( .MILLI., .METRE. ) );
#5273 = FILL_AREA_STYLE ('',( #5384 ) ) ;
#5274 = CARTESIAN_POINT ( 'NONE',  ( 12.50778947368420901, 10.92999999999999794, -17.91499999999999204 ) ) ;
#5275 = SURFACE_STYLE_USAGE ( .BOTH. , #4320 ) ;
#5276 =( NAMED_UNIT ( * ) PLANE_ANGLE_UNIT ( ) SI_UNIT ( $, .RADIAN. ) );
#5277 = CARTESIAN_POINT ( 'NONE',  ( -19.08534933713126591, 11.25735210685074428, -8.578573692505267800 ) ) ;
#5278 = ORIENTED_EDGE ( 'NONE', *, *, #12671, .T. ) ;
#5279 = EDGE_LOOP ( 'NONE', ( #8425, #4604, #890, #12483 ) ) ;
#5280 = PRESENTATION_STYLE_ASSIGNMENT (( #2378 ) ) ;
#5281 = PLANE ( 'NONE',  #7613 ) ;
#5282 = SURFACE_STYLE_FILL_AREA ( #8279 ) ;
#5283 = STYLED_ITEM ( 'NONE', ( #2382 ), #3786 ) ;
#5284 = ORIENTED_EDGE ( 'NONE', *, *, #3858, .T. ) ;
#5285 = CARTESIAN_POINT ( 'NONE',  ( -13.95052631578947278, 11.42999999999999972, 0.000000000000000000 ) ) ;
#5286 = SURFACE_STYLE_USAGE ( .BOTH. , #624 ) ;
#5287 = STYLED_ITEM ( 'NONE', ( #12580 ), #2338 ) ;
#5288 = DIRECTION ( 'NONE',  ( 0.000000000000000000, -0.000000000000000000, -1.000000000000000000 ) ) ;
#5289 = CARTESIAN_POINT ( 'NONE',  ( -11.45515789473684087, 10.92999999999999794, -18.41499999999999915 ) ) ;
#5290 = FILL_AREA_STYLE ('',( #1283 ) ) ;
#5291 = CARTESIAN_POINT ( 'NONE',  ( -11.45515789473684087, 11.42999999999999972, -17.91499999999999204 ) ) ;
#5292 = CYLINDRICAL_SURFACE ( 'NONE', #305, 0.4999999999999997224 ) ;
#5293 = ORIENTED_EDGE ( 'NONE', *, *, #4396, .T. ) ;
#5294 = EDGE_LOOP ( 'NONE', ( #2710, #1596, #7714, #5857 ) ) ;
#5295 = CARTESIAN_POINT ( 'NONE',  ( -22.72021356188092511, 1.778000000000000025, 12.17921356188092652 ) ) ;
#5296 = SURFACE_STYLE_FILL_AREA ( #10037 ) ;
#5297 = SURFACE_STYLE_FILL_AREA ( #1292 ) ;
#5298 = ORIENTED_EDGE ( 'NONE', *, *, #6358, .F. ) ;
#5299 = ADVANCED_FACE ( 'NONE', ( #6032 ), #8069, .T. ) ;
#5300 = STYLED_ITEM ( 'NONE', ( #2760 ), #3503 ) ;
#5301 = SURFACE_SIDE_STYLE ('',( #6137 ) ) ;
#5302 = ORIENTED_EDGE ( 'NONE', *, *, #7808, .F. ) ;
#5303 =( NAMED_UNIT ( * ) SI_UNIT ( $, .STERADIAN. ) SOLID_ANGLE_UNIT ( ) );
#5304 = ORIENTED_EDGE ( 'NONE', *, *, #554, .F. ) ;
#5305 = VECTOR ( 'NONE', #5937, 1000.000000000000000 ) ;
#5306 = PRESENTATION_LAYER_ASSIGNMENT (  '', '', ( #3515 ) ) ;
#5307 = DIRECTION ( 'NONE',  ( -0.000000000000000000, 1.000000000000000000, 0.000000000000000000 ) ) ;
#5308 = SURFACE_STYLE_FILL_AREA ( #2411 ) ;
#5309 = ORIENTED_EDGE ( 'NONE', *, *, #6211, .F. ) ;
#5310 = CARTESIAN_POINT ( 'NONE',  ( 24.90151096696283872, 11.42999999999999972, 17.91499999999999915 ) ) ;
#5311 =( NAMED_UNIT ( * ) PLANE_ANGLE_UNIT ( ) SI_UNIT ( $, .RADIAN. ) );
#5312 = EDGE_CURVE ( 'NONE', #892, #6809, #2348, .T. ) ;
#5313 = CARTESIAN_POINT ( 'NONE',  ( -18.66118346063210609, 2.314715678325876436, -9.258636768526940841 ) ) ;
#5314 = LINE ( 'NONE', #12109, #8290 ) ;
#5315 = EDGE_CURVE ( 'NONE', #957, #10535, #3372, .T. ) ;
#5316 = EDGE_CURVE ( 'NONE', #4540, #6755, #3433, .T. ) ;
#5317 = SURFACE_STYLE_FILL_AREA ( #10185 ) ;
#5318 = CARTESIAN_POINT ( 'NONE',  ( -14.45052631578947278, 10.92999999999999794, 17.91499999999999915 ) ) ;
#5319 =( NAMED_UNIT ( * ) PLANE_ANGLE_UNIT ( ) SI_UNIT ( $, .RADIAN. ) );
#5320 = CARTESIAN_POINT ( 'NONE',  ( 0.000000000000000000, 11.42999999999999972, 0.000000000000000000 ) ) ;
#5321 =( LENGTH_UNIT ( ) NAMED_UNIT ( * ) SI_UNIT ( .MILLI., .METRE. ) );
#5322 =( BOUNDED_CURVE ( )  B_SPLINE_CURVE ( 3, ( #7036, #3233, #10044, #6968 ),
 .UNSPECIFIED., .F., .F. ) 
 B_SPLINE_CURVE_WITH_KNOTS ( ( 4, 4 ),
 ( 3.141592653589793116, 4.712388980384689674 ),
 .UNSPECIFIED. ) 
 CURVE ( )  GEOMETRIC_REPRESENTATION_ITEM ( )  RATIONAL_B_SPLINE_CURVE ( ( 1.000000000000000000, 0.8047378541243649375, 0.8047378541243649375, 1.000000000000000000 ) ) 
 REPRESENTATION_ITEM ( '' )  );
#5323 = PRESENTATION_STYLE_ASSIGNMENT (( #488 ) ) ;
#5324 = FILL_AREA_STYLE ('',( #2427 ) ) ;
#5325 = CYLINDRICAL_SURFACE ( 'NONE', #3527, 0.5000000000000004441 ) ;
#5326 = CARTESIAN_POINT ( 'NONE',  ( 4.021684210526315972, 11.42999999999999972, 18.41499999999999915 ) ) ;
#5327 = AXIS2_PLACEMENT_3D ( 'NONE', #8364, #10171, #4291 ) ;
#5328 =( GEOMETRIC_REPRESENTATION_CONTEXT ( 3 ) GLOBAL_UNCERTAINTY_ASSIGNED_CONTEXT ( ( #9803 ) ) GLOBAL_UNIT_ASSIGNED_CONTEXT ( ( #4565, #12330, #872 ) ) REPRESENTATION_CONTEXT ( 'NONE', 'WORKASPACE' ) );
#5329 = FILL_AREA_STYLE ('',( #12067 ) ) ;
#5330 = CARTESIAN_POINT ( 'NONE',  ( -1.204790991712861414, 11.42999999999999972, 18.41499999999999915 ) ) ;
#5331 = UNCERTAINTY_MEASURE_WITH_UNIT (LENGTH_MEASURE( 1.000000000000000082E-05 ), #6434, 'distance_accuracy_value', 'NONE');
#5332 = SURFACE_STYLE_USAGE ( .BOTH. , #1448 ) ;
#5333 = ORIENTED_EDGE ( 'NONE', *, *, #4904, .F. ) ;
#5334 = CIRCLE ( 'NONE', #12514, 1.261999999999997568 ) ;
#5335 = DIRECTION ( 'NONE',  ( -1.000000000000000000, 0.000000000000000000, 0.000000000000000000 ) ) ;
#5336 = FILL_AREA_STYLE ('',( #12507 ) ) ;
#5337 = CARTESIAN_POINT ( 'NONE',  ( -20.44126315789473480, 10.92999999999999794, 7.728777060123920073 ) ) ;
#5338 = LINE ( 'NONE', #5223, #9978 ) ;
#5339 = PRESENTATION_STYLE_ASSIGNMENT (( #3400 ) ) ;
#5340 = ORIENTED_EDGE ( 'NONE', *, *, #6237, .T. ) ;
#5341 = PRESENTATION_STYLE_ASSIGNMENT (( #12079 ) ) ;
#5342 = UNCERTAINTY_MEASURE_WITH_UNIT (LENGTH_MEASURE( 1.000000000000000082E-05 ), #9491, 'distance_accuracy_value', 'NONE');
#5343 = FILL_AREA_STYLE ('',( #378 ) ) ;
#5344 = SURFACE_STYLE_FILL_AREA ( #3142 ) ;
#5345 = DIRECTION ( 'NONE',  ( -0.000000000000000000, 1.000000000000000000, -0.000000000000000000 ) ) ;
#5346 = TOROIDAL_SURFACE ( 'NONE', #7798, 1.261999999999997124, 0.5000000000000000000 ) ;
#5347 = EDGE_LOOP ( 'NONE', ( #10840, #3789, #5557, #5703, #1180, #1728 ) ) ;
#5348 = ADVANCED_FACE ( 'NONE', ( #9227 ), #9280, .T. ) ;
#5349 = DIRECTION ( 'NONE',  ( -0.000000000000000000, 1.000000000000000000, -0.000000000000000000 ) ) ;
#5350 = ORIENTED_EDGE ( 'NONE', *, *, #5911, .T. ) ;
#5351 = DIRECTION ( 'NONE',  ( 1.000000000000000000, 0.000000000000000000, 0.000000000000000000 ) ) ;
#5352 = VECTOR ( 'NONE', #6587, 1000.000000000000000 ) ;
#5353 = VECTOR ( 'NONE', #6106, 1000.000000000000000 ) ;
#5354 = COLOUR_RGB ( '',0.2509803921568627416, 0.2509803921568627416, 0.2509803921568627416 ) ;
#5355 = FILL_AREA_STYLE_COLOUR ( '', #3260 ) ;
#5356 = ORIENTED_EDGE ( 'NONE', *, *, #4222, .F. ) ;
#5357 = CIRCLE ( 'NONE', #3143, 0.5000000000000004441 ) ;
#5358 = SURFACE_STYLE_FILL_AREA ( #9208 ) ;
#5359 = SURFACE_SIDE_STYLE ('',( #10227 ) ) ;
#5360 = FILL_AREA_STYLE_COLOUR ( '', #5398 ) ;
#5361 = TOROIDAL_SURFACE ( 'NONE', #10267, 2.087500000000002132, 0.5000000000000000000 ) ;
#5362 = ORIENTED_EDGE ( 'NONE', *, *, #5236, .F. ) ;
#5363 = AXIS2_PLACEMENT_3D ( 'NONE', #8980, #3062, #12064 ) ;
#5364 = FACE_OUTER_BOUND ( 'NONE', #3345, .T. ) ;
#5365 = ADVANCED_FACE ( 'NONE', ( #7349 ), #1954, .T. ) ;
#5366 = DIRECTION ( 'NONE',  ( 4.081702296416016490E-16, -1.000000000000000000, 0.000000000000000000 ) ) ;
#5367 = ORIENTED_EDGE ( 'NONE', *, *, #9359, .F. ) ;
#5368 = LINE ( 'NONE', #6213, #10958 ) ;
#5369 = PRESENTATION_STYLE_ASSIGNMENT (( #11002 ) ) ;
#5370 = ORIENTED_EDGE ( 'NONE', *, *, #12325, .T. ) ;
#5371 = AXIS2_PLACEMENT_3D ( 'NONE', #2681, #4705, #6441 ) ;
#5372 = UNCERTAINTY_MEASURE_WITH_UNIT (LENGTH_MEASURE( 1.000000000000000082E-05 ), #9965, 'distance_accuracy_value', 'NONE');
#5373 = COLOUR_RGB ( '',0.2509803921568627416, 0.2509803921568627416, 0.2509803921568627416 ) ;
#5374 = CARTESIAN_POINT ( 'NONE',  ( 17.22021356188092867, 2.168174630207213127, 18.41499999999999915 ) ) ;
#5375 = FILL_AREA_STYLE_COLOUR ( '', #552 ) ;
#5376 =( NAMED_UNIT ( * ) SI_UNIT ( $, .STERADIAN. ) SOLID_ANGLE_UNIT ( ) );
#5377 = PRESENTATION_STYLE_ASSIGNMENT (( #1500 ) ) ;
#5378 = EDGE_CURVE ( 'NONE', #3576, #8664, #5391, .T. ) ;
#5379 = FILL_AREA_STYLE_COLOUR ( '', #9557 ) ;
#5380 = CARTESIAN_POINT ( 'NONE',  ( -25.40151096696282451, 1.778000000000000025, -17.91499999999999204 ) ) ;
#5381 = STYLED_ITEM ( 'NONE', ( #6315 ), #5144 ) ;
#5382 =( LENGTH_UNIT ( ) NAMED_UNIT ( * ) SI_UNIT ( .MILLI., .METRE. ) );
#5383 = ORIENTED_EDGE ( 'NONE', *, *, #3115, .F. ) ;
#5384 = FILL_AREA_STYLE_COLOUR ( '', #11159 ) ;
#5385 = EDGE_CURVE ( 'NONE', #3236, #11893, #9282, .T. ) ;
#5386 = EDGE_CURVE ( 'NONE', #6846, #9450, #7732, .T. ) ;
#5387 = SURFACE_STYLE_FILL_AREA ( #3565 ) ;
#5388 = CARTESIAN_POINT ( 'NONE',  ( 25.46063157894736761, 11.42999999999999972, -6.679213561880927408 ) ) ;
#5389 = FILL_AREA_STYLE ('',( #6236 ) ) ;
#5390 = COLOUR_RGB ( '',0.2509803921568627416, 0.2509803921568627416, 0.2509803921568627416 ) ;
#5391 = CIRCLE ( 'NONE', #3995, 0.7619999999999953477 ) ;
#5393 = CIRCLE ( 'NONE', #11973, 0.5000000000000004441 ) ;
#5392 =( NAMED_UNIT ( * ) SI_UNIT ( $, .STERADIAN. ) SOLID_ANGLE_UNIT ( ) );
#5394 =( NAMED_UNIT ( * ) SI_UNIT ( $, .STERADIAN. ) SOLID_ANGLE_UNIT ( ) );
#5395 = LINE ( 'NONE', #6172, #5455 ) ;
#5396 = CARTESIAN_POINT ( 'NONE',  ( -18.96989473684210026, 10.92999999999999794, -8.872385971794111370 ) ) ;
#5397 = ORIENTED_EDGE ( 'NONE', *, *, #7647, .F. ) ;
#5398 = COLOUR_RGB ( '',0.2509803921568627416, 0.2509803921568627416, 0.2509803921568627416 ) ;
#5399 = SURFACE_SIDE_STYLE ('',( #10394 ) ) ;
#5400 = CARTESIAN_POINT ( 'NONE',  ( 28.77403911013887594, 0.000000000000000000, -16.04909413020573439 ) ) ;
#5401 = CARTESIAN_POINT ( 'NONE',  ( 25.96063157894736761, 10.92999999999999794, -18.41499999999999915 ) ) ;
#5402 = CARTESIAN_POINT ( 'NONE',  ( -4.493052631578946077, 11.42999999999999972, 17.91499999999999915 ) ) ;
#5403 = ORIENTED_EDGE ( 'NONE', *, *, #6100, .T. ) ;
#5404 = CARTESIAN_POINT ( 'NONE',  ( 18.49852631578947282, 2.929999999999998384, 9.500154623337628834 ) ) ;
#5405 = DIRECTION ( 'NONE',  ( 0.000000000000000000, 0.000000000000000000, -1.000000000000000000 ) ) ;
#5406 = PRESENTATION_STYLE_ASSIGNMENT (( #2565 ) ) ;
#5407 = CARTESIAN_POINT ( 'NONE',  ( 22.46526315789473216, 11.42999999999999972, -6.685125803980871417 ) ) ;
#5408 = CARTESIAN_POINT ( 'NONE',  ( -6.033546133231030950, 0.5000000000000000000, -4.973671613130804303 ) ) ;
#5409 = VERTEX_POINT ( 'NONE', #7605 ) ;
#5410 =( NAMED_UNIT ( * ) SI_UNIT ( $, .STERADIAN. ) SOLID_ANGLE_UNIT ( ) );
#5411 = ORIENTED_EDGE ( 'NONE', *, *, #2611, .F. ) ;
#5412 = DIRECTION ( 'NONE',  ( 1.000000000000000000, 0.000000000000000000, 0.000000000000000000 ) ) ;
#5413 = MECHANICAL_DESIGN_GEOMETRIC_PRESENTATION_REPRESENTATION (  '', ( #6036 ), #6959 ) ;
#5414 = MECHANICAL_DESIGN_GEOMETRIC_PRESENTATION_REPRESENTATION (  '', ( #4219 ), #126 ) ;
#5415 = SURFACE_STYLE_FILL_AREA ( #7512 ) ;
#5416 = EDGE_CURVE ( 'NONE', #408, #10967, #9525, .T. ) ;
#5417 = SURFACE_SIDE_STYLE ('',( #3469 ) ) ;
#5418 = ORIENTED_EDGE ( 'NONE', *, *, #5691, .T. ) ;
#5419 = SURFACE_STYLE_USAGE ( .BOTH. , #6454 ) ;
#5420 = DIRECTION ( 'NONE',  ( -0.6360782202777646166, 0.000000000000000000, -0.7716245833877193316 ) ) ;
#5421 = CARTESIAN_POINT ( 'NONE',  ( -20.44126315789473480, 11.07307473367347050, -7.728777060123921849 ) ) ;
#5422 = ORIENTED_EDGE ( 'NONE', *, *, #8204, .F. ) ;
#5423 = CARTESIAN_POINT ( 'NONE',  ( 3.728790991712863878, 11.42999999999999972, -18.41499999999999559 ) ) ;
#5424 = ORIENTED_EDGE ( 'NONE', *, *, #3128, .T. ) ;
#5425 = VECTOR ( 'NONE', #2415, 1000.000000000000000 ) ;
#5426 = CARTESIAN_POINT ( 'NONE',  ( -28.77403911013887949, 0.000000000000000000, 16.04909413020573794 ) ) ;
#5427 =( LENGTH_UNIT ( ) NAMED_UNIT ( * ) SI_UNIT ( .MILLI., .METRE. ) );
#5428 = ORIENTED_EDGE ( 'NONE', *, *, #3535, .T. ) ;
#5429 = ADVANCED_FACE ( 'NONE', ( #11398 ), #6663, .T. ) ;
#5430 = PRESENTATION_STYLE_ASSIGNMENT (( #3898 ) ) ;
#5431 = FACE_OUTER_BOUND ( 'NONE', #2555, .T. ) ;
#5432 = EDGE_CURVE ( 'NONE', #1080, #4931, #2569, .T. ) ;
#5433 = DIRECTION ( 'NONE',  ( 4.081702296416016490E-16, -1.000000000000000000, 0.000000000000000000 ) ) ;
#5434 = DIRECTION ( 'NONE',  ( 0.000000000000000000, -0.000000000000000000, -1.000000000000000000 ) ) ;
#5435 = VECTOR ( 'NONE', #7055, 1000.000000000000000 ) ;
#5436 = SURFACE_STYLE_USAGE ( .BOTH. , #1563 ) ;
#5437 = ORIENTED_EDGE ( 'NONE', *, *, #5378, .T. ) ;
#5438 = FILL_AREA_STYLE ('',( #9589 ) ) ;
#5439 = AXIS2_PLACEMENT_3D ( 'NONE', #210, #4117, #3044 ) ;
#5440 = SURFACE_SIDE_STYLE ('',( #1567 ) ) ;
#5441 = DIRECTION ( 'NONE',  ( -0.000000000000000000, -0.000000000000000000, 1.000000000000000000 ) ) ;
#5442 = TOROIDAL_SURFACE ( 'NONE', #1793, 1.261999999999997124, 0.5000000000000000000 ) ;
#5443 = DIRECTION ( 'NONE',  ( -0.000000000000000000, 1.000000000000000000, 0.000000000000000000 ) ) ;
#5444 = ORIENTED_EDGE ( 'NONE', *, *, #5315, .T. ) ;
#5445 = LINE ( 'NONE', #674, #569 ) ;
#5446 = DIRECTION ( 'NONE',  ( 0.000000000000000000, -1.000000000000000000, 0.000000000000000000 ) ) ;
#5447 = VECTOR ( 'NONE', #1217, 1000.000000000000000 ) ;
#5448 = EDGE_CURVE ( 'NONE', #9506, #4469, #2716, .T. ) ;
#5449 = DIRECTION ( 'NONE',  ( -0.000000000000000000, 1.000000000000000000, -0.000000000000000000 ) ) ;
#5450 = EDGE_CURVE ( 'NONE', #10202, #9434, #3396, .T. ) ;
#5451 = SURFACE_STYLE_FILL_AREA ( #10444 ) ;
#5452 = DIRECTION ( 'NONE',  ( 4.081702296416016490E-16, -1.000000000000000000, 0.000000000000000000 ) ) ;
#5453 = UNCERTAINTY_MEASURE_WITH_UNIT (LENGTH_MEASURE( 1.000000000000000082E-05 ), #8720, 'distance_accuracy_value', 'NONE');
#5454 = ADVANCED_FACE ( 'NONE', ( #859 ), #8640, .T. ) ;
#5455 = VECTOR ( 'NONE', #10325, 1000.000000000000000 ) ;
#5456 = ORIENTED_EDGE ( 'NONE', *, *, #4619, .T. ) ;
#5457 = PRESENTATION_LAYER_ASSIGNMENT (  '', '', ( #6083 ) ) ;
#5458 = CARTESIAN_POINT ( 'NONE',  ( -17.22021356188092867, 1.277999999999999581, -18.41499999999999559 ) ) ;
#5459 = SURFACE_STYLE_FILL_AREA ( #10264 ) ;
#5460 = VERTEX_POINT ( 'NONE', #10681 ) ;
#5461 = CARTESIAN_POINT ( 'NONE',  ( 28.45599999999999596, 1.778000000000000025, 6.679213561880927408 ) ) ;
#5462 = MECHANICAL_DESIGN_GEOMETRIC_PRESENTATION_REPRESENTATION (  '', ( #2217 ), #4067 ) ;
#5463 = CARTESIAN_POINT ( 'NONE',  ( 18.04372848218766379, 2.227560972991889710, 10.39056089136359873 ) ) ;
#5464 = PRESENTATION_STYLE_ASSIGNMENT (( #10587 ) ) ;
#5465 = DIRECTION ( 'NONE',  ( 0.000000000000000000, 0.000000000000000000, 1.000000000000000000 ) ) ;
#5466 =( BOUNDED_CURVE ( )  B_SPLINE_CURVE ( 3, ( #7073, #8996, #7133, #6117 ),
 .UNSPECIFIED., .F., .T. ) 
 B_SPLINE_CURVE_WITH_KNOTS ( ( 4, 4 ),
 ( 4.712388980384689674, 6.283185307179586232 ),
 .UNSPECIFIED. ) 
 CURVE ( )  GEOMETRIC_REPRESENTATION_ITEM ( )  RATIONAL_B_SPLINE_CURVE ( ( 1.000000000000000000, 0.8047378541243649375, 0.8047378541243649375, 1.000000000000000000 ) ) 
 REPRESENTATION_ITEM ( '' )  );
#5467 = CARTESIAN_POINT ( 'NONE',  ( -17.34824434765663526, 2.189184775300942576, -18.41499999999999559 ) ) ;
#5468 = ORIENTED_EDGE ( 'NONE', *, *, #3368, .T. ) ;
#5469 = EDGE_CURVE ( 'NONE', #2798, #8224, #4176, .T. ) ;
#5470 =( LENGTH_UNIT ( ) NAMED_UNIT ( * ) SI_UNIT ( .MILLI., .METRE. ) );
#5471 = ORIENTED_EDGE ( 'NONE', *, *, #1491, .F. ) ;
#5472 = VECTOR ( 'NONE', #2163, 1000.000000000000000 ) ;
#5473 = CARTESIAN_POINT ( 'NONE',  ( 10.01242105263157356, 2.929999999999998384, -18.41499999999999559 ) ) ;
#5474 = VECTOR ( 'NONE', #10362, 1000.000000000000000 ) ;
#5475 = SURFACE_STYLE_USAGE ( .BOTH. , #12354 ) ;
#5476 = ORIENTED_EDGE ( 'NONE', *, *, #8504, .F. ) ;
#5477 = UNCERTAINTY_MEASURE_WITH_UNIT (LENGTH_MEASURE( 1.000000000000000082E-05 ), #2995, 'distance_accuracy_value', 'NONE');
#5478 = PRESENTATION_STYLE_ASSIGNMENT (( #10347 ) ) ;
#5479 =( LENGTH_UNIT ( ) NAMED_UNIT ( * ) SI_UNIT ( .MILLI., .METRE. ) );
#5480 = FILL_AREA_STYLE ('',( #5355 ) ) ;
#5481 = ORIENTED_EDGE ( 'NONE', *, *, #12105, .T. ) ;
#5482 = COLOUR_RGB ( '',0.2509803921568627416, 0.2509803921568627416, 0.2509803921568627416 ) ;
#5483 = SURFACE_STYLE_FILL_AREA ( #6646 ) ;
#5484 =( LENGTH_UNIT ( ) NAMED_UNIT ( * ) SI_UNIT ( .MILLI., .METRE. ) );
#5485 = CIRCLE ( 'NONE', #1837, 0.5000000000000004441 ) ;
#5486 = CARTESIAN_POINT ( 'NONE',  ( -6.988421052631577979, 11.42999999999999972, -18.41499999999999915 ) ) ;
#5487 = CARTESIAN_POINT ( 'NONE',  ( -28.45599999999999952, 1.778000000000000025, -7.179213561880927408 ) ) ;
#5488 = EDGE_LOOP ( 'NONE', ( #6740, #5418, #2777, #5802 ) ) ;
#5489 = CARTESIAN_POINT ( 'NONE',  ( -2.469052631578948276, 2.929999999999998384, 17.91499999999999915 ) ) ;
#5490 = ORIENTED_EDGE ( 'NONE', *, *, #880, .T. ) ;
#5491 = CARTESIAN_POINT ( 'NONE',  ( 16.97452631578947546, 10.92999999999999794, -18.41499999999999915 ) ) ;
#5492 = CARTESIAN_POINT ( 'NONE',  ( 0.000000000000000000, 10.92999999999999794, -6.679213561880927408 ) ) ;
#5493 = COLOUR_RGB ( '',0.2509803921568627416, 0.2509803921568627416, 0.2509803921568627416 ) ;
#5494 = COLOUR_RGB ( '',0.2509803921568627416, 0.2509803921568627416, 0.2509803921568627416 ) ;
#5495 = DIRECTION ( 'NONE',  ( 0.000000000000000000, -1.000000000000000000, 0.000000000000000000 ) ) ;
#5496 = ORIENTED_EDGE ( 'NONE', *, *, #3575, .F. ) ;
#5497 = CARTESIAN_POINT ( 'NONE',  ( 24.48926315789472952, 10.92999999999999794, -7.179213561880927408 ) ) ;
#5498 = FILL_AREA_STYLE ('',( #2712 ) ) ;
#5499 = UNCERTAINTY_MEASURE_WITH_UNIT (LENGTH_MEASURE( 1.000000000000000082E-05 ), #11054, 'distance_accuracy_value', 'NONE');
#5500 = UNCERTAINTY_MEASURE_WITH_UNIT (LENGTH_MEASURE( 1.000000000000000082E-05 ), #74, 'distance_accuracy_value', 'NONE');
#5501 = CARTESIAN_POINT ( 'NONE',  ( -8.459789473684212524, 11.42999999999999972, -17.91499999999999204 ) ) ;
#5502 = CARTESIAN_POINT ( 'NONE',  ( 22.72021356188096419, 1.778000000000000025, 7.179213561880928296 ) ) ;
#5503 = DIRECTION ( 'NONE',  ( 0.000000000000000000, -1.000000000000000000, 0.000000000000000000 ) ) ;
#5504 = VERTEX_POINT ( 'NONE', #11724 ) ;
#5505 = CIRCLE ( 'NONE', #1639, 0.5000000000000004441 ) ;
#5506 = SURFACE_STYLE_FILL_AREA ( #5701 ) ;
#5507 = ORIENTED_EDGE ( 'NONE', *, *, #8780, .T. ) ;
#5508 = DIRECTION ( 'NONE',  ( 1.000000000000000000, 0.000000000000000000, 0.000000000000000000 ) ) ;
#5509 = ADVANCED_FACE ( 'NONE', ( #2976 ), #11761, .T. ) ;
#5510 = EDGE_LOOP ( 'NONE', ( #9316, #11097, #2672, #9833 ) ) ;
#5511 = LINE ( 'NONE', #9476, #4035 ) ;
#5512 = MECHANICAL_DESIGN_GEOMETRIC_PRESENTATION_REPRESENTATION (  '', ( #1859 ), #2489 ) ;
#5513 = FILL_AREA_STYLE_COLOUR ( '', #5482 ) ;
#5514 = DIRECTION ( 'NONE',  ( 0.000000000000000000, 1.000000000000000000, -0.000000000000000000 ) ) ;
#5515 = FILL_AREA_STYLE_COLOUR ( '', #6385 ) ;
#5516 = SURFACE_STYLE_USAGE ( .BOTH. , #10324 ) ;
#5517 = ADVANCED_FACE ( 'NONE', ( #4928 ), #3990, .T. ) ;
#5518 =( LENGTH_UNIT ( ) NAMED_UNIT ( * ) SI_UNIT ( .MILLI., .METRE. ) );
#5519 = SURFACE_STYLE_USAGE ( .BOTH. , #11480 ) ;
#5520 = STYLED_ITEM ( 'NONE', ( #756 ), #7982 ) ;
#5521 = ADVANCED_FACE ( 'NONE', ( #4235 ), #10310, .T. ) ;
#5522 = ORIENTED_EDGE ( 'NONE', *, *, #7210, .T. ) ;
#5523 = CARTESIAN_POINT ( 'NONE',  ( -3.993052631578945633, 11.42999999999999972, -18.41499999999999915 ) ) ;
#5524 = DIRECTION ( 'NONE',  ( 0.000000000000000000, 0.000000000000000000, 1.000000000000000000 ) ) ;
#5525 = ORIENTED_EDGE ( 'NONE', *, *, #5199, .F. ) ;
#5526 = AXIS2_PLACEMENT_3D ( 'NONE', #11396, #8573, #4737 ) ;
#5527 = SURFACE_STYLE_FILL_AREA ( #1711 ) ;
#5528 = CARTESIAN_POINT ( 'NONE',  ( 13.47915789473683823, 11.42999999999999972, 17.91499999999999915 ) ) ;
#5529 =( LENGTH_UNIT ( ) NAMED_UNIT ( * ) SI_UNIT ( .MILLI., .METRE. ) );
#5530 = CARTESIAN_POINT ( 'NONE',  ( -24.90151096696282806, 1.277999999999999581, 18.41499999999999915 ) ) ;
#5531 = VERTEX_POINT ( 'NONE', #10995 ) ;
#5532 = ORIENTED_EDGE ( 'NONE', *, *, #6495, .T. ) ;
#5533 = CIRCLE ( 'NONE', #6573, 0.7619999999999953477 ) ;
#5534 = AXIS2_PLACEMENT_3D ( 'NONE', #5107, #9000, #247 ) ;
#5535 = CARTESIAN_POINT ( 'NONE',  ( 0.000000000000000000, 11.42999999999999972, 0.000000000000000000 ) ) ;
#5536 = ORIENTED_EDGE ( 'NONE', *, *, #4619, .F. ) ;
#5537 = CARTESIAN_POINT ( 'NONE',  ( 28.77403911013888660, 0.000000000000000000, 16.04909413020575215 ) ) ;
#5538 = ADVANCED_FACE ( 'NONE', ( #6205 ), #586, .F. ) ;
#5539 =( NAMED_UNIT ( * ) SI_UNIT ( $, .STERADIAN. ) SOLID_ANGLE_UNIT ( ) );
#5540 = ORIENTED_EDGE ( 'NONE', *, *, #7383, .F. ) ;
#5541 = EDGE_CURVE ( 'NONE', #6751, #524, #8177, .T. ) ;
#5542 = SURFACE_SIDE_STYLE ('',( #9509 ) ) ;
#5543 = EDGE_CURVE ( 'NONE', #10928, #4290, #8367, .T. ) ;
#5544 =( NAMED_UNIT ( * ) SI_UNIT ( $, .STERADIAN. ) SOLID_ANGLE_UNIT ( ) );
#5545 = VECTOR ( 'NONE', #8134, 1000.000000000000000 ) ;
#5546 = CARTESIAN_POINT ( 'NONE',  ( 25.40151096696282451, 1.778000000000000025, -17.91499999999999204 ) ) ;
#5547 = DIRECTION ( 'NONE',  ( 0.000000000000000000, -1.000000000000000000, 0.000000000000000000 ) ) ;
#5548 = FILL_AREA_STYLE_COLOUR ( '', #12152 ) ;
#5549 = ORIENTED_EDGE ( 'NONE', *, *, #3886, .T. ) ;
#5550 = LINE ( 'NONE', #8561, #4142 ) ;
#5551 = LINE ( 'NONE', #5686, #4873 ) ;
#5552 = ORIENTED_EDGE ( 'NONE', *, *, #4189, .F. ) ;
#5553 =( GEOMETRIC_REPRESENTATION_CONTEXT ( 3 ) GLOBAL_UNCERTAINTY_ASSIGNED_CONTEXT ( ( #794 ) ) GLOBAL_UNIT_ASSIGNED_CONTEXT ( ( #11192, #6078, #10176 ) ) REPRESENTATION_CONTEXT ( 'NONE', 'WORKASPACE' ) );
#5554 = PRESENTATION_LAYER_ASSIGNMENT (  '', '', ( #11106 ) ) ;
#5555 =( LENGTH_UNIT ( ) NAMED_UNIT ( * ) SI_UNIT ( .MILLI., .METRE. ) );
#5556 = COLOUR_RGB ( '',0.2509803921568627416, 0.2509803921568627416, 0.2509803921568627416 ) ;
#5557 = ORIENTED_EDGE ( 'NONE', *, *, #12511, .T. ) ;
#5558 = CARTESIAN_POINT ( 'NONE',  ( 12.50778947368420901, 10.92999999999999794, -18.41499999999999915 ) ) ;
#5559 = UNCERTAINTY_MEASURE_WITH_UNIT (LENGTH_MEASURE( 1.000000000000000082E-05 ), #6317, 'distance_accuracy_value', 'NONE');
#5560 = CARTESIAN_POINT ( 'NONE',  ( 17.51310678069438609, 1.570893218813450787, 18.41499999999999915 ) ) ;
#5561 = DIRECTION ( 'NONE',  ( -0.000000000000000000, 0.000000000000000000, 1.000000000000000000 ) ) ;
#5562 = ORIENTED_EDGE ( 'NONE', *, *, #11547, .F. ) ;
#5563 = CARTESIAN_POINT ( 'NONE',  ( 7.488421052631574426, 11.43000000000001393, 18.41499999999999915 ) ) ;
#5564 = DIRECTION ( 'NONE',  ( 1.000000000000000000, 0.000000000000000000, 0.000000000000000000 ) ) ;
#5565 = CARTESIAN_POINT ( 'NONE',  ( -9.255078768874749784, 0.5000000000000000000, -7.629298182790471117 ) ) ;
#5566 = ORIENTED_EDGE ( 'NONE', *, *, #5416, .T. ) ;
#5567 = VECTOR ( 'NONE', #7498, 1000.000000000000000 ) ;
#5568 = VECTOR ( 'NONE', #12469, 999.9999999999998863 ) ;
#5569 = ORIENTED_EDGE ( 'NONE', *, *, #7475, .T. ) ;
#5570 = PRESENTATION_LAYER_ASSIGNMENT (  '', '', ( #11725 ) ) ;
#5571 = DIRECTION ( 'NONE',  ( 0.000000000000000000, 1.000000000000000000, 0.000000000000000000 ) ) ;
#5572 = DIRECTION ( 'NONE',  ( -0.000000000000000000, -0.000000000000000000, 1.000000000000000000 ) ) ;
#5574 = CARTESIAN_POINT ( 'NONE',  ( -0.9976842105263068472, 2.929999999999998384, 17.91499999999999915 ) ) ;
#5573 = STYLED_ITEM ( 'NONE', ( #12611 ), #613 ) ;
#5575 = CARTESIAN_POINT ( 'NONE',  ( 17.72021356188092867, 1.778000000000000025, 29.65078643811905934 ) ) ;
#5576 = SURFACE_STYLE_USAGE ( .BOTH. , #814 ) ;
#5577 =( GEOMETRIC_REPRESENTATION_CONTEXT ( 3 ) GLOBAL_UNCERTAINTY_ASSIGNED_CONTEXT ( ( #12051 ) ) GLOBAL_UNIT_ASSIGNED_CONTEXT ( ( #8802, #37, #2433 ) ) REPRESENTATION_CONTEXT ( 'NONE', 'WORKASPACE' ) );
#5578 = AXIS2_PLACEMENT_3D ( 'NONE', #4880, #6985, #7877 ) ;
#5579 = VECTOR ( 'NONE', #2379, 1000.000000000000000 ) ;
#5580 = FACE_OUTER_BOUND ( 'NONE', #8371, .T. ) ;
#5581 = DIRECTION ( 'NONE',  ( 0.000000000000000000, 0.000000000000000000, -1.000000000000000000 ) ) ;
#5582 = ORIENTED_EDGE ( 'NONE', *, *, #6334, .F. ) ;
#5583 =( NAMED_UNIT ( * ) SI_UNIT ( $, .STERADIAN. ) SOLID_ANGLE_UNIT ( ) );
#5584 =( GEOMETRIC_REPRESENTATION_CONTEXT ( 3 ) GLOBAL_UNCERTAINTY_ASSIGNED_CONTEXT ( ( #6152 ) ) GLOBAL_UNIT_ASSIGNED_CONTEXT ( ( #4559, #4681, #11466 ) ) REPRESENTATION_CONTEXT ( 'NONE', 'WORKASPACE' ) );
#5585 = SURFACE_STYLE_USAGE ( .BOTH. , #3761 ) ;
#5586 =( GEOMETRIC_REPRESENTATION_CONTEXT ( 3 ) GLOBAL_UNCERTAINTY_ASSIGNED_CONTEXT ( ( #6411 ) ) GLOBAL_UNIT_ASSIGNED_CONTEXT ( ( #2701, #11379, #1667 ) ) REPRESENTATION_CONTEXT ( 'NONE', 'WORKASPACE' ) );
#5587 = STYLED_ITEM ( 'NONE', ( #381 ), #5139 ) ;
#5588 = CYLINDRICAL_SURFACE ( 'NONE', #4657, 0.5000000000000000000 ) ;
#5589 = ORIENTED_EDGE ( 'NONE', *, *, #4287, .F. ) ;
#5590 =( LENGTH_UNIT ( ) NAMED_UNIT ( * ) SI_UNIT ( .MILLI., .METRE. ) );
#5591 = EDGE_CURVE ( 'NONE', #6378, #12501, #7934, .T. ) ;
#5592 = VECTOR ( 'NONE', #2477, 1000.000000000000000 ) ;
#5593 = LINE ( 'NONE', #3828, #12543 ) ;
#5594 = EDGE_CURVE ( 'NONE', #10039, #9810, #2168, .T. ) ;
#5595 = CARTESIAN_POINT ( 'NONE',  ( 17.72021356188092867, 2.168174630207213127, 12.17921356188096382 ) ) ;
#5596 = SURFACE_STYLE_USAGE ( .BOTH. , #8481 ) ;
#5597 = CARTESIAN_POINT ( 'NONE',  ( -28.95599999999999596, 11.42999999999999972, -18.41499999999999559 ) ) ;
#5598 = ORIENTED_EDGE ( 'NONE', *, *, #10301, .F. ) ;
#5599 = STYLED_ITEM ( 'NONE', ( #6541 ), #5429 ) ;
#5601 = AXIS2_PLACEMENT_3D ( 'NONE', #4549, #1943, #184 ) ;
#5600 = PRESENTATION_STYLE_ASSIGNMENT (( #6446 ) ) ;
#5602 = EDGE_LOOP ( 'NONE', ( #6003, #10649, #3904, #9193 ) ) ;
#5603 = FILL_AREA_STYLE_COLOUR ( '', #6007 ) ;
#5604 = ORIENTED_EDGE ( 'NONE', *, *, #1405, .T. ) ;
#5605 = CARTESIAN_POINT ( 'NONE',  ( 0.5263157894736837372, 11.42999999999999972, -18.41499999999999915 ) ) ;
#5606 = UNCERTAINTY_MEASURE_WITH_UNIT (LENGTH_MEASURE( 1.000000000000000082E-05 ), #8281, 'distance_accuracy_value', 'NONE');
#5607 = DIRECTION ( 'NONE',  ( -0.000000000000000000, -1.000000000000000000, 0.000000000000000000 ) ) ;
#5608 = CARTESIAN_POINT ( 'NONE',  ( -3.231052631578943402, 2.929999999999998384, 17.91499999999999915 ) ) ;
#5609 = SURFACE_SIDE_STYLE ('',( #8424 ) ) ;
#5610 = VERTEX_POINT ( 'NONE', #8241 ) ;
#5611 = LINE ( 'NONE', #1796, #6613 ) ;
#5612 = MECHANICAL_DESIGN_GEOMETRIC_PRESENTATION_REPRESENTATION (  '', ( #5010 ), #1964 ) ;
#5613 = EDGE_CURVE ( 'NONE', #5993, #892, #11815, .T. ) ;
#5614 = SURFACE_STYLE_FILL_AREA ( #9381 ) ;
#5615 = CARTESIAN_POINT ( 'NONE',  ( -28.74889321881344628, 1.777999999999999581, -7.179213561880926520 ) ) ;
#5616 = CARTESIAN_POINT ( 'NONE',  ( 4.021684210526315972, 11.42999999999999972, -17.91499999999999204 ) ) ;
#5617 = ORIENTED_EDGE ( 'NONE', *, *, #4933, .F. ) ;
#5618 = CARTESIAN_POINT ( 'NONE',  ( 7.017052631578944322, 11.42999999999999972, 18.41499999999999915 ) ) ;
#5619 = STYLED_ITEM ( 'NONE', ( #12474 ), #10192 ) ;
#5620 = EDGE_LOOP ( 'NONE', ( #10363, #7681, #12639, #3350 ) ) ;
#5621 = ADVANCED_FACE ( 'NONE', ( #7648 ), #9631, .F. ) ;
#5622 = DIRECTION ( 'NONE',  ( -0.000000000000000000, -0.000000000000000000, 1.000000000000000000 ) ) ;
#5623 = DIRECTION ( 'NONE',  ( 4.081702296416016490E-16, -1.000000000000000000, 0.000000000000000000 ) ) ;
#5624 = DIRECTION ( 'NONE',  ( 1.000000000000000000, 0.000000000000000000, 0.000000000000000000 ) ) ;
#5625 = VERTEX_POINT ( 'NONE', #904 ) ;
#5626 = VECTOR ( 'NONE', #8983, 1000.000000000000000 ) ;
#5627 = UNCERTAINTY_MEASURE_WITH_UNIT (LENGTH_MEASURE( 1.000000000000000082E-05 ), #2373, 'distance_accuracy_value', 'NONE');
#5628 = DIRECTION ( 'NONE',  ( 0.000000000000000000, 1.000000000000000000, -0.000000000000000000 ) ) ;
#5629 = CARTESIAN_POINT ( 'NONE',  ( 28.95599999999999596, 11.42999999999999972, -15.66328183851187283 ) ) ;
#5630 = CARTESIAN_POINT ( 'NONE',  ( -17.72021356188092867, 2.344499298387705544, -18.41499999999999915 ) ) ;
#5631 = ORIENTED_EDGE ( 'NONE', *, *, #213, .T. ) ;
#5632 = EDGE_CURVE ( 'NONE', #4327, #4672, #8556, .T. ) ;
#5633 = SURFACE_STYLE_FILL_AREA ( #7537 ) ;
#5634 = VECTOR ( 'NONE', #6802, 1000.000000000000000 ) ;
#5635 = DIRECTION ( 'NONE',  ( 0.000000000000000000, -1.000000000000000000, 0.000000000000000000 ) ) ;
#5636 = ORIENTED_EDGE ( 'NONE', *, *, #7372, .T. ) ;
#5637 = ADVANCED_FACE ( 'NONE', ( #8692 ), #6583, .T. ) ;
#5638 = FACE_OUTER_BOUND ( 'NONE', #1683, .T. ) ;
#5639 = DIRECTION ( 'NONE',  ( 1.000000000000000000, 0.000000000000000000, 0.000000000000000000 ) ) ;
#5640 = ORIENTED_EDGE ( 'NONE', *, *, #10659, .T. ) ;
#5641 = LINE ( 'NONE', #5835, #2423 ) ;
#5642 = STYLED_ITEM ( 'NONE', ( #6348 ), #4083 ) ;
#5643 = FACE_OUTER_BOUND ( 'NONE', #10971, .T. ) ;
#5644 = LINE ( 'NONE', #11411, #4927 ) ;
#5645 = FILL_AREA_STYLE ('',( #3813 ) ) ;
#5646 = DIRECTION ( 'NONE',  ( 0.000000000000000000, 0.000000000000000000, -1.000000000000000000 ) ) ;
#5647 = STYLED_ITEM ( 'NONE', ( #8955 ), #9786 ) ;
#5648 = PRESENTATION_STYLE_ASSIGNMENT (( #10575 ) ) ;
#5649 = DIRECTION ( 'NONE',  ( -0.000000000000000000, 1.000000000000000000, -0.000000000000000000 ) ) ;
#5650 =( GEOMETRIC_REPRESENTATION_CONTEXT ( 3 ) GLOBAL_UNCERTAINTY_ASSIGNED_CONTEXT ( ( #3051 ) ) GLOBAL_UNIT_ASSIGNED_CONTEXT ( ( #2134, #1118, #11928 ) ) REPRESENTATION_CONTEXT ( 'NONE', 'WORKASPACE' ) );
#5651 = EDGE_CURVE ( 'NONE', #1467, #4082, #6704, .T. ) ;
#5652 = ORIENTED_EDGE ( 'NONE', *, *, #10788, .F. ) ;
#5653 = FILL_AREA_STYLE ('',( #9549 ) ) ;
#5654 =( NAMED_UNIT ( * ) PLANE_ANGLE_UNIT ( ) SI_UNIT ( $, .RADIAN. ) );
#5655 = CYLINDRICAL_SURFACE ( 'NONE', #2652, 0.5000000000000004441 ) ;
#5656 = ORIENTED_EDGE ( 'NONE', *, *, #11295, .F. ) ;
#5657 = FILL_AREA_STYLE_COLOUR ( '', #9248 ) ;
#5658 = CARTESIAN_POINT ( 'NONE',  ( 20.90445188846751279, 2.163380462006339933, -7.515856461662686172 ) ) ;
#5659 =( GEOMETRIC_REPRESENTATION_CONTEXT ( 3 ) GLOBAL_UNCERTAINTY_ASSIGNED_CONTEXT ( ( #5959 ) ) GLOBAL_UNIT_ASSIGNED_CONTEXT ( ( #2711, #11700, #2529 ) ) REPRESENTATION_CONTEXT ( 'NONE', 'WORKASPACE' ) );
#5660 =( BOUNDED_CURVE ( )  B_SPLINE_CURVE ( 3, ( #9713, #985, #10745, #10867 ),
 .UNSPECIFIED., .F., .F. ) 
 B_SPLINE_CURVE_WITH_KNOTS ( ( 4, 4 ),
 ( 3.141592653589793116, 4.712388980384689674 ),
 .UNSPECIFIED. ) 
 CURVE ( )  GEOMETRIC_REPRESENTATION_ITEM ( )  RATIONAL_B_SPLINE_CURVE ( ( 1.000000000000000000, 0.8047378541243649375, 0.8047378541243649375, 1.000000000000000000 ) ) 
 REPRESENTATION_ITEM ( '' )  );
#5661 = SURFACE_STYLE_FILL_AREA ( #3769 ) ;
#5662 = AXIS2_PLACEMENT_3D ( 'NONE', #8936, #9697, #11645 ) ;
#5663 = CARTESIAN_POINT ( 'NONE',  ( 6.517052631578944322, 10.92999999999999794, -17.91499999999999204 ) ) ;
#5664 = FILL_AREA_STYLE ('',( #8482 ) ) ;
#5665 = VERTEX_POINT ( 'NONE', #10606 ) ;
#5666 = ADVANCED_FACE ( 'NONE', ( #2581 ), #6459, .F. ) ;
#5667 = EDGE_CURVE ( 'NONE', #8521, #2798, #9695, .T. ) ;
#5668 =( LENGTH_UNIT ( ) NAMED_UNIT ( * ) SI_UNIT ( .MILLI., .METRE. ) );
#5669 = STYLED_ITEM ( 'NONE', ( #7514 ), #1808 ) ;
#5670 = VERTEX_POINT ( 'NONE', #5809 ) ;
#5671 = CYLINDRICAL_SURFACE ( 'NONE', #10422, 1.587500000000002132 ) ;
#5672 = FILL_AREA_STYLE ('',( #3074 ) ) ;
#5673 = EDGE_LOOP ( 'NONE', ( #658, #205, #7586, #5424 ) ) ;
#5674 = DIRECTION ( 'NONE',  ( 1.000000000000000000, 0.000000000000000000, 0.000000000000000000 ) ) ;
#5675 = PRESENTATION_LAYER_ASSIGNMENT (  '', '', ( #7095 ) ) ;
#5676 = EDGE_LOOP ( 'NONE', ( #12434, #2804, #12610, #9772 ) ) ;
#5677 = DIRECTION ( 'NONE',  ( 1.000000000000000000, 0.000000000000000000, 0.000000000000000000 ) ) ;
#5678 = AXIS2_PLACEMENT_3D ( 'NONE', #5036, #5104, #10843 ) ;
#5679 = SURFACE_STYLE_USAGE ( .BOTH. , #5359 ) ;
#5680 = DIRECTION ( 'NONE',  ( -0.000000000000000000, -1.000000000000000000, -0.000000000000000000 ) ) ;
#5681 = ADVANCED_FACE ( 'NONE', ( #10727 ), #7018, .T. ) ;
#5682 = SURFACE_STYLE_USAGE ( .BOTH. , #4853 ) ;
#5683 = CARTESIAN_POINT ( 'NONE',  ( -7.488421052631572650, 2.929999999999998384, 18.41499999999999915 ) ) ;
#5684 = ORIENTED_EDGE ( 'NONE', *, *, #3128, .F. ) ;
#5685 = PRESENTATION_LAYER_ASSIGNMENT (  '', '', ( #1002 ) ) ;
#5686 = CARTESIAN_POINT ( 'NONE',  ( 16.00315789473683736, 11.42999999999999972, 18.41499999999999915 ) ) ;
#5687 = ORIENTED_EDGE ( 'NONE', *, *, #6995, .T. ) ;
#5688 = CARTESIAN_POINT ( 'NONE',  ( -23.62199999999999633, 1.778000000000000025, -13.08100000000000840 ) ) ;
#5689 = EDGE_CURVE ( 'NONE', #1206, #2071, #2173, .T. ) ;
#5690 = STYLED_ITEM ( 'NONE', ( #3382 ), #2272 ) ;
#5691 = EDGE_CURVE ( 'NONE', #10968, #12026, #9822, .T. ) ;
#5692 = PRESENTATION_STYLE_ASSIGNMENT (( #1805 ) ) ;
#5693 = CARTESIAN_POINT ( 'NONE',  ( -13.95052631578947278, 11.42999999999999972, 18.41499999999999915 ) ) ;
#5694 = ORIENTED_EDGE ( 'NONE', *, *, #6211, .T. ) ;
#5695 = PRESENTATION_LAYER_ASSIGNMENT (  '', '', ( #11208 ) ) ;
#5696 = AXIS2_PLACEMENT_3D ( 'NONE', #9717, #5065, #988 ) ;
#5697 = CARTESIAN_POINT ( 'NONE',  ( 5.755052631578949196, 2.929999999999998384, -17.91499999999999204 ) ) ;
#5698 =( LENGTH_UNIT ( ) NAMED_UNIT ( * ) SI_UNIT ( .MILLI., .METRE. ) );
#5699 = CARTESIAN_POINT ( 'NONE',  ( -23.43663157894736671, 1.778000000000000025, -7.179213561880927408 ) ) ;
#5700 = ORIENTED_EDGE ( 'NONE', *, *, #1511, .T. ) ;
#5701 = FILL_AREA_STYLE ('',( #8642 ) ) ;
#5702 = PLANE ( 'NONE',  #7923 ) ;
#5703 = ORIENTED_EDGE ( 'NONE', *, *, #1741, .T. ) ;
#5704 = AXIS2_PLACEMENT_3D ( 'NONE', #3047, #146, #5956 ) ;
#5705 = STYLED_ITEM ( 'NONE', ( #1157 ), #6582 ) ;
#5706 = CARTESIAN_POINT ( 'NONE',  ( -28.95599999999999596, 11.42999999999999972, 18.41499999999999915 ) ) ;
#5707 = PRESENTATION_STYLE_ASSIGNMENT (( #3745 ) ) ;
#5708 = ORIENTED_EDGE ( 'NONE', *, *, #913, .F. ) ;
#5709 = SURFACE_SIDE_STYLE ('',( #12395 ) ) ;
#5710 = CARTESIAN_POINT ( 'NONE',  ( -27.19399999999999196, 2.929999999999998384, -18.41499999999999915 ) ) ;
#5711 = SURFACE_STYLE_USAGE ( .BOTH. , #678 ) ;
#5712 = FILL_AREA_STYLE ('',( #9479 ) ) ;
#5713 = EDGE_CURVE ( 'NONE', #1417, #4562, #9337, .T. ) ;
#5714 = LINE ( 'NONE', #6803, #12141 ) ;
#5715 = DIRECTION ( 'NONE',  ( -0.000000000000000000, 1.000000000000000000, -0.000000000000000000 ) ) ;
#5716 = ORIENTED_EDGE ( 'NONE', *, *, #9599, .T. ) ;
#5717 = FILL_AREA_STYLE ('',( #9552 ) ) ;
#5718 = ORIENTED_EDGE ( 'NONE', *, *, #178, .T. ) ;
#5719 = SURFACE_SIDE_STYLE ('',( #8476 ) ) ;
#5720 = SURFACE_STYLE_USAGE ( .BOTH. , #4767 ) ;
#5721 = EDGE_CURVE ( 'NONE', #9441, #4562, #571, .T. ) ;
#5722 = DIRECTION ( 'NONE',  ( 0.000000000000000000, 0.000000000000000000, -1.000000000000000000 ) ) ;
#5723 = MECHANICAL_DESIGN_GEOMETRIC_PRESENTATION_REPRESENTATION (  '', ( #9 ), #7752 ) ;
#5724 =( NAMED_UNIT ( * ) SI_UNIT ( $, .STERADIAN. ) SOLID_ANGLE_UNIT ( ) );
#5725 = PLANE ( 'NONE',  #5953 ) ;
#5726 =( NAMED_UNIT ( * ) PLANE_ANGLE_UNIT ( ) SI_UNIT ( $, .RADIAN. ) );
#5727 = VERTEX_POINT ( 'NONE', #10915 ) ;
#5728 = DIRECTION ( 'NONE',  ( 1.000000000000000000, 0.000000000000000000, 0.000000000000000000 ) ) ;
#5729 = ORIENTED_EDGE ( 'NONE', *, *, #4302, .T. ) ;
#5730 = FILL_AREA_STYLE_COLOUR ( '', #1046 ) ;
#5731 = DIRECTION ( 'NONE',  ( -0.000000000000000000, -0.000000000000000000, 1.000000000000000000 ) ) ;
#5732 = MECHANICAL_DESIGN_GEOMETRIC_PRESENTATION_REPRESENTATION (  '', ( #11246 ), #2286 ) ;
#5733 = ORIENTED_EDGE ( 'NONE', *, *, #8914, .F. ) ;
#5734 = PRESENTATION_LAYER_ASSIGNMENT (  '', '', ( #11247 ) ) ;
#5735 = VECTOR ( 'NONE', #6133, 1000.000000000000000 ) ;
#5736 = ORIENTED_EDGE ( 'NONE', *, *, #5591, .T. ) ;
#5737 =( BOUNDED_CURVE ( )  B_SPLINE_CURVE ( 3, ( #5832, #7930, #3175, #5892 ),
 .UNSPECIFIED., .F., .F. ) 
 B_SPLINE_CURVE_WITH_KNOTS ( ( 4, 4 ),
 ( 1.570796326794896336, 3.141592653589792672 ),
 .UNSPECIFIED. ) 
 CURVE ( )  GEOMETRIC_REPRESENTATION_ITEM ( )  RATIONAL_B_SPLINE_CURVE ( ( 1.000000000000000000, 0.8047378541243650485, 0.8047378541243650485, 1.000000000000000000 ) ) 
 REPRESENTATION_ITEM ( '' )  );
#5738 = COLOUR_RGB ( '',0.2509803921568627416, 0.2509803921568627416, 0.2509803921568627416 ) ;
#5739 = CARTESIAN_POINT ( 'NONE',  ( 21.10239247408668817, 2.233085622495479594, 7.445574536904139507 ) ) ;
#5740 = FILL_AREA_STYLE_COLOUR ( '', #9685 ) ;
#5741 = EDGE_CURVE ( 'NONE', #11470, #3998, #10658, .T. ) ;
#5742 = CARTESIAN_POINT ( 'NONE',  ( 28.45599999999999596, 1.277999999999999581, 18.41499999999999915 ) ) ;
#5743 = COLOUR_RGB ( '',0.2509803921568627416, 0.2509803921568627416, 0.2509803921568627416 ) ;
#5744 = DIRECTION ( 'NONE',  ( -0.000000000000000000, -0.000000000000000000, 1.000000000000000000 ) ) ;
#5745 = ORIENTED_EDGE ( 'NONE', *, *, #1174, .T. ) ;
#5746 = PRESENTATION_STYLE_ASSIGNMENT (( #10792 ) ) ;
#5747 = FACE_OUTER_BOUND ( 'NONE', #8517, .T. ) ;
#5748 = VERTEX_POINT ( 'NONE', #4852 ) ;
#5749 = FILL_AREA_STYLE_COLOUR ( '', #12272 ) ;
#5750 = FILL_AREA_STYLE_COLOUR ( '', #4790 ) ;
#5751 = DIRECTION ( 'NONE',  ( -0.000000000000000000, 1.000000000000000000, -0.000000000000000000 ) ) ;
#5752 = COLOUR_RGB ( '',0.2509803921568627416, 0.2509803921568627416, 0.2509803921568627416 ) ;
#5753 = DIRECTION ( 'NONE',  ( 0.000000000000000000, 0.000000000000000000, 1.000000000000000000 ) ) ;
#5754 = ORIENTED_EDGE ( 'NONE', *, *, #5181, .T. ) ;
#5755 = PRESENTATION_LAYER_ASSIGNMENT (  '', '', ( #7374 ) ) ;
#5756 = CARTESIAN_POINT ( 'NONE',  ( 4.493052631578951406, 2.929999999999998384, -18.41499999999999559 ) ) ;
#5757 = ADVANCED_FACE ( 'NONE', ( #8755 ), #9002, .F. ) ;
#5758 = SURFACE_STYLE_USAGE ( .BOTH. , #11594 ) ;
#5759 = CARTESIAN_POINT ( 'NONE',  ( -28.95599999999999596, 0.000000000000000000, -18.41499999999999559 ) ) ;
#5760 = EDGE_CURVE ( 'NONE', #1345, #10652, #11971, .T. ) ;
#5761 = AXIS2_PLACEMENT_3D ( 'NONE', #8434, #3604, #1669 ) ;
#5762 =( NAMED_UNIT ( * ) PLANE_ANGLE_UNIT ( ) SI_UNIT ( $, .RADIAN. ) );
#5763 =( NAMED_UNIT ( * ) PLANE_ANGLE_UNIT ( ) SI_UNIT ( $, .RADIAN. ) );
#5764 = VERTEX_POINT ( 'NONE', #1351 ) ;
#5765 = FILL_AREA_STYLE_COLOUR ( '', #6886 ) ;
#5766 = ORIENTED_EDGE ( 'NONE', *, *, #1171, .F. ) ;
#5767 = SURFACE_STYLE_USAGE ( .BOTH. , #6868 ) ;
#5768 = COLOUR_RGB ( '',0.2509803921568627416, 0.2509803921568627416, 0.2509803921568627416 ) ;
#5769 = PRESENTATION_LAYER_ASSIGNMENT (  '', '', ( #5969 ) ) ;
#5770 = CARTESIAN_POINT ( 'NONE',  ( 5.755052631578949196, 2.929999999999998384, -18.41499999999999915 ) ) ;
#5771 = FILL_AREA_STYLE_COLOUR ( '', #5743 ) ;
#5772 = CARTESIAN_POINT ( 'NONE',  ( -28.77403911013888660, 0.000000000000000000, -16.04909413020575215 ) ) ;
#5773 = EDGE_CURVE ( 'NONE', #6768, #5244, #987, .T. ) ;
#5774 = VECTOR ( 'NONE', #189, 1000.000000000000000 ) ;
#5775 = SURFACE_STYLE_USAGE ( .BOTH. , #2080 ) ;
#5776 = EDGE_CURVE ( 'NONE', #1432, #304, #252, .T. ) ;
#5777 = VECTOR ( 'NONE', #9424, 1000.000000000000000 ) ;
#5778 =( GEOMETRIC_REPRESENTATION_CONTEXT ( 3 ) GLOBAL_UNCERTAINTY_ASSIGNED_CONTEXT ( ( #367 ) ) GLOBAL_UNIT_ASSIGNED_CONTEXT ( ( #10058, #8128, #4551 ) ) REPRESENTATION_CONTEXT ( 'NONE', 'WORKASPACE' ) );
#5779 = EDGE_LOOP ( 'NONE', ( #6728, #4031, #9201, #4179 ) ) ;
#5780 = AXIS2_PLACEMENT_3D ( 'NONE', #8478, #3642, #7495 ) ;
#5781 = ADVANCED_FACE ( 'NONE', ( #2503 ), #7323, .T. ) ;
#5782 = FACE_OUTER_BOUND ( 'NONE', #7326, .T. ) ;
#5783 = CYLINDRICAL_SURFACE ( 'NONE', #10349, 4.999999999999999112 ) ;
#5784 = CARTESIAN_POINT ( 'NONE',  ( -17.44589473684210645, 10.92999999999999794, 17.91499999999999915 ) ) ;
#5785 = ORIENTED_EDGE ( 'NONE', *, *, #487, .T. ) ;
#5786 = DIRECTION ( 'NONE',  ( 0.000000000000000000, 0.000000000000000000, 1.000000000000000000 ) ) ;
#5787 = MECHANICAL_DESIGN_GEOMETRIC_PRESENTATION_REPRESENTATION (  '', ( #2122 ), #2351 ) ;
#5788 = CARTESIAN_POINT ( 'NONE',  ( 13.00778947368420901, 11.42999999999999972, -18.41499999999999559 ) ) ;
#5789 =( LENGTH_UNIT ( ) NAMED_UNIT ( * ) SI_UNIT ( .MILLI., .METRE. ) );
#5790 = AXIS2_PLACEMENT_3D ( 'NONE', #8789, #9856, #2923 ) ;
#5791 = MECHANICAL_DESIGN_GEOMETRIC_PRESENTATION_REPRESENTATION (  '', ( #11300 ), #7220 ) ;
#5792 =( GEOMETRIC_REPRESENTATION_CONTEXT ( 3 ) GLOBAL_UNCERTAINTY_ASSIGNED_CONTEXT ( ( #2290 ) ) GLOBAL_UNIT_ASSIGNED_CONTEXT ( ( #8773, #7790, #6858 ) ) REPRESENTATION_CONTEXT ( 'NONE', 'WORKASPACE' ) );
#5793 =( GEOMETRIC_REPRESENTATION_CONTEXT ( 3 ) GLOBAL_UNCERTAINTY_ASSIGNED_CONTEXT ( ( #9769 ) ) GLOBAL_UNIT_ASSIGNED_CONTEXT ( ( #2756, #12225, #6448 ) ) REPRESENTATION_CONTEXT ( 'NONE', 'WORKASPACE' ) );
#5794 = FACE_OUTER_BOUND ( 'NONE', #10090, .T. ) ;
#5795 = VERTEX_POINT ( 'NONE', #4340 ) ;
#5796 = EDGE_LOOP ( 'NONE', ( #12043, #2561, #9672, #10813 ) ) ;
#5797 = STYLED_ITEM ( 'NONE', ( #8912 ), #12412 ) ;
#5798 = VECTOR ( 'NONE', #4599, 1000.000000000000000 ) ;
#5799 = CARTESIAN_POINT ( 'NONE',  ( -4.964421052631579734, 11.42999999999999972, -18.41499999999999559 ) ) ;
#5800 = LINE ( 'NONE', #4838, #6821 ) ;
#5801 = STYLED_ITEM ( 'NONE', ( #11201 ), #2471 ) ;
#5802 = ORIENTED_EDGE ( 'NONE', *, *, #1549, .F. ) ;
#5803 = CARTESIAN_POINT ( 'NONE',  ( 28.07018770830613619, 0.5000000000000000000, 15.98132094865076169 ) ) ;
#5804 = DIRECTION ( 'NONE',  ( 3.171074514085604378E-13, 0.000000000000000000, -1.000000000000000000 ) ) ;
#5805 = CARTESIAN_POINT ( 'NONE',  ( 28.95599999999999952, 11.42999999999999972, -6.972106780694380390 ) ) ;
#5806 = ORIENTED_EDGE ( 'NONE', *, *, #5884, .F. ) ;
#5807 = AXIS2_PLACEMENT_3D ( 'NONE', #1286, #12285, #7204 ) ;
#5808 = PRESENTATION_LAYER_ASSIGNMENT (  '', '', ( #729 ) ) ;
#5809 = CARTESIAN_POINT ( 'NONE',  ( 28.95599999999999596, 1.277999999999999581, 6.679213561880927408 ) ) ;
#5810 = FILL_AREA_STYLE_COLOUR ( '', #1560 ) ;
#5811 = AXIS2_PLACEMENT_3D ( 'NONE', #5823, #10674, #3138 ) ;
#5812 = ORIENTED_EDGE ( 'NONE', *, *, #5543, .T. ) ;
#5813 = PRESENTATION_STYLE_ASSIGNMENT (( #8821 ) ) ;
#5814 = VERTEX_POINT ( 'NONE', #10159 ) ;
#5815 = EDGE_CURVE ( 'NONE', #2761, #1622, #11229, .T. ) ;
#5816 = DIRECTION ( 'NONE',  ( -4.081702296416016490E-16, 1.000000000000000000, -0.000000000000000000 ) ) ;
#5817 = DIRECTION ( 'NONE',  ( 0.000000000000000000, 0.000000000000000000, -1.000000000000000000 ) ) ;
#5818 = UNCERTAINTY_MEASURE_WITH_UNIT (LENGTH_MEASURE( 1.000000000000000082E-05 ), #596, 'distance_accuracy_value', 'NONE');
#5819 = CARTESIAN_POINT ( 'NONE',  ( 12.50778947368420901, 10.92999999999999794, 17.91499999999999915 ) ) ;
#5820 = DIRECTION ( 'NONE',  ( -6.938893903907222067E-15, -1.000000000000000000, 0.000000000000000000 ) ) ;
#5821 = PRESENTATION_LAYER_ASSIGNMENT (  '', '', ( #12387 ) ) ;
#5822 = VERTEX_POINT ( 'NONE', #10982 ) ;
#5823 = CARTESIAN_POINT ( 'NONE',  ( -0.2356842105263115550, 2.929999999999998384, 17.91499999999999915 ) ) ;
#5824 = SURFACE_SIDE_STYLE ('',( #1944 ) ) ;
#5825 =( NAMED_UNIT ( * ) SI_UNIT ( $, .STERADIAN. ) SOLID_ANGLE_UNIT ( ) );
#5826 = CARTESIAN_POINT ( 'NONE',  ( 0.7334225706602316430, 11.42999999999999972, -18.41499999999999559 ) ) ;
#5827 = COLOUR_RGB ( '',0.2509803921568627416, 0.2509803921568627416, 0.2509803921568627416 ) ;
#5828 =( NAMED_UNIT ( * ) PLANE_ANGLE_UNIT ( ) SI_UNIT ( $, .RADIAN. ) );
#5829 = SURFACE_STYLE_FILL_AREA ( #10809 ) ;
#5830 = ORIENTED_EDGE ( 'NONE', *, *, #5918, .T. ) ;
#5831 =( NAMED_UNIT ( * ) SI_UNIT ( $, .STERADIAN. ) SOLID_ANGLE_UNIT ( ) );
#5832 = CARTESIAN_POINT ( 'NONE',  ( -15.97452631578947013, 10.92999999999999794, -17.91499999999999204 ) ) ;
#5833 = ORIENTED_EDGE ( 'NONE', *, *, #3002, .F. ) ;
#5834 = EDGE_CURVE ( 'NONE', #9916, #2798, #3040, .T. ) ;
#5835 = CARTESIAN_POINT ( 'NONE',  ( -28.95599999999999596, 11.42999999999999972, -18.41499999999999559 ) ) ;
#5836 = DIRECTION ( 'NONE',  ( 1.000000000000000000, 0.000000000000000000, 0.000000000000000000 ) ) ;
#5837 = DIRECTION ( 'NONE',  ( -0.000000000000000000, 1.000000000000000000, -0.000000000000000000 ) ) ;
#5838 = DIRECTION ( 'NONE',  ( 1.000000000000000000, 0.000000000000000000, 0.000000000000000000 ) ) ;
#5839 = AXIS2_PLACEMENT_3D ( 'NONE', #2732, #6676, #10387 ) ;
#5840 = PRESENTATION_STYLE_ASSIGNMENT (( #998 ) ) ;
#5841 = CARTESIAN_POINT ( 'NONE',  ( 22.39704597387198604, 1.778000000000000025, -14.09077417469095650 ) ) ;
#5842 = VECTOR ( 'NONE', #7167, 1000.000000000000000 ) ;
#5843 = VERTEX_POINT ( 'NONE', #4463 ) ;
#5844 = PRESENTATION_LAYER_ASSIGNMENT (  '', '', ( #12638 ) ) ;
#5845 = FACE_OUTER_BOUND ( 'NONE', #561, .T. ) ;
#5846 = ADVANCED_FACE ( 'NONE', ( #6442 ), #8351, .F. ) ;
#5847 = DIRECTION ( 'NONE',  ( -1.000000000000000000, 0.000000000000000000, 0.000000000000000000 ) ) ;
#5848 = FILL_AREA_STYLE_COLOUR ( '', #8753 ) ;
#5849 = LINE ( 'NONE', #7756, #2526 ) ;
#5850 = FILL_AREA_STYLE_COLOUR ( '', #10132 ) ;
#5851 = VECTOR ( 'NONE', #4498, 1000.000000000000000 ) ;
#5852 =( NAMED_UNIT ( * ) PLANE_ANGLE_UNIT ( ) SI_UNIT ( $, .RADIAN. ) );
#5853 = SURFACE_SIDE_STYLE ('',( #3890 ) ) ;
#5854 = ORIENTED_EDGE ( 'NONE', *, *, #11602, .T. ) ;
#5855 = VERTEX_POINT ( 'NONE', #5882 ) ;
#5856 =( NAMED_UNIT ( * ) PLANE_ANGLE_UNIT ( ) SI_UNIT ( $, .RADIAN. ) );
#5857 = ORIENTED_EDGE ( 'NONE', *, *, #808, .F. ) ;
#5858 = DIRECTION ( 'NONE',  ( 4.081702296416016490E-16, -1.000000000000000000, 0.000000000000000000 ) ) ;
#5859 = CARTESIAN_POINT ( 'NONE',  ( 18.49852631578947282, 2.929999999999998384, 9.500154623337628834 ) ) ;
#5860 = DIRECTION ( 'NONE',  ( -1.000000000000000000, -0.000000000000000000, -0.000000000000000000 ) ) ;
#5861 = ORIENTED_EDGE ( 'NONE', *, *, #3045, .T. ) ;
#5862 = EDGE_CURVE ( 'NONE', #12313, #7090, #10864, .T. ) ;
#5863 = CARTESIAN_POINT ( 'NONE',  ( -16.94589473684210290, 11.42999999999999972, -18.41499999999999559 ) ) ;
#5864 = UNCERTAINTY_MEASURE_WITH_UNIT (LENGTH_MEASURE( 1.000000000000000082E-05 ), #7979, 'distance_accuracy_value', 'NONE');
#5865 = SURFACE_STYLE_FILL_AREA ( #1150 ) ;
#5866 = ADVANCED_FACE ( 'NONE', ( #4923 ), #7856, .F. ) ;
#5867 = DIRECTION ( 'NONE',  ( 0.000000000000000000, -0.000000000000000000, -1.000000000000000000 ) ) ;
#5868 = CARTESIAN_POINT ( 'NONE',  ( -17.51310678069438609, 1.570893218813450787, -18.41499999999999559 ) ) ;
#5869 = VECTOR ( 'NONE', #9259, 1000.000000000000000 ) ;
#5870 = LINE ( 'NONE', #9760, #9880 ) ;
#5871 = ORIENTED_EDGE ( 'NONE', *, *, #4358, .T. ) ;
#5872 = LINE ( 'NONE', #7913, #10251 ) ;
#5873 = CIRCLE ( 'NONE', #4232, 0.7619999999999970131 ) ;
#5874 = ORIENTED_EDGE ( 'NONE', *, *, #3099, .T. ) ;
#5875 = LINE ( 'NONE', #7025, #10410 ) ;
#5876 = AXIS2_PLACEMENT_3D ( 'NONE', #6875, #5965, #3880 ) ;
#5877 =( LENGTH_UNIT ( ) NAMED_UNIT ( * ) SI_UNIT ( .MILLI., .METRE. ) );
#5878 = CARTESIAN_POINT ( 'NONE',  ( -1.969052631578947832, 11.42999999999999972, -17.91499999999999204 ) ) ;
#5879 = DIRECTION ( 'NONE',  ( -1.000000000000000000, -4.081702296416016490E-16, 0.000000000000000000 ) ) ;
#5880 = ORIENTED_EDGE ( 'NONE', *, *, #1405, .F. ) ;
#5881 = COLOUR_RGB ( '',0.2509803921568627416, 0.2509803921568627416, 0.2509803921568627416 ) ;
#5882 = CARTESIAN_POINT ( 'NONE',  ( -28.45599999999999596, 0.1141877083061495907, 16.16328183851187816 ) ) ;
#5883 = CARTESIAN_POINT ( 'NONE',  ( -22.72021356188092511, 10.92999999999999794, -12.17921356188092652 ) ) ;
#5884 = EDGE_CURVE ( 'NONE', #9814, #3487, #1318, .T. ) ;
#5885 = COLOUR_RGB ( '',0.2509803921568627416, 0.2509803921568627416, 0.2509803921568627416 ) ;
#5886 = DIRECTION ( 'NONE',  ( -0.000000000000000000, 1.000000000000000000, 0.000000000000000000 ) ) ;
#5887 = DIRECTION ( 'NONE',  ( 0.000000000000000000, 0.000000000000000000, 1.000000000000000000 ) ) ;
#5888 = ORIENTED_EDGE ( 'NONE', *, *, #6558, .F. ) ;
#5889 = DIRECTION ( 'NONE',  ( 0.000000000000000000, 0.000000000000000000, 1.000000000000000000 ) ) ;
#5890 = EDGE_LOOP ( 'NONE', ( #6716, #9826, #11321, #2825 ) ) ;
#5891 = CARTESIAN_POINT ( 'NONE',  ( 17.22021356188092867, 1.277999999999999581, -18.41499999999999559 ) ) ;
#5892 = CARTESIAN_POINT ( 'NONE',  ( -16.47452631578947191, 11.42999999999999972, -18.41499999999999559 ) ) ;
#5893 = AXIS2_PLACEMENT_3D ( 'NONE', #10263, #1523, #2494 ) ;
#5894 = ORIENTED_EDGE ( 'NONE', *, *, #7647, .T. ) ;
#5895 = CARTESIAN_POINT ( 'NONE',  ( 7.988421052631575314, 10.92999999999999794, 17.91499999999999915 ) ) ;
#5896 = FACE_OUTER_BOUND ( 'NONE', #8251, .T. ) ;
#5897 = AXIS2_PLACEMENT_3D ( 'NONE', #5770, #5572, #9538 ) ;
#5898 = CARTESIAN_POINT ( 'NONE',  ( 27.48463157894736497, 1.778000000000000025, 7.179213561880927408 ) ) ;
#5899 = CARTESIAN_POINT ( 'NONE',  ( 10.48378947368420988, 11.43000000000001393, 18.41499999999999915 ) ) ;
#5900 = CARTESIAN_POINT ( 'NONE',  ( -24.84695402612799953, 1.778000000000000025, -12.07122582530905142 ) ) ;
#5901 = MECHANICAL_DESIGN_GEOMETRIC_PRESENTATION_REPRESENTATION (  '', ( #2473 ), #6104 ) ;
#5902 = STYLED_ITEM ( 'NONE', ( #5600 ), #6656 ) ;
#5903 = EDGE_CURVE ( 'NONE', #4931, #7751, #10675, .T. ) ;
#5904 = DIRECTION ( 'NONE',  ( 0.000000000000000000, 0.000000000000000000, 1.000000000000000000 ) ) ;
#5905 =( NAMED_UNIT ( * ) SI_UNIT ( $, .STERADIAN. ) SOLID_ANGLE_UNIT ( ) );
#5906 = PLANE ( 'NONE',  #6304 ) ;
#5907 = ADVANCED_FACE ( 'NONE', ( #1168 ), #427, .T. ) ;
#5908 = FILL_AREA_STYLE_COLOUR ( '', #11505 ) ;
#5909 = FILL_AREA_STYLE ('',( #5022 ) ) ;
#5910 = DIRECTION ( 'NONE',  ( 0.000000000000000000, -1.000000000000000000, -0.000000000000000000 ) ) ;
#5911 = EDGE_CURVE ( 'NONE', #134, #5795, #9818, .T. ) ;
#5912 = DIRECTION ( 'NONE',  ( 0.000000000000000000, -0.000000000000000000, -1.000000000000000000 ) ) ;
#5913 =( NAMED_UNIT ( * ) PLANE_ANGLE_UNIT ( ) SI_UNIT ( $, .RADIAN. ) );
#5914 = EDGE_CURVE ( 'NONE', #8901, #10985, #5395, .T. ) ;
#5915 =( LENGTH_UNIT ( ) NAMED_UNIT ( * ) SI_UNIT ( .MILLI., .METRE. ) );
#5916 =( GEOMETRIC_REPRESENTATION_CONTEXT ( 3 ) GLOBAL_UNCERTAINTY_ASSIGNED_CONTEXT ( ( #3080 ) ) GLOBAL_UNIT_ASSIGNED_CONTEXT ( ( #10668, #10922, #9703 ) ) REPRESENTATION_CONTEXT ( 'NONE', 'WORKASPACE' ) );
#5917 = ORIENTED_EDGE ( 'NONE', *, *, #6079, .T. ) ;
#5918 = EDGE_CURVE ( 'NONE', #5504, #6194, #11606, .T. ) ;
#5919 = ORIENTED_EDGE ( 'NONE', *, *, #1349, .T. ) ;
#5920 = CARTESIAN_POINT ( 'NONE',  ( 8.750421052631576657, 2.929999999999998384, -18.41499999999999559 ) ) ;
#5921 = ORIENTED_EDGE ( 'NONE', *, *, #11749, .T. ) ;
#5922 = CYLINDRICAL_SURFACE ( 'NONE', #11603, 0.5000000000000004441 ) ;
#5923 =( LENGTH_UNIT ( ) NAMED_UNIT ( * ) SI_UNIT ( .MILLI., .METRE. ) );
#5924 = FILL_AREA_STYLE ('',( #10779 ) ) ;
#5925 = ORIENTED_EDGE ( 'NONE', *, *, #5041, .T. ) ;
#5926 =( GEOMETRIC_REPRESENTATION_CONTEXT ( 3 ) GLOBAL_UNCERTAINTY_ASSIGNED_CONTEXT ( ( #9946 ) ) GLOBAL_UNIT_ASSIGNED_CONTEXT ( ( #11301, #10344, #705 ) ) REPRESENTATION_CONTEXT ( 'NONE', 'WORKASPACE' ) );
#5927 = CARTESIAN_POINT ( 'NONE',  ( 21.49389473684210117, 2.929999999999998384, 7.331931628739901008 ) ) ;
#5928 = DIRECTION ( 'NONE',  ( 0.000000000000000000, 0.000000000000000000, -1.000000000000000000 ) ) ;
#5929 = CYLINDRICAL_SURFACE ( 'NONE', #12180, 0.7619999999999970131 ) ;
#5930 = DIRECTION ( 'NONE',  ( 1.000000000000000000, 0.000000000000000000, 0.000000000000000000 ) ) ;
#5931 = ORIENTED_EDGE ( 'NONE', *, *, #3447, .T. ) ;
#5932 =( NAMED_UNIT ( * ) PLANE_ANGLE_UNIT ( ) SI_UNIT ( $, .RADIAN. ) );
#5933 =( NAMED_UNIT ( * ) PLANE_ANGLE_UNIT ( ) SI_UNIT ( $, .RADIAN. ) );
#5934 = ORIENTED_EDGE ( 'NONE', *, *, #4396, .F. ) ;
#5935 = PRESENTATION_LAYER_ASSIGNMENT (  '', '', ( #1254 ) ) ;
#5936 =( GEOMETRIC_REPRESENTATION_CONTEXT ( 3 ) GLOBAL_UNCERTAINTY_ASSIGNED_CONTEXT ( ( #3338 ) ) GLOBAL_UNIT_ASSIGNED_CONTEXT ( ( #1826, #6426, #7614 ) ) REPRESENTATION_CONTEXT ( 'NONE', 'WORKASPACE' ) );
#5937 = DIRECTION ( 'NONE',  ( -0.000000000000000000, -0.000000000000000000, 1.000000000000000000 ) ) ;
#5938 = SURFACE_SIDE_STYLE ('',( #7850 ) ) ;
#5939 = UNCERTAINTY_MEASURE_WITH_UNIT (LENGTH_MEASURE( 1.000000000000000082E-05 ), #4398, 'distance_accuracy_value', 'NONE');
#5940 = ADVANCED_FACE ( 'NONE', ( #9182 ), #8271, .T. ) ;
#5941 = DIRECTION ( 'NONE',  ( -0.000000000000000000, -0.000000000000000000, -1.000000000000000000 ) ) ;
#5942 = CARTESIAN_POINT ( 'NONE',  ( -25.21955007710170449, -0.000000000000000000, -18.30081229169384827 ) ) ;
#5943 = EDGE_CURVE ( 'NONE', #5195, #5005, #7443, .T. ) ;
#5944 = DIRECTION ( 'NONE',  ( 0.000000000000000000, 0.000000000000000000, -1.000000000000000000 ) ) ;
#5945 = ORIENTED_EDGE ( 'NONE', *, *, #7929, .F. ) ;
#5946 = DIRECTION ( 'NONE',  ( 1.000000000000000000, 0.000000000000000000, -6.938893903907221278E-15 ) ) ;
#5947 = FILL_AREA_STYLE_COLOUR ( '', #11816 ) ;
#5948 = CIRCLE ( 'NONE', #8808, 4.999999999999999112 ) ;
#5949 = SURFACE_STYLE_FILL_AREA ( #12566 ) ;
#5950 = EDGE_LOOP ( 'NONE', ( #2622, #6132, #4662, #10665 ) ) ;
#5951 = CARTESIAN_POINT ( 'NONE',  ( 13.47915789473684356, 2.929999999999998384, 17.91499999999999915 ) ) ;
#5952 = ORIENTED_EDGE ( 'NONE', *, *, #9925, .F. ) ;
#5953 = AXIS2_PLACEMENT_3D ( 'NONE', #11566, #889, #3889 ) ;
#5954 = CARTESIAN_POINT ( 'NONE',  ( 17.72021356188092867, 1.777999999999999581, -18.20789321881344591 ) ) ;
#5955 = VECTOR ( 'NONE', #10858, 1000.000000000000000 ) ;
#5956 = DIRECTION ( 'NONE',  ( 0.000000000000000000, 0.000000000000000000, 1.000000000000000000 ) ) ;
#5957 = VERTEX_POINT ( 'NONE', #9238 ) ;
#5958 =( LENGTH_UNIT ( ) NAMED_UNIT ( * ) SI_UNIT ( .MILLI., .METRE. ) );
#5959 = UNCERTAINTY_MEASURE_WITH_UNIT (LENGTH_MEASURE( 1.000000000000000082E-05 ), #2711, 'distance_accuracy_value', 'NONE');
#5960 = LINE ( 'NONE', #7993, #10336 ) ;
#5961 = COLOUR_RGB ( '',0.2509803921568627416, 0.2509803921568627416, 0.2509803921568627416 ) ;
#5962 = DIRECTION ( 'NONE',  ( -0.000000000000000000, 1.000000000000000000, -0.000000000000000000 ) ) ;
#5963 = AXIS2_PLACEMENT_3D ( 'NONE', #10471, #10407, #711 ) ;
#5964 = FILL_AREA_STYLE ('',( #3817 ) ) ;
#5965 = DIRECTION ( 'NONE',  ( 0.000000000000000000, 0.000000000000000000, 1.000000000000000000 ) ) ;
#5966 = SURFACE_STYLE_FILL_AREA ( #10635 ) ;
#5967 = AXIS2_PLACEMENT_3D ( 'NONE', #4663, #6465, #9452 ) ;
#5968 =( GEOMETRIC_REPRESENTATION_CONTEXT ( 3 ) GLOBAL_UNCERTAINTY_ASSIGNED_CONTEXT ( ( #10081 ) ) GLOBAL_UNIT_ASSIGNED_CONTEXT ( ( #491, #8333, #5392 ) ) REPRESENTATION_CONTEXT ( 'NONE', 'WORKASPACE' ) );
#5969 = STYLED_ITEM ( 'NONE', ( #5341 ), #4525 ) ;
#5970 = DIRECTION ( 'NONE',  ( 1.000000000000000000, 0.000000000000000000, 0.000000000000000000 ) ) ;
#5971 = EDGE_CURVE ( 'NONE', #3998, #3089, #8313, .T. ) ;
#5972 = VECTOR ( 'NONE', #7277, 1000.000000000000000 ) ;
#5973 = FACE_OUTER_BOUND ( 'NONE', #10047, .T. ) ;
#5974 = PRESENTATION_STYLE_ASSIGNMENT (( #1904 ) ) ;
#5975 =( NAMED_UNIT ( * ) PLANE_ANGLE_UNIT ( ) SI_UNIT ( $, .RADIAN. ) );
#5976 = CARTESIAN_POINT ( 'NONE',  ( -27.95599999999999241, 1.778000000000005132, 7.179213561880927408 ) ) ;
#5977 = FILL_AREA_STYLE ('',( #5850 ) ) ;
#5978 =( LENGTH_UNIT ( ) NAMED_UNIT ( * ) SI_UNIT ( .MILLI., .METRE. ) );
#5979 =( GEOMETRIC_REPRESENTATION_CONTEXT ( 3 ) GLOBAL_UNCERTAINTY_ASSIGNED_CONTEXT ( ( #3612 ) ) GLOBAL_UNIT_ASSIGNED_CONTEXT ( ( #12596, #2677, #12527 ) ) REPRESENTATION_CONTEXT ( 'NONE', 'WORKASPACE' ) );
#5980 = PRESENTATION_STYLE_ASSIGNMENT (( #11092 ) ) ;
#5981 = UNCERTAINTY_MEASURE_WITH_UNIT (LENGTH_MEASURE( 1.000000000000000082E-05 ), #5143, 'distance_accuracy_value', 'NONE');
#5982 = SURFACE_STYLE_FILL_AREA ( #2094 ) ;
#5983 = ORIENTED_EDGE ( 'NONE', *, *, #3474, .T. ) ;
#5984 = VERTEX_POINT ( 'NONE', #8468 ) ;
#5985 = LINE ( 'NONE', #7699, #848 ) ;
#5986 = CARTESIAN_POINT ( 'NONE',  ( 10.01242105263157356, 2.929999999999998384, 17.91499999999999915 ) ) ;
#5987 = ORIENTED_EDGE ( 'NONE', *, *, #6130, .F. ) ;
#5988 = VECTOR ( 'NONE', #1783, 1000.000000000000000 ) ;
#5989 =( LENGTH_UNIT ( ) NAMED_UNIT ( * ) SI_UNIT ( .MILLI., .METRE. ) );
#5990 =( NAMED_UNIT ( * ) PLANE_ANGLE_UNIT ( ) SI_UNIT ( $, .RADIAN. ) );
#5991 = PRESENTATION_LAYER_ASSIGNMENT (  '', '', ( #492 ) ) ;
#5992 = FILL_AREA_STYLE ('',( #4151 ) ) ;
#5993 = VERTEX_POINT ( 'NONE', #2797 ) ;
#5994 = CIRCLE ( 'NONE', #494, 0.7619999999999953477 ) ;
#5995 = EDGE_CURVE ( 'NONE', #5814, #2071, #1772, .T. ) ;
#5996 = PRESENTATION_STYLE_ASSIGNMENT (( #116 ) ) ;
#5997 = VECTOR ( 'NONE', #2955, 1000.000000000000000 ) ;
#5998 = UNCERTAINTY_MEASURE_WITH_UNIT (LENGTH_MEASURE( 1.000000000000000082E-05 ), #2350, 'distance_accuracy_value', 'NONE');
#5999 = CARTESIAN_POINT ( 'NONE',  ( 19.96989473684210381, 10.92999999999999794, -18.41499999999999915 ) ) ;
#6000 = VECTOR ( 'NONE', #3756, 1000.000000000000000 ) ;
#6001 = CARTESIAN_POINT ( 'NONE',  ( 27.48463157894736497, 11.22289321881345536, -7.179213561880926520 ) ) ;
#6002 = PRESENTATION_LAYER_ASSIGNMENT (  '', '', ( #1719 ) ) ;
#6003 = ORIENTED_EDGE ( 'NONE', *, *, #2160, .F. ) ;
#6004 = VECTOR ( 'NONE', #5246, 1000.000000000000000 ) ;
#6005 = VECTOR ( 'NONE', #3600, 1000.000000000000000 ) ;
#6007 = COLOUR_RGB ( '',0.2509803921568627416, 0.2509803921568627416, 0.2509803921568627416 ) ;
#6006 = CARTESIAN_POINT ( 'NONE',  ( -24.84695402612800308, -0.0009999999999992653654, -12.07122582530904786 ) ) ;
#6008 = ORIENTED_EDGE ( 'NONE', *, *, #4287, .T. ) ;
#6009 = CARTESIAN_POINT ( 'NONE',  ( 25.96166266216592788, 0.5000000000000000000, -18.41499999999999559 ) ) ;
#6010 = CARTESIAN_POINT ( 'NONE',  ( -21.38543022306591723, 2.183393638521069491, -7.359713072659720190 ) ) ;
#6011 = DIRECTION ( 'NONE',  ( -1.000000000000000000, 6.938893903907221278E-15, 0.000000000000000000 ) ) ;
#6012 =( NAMED_UNIT ( * ) PLANE_ANGLE_UNIT ( ) SI_UNIT ( $, .RADIAN. ) );
#6013 = ORIENTED_EDGE ( 'NONE', *, *, #6460, .F. ) ;
#6014 = EDGE_CURVE ( 'NONE', #5764, #5234, #12442, .T. ) ;
#6015 = AXIS2_PLACEMENT_3D ( 'NONE', #10328, #9356, #3574 ) ;
#6016 =( GEOMETRIC_REPRESENTATION_CONTEXT ( 3 ) GLOBAL_UNCERTAINTY_ASSIGNED_CONTEXT ( ( #10241 ) ) GLOBAL_UNIT_ASSIGNED_CONTEXT ( ( #6926, #4198, #220 ) ) REPRESENTATION_CONTEXT ( 'NONE', 'WORKASPACE' ) );
#6017 = SURFACE_SIDE_STYLE ('',( #3811 ) ) ;
#6018 = PRESENTATION_LAYER_ASSIGNMENT (  '', '', ( #7833 ) ) ;
#6019 = FILL_AREA_STYLE ('',( #3234 ) ) ;
#6020 = ORIENTED_EDGE ( 'NONE', *, *, #6471, .T. ) ;
#6021 =( NAMED_UNIT ( * ) SI_UNIT ( $, .STERADIAN. ) SOLID_ANGLE_UNIT ( ) );
#6022 = DIRECTION ( 'NONE',  ( 0.000000000000000000, 0.000000000000000000, 1.000000000000000000 ) ) ;
#6023 = EDGE_LOOP ( 'NONE', ( #8923, #77, #1112, #2412 ) ) ;
#6024 =( GEOMETRIC_REPRESENTATION_CONTEXT ( 3 ) GLOBAL_UNCERTAINTY_ASSIGNED_CONTEXT ( ( #12381 ) ) GLOBAL_UNIT_ASSIGNED_CONTEXT ( ( #9104, #476, #5376 ) ) REPRESENTATION_CONTEXT ( 'NONE', 'WORKASPACE' ) );
#6025 = CARTESIAN_POINT ( 'NONE',  ( 10.01242105263157356, 11.42999999999999972, 18.41499999999999915 ) ) ;
#6026 = DIRECTION ( 'NONE',  ( -1.000000000000000000, -0.000000000000000000, -0.000000000000000000 ) ) ;
#6027 = ORIENTED_EDGE ( 'NONE', *, *, #8813, .T. ) ;
#6028 = SURFACE_STYLE_USAGE ( .BOTH. , #6795 ) ;
#6029 = DIRECTION ( 'NONE',  ( 0.000000000000000000, 0.000000000000000000, -1.000000000000000000 ) ) ;
#6030 = FILL_AREA_STYLE ('',( #4002 ) ) ;
#6031 = STYLED_ITEM ( 'NONE', ( #11794 ), #5517 ) ;
#6032 = FACE_OUTER_BOUND ( 'NONE', #3891, .T. ) ;
#6033 = EDGE_CURVE ( 'NONE', #7903, #4236, #1764, .T. ) ;
#6034 = CARTESIAN_POINT ( 'NONE',  ( 22.96526315789473927, 2.929999999999998384, -18.41499999999999915 ) ) ;
#6035 = DIRECTION ( 'NONE',  ( -1.000000000000000000, 0.000000000000000000, 0.000000000000000000 ) ) ;
#6036 = STYLED_ITEM ( 'NONE', ( #7057 ), #160 ) ;
#6037 = AXIS2_PLACEMENT_3D ( 'NONE', #8847, #6983, #5838 ) ;
#6038 = PRESENTATION_STYLE_ASSIGNMENT (( #11685 ) ) ;
#6039 =( NAMED_UNIT ( * ) PLANE_ANGLE_UNIT ( ) SI_UNIT ( $, .RADIAN. ) );
#6040 = DIRECTION ( 'NONE',  ( -0.6360782202777646166, 0.000000000000000000, 0.7716245833877193316 ) ) ;
#6041 = SURFACE_STYLE_FILL_AREA ( #1261 ) ;
#6042 = FILL_AREA_STYLE ('',( #4956 ) ) ;
#6043 = ADVANCED_FACE ( 'NONE', ( #9417 ), #1899, .F. ) ;
#6044 = FILL_AREA_STYLE_COLOUR ( '', #2295 ) ;
#6045 = EDGE_LOOP ( 'NONE', ( #5754, #9577, #2409, #9055 ) ) ;
#6046 = PRESENTATION_LAYER_ASSIGNMENT (  '', '', ( #1164 ) ) ;
#6047 = ORIENTED_EDGE ( 'NONE', *, *, #6602, .F. ) ;
#6048 = CARTESIAN_POINT ( 'NONE',  ( 7.488421052631574426, 11.42999999999999972, 18.41499999999999915 ) ) ;
#6049 = CARTESIAN_POINT ( 'NONE',  ( 22.96526315789473216, 10.92999999999999794, -18.41499999999999915 ) ) ;
#6050 = ORIENTED_EDGE ( 'NONE', *, *, #6278, .F. ) ;
#6051 = COLOUR_RGB ( '',0.2509803921568627416, 0.2509803921568627416, 0.2509803921568627416 ) ;
#6052 = FILL_AREA_STYLE_COLOUR ( '', #4673 ) ;
#6053 = CARTESIAN_POINT ( 'NONE',  ( -28.95599999999999596, 11.42999999999999972, -18.41499999999999559 ) ) ;
#6054 = ORIENTED_EDGE ( 'NONE', *, *, #10279, .T. ) ;
#6055 = MECHANICAL_DESIGN_GEOMETRIC_PRESENTATION_REPRESENTATION (  '', ( #7881 ), #10955 ) ;
#6056 = SURFACE_SIDE_STYLE ('',( #4337 ) ) ;
#6057 = LINE ( 'NONE', #4406, #1504 ) ;
#6058 = EDGE_CURVE ( 'NONE', #1564, #4084, #7553, .T. ) ;
#6059 = VECTOR ( 'NONE', #2602, 1000.000000000000000 ) ;
#6060 = CARTESIAN_POINT ( 'NONE',  ( -28.95599999999999596, 11.42999999999999972, 18.41499999999999915 ) ) ;
#6061 = CARTESIAN_POINT ( 'NONE',  ( 27.48463157894736497, 10.92999999999999794, -7.179213561880927408 ) ) ;
#6062 = CARTESIAN_POINT ( 'NONE',  ( -22.72021356188092511, 1.778000000000000025, -12.17921356188092652 ) ) ;
#6063 = EDGE_LOOP ( 'NONE', ( #2174, #847, #11765, #10921 ) ) ;
#6064 = ADVANCED_FACE ( 'NONE', ( #5580 ), #11479, .F. ) ;
#6065 = DIRECTION ( 'NONE',  ( -1.662010515905920831E-15, 0.000000000000000000, -1.000000000000000000 ) ) ;
#6066 = ORIENTED_EDGE ( 'NONE', *, *, #5181, .F. ) ;
#6067 = COLOUR_RGB ( '',0.2509803921568627416, 0.2509803921568627416, 0.2509803921568627416 ) ;
#6068 = CARTESIAN_POINT ( 'NONE',  ( -28.45599999999999596, 1.778000000000000025, -15.66328183851187994 ) ) ;
#6069 = CYLINDRICAL_SURFACE ( 'NONE', #7988, 0.5000000000000004441 ) ;
#6070 = AXIS2_PLACEMENT_3D ( 'NONE', #6954, #2886, #3145 ) ;
#6071 = ORIENTED_EDGE ( 'NONE', *, *, #9134, .F. ) ;
#6072 = CARTESIAN_POINT ( 'NONE',  ( -22.72021356188096775, 10.92999999999999794, 6.679213561880927408 ) ) ;
#6073 = ADVANCED_FACE ( 'NONE', ( #1966 ), #9999, .T. ) ;
#6074 = CARTESIAN_POINT ( 'NONE',  ( -17.72021356188092867, 1.778000000000000025, 12.17921356188096382 ) ) ;
#6075 = CARTESIAN_POINT ( 'NONE',  ( -28.16678427309527777, 0.3481372860920236567, 16.09850195200214173 ) ) ;
#6076 =( BOUNDED_CURVE ( )  B_SPLINE_CURVE ( 3, ( #5891, #10812, #5954, #6974 ),
 .UNSPECIFIED., .F., .T. ) 
 B_SPLINE_CURVE_WITH_KNOTS ( ( 4, 4 ),
 ( 4.712388980384689674, 6.283185307179579127 ),
 .UNSPECIFIED. ) 
 CURVE ( )  GEOMETRIC_REPRESENTATION_ITEM ( )  RATIONAL_B_SPLINE_CURVE ( ( 1.000000000000000000, 0.8047378541243649375, 0.8047378541243649375, 1.000000000000000000 ) ) 
 REPRESENTATION_ITEM ( '' )  );
#6077 = EDGE_LOOP ( 'NONE', ( #4776, #11182, #1536, #7845 ) ) ;
#6078 =( NAMED_UNIT ( * ) PLANE_ANGLE_UNIT ( ) SI_UNIT ( $, .RADIAN. ) );
#6079 = EDGE_CURVE ( 'NONE', #9019, #9592, #10703, .T. ) ;
#6080 = DIRECTION ( 'NONE',  ( -1.000000000000000000, -4.081702296416016490E-16, 0.000000000000000000 ) ) ;
#6081 = ORIENTED_EDGE ( 'NONE', *, *, #1403, .F. ) ;
#6082 = LINE ( 'NONE', #11667, #10158 ) ;
#6083 = STYLED_ITEM ( 'NONE', ( #7770 ), #1845 ) ;
#6084 = CARTESIAN_POINT ( 'NONE',  ( -26.43199999999999861, 10.92999999999999794, 7.179213561880927408 ) ) ;
#6085 = EDGE_LOOP ( 'NONE', ( #10752, #9418, #10352, #6464 ) ) ;
#6086 = LINE ( 'NONE', #9991, #4996 ) ;
#6087 =( GEOMETRIC_REPRESENTATION_CONTEXT ( 3 ) GLOBAL_UNCERTAINTY_ASSIGNED_CONTEXT ( ( #5998 ) ) GLOBAL_UNIT_ASSIGNED_CONTEXT ( ( #2350, #10131, #11014 ) ) REPRESENTATION_CONTEXT ( 'NONE', 'WORKASPACE' ) );
#6088 = UNCERTAINTY_MEASURE_WITH_UNIT (LENGTH_MEASURE( 1.000000000000000082E-05 ), #6895, 'distance_accuracy_value', 'NONE');
#6089 = SURFACE_SIDE_STYLE ('',( #9030 ) ) ;
#6090 = CARTESIAN_POINT ( 'NONE',  ( 23.62199999999999633, 0.000000000000000000, 13.08100000000000840 ) ) ;
#6091 = CARTESIAN_POINT ( 'NONE',  ( -28.74889321881345694, 1.777999999999998026, 7.179213561880925631 ) ) ;
#6092 = SURFACE_SIDE_STYLE ('',( #5137 ) ) ;
#6093 = DIRECTION ( 'NONE',  ( -0.7716245833877191096, 0.000000000000000000, -0.6360782202777650607 ) ) ;
#6094 = CARTESIAN_POINT ( 'NONE',  ( 17.72021356188092867, 2.168174630207213127, 17.99004094815221677 ) ) ;
#6095 = LINE ( 'NONE', #4251, #9879 ) ;
#6096 = VECTOR ( 'NONE', #8024, 1000.000000000000000 ) ;
#6097 = CARTESIAN_POINT ( 'NONE',  ( 21.49389473684210117, 10.92999999999999794, 7.179213561880927408 ) ) ;
#6098 = MECHANICAL_DESIGN_GEOMETRIC_PRESENTATION_REPRESENTATION (  '', ( #2854 ), #4265 ) ;
#6099 = FILL_AREA_STYLE_COLOUR ( '', #8298 ) ;
#6100 = EDGE_CURVE ( 'NONE', #10381, #6586, #1813, .T. ) ;
#6101 = EDGE_CURVE ( 'NONE', #2292, #2889, #3564, .T. ) ;
#6102 = DIRECTION ( 'NONE',  ( -0.000000000000000000, -0.000000000000000000, -1.000000000000000000 ) ) ;
#6103 = FILL_AREA_STYLE_COLOUR ( '', #4762 ) ;
#6104 =( GEOMETRIC_REPRESENTATION_CONTEXT ( 3 ) GLOBAL_UNCERTAINTY_ASSIGNED_CONTEXT ( ( #10670 ) ) GLOBAL_UNIT_ASSIGNED_CONTEXT ( ( #9164, #3302, #534 ) ) REPRESENTATION_CONTEXT ( 'NONE', 'WORKASPACE' ) );
#6105 =( GEOMETRIC_REPRESENTATION_CONTEXT ( 3 ) GLOBAL_UNCERTAINTY_ASSIGNED_CONTEXT ( ( #4972 ) ) GLOBAL_UNIT_ASSIGNED_CONTEXT ( ( #5668, #6571, #5410 ) ) REPRESENTATION_CONTEXT ( 'NONE', 'WORKASPACE' ) );
#6106 = DIRECTION ( 'NONE',  ( -0.000000000000000000, -1.000000000000000000, -0.000000000000000000 ) ) ;
#6107 = SURFACE_STYLE_USAGE ( .BOTH. , #11090 ) ;
#6108 = SURFACE_STYLE_FILL_AREA ( #5026 ) ;
#6109 = UNCERTAINTY_MEASURE_WITH_UNIT (LENGTH_MEASURE( 1.000000000000000082E-05 ), #1703, 'distance_accuracy_value', 'NONE');
#6110 = CARTESIAN_POINT ( 'NONE',  ( -6.988421052631577979, 10.92999999999999794, -17.91499999999999204 ) ) ;
#6111 = EDGE_LOOP ( 'NONE', ( #2882, #8021, #7706, #2133 ) ) ;
#6112 = VERTEX_POINT ( 'NONE', #9933 ) ;
#6113 = CARTESIAN_POINT ( 'NONE',  ( -6.988421052631579755, 11.22289321881345536, 18.20789321881345302 ) ) ;
#6114 = SURFACE_STYLE_FILL_AREA ( #241 ) ;
#6115 = ORIENTED_EDGE ( 'NONE', *, *, #3644, .F. ) ;
#6116 = DIRECTION ( 'NONE',  ( -0.000000000000000000, -0.000000000000000000, -1.000000000000000000 ) ) ;
#6117 = CARTESIAN_POINT ( 'NONE',  ( 16.47452631578947546, 11.42999999999999972, 18.41499999999999915 ) ) ;
#6118 = ORIENTED_EDGE ( 'NONE', *, *, #8914, .T. ) ;
#6119 = FILL_AREA_STYLE ('',( #1026 ) ) ;
#6120 = UNCERTAINTY_MEASURE_WITH_UNIT (LENGTH_MEASURE( 1.000000000000000082E-05 ), #203, 'distance_accuracy_value', 'NONE');
#6121 = AXIS2_PLACEMENT_3D ( 'NONE', #10857, #2115, #9903 ) ;
#6122 = VECTOR ( 'NONE', #10799, 1000.000000000000000 ) ;
#6123 = PRESENTATION_STYLE_ASSIGNMENT (( #3406 ) ) ;
#6124 = DIRECTION ( 'NONE',  ( 0.000000000000000000, -1.000000000000000000, 0.000000000000000000 ) ) ;
#6125 = SURFACE_SIDE_STYLE ('',( #1284 ) ) ;
#6126 = ORIENTED_EDGE ( 'NONE', *, *, #5741, .F. ) ;
#6127 = ORIENTED_EDGE ( 'NONE', *, *, #8470, .F. ) ;
#6128 = DIRECTION ( 'NONE',  ( 0.000000000000000000, 0.000000000000000000, -1.000000000000000000 ) ) ;
#6129 = CIRCLE ( 'NONE', #4112, 0.5000000000000004441 ) ;
#6130 = EDGE_CURVE ( 'NONE', #4241, #1637, #4129, .T. ) ;
#6131 = PRESENTATION_STYLE_ASSIGNMENT (( #7214 ) ) ;
#6132 = ORIENTED_EDGE ( 'NONE', *, *, #12612, .F. ) ;
#6133 = DIRECTION ( 'NONE',  ( -0.000000000000000000, -0.000000000000000000, 1.000000000000000000 ) ) ;
#6134 = EDGE_CURVE ( 'NONE', #9138, #6481, #1201, .T. ) ;
#6135 = CARTESIAN_POINT ( 'NONE',  ( 22.72021356188092511, 1.778000000000000025, -12.17921356188092652 ) ) ;
#6136 = DIRECTION ( 'NONE',  ( 0.000000000000000000, 0.000000000000000000, -1.000000000000000000 ) ) ;
#6137 = SURFACE_STYLE_FILL_AREA ( #12167 ) ;
#6138 = MECHANICAL_DESIGN_GEOMETRIC_PRESENTATION_REPRESENTATION (  '', ( #4504 ), #7552 ) ;
#6139 = FILL_AREA_STYLE ('',( #2255 ) ) ;
#6140 = MECHANICAL_DESIGN_GEOMETRIC_PRESENTATION_REPRESENTATION (  '', ( #2277 ), #2691 ) ;
#6141 = ORIENTED_EDGE ( 'NONE', *, *, #11965, .F. ) ;
#6142 = DIRECTION ( 'NONE',  ( 0.000000000000000000, 0.000000000000000000, -1.000000000000000000 ) ) ;
#6143 = CARTESIAN_POINT ( 'NONE',  ( 13.77205111355029032, 11.42999999999999972, 18.41499999999999915 ) ) ;
#6144 = VERTEX_POINT ( 'NONE', #2077 ) ;
#6145 = FACE_OUTER_BOUND ( 'NONE', #4543, .T. ) ;
#6146 = FILL_AREA_STYLE ('',( #12242 ) ) ;
#6147 = VERTEX_POINT ( 'NONE', #2204 ) ;
#6148 = VECTOR ( 'NONE', #4533, 1000.000000000000000 ) ;
#6149 = COLOUR_RGB ( '',0.2509803921568627416, 0.2509803921568627416, 0.2509803921568627416 ) ;
#6150 = FACE_OUTER_BOUND ( 'NONE', #1661, .T. ) ;
#6151 = EDGE_CURVE ( 'NONE', #54, #8346, #7748, .T. ) ;
#6152 = UNCERTAINTY_MEASURE_WITH_UNIT (LENGTH_MEASURE( 1.000000000000000082E-05 ), #4559, 'distance_accuracy_value', 'NONE');
#6153 =( BOUNDED_CURVE ( )  B_SPLINE_CURVE ( 3, ( #12280, #1592, #7566, #625 ),
 .UNSPECIFIED., .F., .F. ) 
 B_SPLINE_CURVE_WITH_KNOTS ( ( 4, 4 ),
 ( 1.570796326794896336, 3.141592653589793560 ),
 .UNSPECIFIED. ) 
 CURVE ( )  GEOMETRIC_REPRESENTATION_ITEM ( )  RATIONAL_B_SPLINE_CURVE ( ( 1.000000000000000000, 0.8047378541243649375, 0.8047378541243649375, 1.000000000000000000 ) ) 
 REPRESENTATION_ITEM ( '' )  );
#6154 = FACE_OUTER_BOUND ( 'NONE', #4115, .T. ) ;
#6155 = FILL_AREA_STYLE_COLOUR ( '', #6840 ) ;
#6156 = CARTESIAN_POINT ( 'NONE',  ( -28.95599999999999596, 1.277999999999999581, 15.66328183851187994 ) ) ;
#6157 = LINE ( 'NONE', #10064, #1333 ) ;
#6158 = DIRECTION ( 'NONE',  ( 0.000000000000000000, 0.000000000000000000, 1.000000000000000000 ) ) ;
#6159 = STYLED_ITEM ( 'NONE', ( #12512 ), #8672 ) ;
#6160 = DIRECTION ( 'NONE',  ( 1.000000000000000000, -0.000000000000000000, -0.000000000000000000 ) ) ;
#6161 = TOROIDAL_SURFACE ( 'NONE', #661, 1.261999999999997124, 0.5000000000000000000 ) ;
#6162 = DIRECTION ( 'NONE',  ( 0.000000000000000000, 0.000000000000000000, 1.000000000000000000 ) ) ;
#6163 = FILL_AREA_STYLE ('',( #7942 ) ) ;
#6164 = SURFACE_STYLE_FILL_AREA ( #7173 ) ;
#6165 = STYLED_ITEM ( 'NONE', ( #4869 ), #10548 ) ;
#6166 =( LENGTH_UNIT ( ) NAMED_UNIT ( * ) SI_UNIT ( .MILLI., .METRE. ) );
#6167 = SURFACE_STYLE_FILL_AREA ( #5324 ) ;
#6168 = CARTESIAN_POINT ( 'NONE',  ( -17.44589473684210645, 10.92999999999999794, -17.91499999999999204 ) ) ;
#6169 = MECHANICAL_DESIGN_GEOMETRIC_PRESENTATION_REPRESENTATION (  '', ( #6580 ), #12516 ) ;
#6170 =( NAMED_UNIT ( * ) SI_UNIT ( $, .STERADIAN. ) SOLID_ANGLE_UNIT ( ) );
#6171 =( NAMED_UNIT ( * ) PLANE_ANGLE_UNIT ( ) SI_UNIT ( $, .RADIAN. ) );
#6172 = CARTESIAN_POINT ( 'NONE',  ( -9.983789473684202775, 2.929999999999998384, -18.41499999999999915 ) ) ;
#6173 = DIRECTION ( 'NONE',  ( -0.000000000000000000, 0.000000000000000000, 1.000000000000000000 ) ) ;
#6174 = EDGE_CURVE ( 'NONE', #581, #4626, #6645, .T. ) ;
#6175 = ORIENTED_EDGE ( 'NONE', *, *, #5011, .F. ) ;
#6176 = AXIS2_PLACEMENT_3D ( 'NONE', #10418, #2703, #3665 ) ;
#6177 = EDGE_CURVE ( 'NONE', #3089, #1686, #9036, .T. ) ;
#6178 = VERTEX_POINT ( 'NONE', #3312 ) ;
#6179 = PRESENTATION_LAYER_ASSIGNMENT (  '', '', ( #468 ) ) ;
#6180 = DIRECTION ( 'NONE',  ( 0.000000000000000000, -1.000000000000000000, 0.000000000000000000 ) ) ;
#6181 = SURFACE_STYLE_USAGE ( .BOTH. , #4088 ) ;
#6182 = DIRECTION ( 'NONE',  ( -0.000000000000000000, -0.000000000000000000, 1.000000000000000000 ) ) ;
#6183 = EDGE_LOOP ( 'NONE', ( #9333, #3797, #5934, #7990 ) ) ;
#6184 = CYLINDRICAL_SURFACE ( 'NONE', #3948, 1.587500000000002132 ) ;
#6185 = AXIS2_PLACEMENT_3D ( 'NONE', #11026, #11088, #10323 ) ;
#6186 =( NAMED_UNIT ( * ) SI_UNIT ( $, .STERADIAN. ) SOLID_ANGLE_UNIT ( ) );
#6187 = ADVANCED_FACE ( 'NONE', ( #417 ), #4199, .F. ) ;
#6188 = CYLINDRICAL_SURFACE ( 'NONE', #2532, 0.5000000000000004441 ) ;
#6189 = DIRECTION ( 'NONE',  ( -1.000000000000000000, 0.000000000000000000, 0.000000000000000000 ) ) ;
#6190 = DIRECTION ( 'NONE',  ( 0.000000000000000000, 1.000000000000000000, 0.000000000000000000 ) ) ;
#6191 = DIRECTION ( 'NONE',  ( 0.000000000000000000, -1.000000000000000000, 0.000000000000000000 ) ) ;
#6192 = ORIENTED_EDGE ( 'NONE', *, *, #2900, .T. ) ;
#6193 = EDGE_CURVE ( 'NONE', #5409, #309, #4441, .T. ) ;
#6194 = VERTEX_POINT ( 'NONE', #1442 ) ;
#6195 = MECHANICAL_DESIGN_GEOMETRIC_PRESENTATION_REPRESENTATION (  '', ( #7208 ), #11721 ) ;
#6196 = CARTESIAN_POINT ( 'NONE',  ( -28.45599999999999596, 0.000000000000000000, -15.66328183851187994 ) ) ;
#6197 = AXIS2_PLACEMENT_3D ( 'NONE', #795, #6913, #1811 ) ;
#6198 = FACE_OUTER_BOUND ( 'NONE', #11195, .T. ) ;
#6199 = ORIENTED_EDGE ( 'NONE', *, *, #6865, .T. ) ;
#6200 = CARTESIAN_POINT ( 'NONE',  ( -26.43199999999999861, 11.22289321881345536, -7.179213561880926520 ) ) ;
#6201 = FACE_OUTER_BOUND ( 'NONE', #12402, .T. ) ;
#6202 = VECTOR ( 'NONE', #10200, 1000.000000000000000 ) ;
#6203 = CARTESIAN_POINT ( 'NONE',  ( -28.95599999999999596, 11.42999999999999972, 18.41499999999999915 ) ) ;
#6204 = AXIS2_PLACEMENT_3D ( 'NONE', #7283, #11312, #9327 ) ;
#6205 = FACE_OUTER_BOUND ( 'NONE', #4730, .T. ) ;
#6206 = AXIS2_PLACEMENT_3D ( 'NONE', #6458, #12235, #780 ) ;
#6207 = FILL_AREA_STYLE ('',( #204 ) ) ;
#6208 = PRESENTATION_LAYER_ASSIGNMENT (  '', '', ( #12356 ) ) ;
#6209 = ORIENTED_EDGE ( 'NONE', *, *, #520, .F. ) ;
#6210 = DIRECTION ( 'NONE',  ( 1.000000000000000000, 0.000000000000000000, 0.000000000000000000 ) ) ;
#6211 = EDGE_CURVE ( 'NONE', #10652, #1308, #7303, .T. ) ;
#6212 = ORIENTED_EDGE ( 'NONE', *, *, #4282, .T. ) ;
#6213 = CARTESIAN_POINT ( 'NONE',  ( 4.993052631578946965, 10.92999999999999794, -18.41499999999999915 ) ) ;
#6214 = STYLED_ITEM ( 'NONE', ( #8196 ), #12583 ) ;
#6216 = CARTESIAN_POINT ( 'NONE',  ( -28.07018770830613619, 1.777999999999999581, -15.98132094865076169 ) ) ;
#6215 = AXIS2_PLACEMENT_3D ( 'NONE', #5616, #906, #1801 ) ;
#6217 = PRESENTATION_LAYER_ASSIGNMENT (  '', '', ( #1942 ) ) ;
#6218 = ORIENTED_EDGE ( 'NONE', *, *, #6403, .T. ) ;
#6219 = CARTESIAN_POINT ( 'NONE',  ( -28.45599999999999596, 11.42999999999999972, -6.679213561880927408 ) ) ;
#6220 = ADVANCED_FACE ( 'NONE', ( #7169 ), #3466, .T. ) ;
#6221 = SURFACE_STYLE_USAGE ( .BOTH. , #12052 ) ;
#6222 = SURFACE_SIDE_STYLE ('',( #3309 ) ) ;
#6223 = CARTESIAN_POINT ( 'NONE',  ( -28.95599999999999596, 1.778000000000000025, -6.679213561880927408 ) ) ;
#6224 = EDGE_CURVE ( 'NONE', #127, #8682, #9183, .T. ) ;
#6225 = ADVANCED_FACE ( 'NONE', ( #4249 ), #12115, .T. ) ;
#6226 = PRESENTATION_LAYER_ASSIGNMENT (  '', '', ( #732 ) ) ;
#6227 = SURFACE_STYLE_USAGE ( .BOTH. , #11080 ) ;
#6228 = SURFACE_SIDE_STYLE ('',( #9233 ) ) ;
#6229 = CARTESIAN_POINT ( 'NONE',  ( 22.72021356188092511, 1.778000000000000025, -12.17921356188092652 ) ) ;
#6230 = PRESENTATION_STYLE_ASSIGNMENT (( #292 ) ) ;
#6231 =( BOUNDED_CURVE ( )  B_SPLINE_CURVE ( 3, ( #3767, #8967, #10819, #7048 ),
 .UNSPECIFIED., .F., .T. ) 
 B_SPLINE_CURVE_WITH_KNOTS ( ( 4, 4 ),
 ( 1.570796326794896336, 3.141592653589792672 ),
 .UNSPECIFIED. ) 
 CURVE ( )  GEOMETRIC_REPRESENTATION_ITEM ( )  RATIONAL_B_SPLINE_CURVE ( ( 1.000000000000000000, 0.8047378541243650485, 0.8047378541243650485, 1.000000000000000000 ) ) 
 REPRESENTATION_ITEM ( '' )  );
#6232 = MECHANICAL_DESIGN_GEOMETRIC_PRESENTATION_REPRESENTATION (  '', ( #4799 ), #2578 ) ;
#6233 = SURFACE_SIDE_STYLE ('',( #10252 ) ) ;
#6234 = SURFACE_SIDE_STYLE ('',( #6167 ) ) ;
#6235 = FILL_AREA_STYLE_COLOUR ( '', #478 ) ;
#6236 = FILL_AREA_STYLE_COLOUR ( '', #5738 ) ;
#6237 = EDGE_CURVE ( 'NONE', #7493, #6733, #10182, .T. ) ;
#6238 =( NAMED_UNIT ( * ) SI_UNIT ( $, .STERADIAN. ) SOLID_ANGLE_UNIT ( ) );
#6239 = CARTESIAN_POINT ( 'NONE',  ( -0.9976842105263138416, 11.22289321881345536, 18.20789321881345302 ) ) ;
#6240 = UNCERTAINTY_MEASURE_WITH_UNIT (LENGTH_MEASURE( 1.000000000000000082E-05 ), #1414, 'distance_accuracy_value', 'NONE');
#6241 = ORIENTED_EDGE ( 'NONE', *, *, #11569, .F. ) ;
#6242 = ADVANCED_FACE ( 'NONE', ( #11464 ), #6666, .T. ) ;
#6243 = EDGE_LOOP ( 'NONE', ( #11621, #6054, #10083, #3711 ) ) ;
#6244 = ADVANCED_FACE ( 'NONE', ( #12448 ), #5702, .T. ) ;
#6245 = STYLED_ITEM ( 'NONE', ( #11608 ), #1040 ) ;
#6246 =( NAMED_UNIT ( * ) PLANE_ANGLE_UNIT ( ) SI_UNIT ( $, .RADIAN. ) );
#6247 = DIRECTION ( 'NONE',  ( 0.000000000000000000, 0.000000000000000000, 1.000000000000000000 ) ) ;
#6248 = CARTESIAN_POINT ( 'NONE',  ( -8.459789473684212524, 10.92999999999999794, 17.91499999999999915 ) ) ;
#6249 = ORIENTED_EDGE ( 'NONE', *, *, #10447, .T. ) ;
#6250 = FACE_OUTER_BOUND ( 'NONE', #11699, .T. ) ;
#6251 = UNCERTAINTY_MEASURE_WITH_UNIT (LENGTH_MEASURE( 1.000000000000000082E-05 ), #12021, 'distance_accuracy_value', 'NONE');
#6252 = LINE ( 'NONE', #2445, #1697 ) ;
#6253 =( NAMED_UNIT ( * ) SI_UNIT ( $, .STERADIAN. ) SOLID_ANGLE_UNIT ( ) );
#6254 =( NAMED_UNIT ( * ) SI_UNIT ( $, .STERADIAN. ) SOLID_ANGLE_UNIT ( ) );
#6255 = CIRCLE ( 'NONE', #7665, 2.087500000000002576 ) ;
#6256 = DIRECTION ( 'NONE',  ( 0.7716245833877181104, 0.000000000000000000, -0.6360782202777660599 ) ) ;
#6257 = PRESENTATION_STYLE_ASSIGNMENT (( #3407 ) ) ;
#6258 = CARTESIAN_POINT ( 'NONE',  ( -28.45599999999999596, 11.42999999999999972, 16.16328183851187816 ) ) ;
#6259 = ORIENTED_EDGE ( 'NONE', *, *, #7233, .F. ) ;
#6260 = VECTOR ( 'NONE', #10756, 1000.000000000000000 ) ;
#6261 = ORIENTED_EDGE ( 'NONE', *, *, #9281, .F. ) ;
#6262 =( LENGTH_UNIT ( ) NAMED_UNIT ( * ) SI_UNIT ( .MILLI., .METRE. ) );
#6263 = ADVANCED_FACE ( 'NONE', ( #1047 ), #7984, .F. ) ;
#6264 = DIRECTION ( 'NONE',  ( 0.000000000000000000, 0.000000000000000000, 1.000000000000000000 ) ) ;
#6265 = DIRECTION ( 'NONE',  ( 4.081702296416016490E-16, -1.000000000000000000, 0.000000000000000000 ) ) ;
#6266 = ORIENTED_EDGE ( 'NONE', *, *, #7568, .T. ) ;
#6267 = ADVANCED_FACE ( 'NONE', ( #5001 ), #1832, .T. ) ;
#6268 = MECHANICAL_DESIGN_GEOMETRIC_PRESENTATION_REPRESENTATION (  '', ( #10952 ), #3429 ) ;
#6269 = DIRECTION ( 'NONE',  ( -1.000000000000000000, -0.000000000000000000, -0.000000000000000000 ) ) ;
#6270 = CARTESIAN_POINT ( 'NONE',  ( -24.90151096696282451, 1.277999999999999581, -18.41499999999999559 ) ) ;
#6271 = CARTESIAN_POINT ( 'NONE',  ( -28.45599999999999596, 0.1141877083061495907, 16.16328183851187816 ) ) ;
#6272 = VECTOR ( 'NONE', #3107, 1000.000000000000000 ) ;
#6273 = EDGE_LOOP ( 'NONE', ( #10421, #4401, #791, #9466 ) ) ;
#6274 = FILL_AREA_STYLE ('',( #8179 ) ) ;
#6275 = CARTESIAN_POINT ( 'NONE',  ( 19.96989473684210381, 11.42999999999999972, -18.41499999999999915 ) ) ;
#6276 = ORIENTED_EDGE ( 'NONE', *, *, #9474, .T. ) ;
#6277 = MECHANICAL_DESIGN_GEOMETRIC_PRESENTATION_REPRESENTATION (  '', ( #9728 ), #3435 ) ;
#6278 = EDGE_CURVE ( 'NONE', #5814, #3526, #1011, .T. ) ;
#6279 = VERTEX_POINT ( 'NONE', #9917 ) ;
#6280 = DIRECTION ( 'NONE',  ( -1.000000000000000000, 0.000000000000000000, 0.000000000000000000 ) ) ;
#6281 = EDGE_CURVE ( 'NONE', #978, #1417, #7506, .T. ) ;
#6282 = UNCERTAINTY_MEASURE_WITH_UNIT (LENGTH_MEASURE( 1.000000000000000082E-05 ), #667, 'distance_accuracy_value', 'NONE');
#6283 = CARTESIAN_POINT ( 'NONE',  ( 17.46451650267844258, 1.946314747961604974, -18.36933560839678847 ) ) ;
#6284 = STYLED_ITEM ( 'NONE', ( #8220 ), #5757 ) ;
#6285 = FILL_AREA_STYLE ('',( #8258 ) ) ;
#6286 =( NAMED_UNIT ( * ) PLANE_ANGLE_UNIT ( ) SI_UNIT ( $, .RADIAN. ) );
#6287 = COLOUR_RGB ( '',0.2509803921568627416, 0.2509803921568627416, 0.2509803921568627416 ) ;
#6288 = CARTESIAN_POINT ( 'NONE',  ( -5.464421052631580622, 11.42999999999999972, -18.41499999999999915 ) ) ;
#6289 = STYLED_ITEM ( 'NONE', ( #7131 ), #3987 ) ;
#6290 = SURFACE_SIDE_STYLE ('',( #2355 ) ) ;
#6291 = SURFACE_STYLE_USAGE ( .BOTH. , #4068 ) ;
#6292 = COLOUR_RGB ( '',0.2509803921568627416, 0.2509803921568627416, 0.2509803921568627416 ) ;
#6293 = CARTESIAN_POINT ( 'NONE',  ( -3.993052631578945633, 10.92999999999999794, -17.91499999999999204 ) ) ;
#6294 =( NAMED_UNIT ( * ) PLANE_ANGLE_UNIT ( ) SI_UNIT ( $, .RADIAN. ) );
#6295 = DIRECTION ( 'NONE',  ( -1.000000000000000000, -4.081702296416016490E-16, 0.000000000000000000 ) ) ;
#6296 = COLOUR_RGB ( '',0.2509803921568627416, 0.2509803921568627416, 0.2509803921568627416 ) ;
#6297 =( NAMED_UNIT ( * ) PLANE_ANGLE_UNIT ( ) SI_UNIT ( $, .RADIAN. ) );
#6298 =( NAMED_UNIT ( * ) SI_UNIT ( $, .STERADIAN. ) SOLID_ANGLE_UNIT ( ) );
#6299 = ADVANCED_FACE ( 'NONE', ( #3867 ), #10189, .T. ) ;
#6300 = LINE ( 'NONE', #5326, #6798 ) ;
#6301 = FACE_OUTER_BOUND ( 'NONE', #4304, .T. ) ;
#6302 =( NAMED_UNIT ( * ) SI_UNIT ( $, .STERADIAN. ) SOLID_ANGLE_UNIT ( ) );
#6303 = CARTESIAN_POINT ( 'NONE',  ( -40.19178643811905971, 10.92999999999999794, 6.679213561880927408 ) ) ;
#6304 = AXIS2_PLACEMENT_3D ( 'NONE', #5208, #9795, #12003 ) ;
#6305 = ORIENTED_EDGE ( 'NONE', *, *, #9059, .T. ) ;
#6306 =( BOUNDED_CURVE ( )  B_SPLINE_CURVE ( 3, ( #5772, #2019, #472, #2268 ),
 .UNSPECIFIED., .F., .T. ) 
 B_SPLINE_CURVE_WITH_KNOTS ( ( 4, 4 ),
 ( 5.529431079675988205E-15, 0.6894050545377613526 ),
 .UNSPECIFIED. ) 
 CURVE ( )  GEOMETRIC_REPRESENTATION_ITEM ( )  RATIONAL_B_SPLINE_CURVE ( ( 1.000000000000000000, 0.9607840101709141933, 0.9607840101709141933, 1.000000000000000000 ) ) 
 REPRESENTATION_ITEM ( '' )  );
#6307 =( LENGTH_UNIT ( ) NAMED_UNIT ( * ) SI_UNIT ( .MILLI., .METRE. ) );
#6308 = EDGE_CURVE ( 'NONE', #4857, #12546, #11665, .T. ) ;
#6309 = FILL_AREA_STYLE ('',( #12075 ) ) ;
#6310 = VECTOR ( 'NONE', #11697, 1000.000000000000000 ) ;
#6311 = STYLED_ITEM ( 'NONE', ( #12556 ), #6404 ) ;
#6312 = VERTEX_POINT ( 'NONE', #8310 ) ;
#6313 = FILL_AREA_STYLE_COLOUR ( '', #10067 ) ;
#6314 = EDGE_CURVE ( 'NONE', #8403, #8803, #1621, .T. ) ;
#6315 = PRESENTATION_STYLE_ASSIGNMENT (( #10210 ) ) ;
#6316 =( NAMED_UNIT ( * ) SI_UNIT ( $, .STERADIAN. ) SOLID_ANGLE_UNIT ( ) );
#6317 =( LENGTH_UNIT ( ) NAMED_UNIT ( * ) SI_UNIT ( .MILLI., .METRE. ) );
#6318 = ORIENTED_EDGE ( 'NONE', *, *, #138, .F. ) ;
#6319 = AXIS2_PLACEMENT_3D ( 'NONE', #4345, #2175, #7206 ) ;
#6320 = FACE_OUTER_BOUND ( 'NONE', #3022, .T. ) ;
#6321 = ORIENTED_EDGE ( 'NONE', *, *, #3768, .F. ) ;
#6322 =( NAMED_UNIT ( * ) PLANE_ANGLE_UNIT ( ) SI_UNIT ( $, .RADIAN. ) );
#6323 = FILL_AREA_STYLE_COLOUR ( '', #1132 ) ;
#6324 = CARTESIAN_POINT ( 'NONE',  ( 7.988421052631575314, 10.92999999999999794, -18.41499999999999915 ) ) ;
#6325 = ORIENTED_EDGE ( 'NONE', *, *, #9599, .F. ) ;
#6326 =( GEOMETRIC_REPRESENTATION_CONTEXT ( 3 ) GLOBAL_UNCERTAINTY_ASSIGNED_CONTEXT ( ( #7973 ) ) GLOBAL_UNIT_ASSIGNED_CONTEXT ( ( #7975, #7919, #11851 ) ) REPRESENTATION_CONTEXT ( 'NONE', 'WORKASPACE' ) );
#6327 = ADVANCED_FACE ( 'NONE', ( #10177 ), #3482, .F. ) ;
#6328 = FILL_AREA_STYLE ('',( #2461 ) ) ;
#6329 = CARTESIAN_POINT ( 'NONE',  ( -18.98125865980776439, 11.04552223891827900, 8.842235768371436322 ) ) ;
#6330 = EDGE_LOOP ( 'NONE', ( #7469, #58, #5383, #11329 ) ) ;
#6331 = FILL_AREA_STYLE ('',( #5189 ) ) ;
#6332 = ORIENTED_EDGE ( 'NONE', *, *, #7636, .F. ) ;
#6333 = VECTOR ( 'NONE', #6711, 1000.000000000000000 ) ;
#6334 = EDGE_CURVE ( 'NONE', #4327, #5984, #532, .T. ) ;
#6335 = CARTESIAN_POINT ( 'NONE',  ( -28.57323644940871787, 0.03961615621456007763, 16.16328183851188527 ) ) ;
#6336 = SURFACE_SIDE_STYLE ('',( #2472 ) ) ;
#6337 = ORIENTED_EDGE ( 'NONE', *, *, #638, .T. ) ;
#6338 = DIRECTION ( 'NONE',  ( 0.000000000000000000, 0.000000000000000000, -1.000000000000000000 ) ) ;
#6339 = SURFACE_STYLE_USAGE ( .BOTH. , #4486 ) ;
#6340 = CIRCLE ( 'NONE', #4704, 2.087500000000002576 ) ;
#6341 = CARTESIAN_POINT ( 'NONE',  ( -28.07018770830613619, 0.5000000000000000000, -15.98132094865076169 ) ) ;
#6342 =( LENGTH_UNIT ( ) NAMED_UNIT ( * ) SI_UNIT ( .MILLI., .METRE. ) );
#6343 =( LENGTH_UNIT ( ) NAMED_UNIT ( * ) SI_UNIT ( .MILLI., .METRE. ) );
#6344 = DIRECTION ( 'NONE',  ( 4.081702296416016490E-16, -1.000000000000000000, 0.000000000000000000 ) ) ;
#6345 =( GEOMETRIC_REPRESENTATION_CONTEXT ( 3 ) GLOBAL_UNCERTAINTY_ASSIGNED_CONTEXT ( ( #5331 ) ) GLOBAL_UNIT_ASSIGNED_CONTEXT ( ( #6434, #1584, #2741 ) ) REPRESENTATION_CONTEXT ( 'NONE', 'WORKASPACE' ) );
#6346 = AXIS2_PLACEMENT_3D ( 'NONE', #6072, #5946, #5182 ) ;
#6347 = VERTEX_POINT ( 'NONE', #12169 ) ;
#6348 = PRESENTATION_STYLE_ASSIGNMENT (( #418 ) ) ;
#6349 = DIRECTION ( 'NONE',  ( 0.000000000000000000, -1.000000000000000000, 0.000000000000000000 ) ) ;
#6350 = CARTESIAN_POINT ( 'NONE',  ( 25.96063157894736051, 11.22289321881345536, -7.179213561880926520 ) ) ;
#6351 =( LENGTH_UNIT ( ) NAMED_UNIT ( * ) SI_UNIT ( .MILLI., .METRE. ) );
#6352 = COLOUR_RGB ( '',0.2509803921568627416, 0.2509803921568627416, 0.2509803921568627416 ) ;
#6353 = STYLED_ITEM ( 'NONE', ( #3289 ), #421 ) ;
#6354 = MECHANICAL_DESIGN_GEOMETRIC_PRESENTATION_REPRESENTATION (  '', ( #2700 ), #450 ) ;
#6355 =( LENGTH_UNIT ( ) NAMED_UNIT ( * ) SI_UNIT ( .MILLI., .METRE. ) );
#6356 = UNCERTAINTY_MEASURE_WITH_UNIT (LENGTH_MEASURE( 1.000000000000000082E-05 ), #1359, 'distance_accuracy_value', 'NONE');
#6357 = CARTESIAN_POINT ( 'NONE',  ( -13.95052631578947278, 10.92999999999999794, 0.000000000000000000 ) ) ;
#6358 = EDGE_CURVE ( 'NONE', #2241, #2071, #6565, .T. ) ;
#6359 = ORIENTED_EDGE ( 'NONE', *, *, #4715, .T. ) ;
#6360 = MECHANICAL_DESIGN_GEOMETRIC_PRESENTATION_REPRESENTATION (  '', ( #6165 ), #10051 ) ;
#6361 = DIRECTION ( 'NONE',  ( -0.000000000000000000, -0.000000000000000000, 1.000000000000000000 ) ) ;
#6362 = FILL_AREA_STYLE ('',( #12637 ) ) ;
#6363 = DIRECTION ( 'NONE',  ( -0.000000000000000000, -0.000000000000000000, -1.000000000000000000 ) ) ;
#6364 = MECHANICAL_DESIGN_GEOMETRIC_PRESENTATION_REPRESENTATION (  '', ( #670 ), #9834 ) ;
#6365 = LINE ( 'NONE', #5401, #7505 ) ;
#6366 = ORIENTED_EDGE ( 'NONE', *, *, #9620, .T. ) ;
#6367 = CARTESIAN_POINT ( 'NONE',  ( 3.521684210526315972, 2.929999999999998384, 17.91499999999999915 ) ) ;
#6368 = UNCERTAINTY_MEASURE_WITH_UNIT (LENGTH_MEASURE( 1.000000000000000082E-05 ), #1419, 'distance_accuracy_value', 'NONE');
#6369 = CARTESIAN_POINT ( 'NONE',  ( 18.36479417414408388, 2.486267876399775201, 9.721707430260057237 ) ) ;
#6370 = COLOUR_RGB ( '',0.2509803921568627416, 0.2509803921568627416, 0.2509803921568627416 ) ;
#6371 = DIRECTION ( 'NONE',  ( 0.000000000000000000, -1.000000000000000000, -0.000000000000000000 ) ) ;
#6372 = FILL_AREA_STYLE_COLOUR ( '', #7904 ) ;
#6373 = CARTESIAN_POINT ( 'NONE',  ( -22.72021356188092511, 1.778000000000000025, -12.17921356188092652 ) ) ;
#6374 = VECTOR ( 'NONE', #2089, 1000.000000000000000 ) ;
#6375 = SURFACE_SIDE_STYLE ('',( #2567 ) ) ;
#6376 = ORIENTED_EDGE ( 'NONE', *, *, #10001, .F. ) ;
#6377 = ADVANCED_FACE ( 'NONE', ( #1483 ), #7226, .T. ) ;
#6378 = VERTEX_POINT ( 'NONE', #10302 ) ;
#6379 = DIRECTION ( 'NONE',  ( -0.000000000000000000, -0.000000000000000000, 1.000000000000000000 ) ) ;
#6380 = FILL_AREA_STYLE_COLOUR ( '', #4802 ) ;
#6381 = EDGE_CURVE ( 'NONE', #3205, #8664, #6651, .T. ) ;
#6382 = UNCERTAINTY_MEASURE_WITH_UNIT (LENGTH_MEASURE( 1.000000000000000082E-05 ), #4188, 'distance_accuracy_value', 'NONE');
#6383 = DIRECTION ( 'NONE',  ( 1.000000000000000000, 0.000000000000000000, 0.000000000000000000 ) ) ;
#6384 = MECHANICAL_DESIGN_GEOMETRIC_PRESENTATION_REPRESENTATION (  '', ( #9438 ), #4758 ) ;
#6385 = COLOUR_RGB ( '',0.2509803921568627416, 0.2509803921568627416, 0.2509803921568627416 ) ;
#6386 = COLOUR_RGB ( '',0.2509803921568627416, 0.2509803921568627416, 0.2509803921568627416 ) ;
#6387 = FILL_AREA_STYLE ('',( #10222 ) ) ;
#6388 = ORIENTED_EDGE ( 'NONE', *, *, #862, .T. ) ;
#6389 = CARTESIAN_POINT ( 'NONE',  ( 0.000000000000000000, 11.42999999999999972, 0.000000000000000000 ) ) ;
#6390 = FILL_AREA_STYLE ('',( #9262 ) ) ;
#6391 = CARTESIAN_POINT ( 'NONE',  ( 4.021684210526315972, 11.42999999999999972, -18.41499999999999559 ) ) ;
#6392 = DIRECTION ( 'NONE',  ( 0.000000000000000000, 0.000000000000000000, -1.000000000000000000 ) ) ;
#6393 = AXIS2_PLACEMENT_3D ( 'NONE', #11779, #53, #8883 ) ;
#6394 = CARTESIAN_POINT ( 'NONE',  ( -19.94126315789481296, 11.42999999999999972, -7.432906086360047127 ) ) ;
#6395 = ORIENTED_EDGE ( 'NONE', *, *, #10478, .F. ) ;
#6396 = AXIS2_PLACEMENT_3D ( 'NONE', #1974, #1131, #166 ) ;
#6397 = LINE ( 'NONE', #1803, #5352 ) ;
#6398 = PRESENTATION_LAYER_ASSIGNMENT (  '', '', ( #7815 ) ) ;
#6399 = DIRECTION ( 'NONE',  ( 0.000000000000000000, 0.000000000000000000, 1.000000000000000000 ) ) ;
#6400 = ORIENTED_EDGE ( 'NONE', *, *, #3941, .T. ) ;
#6401 = AXIS2_PLACEMENT_3D ( 'NONE', #10153, #10642, #3764 ) ;
#6402 = PRESENTATION_STYLE_ASSIGNMENT (( #3484 ) ) ;
#6403 = EDGE_CURVE ( 'NONE', #8901, #470, #4729, .T. ) ;
#6404 = ADVANCED_FACE ( 'NONE', ( #3542 ), #12489, .T. ) ;
#6405 = EDGE_CURVE ( 'NONE', #1155, #12335, #9172, .T. ) ;
#6406 = ORIENTED_EDGE ( 'NONE', *, *, #617, .T. ) ;
#6407 = DIRECTION ( 'NONE',  ( 0.000000000000000000, -1.000000000000000000, 0.000000000000000000 ) ) ;
#6408 = MECHANICAL_DESIGN_GEOMETRIC_PRESENTATION_REPRESENTATION (  '', ( #8646 ), #9255 ) ;
#6409 = AXIS2_PLACEMENT_3D ( 'NONE', #7519, #10479, #1729 ) ;
#6410 = STYLED_ITEM ( 'NONE', ( #10356 ), #9249 ) ;
#6411 = UNCERTAINTY_MEASURE_WITH_UNIT (LENGTH_MEASURE( 1.000000000000000082E-05 ), #2701, 'distance_accuracy_value', 'NONE');
#6412 = AXIS2_PLACEMENT_3D ( 'NONE', #11573, #7640, #4897 ) ;
#6413 = CARTESIAN_POINT ( 'NONE',  ( 0.000000000000000000, 11.42999999999999972, 0.000000000000000000 ) ) ;
#6414 = FILL_AREA_STYLE_COLOUR ( '', #525 ) ;
#6415 = ORIENTED_EDGE ( 'NONE', *, *, #1258, .T. ) ;
#6416 = DIRECTION ( 'NONE',  ( 0.7716245833877181104, 0.000000000000000000, -0.6360782202777660599 ) ) ;
#6417 = PRESENTATION_STYLE_ASSIGNMENT (( #2538 ) ) ;
#6418 = AXIS2_PLACEMENT_3D ( 'NONE', #11813, #7940, #8727 ) ;
#6419 = CARTESIAN_POINT ( 'NONE',  ( 24.84695402612800308, 0.5000000000000000000, 12.07122582530904786 ) ) ;
#6420 =( GEOMETRIC_REPRESENTATION_CONTEXT ( 3 ) GLOBAL_UNCERTAINTY_ASSIGNED_CONTEXT ( ( #1559 ) ) GLOBAL_UNIT_ASSIGNED_CONTEXT ( ( #12517, #11415, #5394 ) ) REPRESENTATION_CONTEXT ( 'NONE', 'WORKASPACE' ) );
#6421 = AXIS2_PLACEMENT_3D ( 'NONE', #2306, #3213, #10155 ) ;
#6422 = AXIS2_PLACEMENT_3D ( 'NONE', #10554, #6660, #854 ) ;
#6423 = B_SPLINE_CURVE_WITH_KNOTS ( 'NONE', 3,
 ( #3833, #8678, #11362, #4520, #12534, #7501 ),
 .UNSPECIFIED., .F., .F.,
 ( 4, 2, 4 ),
 ( 0.000000000000000000, 0.0004051596487998933554, 0.0008103192975997867108 ),
 .UNSPECIFIED. ) ;
#6424 = ORIENTED_EDGE ( 'NONE', *, *, #7447, .F. ) ;
#6425 =( LENGTH_UNIT ( ) NAMED_UNIT ( * ) SI_UNIT ( .MILLI., .METRE. ) );
#6426 =( NAMED_UNIT ( * ) PLANE_ANGLE_UNIT ( ) SI_UNIT ( $, .RADIAN. ) );
#6427 = DIRECTION ( 'NONE',  ( 1.000000000000000000, 0.000000000000000000, 0.000000000000000000 ) ) ;
#6428 = MECHANICAL_DESIGN_GEOMETRIC_PRESENTATION_REPRESENTATION (  '', ( #4571 ), #5586 ) ;
#6429 = AXIS2_PLACEMENT_3D ( 'NONE', #11531, #4807, #4738 ) ;
#6430 = CYLINDRICAL_SURFACE ( 'NONE', #8037, 0.5000000000000004441 ) ;
#6431 =( NAMED_UNIT ( * ) PLANE_ANGLE_UNIT ( ) SI_UNIT ( $, .RADIAN. ) );
#6432 = CARTESIAN_POINT ( 'NONE',  ( -22.72021356188092511, 10.92999999999999794, -12.17921356188092652 ) ) ;
#6433 = ORIENTED_EDGE ( 'NONE', *, *, #11559, .T. ) ;
#6434 =( LENGTH_UNIT ( ) NAMED_UNIT ( * ) SI_UNIT ( .MILLI., .METRE. ) );
#6435 = STYLED_ITEM ( 'NONE', ( #11302 ), #2685 ) ;
#6436 = PLANE ( 'NONE',  #2441 ) ;
#6437 =( NAMED_UNIT ( * ) SI_UNIT ( $, .STERADIAN. ) SOLID_ANGLE_UNIT ( ) );
#6438 = ORIENTED_EDGE ( 'NONE', *, *, #9847, .T. ) ;
#6439 = CARTESIAN_POINT ( 'NONE',  ( 2.759684210526320403, 2.929999999999998384, -18.41499999999999915 ) ) ;
#6440 = CARTESIAN_POINT ( 'NONE',  ( 8.750421052631576657, 2.929999999999998384, -18.41499999999999915 ) ) ;
#6441 = DIRECTION ( 'NONE',  ( 1.000000000000000000, 0.000000000000000000, -0.000000000000000000 ) ) ;
#6442 = FACE_OUTER_BOUND ( 'NONE', #5602, .T. ) ;
#6443 = DIRECTION ( 'NONE',  ( -0.000000000000000000, -0.000000000000000000, 1.000000000000000000 ) ) ;
#6444 = CARTESIAN_POINT ( 'NONE',  ( -23.62199999999999633, 0.5000000000000000000, 13.08100000000000840 ) ) ;
#6445 = EDGE_LOOP ( 'NONE', ( #6305, #4773, #10645, #4586 ) ) ;
#6446 = SURFACE_STYLE_USAGE ( .BOTH. , #3648 ) ;
#6447 = ORIENTED_EDGE ( 'NONE', *, *, #11324, .T. ) ;
#6448 =( NAMED_UNIT ( * ) SI_UNIT ( $, .STERADIAN. ) SOLID_ANGLE_UNIT ( ) );
#6449 = ORIENTED_EDGE ( 'NONE', *, *, #1270, .F. ) ;
#6450 = COLOUR_RGB ( '',0.2509803921568627416, 0.2509803921568627416, 0.2509803921568627416 ) ;
#6451 = SURFACE_SIDE_STYLE ('',( #2574 ) ) ;
#6452 = SURFACE_STYLE_FILL_AREA ( #3656 ) ;
#6453 = ORIENTED_EDGE ( 'NONE', *, *, #3251, .F. ) ;
#6454 = SURFACE_SIDE_STYLE ('',( #5358 ) ) ;
#6455 = CIRCLE ( 'NONE', #9114, 0.5000000000000004441 ) ;
#6456 = EDGE_CURVE ( 'NONE', #4696, #10583, #12370, .T. ) ;
#6457 = SURFACE_SIDE_STYLE ('',( #5483 ) ) ;
#6458 = CARTESIAN_POINT ( 'NONE',  ( -23.62199999999999633, 1.778000000000000025, 13.08100000000000840 ) ) ;
#6459 = PLANE ( 'NONE',  #2588 ) ;
#6460 = EDGE_CURVE ( 'NONE', #4984, #10673, #7044, .T. ) ;
#6461 = CARTESIAN_POINT ( 'NONE',  ( -28.45599999999999596, 1.778000000000000025, 12.17921356188092652 ) ) ;
#6462 = COLOUR_RGB ( '',0.2509803921568627416, 0.2509803921568627416, 0.2509803921568627416 ) ;
#6463 = CARTESIAN_POINT ( 'NONE',  ( -17.44589473684210645, 10.92999999999999794, 17.91499999999999915 ) ) ;
#6464 = ORIENTED_EDGE ( 'NONE', *, *, #12332, .F. ) ;
#6465 = DIRECTION ( 'NONE',  ( 0.000000000000000000, 0.000000000000000000, 1.000000000000000000 ) ) ;
#6466 = CARTESIAN_POINT ( 'NONE',  ( -6.988421052631577979, 10.92999999999999794, 17.91499999999999915 ) ) ;
#6467 = VERTEX_POINT ( 'NONE', #11382 ) ;
#6468 = CARTESIAN_POINT ( 'NONE',  ( -28.95599999999999596, 11.42999999999999972, 18.41499999999999915 ) ) ;
#6469 = DIRECTION ( 'NONE',  ( 0.000000000000000000, -1.000000000000000000, 0.000000000000000000 ) ) ;
#6470 =( NAMED_UNIT ( * ) SI_UNIT ( $, .STERADIAN. ) SOLID_ANGLE_UNIT ( ) );
#6471 = EDGE_CURVE ( 'NONE', #8187, #9453, #5551, .T. ) ;
#6472 = VERTEX_POINT ( 'NONE', #6466 ) ;
#6473 = FACE_OUTER_BOUND ( 'NONE', #2916, .T. ) ;
#6474 = DIRECTION ( 'NONE',  ( 0.000000000000000000, -1.000000000000000000, 0.000000000000000000 ) ) ;
#6475 = LINE ( 'NONE', #1750, #8650 ) ;
#6476 = ORIENTED_EDGE ( 'NONE', *, *, #8035, .T. ) ;
#6477 = EDGE_CURVE ( 'NONE', #7337, #5795, #726, .T. ) ;
#6478 = CARTESIAN_POINT ( 'NONE',  ( -13.95052631578947278, 11.42999999999999972, -18.41499999999999559 ) ) ;
#6479 = MECHANICAL_DESIGN_GEOMETRIC_PRESENTATION_REPRESENTATION (  '', ( #4834 ), #3496 ) ;
#6480 =( LENGTH_UNIT ( ) NAMED_UNIT ( * ) SI_UNIT ( .MILLI., .METRE. ) );
#6481 = VERTEX_POINT ( 'NONE', #9763 ) ;
#6482 = CARTESIAN_POINT ( 'NONE',  ( 10.01242105263157356, 11.42999999999999972, -18.41499999999999559 ) ) ;
#6483 = PRESENTATION_LAYER_ASSIGNMENT (  '', '', ( #149 ) ) ;
#6484 = ORIENTED_EDGE ( 'NONE', *, *, #10201, .F. ) ;
#6485 = CARTESIAN_POINT ( 'NONE',  ( -12.97915789473683645, 11.22289321881344826, -18.20789321881344236 ) ) ;
#6486 = DIRECTION ( 'NONE',  ( 0.000000000000000000, 0.000000000000000000, 1.000000000000000000 ) ) ;
#6487 = CARTESIAN_POINT ( 'NONE',  ( -19.94126315789481296, 11.42999999999999972, -7.432906086360047127 ) ) ;
#6488 =( GEOMETRIC_REPRESENTATION_CONTEXT ( 3 ) GLOBAL_UNCERTAINTY_ASSIGNED_CONTEXT ( ( #5864 ) ) GLOBAL_UNIT_ASSIGNED_CONTEXT ( ( #7979, #7729, #3098 ) ) REPRESENTATION_CONTEXT ( 'NONE', 'WORKASPACE' ) );
#6489 = FACE_OUTER_BOUND ( 'NONE', #3782, .T. ) ;
#6490 = COLOUR_RGB ( '',0.2509803921568627416, 0.2509803921568627416, 0.2509803921568627416 ) ;
#6491 =( BOUNDED_CURVE ( )  B_SPLINE_CURVE ( 3, ( #3973, #122, #6001, #5170 ),
 .UNSPECIFIED., .F., .F. ) 
 B_SPLINE_CURVE_WITH_KNOTS ( ( 4, 4 ),
 ( 1.570796326794896558, 3.141592653589793116 ),
 .UNSPECIFIED. ) 
 CURVE ( )  GEOMETRIC_REPRESENTATION_ITEM ( )  RATIONAL_B_SPLINE_CURVE ( ( 1.000000000000000000, 0.8047378541243649375, 0.8047378541243649375, 1.000000000000000000 ) ) 
 REPRESENTATION_ITEM ( '' )  );
#6492 =( NAMED_UNIT ( * ) PLANE_ANGLE_UNIT ( ) SI_UNIT ( $, .RADIAN. ) );
#6493 = EDGE_CURVE ( 'NONE', #4857, #8687, #3091, .T. ) ;
#6494 = ORIENTED_EDGE ( 'NONE', *, *, #3916, .F. ) ;
#6495 = EDGE_CURVE ( 'NONE', #4647, #12070, #4770, .T. ) ;
#6496 = DIRECTION ( 'NONE',  ( 4.081702296416016490E-16, -1.000000000000000000, 0.000000000000000000 ) ) ;
#6497 = VECTOR ( 'NONE', #12401, 1000.000000000000000 ) ;
#6498 = SURFACE_SIDE_STYLE ('',( #3701 ) ) ;
#6499 = ORIENTED_EDGE ( 'NONE', *, *, #6193, .F. ) ;
#6500 = DIRECTION ( 'NONE',  ( 1.000000000000000000, 0.000000000000000000, 0.000000000000000000 ) ) ;
#6501 = CARTESIAN_POINT ( 'NONE',  ( 28.45599999999999596, 1.778000000000000025, -15.66328183851187283 ) ) ;
#6502 = SURFACE_STYLE_FILL_AREA ( #2745 ) ;
#6503 = MECHANICAL_DESIGN_GEOMETRIC_PRESENTATION_REPRESENTATION (  '', ( #12028 ), #4439 ) ;
#6504 = PRESENTATION_LAYER_ASSIGNMENT (  '', '', ( #2217 ) ) ;
#6505 = CARTESIAN_POINT ( 'NONE',  ( 10.98378947368420988, 10.92999999999999794, -17.91499999999999204 ) ) ;
#6506 = CARTESIAN_POINT ( 'NONE',  ( -8.459789473684212524, 10.92999999999999794, 17.91499999999999915 ) ) ;
#6507 = STYLED_ITEM ( 'NONE', ( #2931 ), #2087 ) ;
#6508 = DIRECTION ( 'NONE',  ( -1.000000000000000000, -0.000000000000000000, -0.000000000000000000 ) ) ;
#6509 = VERTEX_POINT ( 'NONE', #2965 ) ;
#6510 =( NAMED_UNIT ( * ) PLANE_ANGLE_UNIT ( ) SI_UNIT ( $, .RADIAN. ) );
#6511 = ORIENTED_EDGE ( 'NONE', *, *, #6865, .F. ) ;
#6512 = VECTOR ( 'NONE', #10600, 1000.000000000000000 ) ;
#6513 = EDGE_CURVE ( 'NONE', #5843, #10532, #6845, .T. ) ;
#6514 = SURFACE_SIDE_STYLE ('',( #2623 ) ) ;
#6515 = STYLED_ITEM ( 'NONE', ( #4856 ), #6536 ) ;
#6516 = CARTESIAN_POINT ( 'NONE',  ( 19.96989473684210736, 11.07073499020418517, 8.003600270322776211 ) ) ;
#6517 = ORIENTED_EDGE ( 'NONE', *, *, #2270, .T. ) ;
#6518 = CYLINDRICAL_SURFACE ( 'NONE', #5963, 0.5000000000000004441 ) ;
#6519 = PRESENTATION_STYLE_ASSIGNMENT (( #11370 ) ) ;
#6520 = ORIENTED_EDGE ( 'NONE', *, *, #4358, .F. ) ;
#6521 = MECHANICAL_DESIGN_GEOMETRIC_PRESENTATION_REPRESENTATION (  '', ( #10392 ), #10589 ) ;
#6522 = FILL_AREA_STYLE_COLOUR ( '', #4723 ) ;
#6523 = SURFACE_SIDE_STYLE ('',( #5614 ) ) ;
#6524 = PRESENTATION_LAYER_ASSIGNMENT (  '', '', ( #2473 ) ) ;
#6525 = FILL_AREA_STYLE ('',( #2766 ) ) ;
#6526 = CARTESIAN_POINT ( 'NONE',  ( -10.95515789473684087, 11.42999999999999972, -18.41499999999999559 ) ) ;
#6527 = ORIENTED_EDGE ( 'NONE', *, *, #9733, .F. ) ;
#6528 = LINE ( 'NONE', #7524, #1293 ) ;
#6529 = VERTEX_POINT ( 'NONE', #1090 ) ;
#6530 = DIRECTION ( 'NONE',  ( -0.000000000000000000, 0.000000000000000000, 1.000000000000000000 ) ) ;
#6531 = DIRECTION ( 'NONE',  ( -1.000000000000000000, 0.000000000000000000, 0.000000000000000000 ) ) ;
#6532 = COLOUR_RGB ( '',0.2509803921568627416, 0.2509803921568627416, 0.2509803921568627416 ) ;
#6533 = VECTOR ( 'NONE', #6035, 1000.000000000000000 ) ;
#6534 = DIRECTION ( 'NONE',  ( 0.000000000000000000, -1.000000000000000000, 0.000000000000000000 ) ) ;
#6535 = ORIENTED_EDGE ( 'NONE', *, *, #11021, .T. ) ;
#6536 = ADVANCED_FACE ( 'NONE', ( #5747 ), #3980, .T. ) ;
#6537 = SURFACE_STYLE_FILL_AREA ( #10426 ) ;
#6538 = UNCERTAINTY_MEASURE_WITH_UNIT (LENGTH_MEASURE( 1.000000000000000082E-05 ), #5272, 'distance_accuracy_value', 'NONE');
#6539 = UNCERTAINTY_MEASURE_WITH_UNIT (LENGTH_MEASURE( 1.000000000000000082E-05 ), #1696, 'distance_accuracy_value', 'NONE');
#6540 = SURFACE_SIDE_STYLE ('',( #736 ) ) ;
#6541 = PRESENTATION_STYLE_ASSIGNMENT (( #12500 ) ) ;
#6542 = ORIENTED_EDGE ( 'NONE', *, *, #4023, .T. ) ;
#6543 = AXIS2_PLACEMENT_3D ( 'NONE', #8889, #1999, #12681 ) ;
#6544 = SURFACE_STYLE_USAGE ( .BOTH. , #12502 ) ;
#6545 = ORIENTED_EDGE ( 'NONE', *, *, #190, .T. ) ;
#6546 = ORIENTED_EDGE ( 'NONE', *, *, #2195, .T. ) ;
#6547 = EDGE_CURVE ( 'NONE', #12664, #3576, #8887, .T. ) ;
#6548 = CARTESIAN_POINT ( 'NONE',  ( 24.48926315789472952, 10.92999999999999794, -7.179213561880927408 ) ) ;
#6549 = AXIS2_PLACEMENT_3D ( 'NONE', #9374, #4526, #10774 ) ;
#6550 = CARTESIAN_POINT ( 'NONE',  ( 28.45599999999999596, 11.42999999999999972, 7.179213561880927408 ) ) ;
#6551 = LINE ( 'NONE', #4499, #3920 ) ;
#6552 = SURFACE_SIDE_STYLE ('',( #8463 ) ) ;
#6553 = SURFACE_STYLE_FILL_AREA ( #11476 ) ;
#6554 = CARTESIAN_POINT ( 'NONE',  ( 17.72021356188092867, 2.168174630207213127, -18.41499999999999915 ) ) ;
#6555 = CARTESIAN_POINT ( 'NONE',  ( -13.47915789473683823, 11.42999999999999972, 0.000000000000000000 ) ) ;
#6556 = AXIS2_PLACEMENT_3D ( 'NONE', #2928, #9793, #10580 ) ;
#6557 = ORIENTED_EDGE ( 'NONE', *, *, #5432, .T. ) ;
#6558 = EDGE_CURVE ( 'NONE', #6347, #10976, #607, .T. ) ;
#6559 = FILL_AREA_STYLE_COLOUR ( '', #4855 ) ;
#6560 = DIRECTION ( 'NONE',  ( 0.000000000000000000, -1.000000000000000000, 0.000000000000000000 ) ) ;
#6561 = ORIENTED_EDGE ( 'NONE', *, *, #8711, .F. ) ;
#6562 = MECHANICAL_DESIGN_GEOMETRIC_PRESENTATION_REPRESENTATION (  '', ( #1260 ), #646 ) ;
#6563 = PRESENTATION_STYLE_ASSIGNMENT (( #948 ) ) ;
#6564 = CARTESIAN_POINT ( 'NONE',  ( 17.82180685166209599, 2.171701827032095800, 11.14331404917386337 ) ) ;
#6565 =( BOUNDED_CURVE ( )  B_SPLINE_CURVE ( 3, ( #9158, #8181, #6143, #12100 ),
 .UNSPECIFIED., .F., .T. ) 
 B_SPLINE_CURVE_WITH_KNOTS ( ( 4, 4 ),
 ( 4.712388980384689674, 6.283185307179586232 ),
 .UNSPECIFIED. ) 
 CURVE ( )  GEOMETRIC_REPRESENTATION_ITEM ( )  RATIONAL_B_SPLINE_CURVE ( ( 1.000000000000000000, 0.8047378541243649375, 0.8047378541243649375, 1.000000000000000000 ) ) 
 REPRESENTATION_ITEM ( '' )  );
#6566 = PRESENTATION_STYLE_ASSIGNMENT (( #5596 ) ) ;
#6567 = LINE ( 'NONE', #4408, #2167 ) ;
#6568 = CARTESIAN_POINT ( 'NONE',  ( -23.43663157894736671, 10.92999999999999794, 7.179213561880927408 ) ) ;
#6569 = EDGE_LOOP ( 'NONE', ( #5309, #7754, #5582, #2583, #10773, #11751 ) ) ;
#6570 = AXIS2_PLACEMENT_3D ( 'NONE', #10399, #12409, #9429 ) ;
#6571 =( NAMED_UNIT ( * ) PLANE_ANGLE_UNIT ( ) SI_UNIT ( $, .RADIAN. ) );
#6572 = ORIENTED_EDGE ( 'NONE', *, *, #3124, .F. ) ;
#6573 = AXIS2_PLACEMENT_3D ( 'NONE', #996, #3812, #8846 ) ;
#6574 = SURFACE_STYLE_USAGE ( .BOTH. , #8485 ) ;
#6575 = LINE ( 'NONE', #9257, #12587 ) ;
#6576 = VERTEX_POINT ( 'NONE', #10794 ) ;
#6577 = VERTEX_POINT ( 'NONE', #9635 ) ;
#6578 = EDGE_CURVE ( 'NONE', #1571, #12, #2892, .T. ) ;
#6579 =( LENGTH_UNIT ( ) NAMED_UNIT ( * ) SI_UNIT ( .MILLI., .METRE. ) );
#6580 = STYLED_ITEM ( 'NONE', ( #356 ), #8047 ) ;
#6581 =( NAMED_UNIT ( * ) SI_UNIT ( $, .STERADIAN. ) SOLID_ANGLE_UNIT ( ) );
#6582 = ADVANCED_FACE ( 'NONE', ( #125 ), #8697, .T. ) ;
#6583 = CYLINDRICAL_SURFACE ( 'NONE', #7047, 0.5000000000000004441 ) ;
#6584 = DIRECTION ( 'NONE',  ( -1.000000000000000000, 0.000000000000000000, 0.000000000000000000 ) ) ;
#6585 = DIRECTION ( 'NONE',  ( 0.000000000000000000, 0.000000000000000000, 1.000000000000000000 ) ) ;
#6586 = VERTEX_POINT ( 'NONE', #3218 ) ;
#6587 = DIRECTION ( 'NONE',  ( 0.000000000000000000, -0.000000000000000000, -1.000000000000000000 ) ) ;
#6588 = ORIENTED_EDGE ( 'NONE', *, *, #5667, .F. ) ;
#6589 = AXIS2_PLACEMENT_3D ( 'NONE', #9156, #3358, #6142 ) ;
#6590 = FACE_OUTER_BOUND ( 'NONE', #689, .T. ) ;
#6591 = STYLED_ITEM ( 'NONE', ( #9204 ), #8269 ) ;
#6592 = SURFACE_STYLE_FILL_AREA ( #1615 ) ;
#6593 = ORIENTED_EDGE ( 'NONE', *, *, #3251, .T. ) ;
#6594 = CARTESIAN_POINT ( 'NONE',  ( -1.497684210526308624, 2.929999999999998384, -17.91499999999999204 ) ) ;
#6595 =( LENGTH_UNIT ( ) NAMED_UNIT ( * ) SI_UNIT ( .MILLI., .METRE. ) );
#6596 = STYLED_ITEM ( 'NONE', ( #8674 ), #788 ) ;
#6597 = UNCERTAINTY_MEASURE_WITH_UNIT (LENGTH_MEASURE( 1.000000000000000082E-05 ), #6342, 'distance_accuracy_value', 'NONE');
#6598 = LINE ( 'NONE', #5501, #3165 ) ;
#6599 = PRESENTATION_STYLE_ASSIGNMENT (( #10308 ) ) ;
#6600 = AXIS2_PLACEMENT_3D ( 'NONE', #187, #3018, #4096 ) ;
#6601 = CIRCLE ( 'NONE', #686, 1.261999999999997568 ) ;
#6602 = EDGE_CURVE ( 'NONE', #3845, #1598, #7938, .T. ) ;
#6603 = VERTEX_POINT ( 'NONE', #7083 ) ;
#6604 = CARTESIAN_POINT ( 'NONE',  ( -28.45599999999999596, 0.1141877083061398346, -16.16328183851187816 ) ) ;
#6605 =( NAMED_UNIT ( * ) PLANE_ANGLE_UNIT ( ) SI_UNIT ( $, .RADIAN. ) );
#6606 = ORIENTED_EDGE ( 'NONE', *, *, #7357, .F. ) ;
#6607 = DIRECTION ( 'NONE',  ( -1.000000000000000000, 0.000000000000000000, 0.000000000000000000 ) ) ;
#6608 = VECTOR ( 'NONE', #2959, 1000.000000000000000 ) ;
#6609 = MECHANICAL_DESIGN_GEOMETRIC_PRESENTATION_REPRESENTATION (  '', ( #9650 ), #7209 ) ;
#6610 =( GEOMETRIC_REPRESENTATION_CONTEXT ( 3 ) GLOBAL_UNCERTAINTY_ASSIGNED_CONTEXT ( ( #4190 ) ) GLOBAL_UNIT_ASSIGNED_CONTEXT ( ( #1656, #11639, #11437 ) ) REPRESENTATION_CONTEXT ( 'NONE', 'WORKASPACE' ) );
#6611 = ORIENTED_EDGE ( 'NONE', *, *, #7041, .T. ) ;
#6612 = DIRECTION ( 'NONE',  ( -0.000000000000000000, 0.000000000000000000, 1.000000000000000000 ) ) ;
#6614 = LINE ( 'NONE', #6550, #11679 ) ;
#6613 = VECTOR ( 'NONE', #6761, 1000.000000000000000 ) ;
#6615 =( NAMED_UNIT ( * ) PLANE_ANGLE_UNIT ( ) SI_UNIT ( $, .RADIAN. ) );
#6616 = VECTOR ( 'NONE', #2671, 1000.000000000000000 ) ;
#6617 = COLOUR_RGB ( '',0.2509803921568627416, 0.2509803921568627416, 0.2509803921568627416 ) ;
#6618 = COLOUR_RGB ( '',0.2509803921568627416, 0.2509803921568627416, 0.2509803921568627416 ) ;
#6619 =( GEOMETRIC_REPRESENTATION_CONTEXT ( 3 ) GLOBAL_UNCERTAINTY_ASSIGNED_CONTEXT ( ( #5217 ) ) GLOBAL_UNIT_ASSIGNED_CONTEXT ( ( #2462, #12428, #6581 ) ) REPRESENTATION_CONTEXT ( 'NONE', 'WORKASPACE' ) );
#6620 = ADVANCED_FACE ( 'NONE', ( #6320 ), #7272, .T. ) ;
#6621 = CARTESIAN_POINT ( 'NONE',  ( 16.97452631578947546, 10.92999999999999794, -17.91499999999999204 ) ) ;
#6622 = CARTESIAN_POINT ( 'NONE',  ( 22.72021356188092511, 10.92999999999999794, -12.17921356188092652 ) ) ;
#6623 = ORIENTED_EDGE ( 'NONE', *, *, #12433, .T. ) ;
#6624 = LINE ( 'NONE', #11483, #1879 ) ;
#6625 = PRODUCT_DEFINITION_FORMATION_WITH_SPECIFIED_SOURCE ( 'ANY', '', #9287, .NOT_KNOWN. ) ;
#6626 = CARTESIAN_POINT ( 'NONE',  ( 22.72021356188092511, 1.778000000000000025, 12.17921356188092652 ) ) ;
#6627 = VECTOR ( 'NONE', #9448, 1000.000000000000000 ) ;
#6628 = ORIENTED_EDGE ( 'NONE', *, *, #3438, .T. ) ;
#6629 =( LENGTH_UNIT ( ) NAMED_UNIT ( * ) SI_UNIT ( .MILLI., .METRE. ) );
#6630 = EDGE_CURVE ( 'NONE', #9878, #7493, #5099, .T. ) ;
#6631 = CARTESIAN_POINT ( 'NONE',  ( -14.45052631578947278, 11.42999999999999972, -17.91499999999999204 ) ) ;
#6632 = VERTEX_POINT ( 'NONE', #4101 ) ;
#6633 = VECTOR ( 'NONE', #4375, 1000.000000000000000 ) ;
#6634 = MECHANICAL_DESIGN_GEOMETRIC_PRESENTATION_REPRESENTATION (  '', ( #732 ), #2380 ) ;
#6635 = ORIENTED_EDGE ( 'NONE', *, *, #7105, .T. ) ;
#6636 = CARTESIAN_POINT ( 'NONE',  ( 7.017052631578944322, 10.92999999999999794, 0.000000000000000000 ) ) ;
#6637 = CARTESIAN_POINT ( 'NONE',  ( 19.46989473684210381, 11.42999999999999972, 7.742387270983274838 ) ) ;
#6638 = ORIENTED_EDGE ( 'NONE', *, *, #8946, .F. ) ;
#6639 = DIRECTION ( 'NONE',  ( 0.000000000000000000, -1.000000000000000000, 0.000000000000000000 ) ) ;
#6640 = DIRECTION ( 'NONE',  ( 0.000000000000000000, 0.000000000000000000, 1.000000000000000000 ) ) ;
#6641 = EDGE_LOOP ( 'NONE', ( #1236, #5694, #9657, #2375 ) ) ;
#6642 =( BOUNDED_CURVE ( )  B_SPLINE_CURVE ( 3, ( #3725, #3479, #1608, #1734 ),
 .UNSPECIFIED., .F., .F. ) 
 B_SPLINE_CURVE_WITH_KNOTS ( ( 4, 4 ),
 ( 3.141592653589793116, 4.712388980384689674 ),
 .UNSPECIFIED. ) 
 CURVE ( )  GEOMETRIC_REPRESENTATION_ITEM ( )  RATIONAL_B_SPLINE_CURVE ( ( 1.000000000000000000, 0.8047378541243649375, 0.8047378541243649375, 1.000000000000000000 ) ) 
 REPRESENTATION_ITEM ( '' )  );
#6643 = CARTESIAN_POINT ( 'NONE',  ( -22.46526315789473216, 10.92999999999999794, -18.41499999999999915 ) ) ;
#6644 = PRESENTATION_LAYER_ASSIGNMENT (  '', '', ( #4799 ) ) ;
#6645 = B_SPLINE_CURVE_WITH_KNOTS ( 'NONE', 3,
 ( #11745, #6094, #1128, #5015, #1250, #8910, #7939, #157 ),
 .UNSPECIFIED., .F., .F.,
 ( 4, 2, 2, 4 ),
 ( 0.000000000000000000, 0.0002211272253058122546, 0.0004422544506116245092, 0.0008845089012232555236 ),
 .UNSPECIFIED. ) ;
#6646 = FILL_AREA_STYLE ('',( #10355 ) ) ;
#6647 = FILL_AREA_STYLE ('',( #5740 ) ) ;
#6648 = SURFACE_STYLE_FILL_AREA ( #6525 ) ;
#6649 = ORIENTED_EDGE ( 'NONE', *, *, #12094, .F. ) ;
#6650 = DIRECTION ( 'NONE',  ( 0.000000000000000000, 1.000000000000000000, 0.000000000000000000 ) ) ;
#6651 = LINE ( 'NONE', #846, #5474 ) ;
#6652 = ORIENTED_EDGE ( 'NONE', *, *, #8288, .T. ) ;
#6653 = CARTESIAN_POINT ( 'NONE',  ( 7.017052631578944322, 11.42999999999999972, 0.000000000000000000 ) ) ;
#6654 = ADVANCED_FACE ( 'NONE', ( #9967 ), #4227, .T. ) ;
#6655 = PRESENTATION_STYLE_ASSIGNMENT (( #11520 ) ) ;
#6656 = ADVANCED_FACE ( 'NONE', ( #1354 ), #4283, .F. ) ;
#6657 = MECHANICAL_DESIGN_GEOMETRIC_PRESENTATION_REPRESENTATION (  '', ( #6245 ), #2796 ) ;
#6658 = DIRECTION ( 'NONE',  ( 1.000000000000000000, 0.000000000000000000, 0.000000000000000000 ) ) ;
#6659 = EDGE_LOOP ( 'NONE', ( #2238, #10019, #12385, #144 ) ) ;
#6660 = DIRECTION ( 'NONE',  ( 4.081702296416016490E-16, -1.000000000000000000, 0.000000000000000000 ) ) ;
#6661 = CIRCLE ( 'NONE', #8496, 0.7619999999999987894 ) ;
#6662 = CARTESIAN_POINT ( 'NONE',  ( 1.997684210526325055, 2.929999999999998384, 17.91499999999999915 ) ) ;
#6663 = CYLINDRICAL_SURFACE ( 'NONE', #6429, 0.5000000000000004441 ) ;
#6664 = ORIENTED_EDGE ( 'NONE', *, *, #11295, .T. ) ;
#6665 = LINE ( 'NONE', #5563, #4624 ) ;
#6666 = CYLINDRICAL_SURFACE ( 'NONE', #10380, 0.4999999999999997224 ) ;
#6667 = ORIENTED_EDGE ( 'NONE', *, *, #8202, .F. ) ;
#6668 = CARTESIAN_POINT ( 'NONE',  ( -25.46063157894736406, 11.42999999999999972, 0.000000000000000000 ) ) ;
#6669 = CIRCLE ( 'NONE', #4234, 0.7619999999999953477 ) ;
#6670 = DIRECTION ( 'NONE',  ( -0.000000000000000000, -0.000000000000000000, -1.000000000000000000 ) ) ;
#6671 = ADVANCED_FACE ( 'NONE', ( #2508 ), #518, .T. ) ;
#6672 = ORIENTED_EDGE ( 'NONE', *, *, #11058, .T. ) ;
#6673 =( GEOMETRIC_REPRESENTATION_CONTEXT ( 3 ) GLOBAL_UNCERTAINTY_ASSIGNED_CONTEXT ( ( #6981 ) ) GLOBAL_UNIT_ASSIGNED_CONTEXT ( ( #3381, #7246, #12190 ) ) REPRESENTATION_CONTEXT ( 'NONE', 'WORKASPACE' ) );
#6674 = CARTESIAN_POINT ( 'NONE',  ( -20.80587646518327105, 2.251326190973216068, 7.557704711311514778 ) ) ;
#6675 = CARTESIAN_POINT ( 'NONE',  ( 28.45599999999999952, 1.778000000000000025, -7.179213561880927408 ) ) ;
#6676 = DIRECTION ( 'NONE',  ( -0.000000000000000000, -0.000000000000000000, 1.000000000000000000 ) ) ;
#6677 = AXIS2_PLACEMENT_3D ( 'NONE', #2525, #4427, #1306 ) ;
#6678 = CIRCLE ( 'NONE', #4442, 0.5000000000000004441 ) ;
#6679 = CARTESIAN_POINT ( 'NONE',  ( 13.00778947368420901, 2.929999999999998384, -18.41499999999999559 ) ) ;
#6680 = CARTESIAN_POINT ( 'NONE',  ( 16.47452631578947546, 11.42999999999999972, -18.41499999999999559 ) ) ;
#6681 = MECHANICAL_DESIGN_GEOMETRIC_PRESENTATION_REPRESENTATION (  '', ( #8921 ), #3439 ) ;
#6682 = ORIENTED_EDGE ( 'NONE', *, *, #11143, .T. ) ;
#6683 = FACE_OUTER_BOUND ( 'NONE', #11641, .T. ) ;
#6684 = PRESENTATION_STYLE_ASSIGNMENT (( #5585 ) ) ;
#6685 = FILL_AREA_STYLE_COLOUR ( '', #5881 ) ;
#6686 = ORIENTED_EDGE ( 'NONE', *, *, #9159, .T. ) ;
#6687 = SURFACE_SIDE_STYLE ('',( #6502 ) ) ;
#6688 = COLOUR_RGB ( '',0.2509803921568627416, 0.2509803921568627416, 0.2509803921568627416 ) ;
#6689 = FILL_AREA_STYLE_COLOUR ( '', #10282 ) ;
#6690 = STYLED_ITEM ( 'NONE', ( #6417 ), #6187 ) ;
#6691 =( LENGTH_UNIT ( ) NAMED_UNIT ( * ) SI_UNIT ( .MILLI., .METRE. ) );
#6692 = ORIENTED_EDGE ( 'NONE', *, *, #2704, .F. ) ;
#6693 = ORIENTED_EDGE ( 'NONE', *, *, #3229, .T. ) ;
#6694 = DIRECTION ( 'NONE',  ( 1.000000000000000000, -0.000000000000000000, -0.000000000000000000 ) ) ;
#6695 = LINE ( 'NONE', #10596, #9664 ) ;
#6696 = EDGE_LOOP ( 'NONE', ( #9403, #4780, #9207, #311 ) ) ;
#6697 = DIRECTION ( 'NONE',  ( -0.000000000000000000, 1.000000000000000000, -0.000000000000000000 ) ) ;
#6698 = DIRECTION ( 'NONE',  ( 0.000000000000000000, 0.000000000000000000, 1.000000000000000000 ) ) ;
#6699 = ORIENTED_EDGE ( 'NONE', *, *, #251, .F. ) ;
#6700 = EDGE_CURVE ( 'NONE', #4792, #12552, #11463, .T. ) ;
#6701 = DIRECTION ( 'NONE',  ( 0.000000000000000000, 0.000000000000000000, -1.000000000000000000 ) ) ;
#6702 = ADVANCED_FACE ( 'NONE', ( #10463 ), #9433, .T. ) ;
#6703 = PRESENTATION_LAYER_ASSIGNMENT (  '', '', ( #999 ) ) ;
#6704 = LINE ( 'NONE', #12549, #1553 ) ;
#6705 = CARTESIAN_POINT ( 'NONE',  ( -17.44589473684210645, 2.929999999999998384, -18.41499999999999915 ) ) ;
#6706 = FACE_OUTER_BOUND ( 'NONE', #1983, .T. ) ;
#6707 = ORIENTED_EDGE ( 'NONE', *, *, #2483, .F. ) ;
#6708 = PRESENTATION_LAYER_ASSIGNMENT (  '', '', ( #805 ) ) ;
#6709 = SURFACE_STYLE_USAGE ( .BOTH. , #1996 ) ;
#6710 = ORIENTED_EDGE ( 'NONE', *, *, #10699, .F. ) ;
#6711 = DIRECTION ( 'NONE',  ( 0.000000000000000000, 0.000000000000000000, 1.000000000000000000 ) ) ;
#6712 =( NAMED_UNIT ( * ) PLANE_ANGLE_UNIT ( ) SI_UNIT ( $, .RADIAN. ) );
#6713 =( BOUNDED_CURVE ( )  B_SPLINE_CURVE ( 3, ( #375, #1344, #12076, #111 ),
 .UNSPECIFIED., .F., .F. ) 
 B_SPLINE_CURVE_WITH_KNOTS ( ( 4, 4 ),
 ( 1.570796326794895670, 3.141592653589791340 ),
 .UNSPECIFIED. ) 
 CURVE ( )  GEOMETRIC_REPRESENTATION_ITEM ( )  RATIONAL_B_SPLINE_CURVE ( ( 1.000000000000000000, 0.8047378541243652705, 0.8047378541243652705, 1.000000000000000000 ) ) 
 REPRESENTATION_ITEM ( '' )  );
#6714 = DIRECTION ( 'NONE',  ( 1.000000000000000000, 0.000000000000000000, 0.000000000000000000 ) ) ;
#6715 = SURFACE_STYLE_FILL_AREA ( #9707 ) ;
#6716 = ORIENTED_EDGE ( 'NONE', *, *, #10750, .F. ) ;
#6717 = ADVANCED_FACE ( 'NONE', ( #2942 ), #10647, .F. ) ;
#6718 =( GEOMETRIC_REPRESENTATION_CONTEXT ( 3 ) GLOBAL_UNCERTAINTY_ASSIGNED_CONTEXT ( ( #10797 ) ) GLOBAL_UNIT_ASSIGNED_CONTEXT ( ( #5923, #1023, #4842 ) ) REPRESENTATION_CONTEXT ( 'NONE', 'WORKASPACE' ) );
#6719 = VECTOR ( 'NONE', #7718, 1000.000000000000000 ) ;
#6720 = EDGE_CURVE ( 'NONE', #9434, #9715, #10592, .T. ) ;
#6721 = DIRECTION ( 'NONE',  ( 1.000000000000000000, 0.000000000000000000, 0.000000000000000000 ) ) ;
#6722 = SURFACE_STYLE_USAGE ( .BOTH. , #1883 ) ;
#6723 = FACE_OUTER_BOUND ( 'NONE', #8122, .T. ) ;
#6724 = EDGE_CURVE ( 'NONE', #3103, #4082, #10954, .T. ) ;
#6725 = EDGE_CURVE ( 'NONE', #10032, #8803, #9372, .T. ) ;
#6726 = CYLINDRICAL_SURFACE ( 'NONE', #7582, 1.587500000000002132 ) ;
#6727 =( NAMED_UNIT ( * ) PLANE_ANGLE_UNIT ( ) SI_UNIT ( $, .RADIAN. ) );
#6728 = ORIENTED_EDGE ( 'NONE', *, *, #6460, .T. ) ;
#6729 = COLOUR_RGB ( '',0.2509803921568627416, 0.2509803921568627416, 0.2509803921568627416 ) ;
#6730 = AXIS2_PLACEMENT_3D ( 'NONE', #10216, #5349, #6065 ) ;
#6731 = CARTESIAN_POINT ( 'NONE',  ( 28.45599999999999596, 10.92999999999999794, 7.179213561880927408 ) ) ;
#6732 = CARTESIAN_POINT ( 'NONE',  ( 28.45599999999999596, 1.778000000000000025, 12.17921356188092652 ) ) ;
#6733 = VERTEX_POINT ( 'NONE', #10002 ) ;
#6734 = CARTESIAN_POINT ( 'NONE',  ( -13.47915789473683823, 11.42999999999999972, -18.41499999999999559 ) ) ;
#6735 = FILL_AREA_STYLE ('',( #4688 ) ) ;
#6736 = VECTOR ( 'NONE', #5622, 1000.000000000000000 ) ;
#6737 =( NAMED_UNIT ( * ) PLANE_ANGLE_UNIT ( ) SI_UNIT ( $, .RADIAN. ) );
#6738 = PRESENTATION_LAYER_ASSIGNMENT (  '', '', ( #2481 ) ) ;
#6739 = CARTESIAN_POINT ( 'NONE',  ( 18.36479417414408388, 2.486267876399773868, -9.721707430260060789 ) ) ;
#6740 = ORIENTED_EDGE ( 'NONE', *, *, #11802, .F. ) ;
#6741 = CIRCLE ( 'NONE', #225, 0.5000000000000004441 ) ;
#6742 = SURFACE_STYLE_FILL_AREA ( #8599 ) ;
#6743 = FILL_AREA_STYLE_COLOUR ( '', #1357 ) ;
#6744 = LINE ( 'NONE', #1067, #4743 ) ;
#6745 = CARTESIAN_POINT ( 'NONE',  ( -5.464421052631580622, 10.92999999999999794, -17.91499999999999204 ) ) ;
#6746 = STYLED_ITEM ( 'NONE', ( #2994 ), #7999 ) ;
#6747 = SURFACE_STYLE_USAGE ( .BOTH. , #3830 ) ;
#6748 = EDGE_CURVE ( 'NONE', #11876, #12209, #1252, .T. ) ;
#6749 = FILL_AREA_STYLE ('',( #11691 ) ) ;
#6750 = CARTESIAN_POINT ( 'NONE',  ( 28.45599999999999596, 11.42999999999999972, -15.66328183851187283 ) ) ;
#6751 = VERTEX_POINT ( 'NONE', #5142 ) ;
#6752 = ORIENTED_EDGE ( 'NONE', *, *, #2787, .T. ) ;
#6753 = SURFACE_STYLE_USAGE ( .BOTH. , #8805 ) ;
#6754 = VECTOR ( 'NONE', #981, 1000.000000000000000 ) ;
#6755 = VERTEX_POINT ( 'NONE', #11016 ) ;
#6756 = FACE_OUTER_BOUND ( 'NONE', #9986, .T. ) ;
#6757 = VECTOR ( 'NONE', #582, 1000.000000000000000 ) ;
#6758 = PRESENTATION_LAYER_ASSIGNMENT (  '', '', ( #1263 ) ) ;
#6759 = LINE ( 'NONE', #7703, #6512 ) ;
#6760 = VERTEX_POINT ( 'NONE', #4775 ) ;
#6761 = DIRECTION ( 'NONE',  ( 0.000000000000000000, 1.000000000000000000, 0.000000000000000000 ) ) ;
#6762 = CARTESIAN_POINT ( 'NONE',  ( 21.49389473684212604, 2.718607499133665506, 7.331931628739668305 ) ) ;
#6763 = PRESENTATION_STYLE_ASSIGNMENT (( #12675 ) ) ;
#6764 = CARTESIAN_POINT ( 'NONE',  ( -24.96063157894736406, 10.92999999999999794, -7.179213561880927408 ) ) ;
#6765 = ADVANCED_FACE ( 'NONE', ( #9687 ), #7696, .T. ) ;
#6766 = AXIS2_PLACEMENT_3D ( 'NONE', #10321, #5449, #610 ) ;
#6767 = SURFACE_SIDE_STYLE ('',( #2888 ) ) ;
#6768 = VERTEX_POINT ( 'NONE', #8327 ) ;
#6769 = FACE_OUTER_BOUND ( 'NONE', #5620, .T. ) ;
#6770 = ADVANCED_FACE ( 'NONE', ( #2422 ), #3314, .F. ) ;
#6771 = ORIENTED_EDGE ( 'NONE', *, *, #8813, .F. ) ;
#6772 = DIRECTION ( 'NONE',  ( -0.000000000000000000, 1.000000000000000000, -0.000000000000000000 ) ) ;
#6773 = LINE ( 'NONE', #260, #5955 ) ;
#6774 = DIRECTION ( 'NONE',  ( 0.000000000000000000, 0.000000000000000000, 1.000000000000000000 ) ) ;
#6775 = PRESENTATION_LAYER_ASSIGNMENT (  '', '', ( #4534 ) ) ;
#6776 = SURFACE_STYLE_USAGE ( .BOTH. , #3796 ) ;
#6777 = VERTEX_POINT ( 'NONE', #11268 ) ;
#6778 = MECHANICAL_DESIGN_GEOMETRIC_PRESENTATION_REPRESENTATION (  '', ( #7374 ), #7575 ) ;
#6779 =( NAMED_UNIT ( * ) SI_UNIT ( $, .STERADIAN. ) SOLID_ANGLE_UNIT ( ) );
#6780 = CARTESIAN_POINT ( 'NONE',  ( 18.52030230344441009, 11.07769420916553926, 9.426101969424369287 ) ) ;
#6781 = FILL_AREA_STYLE_COLOUR ( '', #1325 ) ;
#6782 = DIRECTION ( 'NONE',  ( 0.000000000000000000, 0.000000000000000000, -1.000000000000000000 ) ) ;
#6783 = DIRECTION ( 'NONE',  ( 1.000000000000000000, 0.000000000000000000, 0.000000000000000000 ) ) ;
#6784 = SURFACE_STYLE_USAGE ( .BOTH. , #139 ) ;
#6785 = AXIS2_PLACEMENT_3D ( 'NONE', #10398, #12342, #9555 ) ;
#6786 = ORIENTED_EDGE ( 'NONE', *, *, #8630, .F. ) ;
#6787 = DIRECTION ( 'NONE',  ( -1.000000000000000000, 0.000000000000000000, 0.000000000000000000 ) ) ;
#6788 = EDGE_CURVE ( 'NONE', #10903, #9565, #9286, .T. ) ;
#6789 = FILL_AREA_STYLE_COLOUR ( '', #2859 ) ;
#6790 = ORIENTED_EDGE ( 'NONE', *, *, #463, .F. ) ;
#6791 =( BOUNDED_CURVE ( )  B_SPLINE_CURVE ( 3, ( #9738, #3702, #1777, #5784 ),
 .UNSPECIFIED., .F., .T. ) 
 B_SPLINE_CURVE_WITH_KNOTS ( ( 4, 4 ),
 ( 0.000000000000000000, 1.570796326794896558 ),
 .UNSPECIFIED. ) 
 CURVE ( )  GEOMETRIC_REPRESENTATION_ITEM ( )  RATIONAL_B_SPLINE_CURVE ( ( 1.000000000000000000, 0.8047378541243649375, 0.8047378541243649375, 1.000000000000000000 ) ) 
 REPRESENTATION_ITEM ( '' )  );
#6792 = STYLED_ITEM ( 'NONE', ( #10167 ), #8309 ) ;
#6793 = CYLINDRICAL_SURFACE ( 'NONE', #5439, 0.5000000000000004441 ) ;
#6794 = ORIENTED_EDGE ( 'NONE', *, *, #2386, .F. ) ;
#6795 = SURFACE_SIDE_STYLE ('',( #17 ) ) ;
#6796 = ADVANCED_FACE ( 'NONE', ( #8382 ), #5203, .T. ) ;
#6797 = AXIS2_PLACEMENT_3D ( 'NONE', #824, #3705, #2869 ) ;
#6798 = VECTOR ( 'NONE', #4502, 1000.000000000000000 ) ;
#6799 = SURFACE_STYLE_USAGE ( .BOTH. , #2919 ) ;
#6800 = APPLICATION_CONTEXT ( 'automotive_design' ) ;
#6801 = DIRECTION ( 'NONE',  ( 0.000000000000000000, 0.000000000000000000, 1.000000000000000000 ) ) ;
#6802 = DIRECTION ( 'NONE',  ( -4.081702296416016490E-16, 1.000000000000000000, -0.000000000000000000 ) ) ;
#6803 = CARTESIAN_POINT ( 'NONE',  ( 9.512421052631573559, 11.42999999999999972, -17.91499999999999204 ) ) ;
#6804 =( NAMED_UNIT ( * ) SI_UNIT ( $, .STERADIAN. ) SOLID_ANGLE_UNIT ( ) );
#6805 =( GEOMETRIC_REPRESENTATION_CONTEXT ( 3 ) GLOBAL_UNCERTAINTY_ASSIGNED_CONTEXT ( ( #3245 ) ) GLOBAL_UNIT_ASSIGNED_CONTEXT ( ( #1352, #11044, #9313 ) ) REPRESENTATION_CONTEXT ( 'NONE', 'WORKASPACE' ) );
#6806 = DIRECTION ( 'NONE',  ( 1.000000000000000000, 0.000000000000000000, 0.000000000000000000 ) ) ;
#6807 = COLOUR_RGB ( '',0.2509803921568627416, 0.2509803921568627416, 0.2509803921568627416 ) ;
#6808 = MECHANICAL_DESIGN_GEOMETRIC_PRESENTATION_REPRESENTATION (  '', ( #12544 ), #6610 ) ;
#6809 = VERTEX_POINT ( 'NONE', #2539 ) ;
#6810 = PLANE ( 'NONE',  #10023 ) ;
#6811 = CARTESIAN_POINT ( 'NONE',  ( -27.19399999999999196, 2.929999999999998384, 7.179213561880927408 ) ) ;
#6812 = EDGE_CURVE ( 'NONE', #3464, #11666, #977, .T. ) ;
#6813 = DIRECTION ( 'NONE',  ( 0.000000000000000000, 0.000000000000000000, -1.000000000000000000 ) ) ;
#6814 = CARTESIAN_POINT ( 'NONE',  ( 10.48378947368420988, 11.42999999999999972, 17.91499999999999915 ) ) ;
#6815 = CARTESIAN_POINT ( 'NONE',  ( -24.84695402612800308, 0.5000000000000000000, -12.07122582530904786 ) ) ;
#6816 = AXIS2_PLACEMENT_3D ( 'NONE', #10576, #1699, #4568 ) ;
#6817 = CARTESIAN_POINT ( 'NONE',  ( 22.39704597387198959, 1.778000000000000025, -14.09077417469095295 ) ) ;
#6818 = CARTESIAN_POINT ( 'NONE',  ( 25.40151096696282451, 1.778000000000000025, -17.91499999999999204 ) ) ;
#6819 = VECTOR ( 'NONE', #3231, 1000.000000000000000 ) ;
#6820 = STYLED_ITEM ( 'NONE', ( #8494 ), #9202 ) ;
#6821 = VECTOR ( 'NONE', #11764, 1000.000000000000000 ) ;
#6822 = DIRECTION ( 'NONE',  ( 4.081702296416016490E-16, -1.000000000000000000, 0.000000000000000000 ) ) ;
#6823 = SURFACE_SIDE_STYLE ('',( #10643 ) ) ;
#6824 = ORIENTED_EDGE ( 'NONE', *, *, #11799, .T. ) ;
#6825 = CARTESIAN_POINT ( 'NONE',  ( 21.99389473684210117, 11.42999999999999972, 0.000000000000000000 ) ) ;
#6826 = VERTEX_POINT ( 'NONE', #3437 ) ;
#6827 = VECTOR ( 'NONE', #288, 1000.000000000000000 ) ;
#6828 = MECHANICAL_DESIGN_GEOMETRIC_PRESENTATION_REPRESENTATION (  '', ( #11325 ), #6016 ) ;
#6829 = AXIS2_PLACEMENT_3D ( 'NONE', #6924, #2201, #5722 ) ;
#6830 = CARTESIAN_POINT ( 'NONE',  ( 21.58556154821540929, 11.22785193675404081, -7.215392146734004974 ) ) ;
#6831 = ORIENTED_EDGE ( 'NONE', *, *, #5943, .T. ) ;
#6832 =( BOUNDED_CURVE ( )  B_SPLINE_CURVE ( 3, ( #1251, #1501, #353, #1443 ),
 .UNSPECIFIED., .F., .T. ) 
 B_SPLINE_CURVE_WITH_KNOTS ( ( 4, 4 ),
 ( 3.141592653589793116, 4.712388980384689674 ),
 .UNSPECIFIED. ) 
 CURVE ( )  GEOMETRIC_REPRESENTATION_ITEM ( )  RATIONAL_B_SPLINE_CURVE ( ( 1.000000000000000000, 0.8047378541243649375, 0.8047378541243649375, 1.000000000000000000 ) ) 
 REPRESENTATION_ITEM ( '' )  );
#6833 = DIRECTION ( 'NONE',  ( 0.000000000000000000, 0.000000000000000000, 1.000000000000000000 ) ) ;
#6834 = DIRECTION ( 'NONE',  ( 0.000000000000000000, -1.000000000000000000, 0.000000000000000000 ) ) ;
#6835 = EDGE_CURVE ( 'NONE', #8049, #11974, #3835, .T. ) ;
#6836 = PRESENTATION_STYLE_ASSIGNMENT (( #11577 ) ) ;
#6837 = ORIENTED_EDGE ( 'NONE', *, *, #9510, .F. ) ;
#6838 = DIRECTION ( 'NONE',  ( -4.081702296416016490E-16, 1.000000000000000000, -0.000000000000000000 ) ) ;
#6839 =( NAMED_UNIT ( * ) PLANE_ANGLE_UNIT ( ) SI_UNIT ( $, .RADIAN. ) );
#6840 = COLOUR_RGB ( '',0.2509803921568627416, 0.2509803921568627416, 0.2509803921568627416 ) ;
#6841 =( NAMED_UNIT ( * ) SI_UNIT ( $, .STERADIAN. ) SOLID_ANGLE_UNIT ( ) );
#6842 = CARTESIAN_POINT ( 'NONE',  ( -28.45599999999999596, 11.42999999999999972, 0.000000000000000000 ) ) ;
#6843 = ORIENTED_EDGE ( 'NONE', *, *, #3264, .T. ) ;
#6844 = DIRECTION ( 'NONE',  ( 4.081702296416016490E-16, -1.000000000000000000, 0.000000000000000000 ) ) ;
#6845 = LINE ( 'NONE', #9700, #6719 ) ;
#6846 = VERTEX_POINT ( 'NONE', #3869 ) ;
#6847 = CARTESIAN_POINT ( 'NONE',  ( 23.62199999999999633, 0.000000000000000000, 10.99350000000000449 ) ) ;
#6848 = DIRECTION ( 'NONE',  ( 0.000000000000000000, -1.000000000000000000, 0.000000000000000000 ) ) ;
#6849 = UNCERTAINTY_MEASURE_WITH_UNIT (LENGTH_MEASURE( 1.000000000000000082E-05 ), #6307, 'distance_accuracy_value', 'NONE');
#6850 = CARTESIAN_POINT ( 'NONE',  ( -28.45599999999999596, -0.0009999999999992653654, -15.66328183851187994 ) ) ;
#6851 = LINE ( 'NONE', #2968, #209 ) ;
#6852 = MECHANICAL_DESIGN_GEOMETRIC_PRESENTATION_REPRESENTATION (  '', ( #314 ), #10121 ) ;
#6853 = FACE_OUTER_BOUND ( 'NONE', #4708, .T. ) ;
#6854 = ORIENTED_EDGE ( 'NONE', *, *, #8832, .T. ) ;
#6855 = UNCERTAINTY_MEASURE_WITH_UNIT (LENGTH_MEASURE( 1.000000000000000082E-05 ), #5877, 'distance_accuracy_value', 'NONE');
#6856 = EDGE_CURVE ( 'NONE', #4626, #7932, #152, .T. ) ;
#6857 = CARTESIAN_POINT ( 'NONE',  ( -23.43663157894736671, 11.42999999999999972, -6.679213561880927408 ) ) ;
#6858 =( NAMED_UNIT ( * ) SI_UNIT ( $, .STERADIAN. ) SOLID_ANGLE_UNIT ( ) );
#6859 = DIRECTION ( 'NONE',  ( 0.000000000000000000, -1.000000000000000000, 0.000000000000000000 ) ) ;
#6860 = DIRECTION ( 'NONE',  ( 0.000000000000000000, 0.000000000000000000, -1.000000000000000000 ) ) ;
#6861 = VERTEX_POINT ( 'NONE', #2721 ) ;
#6862 = CARTESIAN_POINT ( 'NONE',  ( -18.20789473684209980, 2.929999999999998384, 17.91499999999999915 ) ) ;
#6863 = VERTEX_POINT ( 'NONE', #6731 ) ;
#6864 = CARTESIAN_POINT ( 'NONE',  ( -26.43199999999999861, 2.929999999999998384, -18.41499999999999915 ) ) ;
#6865 = EDGE_CURVE ( 'NONE', #42, #11481, #743, .T. ) ;
#6866 = VECTOR ( 'NONE', #7821, 1000.000000000000000 ) ;
#6867 = ORIENTED_EDGE ( 'NONE', *, *, #11155, .T. ) ;
#6868 = SURFACE_SIDE_STYLE ('',( #11671 ) ) ;
#6869 =( GEOMETRIC_REPRESENTATION_CONTEXT ( 3 ) GLOBAL_UNCERTAINTY_ASSIGNED_CONTEXT ( ( #12129 ) ) GLOBAL_UNIT_ASSIGNED_CONTEXT ( ( #4722, #8622, #6841 ) ) REPRESENTATION_CONTEXT ( 'NONE', 'WORKASPACE' ) );
#6870 = SURFACE_STYLE_USAGE ( .BOTH. , #3109 ) ;
#6871 = EDGE_CURVE ( 'NONE', #4479, #7185, #11539, .T. ) ;
#6872 = FILL_AREA_STYLE_COLOUR ( '', #11890 ) ;
#6873 =( NAMED_UNIT ( * ) SI_UNIT ( $, .STERADIAN. ) SOLID_ANGLE_UNIT ( ) );
#6874 = LINE ( 'NONE', #156, #4174 ) ;
#6875 = CARTESIAN_POINT ( 'NONE',  ( -28.45599999999999596, 10.92999999999999794, -18.41499999999999915 ) ) ;
#6876 = LINE ( 'NONE', #9732, #1330 ) ;
#6877 = AXIS2_PLACEMENT_3D ( 'NONE', #10956, #163, #11875 ) ;
#6878 = SURFACE_STYLE_FILL_AREA ( #4070 ) ;
#6879 = DIRECTION ( 'NONE',  ( 4.081702296416016490E-16, -1.000000000000000000, 0.000000000000000000 ) ) ;
#6880 = CARTESIAN_POINT ( 'NONE',  ( 10.98378947368421699, 2.929999999999998384, 17.91499999999999915 ) ) ;
#6881 = DIRECTION ( 'NONE',  ( -4.081702296416016490E-16, 1.000000000000000000, -0.000000000000000000 ) ) ;
#6882 = PRESENTATION_LAYER_ASSIGNMENT (  '', '', ( #12422 ) ) ;
#6883 = SURFACE_SIDE_STYLE ('',( #5982 ) ) ;
#6884 = ORIENTED_EDGE ( 'NONE', *, *, #860, .T. ) ;
#6885 = EDGE_CURVE ( 'NONE', #7084, #4894, #7739, .T. ) ;
#6886 = COLOUR_RGB ( '',0.2509803921568627416, 0.2509803921568627416, 0.2509803921568627416 ) ;
#6887 = VERTEX_POINT ( 'NONE', #2786 ) ;
#6888 = CARTESIAN_POINT ( 'NONE',  ( 28.45599999999999596, 0.000000000000000000, -15.66328183851187283 ) ) ;
#6889 = SURFACE_SIDE_STYLE ('',( #11636 ) ) ;
#6890 = ORIENTED_EDGE ( 'NONE', *, *, #11304, .T. ) ;
#6891 = SURFACE_STYLE_USAGE ( .BOTH. , #9887 ) ;
#6892 = PRESENTATION_STYLE_ASSIGNMENT (( #9812 ) ) ;
#6893 = FILL_AREA_STYLE_COLOUR ( '', #6287 ) ;
#6894 = VERTEX_POINT ( 'NONE', #9658 ) ;
#6895 =( LENGTH_UNIT ( ) NAMED_UNIT ( * ) SI_UNIT ( .MILLI., .METRE. ) );
#6896 = CARTESIAN_POINT ( 'NONE',  ( -1.497684210526308624, 2.929999999999998384, 18.41499999999999915 ) ) ;
#6897 =( GEOMETRIC_REPRESENTATION_CONTEXT ( 3 ) GLOBAL_UNCERTAINTY_ASSIGNED_CONTEXT ( ( #2647 ) ) GLOBAL_UNIT_ASSIGNED_CONTEXT ( ( #2109, #11776, #3086 ) ) REPRESENTATION_CONTEXT ( 'NONE', 'WORKASPACE' ) );
#6898 = UNCERTAINTY_MEASURE_WITH_UNIT (LENGTH_MEASURE( 1.000000000000000082E-05 ), #2620, 'distance_accuracy_value', 'NONE');
#6899 = FILL_AREA_STYLE_COLOUR ( '', #9296 ) ;
#6900 = AXIS2_PLACEMENT_3D ( 'NONE', #7331, #1543, #4531 ) ;
#6901 = FILL_AREA_STYLE ('',( #10729 ) ) ;
#6902 = VERTEX_POINT ( 'NONE', #4812 ) ;
#6903 = STYLED_ITEM ( 'NONE', ( #3512 ), #3912 ) ;
#6904 = CARTESIAN_POINT ( 'NONE',  ( -13.47915789473683290, 2.929999999999998384, 17.91499999999999915 ) ) ;
#6905 = ORIENTED_EDGE ( 'NONE', *, *, #8675, .T. ) ;
#6906 = FILL_AREA_STYLE ('',( #1095 ) ) ;
#6907 = FACE_OUTER_BOUND ( 'NONE', #2111, .T. ) ;
#6908 = DIRECTION ( 'NONE',  ( 0.000000000000000000, 1.000000000000000000, 0.000000000000000000 ) ) ;
#6909 =( LENGTH_UNIT ( ) NAMED_UNIT ( * ) SI_UNIT ( .MILLI., .METRE. ) );
#6910 = ORIENTED_EDGE ( 'NONE', *, *, #946, .F. ) ;
#6911 = COLOUR_RGB ( '',0.2509803921568627416, 0.2509803921568627416, 0.2509803921568627416 ) ;
#6912 = DIRECTION ( 'NONE',  ( 0.000000000000000000, 0.000000000000000000, 1.000000000000000000 ) ) ;
#6913 = DIRECTION ( 'NONE',  ( 0.000000000000000000, -1.000000000000000000, 0.000000000000000000 ) ) ;
#6914 = CARTESIAN_POINT ( 'NONE',  ( 1.997684210526318171, 11.42999999999999972, 17.91499999999999915 ) ) ;
#6915 = SURFACE_STYLE_USAGE ( .BOTH. , #4868 ) ;
#6916 = FACE_OUTER_BOUND ( 'NONE', #10508, .T. ) ;
#6917 = VERTEX_POINT ( 'NONE', #4684 ) ;
#6918 =( LENGTH_UNIT ( ) NAMED_UNIT ( * ) SI_UNIT ( .MILLI., .METRE. ) );
#6919 = SURFACE_STYLE_USAGE ( .BOTH. , #3921 ) ;
#6920 = VECTOR ( 'NONE', #2523, 1000.000000000000000 ) ;
#6921 = ORIENTED_EDGE ( 'NONE', *, *, #6079, .F. ) ;
#6922 = SURFACE_STYLE_FILL_AREA ( #8064 ) ;
#6923 = CARTESIAN_POINT ( 'NONE',  ( -2.469052631578948276, 10.92999999999999794, -17.91499999999999204 ) ) ;
#6924 = CARTESIAN_POINT ( 'NONE',  ( -22.72021356188092511, 10.92999999999999794, 12.17921356188092652 ) ) ;
#6925 = FILL_AREA_STYLE_COLOUR ( '', #343 ) ;
#6926 =( LENGTH_UNIT ( ) NAMED_UNIT ( * ) SI_UNIT ( .MILLI., .METRE. ) );
#6927 = AXIS2_PLACEMENT_3D ( 'NONE', #5492, #6714, #1875 ) ;
#6928 = STYLED_ITEM ( 'NONE', ( #11905 ), #6620 ) ;
#6929 = FILL_AREA_STYLE_COLOUR ( '', #3256 ) ;
#6930 = FACE_OUTER_BOUND ( 'NONE', #5673, .T. ) ;
#6931 = EDGE_CURVE ( 'NONE', #7695, #7395, #928, .T. ) ;
#6932 = FILL_AREA_STYLE_COLOUR ( '', #141 ) ;
#6933 = AXIS2_PLACEMENT_3D ( 'NONE', #261, #8106, #1415 ) ;
#6934 = PRESENTATION_LAYER_ASSIGNMENT (  '', '', ( #2636 ) ) ;
#6935 = ORIENTED_EDGE ( 'NONE', *, *, #9400, .T. ) ;
#6936 = CARTESIAN_POINT ( 'NONE',  ( 19.96989473684211092, 2.929999999999998384, -8.003600270322777988 ) ) ;
#6937 = SURFACE_SIDE_STYLE ('',( #4137 ) ) ;
#6938 = CARTESIAN_POINT ( 'NONE',  ( 4.493052631578946077, 11.42999999999999972, 18.41499999999999915 ) ) ;
#6939 = FILL_AREA_STYLE ('',( #174 ) ) ;
#6940 = VECTOR ( 'NONE', #6772, 1000.000000000000000 ) ;
#6941 = MECHANICAL_DESIGN_GEOMETRIC_PRESENTATION_REPRESENTATION (  '', ( #3515 ), #10006 ) ;
#6942 = ORIENTED_EDGE ( 'NONE', *, *, #5167, .T. ) ;
#6943 = EDGE_CURVE ( 'NONE', #6917, #9643, #10565, .T. ) ;
#6944 = ORIENTED_EDGE ( 'NONE', *, *, #4530, .T. ) ;
#6945 = LINE ( 'NONE', #893, #8584 ) ;
#6946 =( NAMED_UNIT ( * ) PLANE_ANGLE_UNIT ( ) SI_UNIT ( $, .RADIAN. ) );
#6947 = ORIENTED_EDGE ( 'NONE', *, *, #6547, .F. ) ;
#6948 = CARTESIAN_POINT ( 'NONE',  ( 21.99389473684210117, 11.42999999999999972, 6.727382588309361644 ) ) ;
#6949 = DIRECTION ( 'NONE',  ( -0.000000000000000000, -0.000000000000000000, 1.000000000000000000 ) ) ;
#6950 = ORIENTED_EDGE ( 'NONE', *, *, #10963, .T. ) ;
#6951 = DIRECTION ( 'NONE',  ( 0.000000000000000000, 0.000000000000000000, 1.000000000000000000 ) ) ;
#6952 = AXIS2_PLACEMENT_3D ( 'NONE', #8870, #1075, #955 ) ;
#6953 = CARTESIAN_POINT ( 'NONE',  ( 20.90445188846751279, 2.163380462006339933, 7.515856461662686172 ) ) ;
#6954 = CARTESIAN_POINT ( 'NONE',  ( 2.759684210526320403, 2.929999999999998384, 17.91499999999999915 ) ) ;
#6955 = CARTESIAN_POINT ( 'NONE',  ( -24.96063157894736051, 11.22289321881345536, -7.179213561880926520 ) ) ;
#6956 = ORIENTED_EDGE ( 'NONE', *, *, #6788, .F. ) ;
#6957 =( GEOMETRIC_REPRESENTATION_CONTEXT ( 3 ) GLOBAL_UNCERTAINTY_ASSIGNED_CONTEXT ( ( #2593 ) ) GLOBAL_UNIT_ASSIGNED_CONTEXT ( ( #5116, #4289, #3349 ) ) REPRESENTATION_CONTEXT ( 'NONE', 'WORKASPACE' ) );
#6958 = VERTEX_POINT ( 'NONE', #12392 ) ;
#6959 =( GEOMETRIC_REPRESENTATION_CONTEXT ( 3 ) GLOBAL_UNCERTAINTY_ASSIGNED_CONTEXT ( ( #7135 ) ) GLOBAL_UNIT_ASSIGNED_CONTEXT ( ( #7117, #11022, #10072 ) ) REPRESENTATION_CONTEXT ( 'NONE', 'WORKASPACE' ) );
#6960 = CARTESIAN_POINT ( 'NONE',  ( -20.52911759017337445, 2.524978918913191706, -7.682311403900260238 ) ) ;
#6961 = UNCERTAINTY_MEASURE_WITH_UNIT (LENGTH_MEASURE( 1.000000000000000082E-05 ), #3936, 'distance_accuracy_value', 'NONE');
#6962 = FACE_OUTER_BOUND ( 'NONE', #10017, .T. ) ;
#6963 = CARTESIAN_POINT ( 'NONE',  ( -25.28732325865668429, 0.5000000000000000000, -17.59696088986110851 ) ) ;
#6964 = CARTESIAN_POINT ( 'NONE',  ( 18.49852631578947282, 10.92999999999999794, -9.500154623337630611 ) ) ;
#6965 = VERTEX_POINT ( 'NONE', #7668 ) ;
#6966 = AXIS2_PLACEMENT_3D ( 'NONE', #10900, #2153, #8015 ) ;
#6967 = EDGE_CURVE ( 'NONE', #4863, #4540, #8716, .T. ) ;
#6968 = CARTESIAN_POINT ( 'NONE',  ( 6.517052631578944322, 10.92999999999999794, -17.91499999999999204 ) ) ;
#6969 =( BOUNDED_CURVE ( )  B_SPLINE_CURVE ( 3, ( #5803, #7702, #4840, #5537 ),
 .UNSPECIFIED., .F., .T. ) 
 B_SPLINE_CURVE_WITH_KNOTS ( ( 4, 4 ),
 ( 4.712388980384690562, 6.283185307179586232 ),
 .UNSPECIFIED. ) 
 CURVE ( )  GEOMETRIC_REPRESENTATION_ITEM ( )  RATIONAL_B_SPLINE_CURVE ( ( 1.000000000000000000, 0.8047378541243652705, 0.8047378541243652705, 1.000000000000000000 ) ) 
 REPRESENTATION_ITEM ( '' )  );
#6970 = ORIENTED_EDGE ( 'NONE', *, *, #5469, .T. ) ;
#6971 = FILL_AREA_STYLE_COLOUR ( '', #8824 ) ;
#6972 = ORIENTED_EDGE ( 'NONE', *, *, #9218, .F. ) ;
#6973 = VECTOR ( 'NONE', #11758, 1000.000000000000000 ) ;
#6974 = CARTESIAN_POINT ( 'NONE',  ( 17.72021356188092867, 1.778000000000000025, -17.91499999999999559 ) ) ;
#6975 = COLOUR_RGB ( '',0.2509803921568627416, 0.2509803921568627416, 0.2509803921568627416 ) ;
#6976 = DIRECTION ( 'NONE',  ( 0.000000000000000000, -1.000000000000000000, 0.000000000000000000 ) ) ;
#6977 = ORIENTED_EDGE ( 'NONE', *, *, #1013, .F. ) ;
#6978 =( LENGTH_UNIT ( ) NAMED_UNIT ( * ) SI_UNIT ( .MILLI., .METRE. ) );
#6979 = SURFACE_STYLE_USAGE ( .BOTH. , #7805 ) ;
#6980 = ADVANCED_FACE ( 'NONE', ( #10510 ), #803, .F. ) ;
#6981 = UNCERTAINTY_MEASURE_WITH_UNIT (LENGTH_MEASURE( 1.000000000000000082E-05 ), #3381, 'distance_accuracy_value', 'NONE');
#6982 =( LENGTH_UNIT ( ) NAMED_UNIT ( * ) SI_UNIT ( .MILLI., .METRE. ) );
#6983 = DIRECTION ( 'NONE',  ( -0.000000000000000000, 0.000000000000000000, 1.000000000000000000 ) ) ;
#6984 = FACE_OUTER_BOUND ( 'NONE', #2952, .T. ) ;
#6985 = DIRECTION ( 'NONE',  ( 0.000000000000000000, 0.000000000000000000, 1.000000000000000000 ) ) ;
#6986 = CARTESIAN_POINT ( 'NONE',  ( -10.95515789473684087, 11.42999999999999972, 18.41499999999999915 ) ) ;
#6987 =( GEOMETRIC_REPRESENTATION_CONTEXT ( 3 ) GLOBAL_UNCERTAINTY_ASSIGNED_CONTEXT ( ( #8127 ) ) GLOBAL_UNIT_ASSIGNED_CONTEXT ( ( #10495, #12669, #10912 ) ) REPRESENTATION_CONTEXT ( 'NONE', 'WORKASPACE' ) );
#6988 = DIRECTION ( 'NONE',  ( 1.000000000000000000, 0.000000000000000000, 0.000000000000000000 ) ) ;
#6989 = MECHANICAL_DESIGN_GEOMETRIC_PRESENTATION_REPRESENTATION (  '', ( #10873 ), #12533 ) ;
#6990 = FILL_AREA_STYLE ('',( #7946 ) ) ;
#6991 = ADVANCED_FACE ( 'NONE', ( #5638 ), #8518, .T. ) ;
#6992 = DIRECTION ( 'NONE',  ( 4.081702296416016490E-16, -1.000000000000000000, 0.000000000000000000 ) ) ;
#6993 = CARTESIAN_POINT ( 'NONE',  ( 13.47915789473684534, 11.43000000000001570, -18.41499999999999559 ) ) ;
#6994 = DIRECTION ( 'NONE',  ( -1.000000000000000000, -4.081702296416016490E-16, 0.000000000000000000 ) ) ;
#6995 = EDGE_CURVE ( 'NONE', #12044, #6846, #6082, .T. ) ;
#6996 = LINE ( 'NONE', #3723, #5353 ) ;
#6997 = AXIS2_PLACEMENT_3D ( 'NONE', #9001, #9963, #1216 ) ;
#6998 = CARTESIAN_POINT ( 'NONE',  ( -3.231052631578943402, 2.929999999999998384, -17.91499999999999204 ) ) ;
#6999 = CARTESIAN_POINT ( 'NONE',  ( 22.39704597387198959, 0.5000000000000000000, 14.09077417469095295 ) ) ;
#7000 = UNCERTAINTY_MEASURE_WITH_UNIT (LENGTH_MEASURE( 1.000000000000000082E-05 ), #8465, 'distance_accuracy_value', 'NONE');
#7001 = ORIENTED_EDGE ( 'NONE', *, *, #3511, .F. ) ;
#7002 = EDGE_LOOP ( 'NONE', ( #3359, #2979, #3337, #7897 ) ) ;
#7003 =( NAMED_UNIT ( * ) PLANE_ANGLE_UNIT ( ) SI_UNIT ( $, .RADIAN. ) );
#7004 = CARTESIAN_POINT ( 'NONE',  ( -18.48311021029156720, 2.212267969787138355, 9.519833133171065498 ) ) ;
#7005 = ORIENTED_EDGE ( 'NONE', *, *, #1338, .F. ) ;
#7006 = VECTOR ( 'NONE', #8530, 1000.000000000000000 ) ;
#7007 = DIRECTION ( 'NONE',  ( 1.662010515905920831E-15, 0.000000000000000000, -1.000000000000000000 ) ) ;
#7008 = CIRCLE ( 'NONE', #1311, 0.5000000000000004441 ) ;
#7009 = CIRCLE ( 'NONE', #10498, 5.499999999999996447 ) ;
#7010 = CARTESIAN_POINT ( 'NONE',  ( 28.95599999999999596, 11.42999999999999972, 18.41499999999999915 ) ) ;
#7011 = ORIENTED_EDGE ( 'NONE', *, *, #9368, .F. ) ;
#7012 =( GEOMETRIC_REPRESENTATION_CONTEXT ( 3 ) GLOBAL_UNCERTAINTY_ASSIGNED_CONTEXT ( ( #12269 ) ) GLOBAL_UNIT_ASSIGNED_CONTEXT ( ( #856, #11722, #10555 ) ) REPRESENTATION_CONTEXT ( 'NONE', 'WORKASPACE' ) );
#7013 = SURFACE_STYLE_USAGE ( .BOTH. , #8030 ) ;
#7014 = VECTOR ( 'NONE', #1521, 1000.000000000000000 ) ;
#7015 = UNCERTAINTY_MEASURE_WITH_UNIT (LENGTH_MEASURE( 1.000000000000000082E-05 ), #1175, 'distance_accuracy_value', 'NONE');
#7016 = ADVANCED_FACE ( 'NONE', ( #7865 ), #6793, .T. ) ;
#7017 = LINE ( 'NONE', #119, #11929 ) ;
#7018 = CYLINDRICAL_SURFACE ( 'NONE', #5662, 0.5000000000000004441 ) ;
#7019 = LINE ( 'NONE', #6842, #5774 ) ;
#7020 = CIRCLE ( 'NONE', #3974, 0.5000000000000004441 ) ;
#7021 = ORIENTED_EDGE ( 'NONE', *, *, #5903, .F. ) ;
#7023 = AXIS2_PLACEMENT_3D ( 'NONE', #11333, #6474, #9223 ) ;
#7022 = PRESENTATION_STYLE_ASSIGNMENT (( #12086 ) ) ;
#7024 = ORIENTED_EDGE ( 'NONE', *, *, #7264, .T. ) ;
#7025 = CARTESIAN_POINT ( 'NONE',  ( 10.98378947368420988, 11.42999999999999972, 17.91499999999999915 ) ) ;
#7026 = CARTESIAN_POINT ( 'NONE',  ( -6.988421052631570873, 2.929999999999998384, -18.41499999999999915 ) ) ;
#7027 = SURFACE_SIDE_STYLE ('',( #7918 ) ) ;
#7028 = CARTESIAN_POINT ( 'NONE',  ( 4.993052631578946965, 11.42999999999999972, -18.41499999999999915 ) ) ;
#7029 = CYLINDRICAL_SURFACE ( 'NONE', #12016, 0.4999999999999997224 ) ;
#7030 = EDGE_LOOP ( 'NONE', ( #630, #334, #3533, #741 ) ) ;
#7031 = COLOUR_RGB ( '',0.2509803921568627416, 0.2509803921568627416, 0.2509803921568627416 ) ;
#7032 = CARTESIAN_POINT ( 'NONE',  ( -5.464421052631580622, 10.92999999999999794, -18.41499999999999915 ) ) ;
#7033 = MECHANICAL_DESIGN_GEOMETRIC_PRESENTATION_REPRESENTATION (  '', ( #5599 ), #3187 ) ;
#7034 = CIRCLE ( 'NONE', #5601, 4.999999999999998224 ) ;
#7035 = CARTESIAN_POINT ( 'NONE',  ( 18.54323975224711418, 11.14156863348700099, 9.349973514465313329 ) ) ;
#7036 = CARTESIAN_POINT ( 'NONE',  ( 7.017052631578944322, 11.42999999999999972, -18.41499999999999559 ) ) ;
#7037 = ORIENTED_EDGE ( 'NONE', *, *, #7481, .F. ) ;
#7038 = SURFACE_SIDE_STYLE ('',( #3169 ) ) ;
#7039 = ORIENTED_EDGE ( 'NONE', *, *, #11602, .F. ) ;
#7040 = AXIS2_PLACEMENT_3D ( 'NONE', #10866, #6860, #266 ) ;
#7041 = EDGE_CURVE ( 'NONE', #6178, #6809, #6076, .T. ) ;
#7042 = DIRECTION ( 'NONE',  ( 1.000000000000000000, 0.000000000000000000, 0.000000000000000000 ) ) ;
#7043 = EDGE_LOOP ( 'NONE', ( #9186, #11600, #5700, #5180, #4185, #3659, #10996, #1552, #11409, #622 ) ) ;
#7044 =( BOUNDED_CURVE ( )  B_SPLINE_CURVE ( 3, ( #2586, #8562, #7465, #7589 ),
 .UNSPECIFIED., .F., .T. ) 
 B_SPLINE_CURVE_WITH_KNOTS ( ( 4, 4 ),
 ( 1.570796326794896336, 3.141592653589792672 ),
 .UNSPECIFIED. ) 
 CURVE ( )  GEOMETRIC_REPRESENTATION_ITEM ( )  RATIONAL_B_SPLINE_CURVE ( ( 1.000000000000000000, 0.8047378541243650485, 0.8047378541243650485, 1.000000000000000000 ) ) 
 REPRESENTATION_ITEM ( '' )  );
#7045 = CARTESIAN_POINT ( 'NONE',  ( -18.87091442503029981, 2.548336066491295071, -8.987545524099381566 ) ) ;
#7046 = CARTESIAN_POINT ( 'NONE',  ( 24.84695402612800308, 1.778000000000000025, -12.07122582530904786 ) ) ;
#7047 = AXIS2_PLACEMENT_3D ( 'NONE', #10481, #11511, #842 ) ;
#7048 = CARTESIAN_POINT ( 'NONE',  ( -4.493052631578946077, 11.42999999999999972, -18.41499999999999559 ) ) ;
#7049 = EDGE_CURVE ( 'NONE', #337, #833, #7987, .T. ) ;
#7050 = CARTESIAN_POINT ( 'NONE',  ( 16.47452631578947546, 11.42999999999999972, 18.41499999999999915 ) ) ;
#7051 = DIRECTION ( 'NONE',  ( 0.000000000000000000, 0.000000000000000000, 1.000000000000000000 ) ) ;
#7052 = PLANE ( 'NONE',  #3783 ) ;
#7053 = SURFACE_STYLE_USAGE ( .BOTH. , #4709 ) ;
#7054 =( GEOMETRIC_REPRESENTATION_CONTEXT ( 3 ) GLOBAL_UNCERTAINTY_ASSIGNED_CONTEXT ( ( #10500 ) ) GLOBAL_UNIT_ASSIGNED_CONTEXT ( ( #2682, #11230, #7380 ) ) REPRESENTATION_CONTEXT ( 'NONE', 'WORKASPACE' ) );
#7055 = DIRECTION ( 'NONE',  ( 0.000000000000000000, -0.000000000000000000, -1.000000000000000000 ) ) ;
#7056 = PRESENTATION_STYLE_ASSIGNMENT (( #1064 ) ) ;
#7057 = PRESENTATION_STYLE_ASSIGNMENT (( #11212 ) ) ;
#7058 = SURFACE_STYLE_USAGE ( .BOTH. , #7886 ) ;
#7059 = PLANE ( 'NONE',  #4524 ) ;
#7060 = CARTESIAN_POINT ( 'NONE',  ( -17.23878795565555677, 11.42999999999999972, -18.41499999999999559 ) ) ;
#7061 =( GEOMETRIC_REPRESENTATION_CONTEXT ( 3 ) GLOBAL_UNCERTAINTY_ASSIGNED_CONTEXT ( ( #1391 ) ) GLOBAL_UNIT_ASSIGNED_CONTEXT ( ( #8848, #219, #9729 ) ) REPRESENTATION_CONTEXT ( 'NONE', 'WORKASPACE' ) );
#7062 = SURFACE_STYLE_USAGE ( .BOTH. , #3391 ) ;
#7063 = FILL_AREA_STYLE ('',( #3200 ) ) ;
#7064 = ORIENTED_EDGE ( 'NONE', *, *, #1979, .F. ) ;
#7065 = VECTOR ( 'NONE', #5198, 1000.000000000000000 ) ;
#7066 = ORIENTED_EDGE ( 'NONE', *, *, #7281, .F. ) ;
#7067 =( LENGTH_UNIT ( ) NAMED_UNIT ( * ) SI_UNIT ( .MILLI., .METRE. ) );
#7068 = CARTESIAN_POINT ( 'NONE',  ( -18.23902253566194176, 2.164477001277395285, 9.955120403769617710 ) ) ;
#7069 = ORIENTED_EDGE ( 'NONE', *, *, #11487, .T. ) ;
#7070 = PRESENTATION_LAYER_ASSIGNMENT (  '', '', ( #771 ) ) ;
#7071 =( LENGTH_UNIT ( ) NAMED_UNIT ( * ) SI_UNIT ( .MILLI., .METRE. ) );
#7072 = LINE ( 'NONE', #5103, #5472 ) ;
#7073 = CARTESIAN_POINT ( 'NONE',  ( 16.97452631578947546, 10.92999999999999794, 17.91499999999999915 ) ) ;
#7074 = ORIENTED_EDGE ( 'NONE', *, *, #1244, .F. ) ;
#7075 = DIRECTION ( 'NONE',  ( -0.000000000000000000, -0.000000000000000000, 1.000000000000000000 ) ) ;
#7076 = TOROIDAL_SURFACE ( 'NONE', #1172, 2.087500000000002132, 0.5000000000000000000 ) ;
#7077 =( NAMED_UNIT ( * ) SI_UNIT ( $, .STERADIAN. ) SOLID_ANGLE_UNIT ( ) );
#7078 = MECHANICAL_DESIGN_GEOMETRIC_PRESENTATION_REPRESENTATION (  '', ( #562 ), #2191 ) ;
#7079 = CARTESIAN_POINT ( 'NONE',  ( -25.28732325865668784, -0.0009999999999992653654, 17.59696088986111562 ) ) ;
#7080 =( NAMED_UNIT ( * ) PLANE_ANGLE_UNIT ( ) SI_UNIT ( $, .RADIAN. ) );
#7081 = ORIENTED_EDGE ( 'NONE', *, *, #7894, .T. ) ;
#7082 = EDGE_CURVE ( 'NONE', #7090, #7504, #1955, .T. ) ;
#7083 = CARTESIAN_POINT ( 'NONE',  ( 28.95599999999999596, 0.000000000000000000, 15.66328183851187994 ) ) ;
#7084 = VERTEX_POINT ( 'NONE', #9719 ) ;
#7085 = AXIS2_PLACEMENT_3D ( 'NONE', #11992, #7294, #3243 ) ;
#7086 = CARTESIAN_POINT ( 'NONE',  ( 7.988421052631575314, 11.42999999999999972, -18.41499999999999915 ) ) ;
#7087 = EDGE_CURVE ( 'NONE', #6887, #5610, #7291, .T. ) ;
#7088 = PRESENTATION_STYLE_ASSIGNMENT (( #10038 ) ) ;
#7089 =( GEOMETRIC_REPRESENTATION_CONTEXT ( 3 ) GLOBAL_UNCERTAINTY_ASSIGNED_CONTEXT ( ( #735 ) ) GLOBAL_UNIT_ASSIGNED_CONTEXT ( ( #8291, #4275, #8164 ) ) REPRESENTATION_CONTEXT ( 'NONE', 'WORKASPACE' ) );
#7090 = VERTEX_POINT ( 'NONE', #2069 ) ;
#7091 = LINE ( 'NONE', #3230, #7971 ) ;
#7092 = DIRECTION ( 'NONE',  ( 0.000000000000000000, -1.000000000000000000, 0.000000000000000000 ) ) ;
#7093 = CARTESIAN_POINT ( 'NONE',  ( -10.48378947368420455, 2.929999999999998384, -18.41499999999999559 ) ) ;
#7094 = ORIENTED_EDGE ( 'NONE', *, *, #7686, .F. ) ;
#7095 = STYLED_ITEM ( 'NONE', ( #9295 ), #5940 ) ;
#7096 = ORIENTED_EDGE ( 'NONE', *, *, #11400, .F. ) ;
#7097 = DIRECTION ( 'NONE',  ( 0.000000000000000000, -1.000000000000000000, 0.000000000000000000 ) ) ;
#7098 = STYLED_ITEM ( 'NONE', ( #7196 ), #1923 ) ;
#7099 = ORIENTED_EDGE ( 'NONE', *, *, #12310, .T. ) ;
#7100 = SURFACE_STYLE_FILL_AREA ( #12176 ) ;
#7101 = MECHANICAL_DESIGN_GEOMETRIC_PRESENTATION_REPRESENTATION (  '', ( #388 ), #9167 ) ;
#7102 = UNCERTAINTY_MEASURE_WITH_UNIT (LENGTH_MEASURE( 1.000000000000000082E-05 ), #11041, 'distance_accuracy_value', 'NONE');
#7103 = CARTESIAN_POINT ( 'NONE',  ( -17.72021356188092511, 2.344499298387708652, -11.84578314900397089 ) ) ;
#7104 = DIRECTION ( 'NONE',  ( -0.000000000000000000, 1.000000000000000000, -0.000000000000000000 ) ) ;
#7105 = EDGE_CURVE ( 'NONE', #3834, #4479, #9848, .T. ) ;
#7106 = PLANE ( 'NONE',  #11958 ) ;
#7107 = PLANE ( 'NONE',  #3009 ) ;
#7108 = COLOUR_RGB ( '',0.2509803921568627416, 0.2509803921568627416, 0.2509803921568627416 ) ;
#7109 = LINE ( 'NONE', #10882, #2140 ) ;
#7110 = CARTESIAN_POINT ( 'NONE',  ( 22.64030752504218569, 11.40748068039954077, 6.854257929028379159 ) ) ;
#7111 = VECTOR ( 'NONE', #2880, 1000.000000000000000 ) ;
#7112 = COLOUR_RGB ( '',0.2509803921568627416, 0.2509803921568627416, 0.2509803921568627416 ) ;
#7113 = SURFACE_STYLE_FILL_AREA ( #11570 ) ;
#7114 = SURFACE_STYLE_FILL_AREA ( #6163 ) ;
#7115 =( NAMED_UNIT ( * ) SI_UNIT ( $, .STERADIAN. ) SOLID_ANGLE_UNIT ( ) );
#7116 =( BOUNDED_CURVE ( )  B_SPLINE_CURVE ( 3, ( #22, #88, #11808, #6923 ),
 .UNSPECIFIED., .F., .T. ) 
 B_SPLINE_CURVE_WITH_KNOTS ( ( 4, 4 ),
 ( 3.141592653589793116, 4.712388980384689674 ),
 .UNSPECIFIED. ) 
 CURVE ( )  GEOMETRIC_REPRESENTATION_ITEM ( )  RATIONAL_B_SPLINE_CURVE ( ( 1.000000000000000000, 0.8047378541243649375, 0.8047378541243649375, 1.000000000000000000 ) ) 
 REPRESENTATION_ITEM ( '' )  );
#7117 =( LENGTH_UNIT ( ) NAMED_UNIT ( * ) SI_UNIT ( .MILLI., .METRE. ) );
#7118 =( NAMED_UNIT ( * ) PLANE_ANGLE_UNIT ( ) SI_UNIT ( $, .RADIAN. ) );
#7119 =( LENGTH_UNIT ( ) NAMED_UNIT ( * ) SI_UNIT ( .MILLI., .METRE. ) );
#7120 = CARTESIAN_POINT ( 'NONE',  ( 1.026315789473683848, 11.42999999999999972, 17.91499999999999915 ) ) ;
#7121 = STYLED_ITEM ( 'NONE', ( #5692 ), #3300 ) ;
#7122 = SURFACE_SIDE_STYLE ('',( #9117 ) ) ;
#7123 = DIRECTION ( 'NONE',  ( 1.000000000000000000, 0.000000000000000000, 0.000000000000000000 ) ) ;
#7124 = CARTESIAN_POINT ( 'NONE',  ( 7.488421052631574426, 11.43000000000001393, -18.41499999999999559 ) ) ;
#7125 = UNCERTAINTY_MEASURE_WITH_UNIT (LENGTH_MEASURE( 1.000000000000000082E-05 ), #9981, 'distance_accuracy_value', 'NONE');
#7126 = ORIENTED_EDGE ( 'NONE', *, *, #8733, .F. ) ;
#7127 = ORIENTED_EDGE ( 'NONE', *, *, #538, .F. ) ;
#7128 = VECTOR ( 'NONE', #11787, 1000.000000000000000 ) ;
#7129 = CARTESIAN_POINT ( 'NONE',  ( 18.88914882194874423, 11.42999999999999616, -8.378861499472032293 ) ) ;
#7130 =( GEOMETRIC_REPRESENTATION_CONTEXT ( 3 ) GLOBAL_UNCERTAINTY_ASSIGNED_CONTEXT ( ( #4675 ) ) GLOBAL_UNIT_ASSIGNED_CONTEXT ( ( #7171, #11081, #10315 ) ) REPRESENTATION_CONTEXT ( 'NONE', 'WORKASPACE' ) );
#7131 = PRESENTATION_STYLE_ASSIGNMENT (( #3271 ) ) ;
#7132 = CARTESIAN_POINT ( 'NONE',  ( -7.959789473684211636, 11.42999999999999972, 18.41499999999999915 ) ) ;
#7133 = CARTESIAN_POINT ( 'NONE',  ( 16.76741953460292578, 11.42999999999999972, 18.41499999999999915 ) ) ;
#7134 = ORIENTED_EDGE ( 'NONE', *, *, #3057, .F. ) ;
#7135 = UNCERTAINTY_MEASURE_WITH_UNIT (LENGTH_MEASURE( 1.000000000000000082E-05 ), #7117, 'distance_accuracy_value', 'NONE');
#7136 = DIRECTION ( 'NONE',  ( 0.6360782202777650607, 0.000000000000000000, 0.7716245833877191096 ) ) ;
#7137 = EDGE_CURVE ( 'NONE', #7590, #2112, #10560, .T. ) ;
#7138 = UNCERTAINTY_MEASURE_WITH_UNIT (LENGTH_MEASURE( 1.000000000000000082E-05 ), #7964, 'distance_accuracy_value', 'NONE');
#7139 = AXIS2_PLACEMENT_3D ( 'NONE', #2178, #7972, #4796 ) ;
#7140 = AXIS2_PLACEMENT_3D ( 'NONE', #2513, #4591, #8489 ) ;
#7141 = CARTESIAN_POINT ( 'NONE',  ( -3.231052631578943402, 2.929999999999998384, 17.91499999999999915 ) ) ;
#7142 = ORIENTED_EDGE ( 'NONE', *, *, #9161, .F. ) ;
#7143 =( NAMED_UNIT ( * ) PLANE_ANGLE_UNIT ( ) SI_UNIT ( $, .RADIAN. ) );
#7144 = ORIENTED_EDGE ( 'NONE', *, *, #2091, .F. ) ;
#7145 = LINE ( 'NONE', #521, #2680 ) ;
#7146 =( LENGTH_UNIT ( ) NAMED_UNIT ( * ) SI_UNIT ( .MILLI., .METRE. ) );
#7147 = LINE ( 'NONE', #3223, #5972 ) ;
#7148 = CARTESIAN_POINT ( 'NONE',  ( 22.87575574773581977, 11.26791940984305107, 7.089706151722015903 ) ) ;
#7149 = ORIENTED_EDGE ( 'NONE', *, *, #5995, .T. ) ;
#7150 = FILL_AREA_STYLE ('',( #12581 ) ) ;
#7151 = CARTESIAN_POINT ( 'NONE',  ( -13.95052631578947278, 11.42999999999999972, 17.91499999999999915 ) ) ;
#7152 = SURFACE_STYLE_FILL_AREA ( #9088 ) ;
#7153 =( NAMED_UNIT ( * ) SI_UNIT ( $, .STERADIAN. ) SOLID_ANGLE_UNIT ( ) );
#7154 = AXIS2_PLACEMENT_3D ( 'NONE', #9457, #5624, #11388 ) ;
#7155 = EDGE_CURVE ( 'NONE', #4020, #12209, #1358, .T. ) ;
#7156 = VERTEX_POINT ( 'NONE', #7160 ) ;
#7157 = CARTESIAN_POINT ( 'NONE',  ( 28.45599999999999596, 1.778000000000000025, -12.17921356188092652 ) ) ;
#7158 = DIRECTION ( 'NONE',  ( -0.000000000000000000, -1.000000000000000000, -0.000000000000000000 ) ) ;
#7159 = ORIENTED_EDGE ( 'NONE', *, *, #5416, .F. ) ;
#7160 = CARTESIAN_POINT ( 'NONE',  ( 25.96063157894737472, 2.929999999999998384, -7.179213561880927408 ) ) ;
#7162 = ORIENTED_EDGE ( 'NONE', *, *, #8900, .F. ) ;
#7161 =( GEOMETRIC_REPRESENTATION_CONTEXT ( 3 ) GLOBAL_UNCERTAINTY_ASSIGNED_CONTEXT ( ( #12178 ) ) GLOBAL_UNIT_ASSIGNED_CONTEXT ( ( #5698, #857, #3614 ) ) REPRESENTATION_CONTEXT ( 'NONE', 'WORKASPACE' ) );
#7163 = UNCERTAINTY_MEASURE_WITH_UNIT (LENGTH_MEASURE( 1.000000000000000082E-05 ), #2861, 'distance_accuracy_value', 'NONE');
#7164 = LINE ( 'NONE', #5261, #12345 ) ;
#7165 = LINE ( 'NONE', #9279, #10537 ) ;
#7166 = EDGE_CURVE ( 'NONE', #11461, #4266, #12203, .T. ) ;
#7167 = DIRECTION ( 'NONE',  ( -0.000000000000000000, -1.000000000000000000, -0.000000000000000000 ) ) ;
#7168 = DIRECTION ( 'NONE',  ( 0.000000000000000000, 0.000000000000000000, 1.000000000000000000 ) ) ;
#7169 = FACE_OUTER_BOUND ( 'NONE', #12134, .T. ) ;
#7170 = CARTESIAN_POINT ( 'NONE',  ( 7.988421052631575314, 11.42999999999999972, 17.91499999999999915 ) ) ;
#7171 =( LENGTH_UNIT ( ) NAMED_UNIT ( * ) SI_UNIT ( .MILLI., .METRE. ) );
#7172 = CARTESIAN_POINT ( 'NONE',  ( -28.45599999999999596, 1.778000000000000025, 15.66328183851187994 ) ) ;
#7173 = FILL_AREA_STYLE ('',( #2361 ) ) ;
#7174 = COLOUR_RGB ( '',0.2509803921568627416, 0.2509803921568627416, 0.2509803921568627416 ) ;
#7175 = SURFACE_STYLE_USAGE ( .BOTH. , #6233 ) ;
#7176 = CARTESIAN_POINT ( 'NONE',  ( 25.75352479776081793, 11.42999999999999972, -6.972106780694380390 ) ) ;
#7177 = STYLED_ITEM ( 'NONE', ( #6655 ), #8145 ) ;
#7178 =( NAMED_UNIT ( * ) SI_UNIT ( $, .STERADIAN. ) SOLID_ANGLE_UNIT ( ) );
#7179 = FILL_AREA_STYLE ('',( #9236 ) ) ;
#7180 = FACE_OUTER_BOUND ( 'NONE', #2603, .T. ) ;
#7181 = DIRECTION ( 'NONE',  ( -0.000000000000000000, -0.000000000000000000, 1.000000000000000000 ) ) ;
#7182 = CARTESIAN_POINT ( 'NONE',  ( -22.24022144827787884, 11.39350698272150986, 6.925054075295236977 ) ) ;
#7183 = SURFACE_SIDE_STYLE ('',( #8149 ) ) ;
#7184 = EDGE_CURVE ( 'NONE', #3288, #5117, #11069, .T. ) ;
#7185 = VERTEX_POINT ( 'NONE', #9096 ) ;
#7186 = VECTOR ( 'NONE', #8758, 1000.000000000000000 ) ;
#7187 = MECHANICAL_DESIGN_GEOMETRIC_PRESENTATION_REPRESENTATION (  '', ( #6820 ), #6619 ) ;
#7188 = VERTEX_POINT ( 'NONE', #2335 ) ;
#7189 =( GEOMETRIC_REPRESENTATION_CONTEXT ( 3 ) GLOBAL_UNCERTAINTY_ASSIGNED_CONTEXT ( ( #6356 ) ) GLOBAL_UNIT_ASSIGNED_CONTEXT ( ( #1359, #9143, #10287 ) ) REPRESENTATION_CONTEXT ( 'NONE', 'WORKASPACE' ) );
#7190 = EDGE_CURVE ( 'NONE', #4984, #2491, #5368, .T. ) ;
#7191 = CARTESIAN_POINT ( 'NONE',  ( -10.95515789473684087, 10.92999999999999794, 0.000000000000000000 ) ) ;
#7192 = CARTESIAN_POINT ( 'NONE',  ( -18.90563339613381544, 2.613801581194548973, 8.946499830105235418 ) ) ;
#7193 = DIRECTION ( 'NONE',  ( 1.000000000000000000, 0.000000000000000000, 0.000000000000000000 ) ) ;
#7194 = LINE ( 'NONE', #6053, #4473 ) ;
#7195 = MECHANICAL_DESIGN_GEOMETRIC_PRESENTATION_REPRESENTATION (  '', ( #56 ), #2936 ) ;
#7196 = PRESENTATION_STYLE_ASSIGNMENT (( #10910 ) ) ;
#7197 = ORIENTED_EDGE ( 'NONE', *, *, #154, .F. ) ;
#7198 = DIRECTION ( 'NONE',  ( 0.000000000000000000, 0.000000000000000000, 1.000000000000000000 ) ) ;
#7199 =( GEOMETRIC_REPRESENTATION_CONTEXT ( 3 ) GLOBAL_UNCERTAINTY_ASSIGNED_CONTEXT ( ( #2594 ) ) GLOBAL_UNIT_ASSIGNED_CONTEXT ( ( #10274, #12082, #6316 ) ) REPRESENTATION_CONTEXT ( 'NONE', 'WORKASPACE' ) );
#7200 = COLOUR_RGB ( '',0.2509803921568627416, 0.2509803921568627416, 0.2509803921568627416 ) ;
#7201 = TOROIDAL_SURFACE ( 'NONE', #7592, 2.087500000000002132, 0.5000000000000000000 ) ;
#7202 = SURFACE_STYLE_USAGE ( .BOTH. , #4404 ) ;
#7203 = LINE ( 'NONE', #8937, #9501 ) ;
#7204 = DIRECTION ( 'NONE',  ( 1.000000000000000000, 0.000000000000000000, 0.000000000000000000 ) ) ;
#7205 = EDGE_LOOP ( 'NONE', ( #10050, #11064, #9586, #3201 ) ) ;
#7206 = DIRECTION ( 'NONE',  ( 0.000000000000000000, 0.000000000000000000, 1.000000000000000000 ) ) ;
#7207 = EDGE_LOOP ( 'NONE', ( #4264, #11837, #6449, #3071 ) ) ;
#7208 = STYLED_ITEM ( 'NONE', ( #2813 ), #11983 ) ;
#7209 =( GEOMETRIC_REPRESENTATION_CONTEXT ( 3 ) GLOBAL_UNCERTAINTY_ASSIGNED_CONTEXT ( ( #12440 ) ) GLOBAL_UNIT_ASSIGNED_CONTEXT ( ( #6629, #7379, #5724 ) ) REPRESENTATION_CONTEXT ( 'NONE', 'WORKASPACE' ) );
#7210 = EDGE_CURVE ( 'NONE', #1675, #4984, #5191, .T. ) ;
#7211 = COLOUR_RGB ( '',0.2509803921568627416, 0.2509803921568627416, 0.2509803921568627416 ) ;
#7212 = CARTESIAN_POINT ( 'NONE',  ( 8.750421052631576657, 2.929999999999998384, -17.91499999999999204 ) ) ;
#7213 = SURFACE_SIDE_STYLE ('',( #4862 ) ) ;
#7214 = SURFACE_STYLE_USAGE ( .BOTH. , #11122 ) ;
#7215 = VERTEX_POINT ( 'NONE', #4239 ) ;
#7216 = DIRECTION ( 'NONE',  ( 0.000000000000000000, 0.000000000000000000, -1.000000000000000000 ) ) ;
#7217 = VECTOR ( 'NONE', #5715, 1000.000000000000000 ) ;
#7218 = LINE ( 'NONE', #3354, #8862 ) ;
#7219 =( GEOMETRIC_REPRESENTATION_CONTEXT ( 3 ) GLOBAL_UNCERTAINTY_ASSIGNED_CONTEXT ( ( #11261 ) ) GLOBAL_UNIT_ASSIGNED_CONTEXT ( ( #9180, #10197, #8270 ) ) REPRESENTATION_CONTEXT ( 'NONE', 'WORKASPACE' ) );
#7220 =( GEOMETRIC_REPRESENTATION_CONTEXT ( 3 ) GLOBAL_UNCERTAINTY_ASSIGNED_CONTEXT ( ( #11866 ) ) GLOBAL_UNIT_ASSIGNED_CONTEXT ( ( #12608, #7768, #2821 ) ) REPRESENTATION_CONTEXT ( 'NONE', 'WORKASPACE' ) );
#7221 = DIRECTION ( 'NONE',  ( 0.000000000000000000, 0.000000000000000000, -1.000000000000000000 ) ) ;
#7222 = CARTESIAN_POINT ( 'NONE',  ( 18.99852631578947282, 11.42999999999999972, 8.129640245804257148 ) ) ;
#7223 = STYLED_ITEM ( 'NONE', ( #7670 ), #2921 ) ;
#7224 = ORIENTED_EDGE ( 'NONE', *, *, #479, .F. ) ;
#7225 = CARTESIAN_POINT ( 'NONE',  ( 28.07018770830613619, 1.778000000000000025, -15.98132094865075814 ) ) ;
#7226 = CYLINDRICAL_SURFACE ( 'NONE', #7931, 0.5000000000000004441 ) ;
#7227 = ORIENTED_EDGE ( 'NONE', *, *, #10369, .T. ) ;
#7228 = AXIS2_PLACEMENT_3D ( 'NONE', #7680, #11677, #11613 ) ;
#7230 = DIRECTION ( 'NONE',  ( 0.000000000000000000, -1.000000000000000000, 0.000000000000000000 ) ) ;
#7229 = CIRCLE ( 'NONE', #12572, 0.5000000000000004441 ) ;
#7231 = VECTOR ( 'NONE', #12472, 1000.000000000000000 ) ;
#7232 = ORIENTED_EDGE ( 'NONE', *, *, #11547, .T. ) ;
#7233 = EDGE_CURVE ( 'NONE', #11481, #1365, #1485, .T. ) ;
#7234 =( BOUNDED_CURVE ( )  B_SPLINE_CURVE ( 3, ( #7716, #124, #4981, #910 ),
 .UNSPECIFIED., .F., .F. ) 
 B_SPLINE_CURVE_WITH_KNOTS ( ( 4, 4 ),
 ( 1.570796326794896336, 3.141592653589792672 ),
 .UNSPECIFIED. ) 
 CURVE ( )  GEOMETRIC_REPRESENTATION_ITEM ( )  RATIONAL_B_SPLINE_CURVE ( ( 1.000000000000000000, 0.8047378541243650485, 0.8047378541243650485, 1.000000000000000000 ) ) 
 REPRESENTATION_ITEM ( '' )  );
#7235 =( NAMED_UNIT ( * ) PLANE_ANGLE_UNIT ( ) SI_UNIT ( $, .RADIAN. ) );
#7236 = DIRECTION ( 'NONE',  ( -4.081702296416016490E-16, 1.000000000000000000, -0.000000000000000000 ) ) ;
#7237 = CARTESIAN_POINT ( 'NONE',  ( 17.22021356188092867, 1.778450982306281958, -18.41499999999999559 ) ) ;
#7238 = DIRECTION ( 'NONE',  ( 4.081702296416016490E-16, -1.000000000000000000, 0.000000000000000000 ) ) ;
#7239 = FILL_AREA_STYLE ('',( #10243 ) ) ;
#7240 = EDGE_CURVE ( 'NONE', #6603, #9408, #10122, .T. ) ;
#7241 = ADVANCED_FACE ( 'NONE', ( #6145 ), #8312, .F. ) ;
#7242 = TOROIDAL_SURFACE ( 'NONE', #5811, 1.261999999999997124, 0.5000000000000000000 ) ;
#7243 = DIRECTION ( 'NONE',  ( 0.6360782202777646166, 0.000000000000000000, 0.7716245833877193316 ) ) ;
#7244 = DIRECTION ( 'NONE',  ( 1.000000000000000000, 0.000000000000000000, 0.000000000000000000 ) ) ;
#7245 = EDGE_CURVE ( 'NONE', #408, #12557, #12045, .T. ) ;
#7246 =( NAMED_UNIT ( * ) PLANE_ANGLE_UNIT ( ) SI_UNIT ( $, .RADIAN. ) );
#7247 = VECTOR ( 'NONE', #2326, 1000.000000000000000 ) ;
#7248 =( NAMED_UNIT ( * ) PLANE_ANGLE_UNIT ( ) SI_UNIT ( $, .RADIAN. ) );
#7249 = CARTESIAN_POINT ( 'NONE',  ( 13.97915789473684001, 11.42999999999999972, -18.41499999999999915 ) ) ;
#7250 = PRESENTATION_STYLE_ASSIGNMENT (( #4319 ) ) ;
#7251 = FILL_AREA_STYLE_COLOUR ( '', #11713 ) ;
#7252 =( GEOMETRIC_REPRESENTATION_CONTEXT ( 3 ) GLOBAL_UNCERTAINTY_ASSIGNED_CONTEXT ( ( #9069 ) ) GLOBAL_UNIT_ASSIGNED_CONTEXT ( ( #165, #2027, #229 ) ) REPRESENTATION_CONTEXT ( 'NONE', 'WORKASPACE' ) );
#7253 = CARTESIAN_POINT ( 'NONE',  ( -22.35225904931069962, 11.42999999999999794, 6.803530296746225225 ) ) ;
#7254 = VECTOR ( 'NONE', #2830, 1000.000000000000000 ) ;
#7255 = UNCERTAINTY_MEASURE_WITH_UNIT (LENGTH_MEASURE( 1.000000000000000082E-05 ), #2066, 'distance_accuracy_value', 'NONE');
#7256 = DIRECTION ( 'NONE',  ( -1.000000000000000000, 0.000000000000000000, 0.000000000000000000 ) ) ;
#7257 = ORIENTED_EDGE ( 'NONE', *, *, #10682, .F. ) ;
#7258 = ORIENTED_EDGE ( 'NONE', *, *, #2359, .T. ) ;
#7259 = VECTOR ( 'NONE', #4691, 1000.000000000000000 ) ;
#7260 = CARTESIAN_POINT ( 'NONE',  ( -20.18686102729996179, 11.38445410763354460, 7.575508512112089754 ) ) ;
#7261 =( NAMED_UNIT ( * ) PLANE_ANGLE_UNIT ( ) SI_UNIT ( $, .RADIAN. ) );
#7262 = ORIENTED_EDGE ( 'NONE', *, *, #10705, .F. ) ;
#7263 = COLOUR_RGB ( '',0.2509803921568627416, 0.2509803921568627416, 0.2509803921568627416 ) ;
#7264 = EDGE_CURVE ( 'NONE', #5855, #8049, #8776, .T. ) ;
#7265 = UNCERTAINTY_MEASURE_WITH_UNIT (LENGTH_MEASURE( 1.000000000000000082E-05 ), #5789, 'distance_accuracy_value', 'NONE');
#7266 = CARTESIAN_POINT ( 'NONE',  ( -17.22021356188092867, 1.778000000000000025, -17.91499999999999204 ) ) ;
#7267 = LINE ( 'NONE', #382, #10269 ) ;
#7268 = EDGE_CURVE ( 'NONE', #6958, #9606, #10080, .T. ) ;
#7269 = FILL_AREA_STYLE ('',( #6372 ) ) ;
#7270 = DIRECTION ( 'NONE',  ( 0.000000000000000000, -1.000000000000000000, -0.000000000000000000 ) ) ;
#7271 = ORIENTED_EDGE ( 'NONE', *, *, #8405, .T. ) ;
#7272 = CYLINDRICAL_SURFACE ( 'NONE', #11004, 0.5000000000000004441 ) ;
#7273 = STYLED_ITEM ( 'NONE', ( #4555 ), #9686 ) ;
#7274 = ORIENTED_EDGE ( 'NONE', *, *, #12511, .F. ) ;
#7275 =( NAMED_UNIT ( * ) PLANE_ANGLE_UNIT ( ) SI_UNIT ( $, .RADIAN. ) );
#7276 = DIRECTION ( 'NONE',  ( 1.000000000000000000, 0.000000000000000000, 0.000000000000000000 ) ) ;
#7277 = DIRECTION ( 'NONE',  ( -4.081702296416016490E-16, 1.000000000000000000, -0.000000000000000000 ) ) ;
#7278 = PRESENTATION_LAYER_ASSIGNMENT (  '', '', ( #5642 ) ) ;
#7279 = CYLINDRICAL_SURFACE ( 'NONE', #1197, 0.5000000000000004441 ) ;
#7280 = ORIENTED_EDGE ( 'NONE', *, *, #4462, .T. ) ;
#7281 = EDGE_CURVE ( 'NONE', #12307, #6577, #215, .T. ) ;
#7282 = CARTESIAN_POINT ( 'NONE',  ( -22.46526315789473216, 11.42999999999999972, 0.000000000000000000 ) ) ;
#7283 = CARTESIAN_POINT ( 'NONE',  ( -16.47452631578946836, 2.929999999999998384, -17.91499999999999204 ) ) ;
#7284 = CARTESIAN_POINT ( 'NONE',  ( 7.988421052631575314, 10.92999999999999794, -17.91499999999999204 ) ) ;
#7285 = SURFACE_STYLE_USAGE ( .BOTH. , #1480 ) ;
#7286 = EDGE_LOOP ( 'NONE', ( #7491, #701, #7096, #768 ) ) ;
#7287 = DIRECTION ( 'NONE',  ( 0.000000000000000000, -1.000000000000000000, 0.000000000000000000 ) ) ;
#7288 = FILL_AREA_STYLE ('',( #11131 ) ) ;
#7289 = ORIENTED_EDGE ( 'NONE', *, *, #372, .F. ) ;
#7290 = CARTESIAN_POINT ( 'NONE',  ( 4.993052631578946965, 11.42999999999999972, -17.91499999999999204 ) ) ;
#7291 = CIRCLE ( 'NONE', #1177, 0.7619999999999953477 ) ;
#7292 = LINE ( 'NONE', #6216, #820 ) ;
#7293 = ORIENTED_EDGE ( 'NONE', *, *, #5760, .F. ) ;
#7294 = DIRECTION ( 'NONE',  ( -0.000000000000000000, -0.000000000000000000, 1.000000000000000000 ) ) ;
#7295 = CARTESIAN_POINT ( 'NONE',  ( -15.97452631578946303, 2.929999999999998384, -18.41499999999999915 ) ) ;
#7296 = UNCERTAINTY_MEASURE_WITH_UNIT (LENGTH_MEASURE( 1.000000000000000082E-05 ), #1044, 'distance_accuracy_value', 'NONE');
#7297 = UNCERTAINTY_MEASURE_WITH_UNIT (LENGTH_MEASURE( 1.000000000000000082E-05 ), #444, 'distance_accuracy_value', 'NONE');
#7298 = CARTESIAN_POINT ( 'NONE',  ( -18.96989473684210026, 2.845581073188678811, -8.872385971794054527 ) ) ;
#7299 = DIRECTION ( 'NONE',  ( 1.000000000000000000, 0.000000000000000000, 0.000000000000000000 ) ) ;
#7300 = ADVANCED_FACE ( 'NONE', ( #6590 ), #849, .F. ) ;
#7301 = CARTESIAN_POINT ( 'NONE',  ( 22.72021356188092511, 1.778000000000000025, -17.91499999999999204 ) ) ;
#7302 = DIRECTION ( 'NONE',  ( -0.000000000000000000, -1.000000000000000000, 0.000000000000000000 ) ) ;
#7303 = LINE ( 'NONE', #9230, #2851 ) ;
#7304 = CARTESIAN_POINT ( 'NONE',  ( 19.96989473684211092, 2.929999999999998384, 8.003600270322777988 ) ) ;
#7305 =( LENGTH_UNIT ( ) NAMED_UNIT ( * ) SI_UNIT ( .MILLI., .METRE. ) );
#7306 = ORIENTED_EDGE ( 'NONE', *, *, #7929, .T. ) ;
#7307 = CARTESIAN_POINT ( 'NONE',  ( -17.22021356188092867, 1.277999999999999581, 18.41499999999999915 ) ) ;
#7308 = MECHANICAL_DESIGN_GEOMETRIC_PRESENTATION_REPRESENTATION (  '', ( #2221 ), #8949 ) ;
#7309 =( LENGTH_UNIT ( ) NAMED_UNIT ( * ) SI_UNIT ( .MILLI., .METRE. ) );
#7310 = EDGE_CURVE ( 'NONE', #4236, #4237, #1613, .T. ) ;
#7311 = CARTESIAN_POINT ( 'NONE',  ( 17.74083266054367769, 2.166933591146852134, -11.65648807126320996 ) ) ;
#7312 = ORIENTED_EDGE ( 'NONE', *, *, #11389, .F. ) ;
#7313 = LINE ( 'NONE', #6732, #495 ) ;
#7314 = CARTESIAN_POINT ( 'NONE',  ( 2.759684210526320403, 2.929999999999998384, -17.91499999999999204 ) ) ;
#7315 = CARTESIAN_POINT ( 'NONE',  ( 28.07018770830613619, 1.777999999999999581, 15.98132094865076169 ) ) ;
#7316 = MECHANICAL_DESIGN_GEOMETRIC_PRESENTATION_REPRESENTATION (  '', ( #11208 ), #12407 ) ;
#7317 =( LENGTH_UNIT ( ) NAMED_UNIT ( * ) SI_UNIT ( .MILLI., .METRE. ) );
#7318 = EDGE_LOOP ( 'NONE', ( #3733, #385, #9518, #10986 ) ) ;
#7319 = LINE ( 'NONE', #5285, #2728 ) ;
#7320 = CYLINDRICAL_SURFACE ( 'NONE', #3944, 0.5000000000000004441 ) ;
#7321 = CARTESIAN_POINT ( 'NONE',  ( 17.74083266054368124, 2.166933591146852134, 11.65648807126320996 ) ) ;
#7322 = FILL_AREA_STYLE_COLOUR ( '', #8002 ) ;
#7323 = CYLINDRICAL_SURFACE ( 'NONE', #8933, 0.5000000000000003331 ) ;
#7324 = EDGE_CURVE ( 'NONE', #3837, #4857, #11519, .T. ) ;
#7325 = CARTESIAN_POINT ( 'NONE',  ( -23.43663157894735960, 11.22289321881345536, 7.179213561880926520 ) ) ;
#7326 = EDGE_LOOP ( 'NONE', ( #6944, #11067, #1997, #1074 ) ) ;
#7327 = VECTOR ( 'NONE', #5128, 1000.000000000000000 ) ;
#7328 = SURFACE_SIDE_STYLE ('',( #10341 ) ) ;
#7329 = ORIENTED_EDGE ( 'NONE', *, *, #605, .T. ) ;
#7330 = FILL_AREA_STYLE ('',( #5603 ) ) ;
#7331 = CARTESIAN_POINT ( 'NONE',  ( 5.755052631578949196, 2.929999999999998384, 17.91499999999999915 ) ) ;
#7332 = VERTEX_POINT ( 'NONE', #4668 ) ;
#7333 =( GEOMETRIC_REPRESENTATION_CONTEXT ( 3 ) GLOBAL_UNCERTAINTY_ASSIGNED_CONTEXT ( ( #4095 ) ) GLOBAL_UNIT_ASSIGNED_CONTEXT ( ( #5555, #728, #3668 ) ) REPRESENTATION_CONTEXT ( 'NONE', 'WORKASPACE' ) );
#7334 = CARTESIAN_POINT ( 'NONE',  ( -9.983789473684209881, 10.92999999999999794, -17.91499999999999204 ) ) ;
#7335 = CARTESIAN_POINT ( 'NONE',  ( -9.983789473684209881, 11.22289321881345536, 18.20789321881345302 ) ) ;
#7336 = FILL_AREA_STYLE_COLOUR ( '', #3348 ) ;
#7337 = VERTEX_POINT ( 'NONE', #1740 ) ;
#7338 = PRESENTATION_STYLE_ASSIGNMENT (( #8057 ) ) ;
#7339 = ORIENTED_EDGE ( 'NONE', *, *, #3858, .F. ) ;
#7340 = AXIS2_PLACEMENT_3D ( 'NONE', #1554, #7097, #12103 ) ;
#7341 = EDGE_CURVE ( 'NONE', #2384, #11481, #7951, .T. ) ;
#7342 = PRESENTATION_STYLE_ASSIGNMENT (( #3485 ) ) ;
#7343 = ORIENTED_EDGE ( 'NONE', *, *, #11739, .F. ) ;
#7344 = DIRECTION ( 'NONE',  ( 0.000000000000000000, 0.000000000000000000, -1.000000000000000000 ) ) ;
#7345 = FILL_AREA_STYLE_COLOUR ( '', #3988 ) ;
#7346 = VECTOR ( 'NONE', #2321, 1000.000000000000000 ) ;
#7347 = MECHANICAL_DESIGN_GEOMETRIC_PRESENTATION_REPRESENTATION (  '', ( #429 ), #9203 ) ;
#7348 = FILL_AREA_STYLE ('',( #11529 ) ) ;
#7349 = FACE_OUTER_BOUND ( 'NONE', #4360, .T. ) ;
#7350 = ORIENTED_EDGE ( 'NONE', *, *, #879, .T. ) ;
#7351 = DIRECTION ( 'NONE',  ( 0.000000000000000000, 0.000000000000000000, -1.000000000000000000 ) ) ;
#7352 = CARTESIAN_POINT ( 'NONE',  ( -22.39704597387198959, 1.778000000000000025, -14.09077417469095295 ) ) ;
#7353 = CARTESIAN_POINT ( 'NONE',  ( -17.22021356188092867, 1.277999999999999581, 18.41499999999999915 ) ) ;
#7354 = DIRECTION ( 'NONE',  ( -1.000000000000000000, 0.000000000000000000, 0.000000000000000000 ) ) ;
#7355 = PRESENTATION_LAYER_ASSIGNMENT (  '', '', ( #11246 ) ) ;
#7356 = MECHANICAL_DESIGN_GEOMETRIC_PRESENTATION_REPRESENTATION (  '', ( #1054 ), #10628 ) ;
#7357 = EDGE_CURVE ( 'NONE', #7215, #4582, #2589, .T. ) ;
#7358 = CIRCLE ( 'NONE', #652, 0.5000000000000004441 ) ;
#7359 = ORIENTED_EDGE ( 'NONE', *, *, #1326, .T. ) ;
#7360 = FILL_AREA_STYLE_COLOUR ( '', #12273 ) ;
#7361 = CYLINDRICAL_SURFACE ( 'NONE', #6766, 4.999999999999999112 ) ;
#7362 = CARTESIAN_POINT ( 'NONE',  ( 18.49852631578947282, 11.42999999999999972, -18.41499999999999915 ) ) ;
#7363 = PRESENTATION_LAYER_ASSIGNMENT (  '', '', ( #11256 ) ) ;
#7364 = MECHANICAL_DESIGN_GEOMETRIC_PRESENTATION_REPRESENTATION (  '', ( #2913 ), #10488 ) ;
#7365 = CARTESIAN_POINT ( 'NONE',  ( -1.497684210526314175, 11.42999999999999972, 18.41499999999999915 ) ) ;
#7366 =( BOUNDED_CURVE ( )  B_SPLINE_CURVE ( 3, ( #4293, #7335, #4355, #10042 ),
 .UNSPECIFIED., .F., .T. ) 
 B_SPLINE_CURVE_WITH_KNOTS ( ( 4, 4 ),
 ( 4.712388980384689674, 6.283185307179586232 ),
 .UNSPECIFIED. ) 
 CURVE ( )  GEOMETRIC_REPRESENTATION_ITEM ( )  RATIONAL_B_SPLINE_CURVE ( ( 1.000000000000000000, 0.8047378541243649375, 0.8047378541243649375, 1.000000000000000000 ) ) 
 REPRESENTATION_ITEM ( '' )  );
#7367 = UNCERTAINTY_MEASURE_WITH_UNIT (LENGTH_MEASURE( 1.000000000000000082E-05 ), #549, 'distance_accuracy_value', 'NONE');
#7368 = CARTESIAN_POINT ( 'NONE',  ( -28.95599999999999596, 11.42999999999999972, -6.679213561880927408 ) ) ;
#7369 = ORIENTED_EDGE ( 'NONE', *, *, #3624, .F. ) ;
#7370 = COLOUR_RGB ( '',0.2509803921568627416, 0.2509803921568627416, 0.2509803921568627416 ) ;
#7371 = CARTESIAN_POINT ( 'NONE',  ( 28.74889321881344628, 11.22289321881345536, 7.179213561880926520 ) ) ;
#7372 = EDGE_CURVE ( 'NONE', #10907, #7185, #12558, .T. ) ;
#7373 = FACE_OUTER_BOUND ( 'NONE', #4966, .T. ) ;
#7374 = STYLED_ITEM ( 'NONE', ( #10316 ), #8110 ) ;
#7375 = DIRECTION ( 'NONE',  ( 0.000000000000000000, 0.000000000000000000, -1.000000000000000000 ) ) ;
#7376 = ORIENTED_EDGE ( 'NONE', *, *, #5884, .T. ) ;
#7377 = DIRECTION ( 'NONE',  ( -0.000000000000000000, -0.000000000000000000, 1.000000000000000000 ) ) ;
#7378 = CARTESIAN_POINT ( 'NONE',  ( 18.14553812096256280, 2.270464376704071974, 10.14693864750121932 ) ) ;
#7379 =( NAMED_UNIT ( * ) PLANE_ANGLE_UNIT ( ) SI_UNIT ( $, .RADIAN. ) );
#7380 =( NAMED_UNIT ( * ) SI_UNIT ( $, .STERADIAN. ) SOLID_ANGLE_UNIT ( ) );
#7381 = PRESENTATION_LAYER_ASSIGNMENT (  '', '', ( #9033 ) ) ;
#7382 = ORIENTED_EDGE ( 'NONE', *, *, #8666, .T. ) ;
#7383 = EDGE_CURVE ( 'NONE', #5531, #3150, #8700, .T. ) ;
#7384 = PRESENTATION_STYLE_ASSIGNMENT (( #12350 ) ) ;
#7385 = ORIENTED_EDGE ( 'NONE', *, *, #7737, .T. ) ;
#7386 = DIRECTION ( 'NONE',  ( -0.000000000000000000, 0.000000000000000000, 1.000000000000000000 ) ) ;
#7387 = CARTESIAN_POINT ( 'NONE',  ( -28.95599999999999596, 11.42999999999999972, -18.41499999999999559 ) ) ;
#7388 = LINE ( 'NONE', #713, #7486 ) ;
#7389 = ORIENTED_EDGE ( 'NONE', *, *, #1403, .T. ) ;
#7390 = ADVANCED_FACE ( 'NONE', ( #2639 ), #2839, .T. ) ;
#7391 = CARTESIAN_POINT ( 'NONE',  ( -40.19178643811905971, 1.778000000000000025, 7.179213561880927408 ) ) ;
#7392 = DIRECTION ( 'NONE',  ( -0.000000000000000000, 1.000000000000000000, -0.000000000000000000 ) ) ;
#7393 =( NAMED_UNIT ( * ) SI_UNIT ( $, .STERADIAN. ) SOLID_ANGLE_UNIT ( ) );
#7394 = CARTESIAN_POINT ( 'NONE',  ( 23.62199999999999633, 0.5000000000000000000, 13.08100000000000840 ) ) ;
#7395 = VERTEX_POINT ( 'NONE', #2056 ) ;
#7396 = CIRCLE ( 'NONE', #12344, 0.7619999999999970131 ) ;
#7397 = CARTESIAN_POINT ( 'NONE',  ( 16.00315789473683736, 11.42999999999999972, -18.41499999999999559 ) ) ;
#7398 = AXIS2_PLACEMENT_3D ( 'NONE', #2596, #3678, #5433 ) ;
#7399 = FILL_AREA_STYLE ('',( #3727 ) ) ;
#7400 = EDGE_LOOP ( 'NONE', ( #2068, #8460, #3013, #9918 ) ) ;
#7401 = SURFACE_STYLE_USAGE ( .BOTH. , #4732 ) ;
#7402 = ORIENTED_EDGE ( 'NONE', *, *, #6931, .T. ) ;
#7403 = DIRECTION ( 'NONE',  ( 0.000000000000000000, -1.000000000000000000, 0.000000000000000000 ) ) ;
#7404 = MECHANICAL_DESIGN_GEOMETRIC_PRESENTATION_REPRESENTATION (  '', ( #8859 ), #3374 ) ;
#7405 = COLOUR_RGB ( '',0.2509803921568627416, 0.2509803921568627416, 0.2509803921568627416 ) ;
#7406 = VECTOR ( 'NONE', #1232, 1000.000000000000000 ) ;
#7407 = CYLINDRICAL_SURFACE ( 'NONE', #6422, 0.5000000000000004441 ) ;
#7408 = COLOUR_RGB ( '',0.2509803921568627416, 0.2509803921568627416, 0.2509803921568627416 ) ;
#7409 = UNCERTAINTY_MEASURE_WITH_UNIT (LENGTH_MEASURE( 1.000000000000000082E-05 ), #6909, 'distance_accuracy_value', 'NONE');
#7410 = UNCERTAINTY_MEASURE_WITH_UNIT (LENGTH_MEASURE( 1.000000000000000082E-05 ), #3741, 'distance_accuracy_value', 'NONE');
#7411 = MECHANICAL_DESIGN_GEOMETRIC_PRESENTATION_REPRESENTATION (  '', ( #2357 ), #8652 ) ;
#7412 = DIRECTION ( 'NONE',  ( -0.000000000000000000, -0.000000000000000000, -1.000000000000000000 ) ) ;
#7413 = DIRECTION ( 'NONE',  ( -0.000000000000000000, 1.000000000000000000, -0.000000000000000000 ) ) ;
#7414 =( NAMED_UNIT ( * ) PLANE_ANGLE_UNIT ( ) SI_UNIT ( $, .RADIAN. ) );
#7415 = EDGE_LOOP ( 'NONE', ( #5921, #11168, #5640, #10717 ) ) ;
#7416 = EDGE_CURVE ( 'NONE', #10417, #3582, #3855, .T. ) ;
#7417 = FILL_AREA_STYLE_COLOUR ( '', #7370 ) ;
#7418 = PRESENTATION_LAYER_ASSIGNMENT (  '', '', ( #11325 ) ) ;
#7419 = VECTOR ( 'NONE', #570, 1000.000000000000000 ) ;
#7420 = COLOUR_RGB ( '',0.2509803921568627416, 0.2509803921568627416, 0.2509803921568627416 ) ;
#7421 = ORIENTED_EDGE ( 'NONE', *, *, #10788, .T. ) ;
#7422 = CARTESIAN_POINT ( 'NONE',  ( -16.18163309697601804, 11.42999999999999972, 18.41499999999999915 ) ) ;
#7423 = LINE ( 'NONE', #11084, #3669 ) ;
#7424 = DIRECTION ( 'NONE',  ( 0.000000000000000000, 0.000000000000000000, 1.000000000000000000 ) ) ;
#7425 = CARTESIAN_POINT ( 'NONE',  ( 7.017052631578944322, 2.929999999999998384, 18.41499999999999915 ) ) ;
#7426 = LINE ( 'NONE', #7550, #5230 ) ;
#7427 = CIRCLE ( 'NONE', #3363, 0.7619999999999970131 ) ;
#7428 = MECHANICAL_DESIGN_GEOMETRIC_PRESENTATION_REPRESENTATION (  '', ( #729 ), #5200 ) ;
#7430 = AXIS2_PLACEMENT_3D ( 'NONE', #10669, #11786, #9640 ) ;
#7429 = DIRECTION ( 'NONE',  ( 0.000000000000000000, -0.000000000000000000, -1.000000000000000000 ) ) ;
#7431 = EDGE_CURVE ( 'NONE', #11536, #618, #2, .T. ) ;
#7432 = CARTESIAN_POINT ( 'NONE',  ( -23.62199999999999633, 0.5000000000000000000, 13.08100000000000840 ) ) ;
#7433 =( LENGTH_UNIT ( ) NAMED_UNIT ( * ) SI_UNIT ( .MILLI., .METRE. ) );
#7434 = ORIENTED_EDGE ( 'NONE', *, *, #12360, .F. ) ;
#7435 = PRESENTATION_LAYER_ASSIGNMENT (  '', '', ( #314 ) ) ;
#7436 = SURFACE_SIDE_STYLE ('',( #2556 ) ) ;
#7437 = DIRECTION ( 'NONE',  ( 0.000000000000000000, 0.000000000000000000, 1.000000000000000000 ) ) ;
#7438 = CARTESIAN_POINT ( 'NONE',  ( -4.964421052631579734, 11.42999999999999972, -18.41499999999999559 ) ) ;
#7439 = ORIENTED_EDGE ( 'NONE', *, *, #1126, .T. ) ;
#7440 = SURFACE_STYLE_FILL_AREA ( #12340 ) ;
#7441 = CARTESIAN_POINT ( 'NONE',  ( 0.000000000000000000, 10.92999999999999794, 6.679213561880927408 ) ) ;
#7442 = SURFACE_STYLE_USAGE ( .BOTH. , #3517 ) ;
#7443 =( BOUNDED_CURVE ( )  B_SPLINE_CURVE ( 3, ( #4262, #6239, #5330, #7365 ),
 .UNSPECIFIED., .F., .T. ) 
 B_SPLINE_CURVE_WITH_KNOTS ( ( 4, 4 ),
 ( 4.712388980384689674, 6.283185307179586232 ),
 .UNSPECIFIED. ) 
 CURVE ( )  GEOMETRIC_REPRESENTATION_ITEM ( )  RATIONAL_B_SPLINE_CURVE ( ( 1.000000000000000000, 0.8047378541243649375, 0.8047378541243649375, 1.000000000000000000 ) ) 
 REPRESENTATION_ITEM ( '' )  );
#7444 = CYLINDRICAL_SURFACE ( 'NONE', #3113, 4.999999999999998224 ) ;
#7445 = DIRECTION ( 'NONE',  ( 1.000000000000000000, -0.000000000000000000, -0.000000000000000000 ) ) ;
#7446 = ORIENTED_EDGE ( 'NONE', *, *, #6058, .T. ) ;
#7447 = EDGE_CURVE ( 'NONE', #1365, #7215, #3299, .T. ) ;
#7448 = ORIENTED_EDGE ( 'NONE', *, *, #4409, .T. ) ;
#7449 = B_SPLINE_CURVE_WITH_KNOTS ( 'NONE', 3,
 ( #11285, #9244, #4330, #11220 ),
 .UNSPECIFIED., .F., .F.,
 ( 4, 4 ),
 ( 0.000000000000000000, 0.0003638348271652899302 ),
 .UNSPECIFIED. ) ;
#7450 = CARTESIAN_POINT ( 'NONE',  ( 10.48378947368420988, 11.42999999999999972, 18.41499999999999915 ) ) ;
#7451 = ORIENTED_EDGE ( 'NONE', *, *, #1247, .T. ) ;
#7452 = CIRCLE ( 'NONE', #4015, 0.5000000000000004441 ) ;
#7453 =( NAMED_UNIT ( * ) PLANE_ANGLE_UNIT ( ) SI_UNIT ( $, .RADIAN. ) );
#7454 = SURFACE_STYLE_FILL_AREA ( #2693 ) ;
#7455 = ORIENTED_EDGE ( 'NONE', *, *, #605, .F. ) ;
#7456 = DIRECTION ( 'NONE',  ( 0.000000000000000000, -1.000000000000000000, 0.000000000000000000 ) ) ;
#7457 = DIRECTION ( 'NONE',  ( 1.000000000000000000, 0.000000000000000000, 0.000000000000000000 ) ) ;
#7458 = DIRECTION ( 'NONE',  ( 0.000000000000000000, 0.000000000000000000, 1.000000000000000000 ) ) ;
#7459 = EDGE_CURVE ( 'NONE', #11666, #1571, #2967, .T. ) ;
#7460 =( GEOMETRIC_REPRESENTATION_CONTEXT ( 3 ) GLOBAL_UNCERTAINTY_ASSIGNED_CONTEXT ( ( #3199 ) ) GLOBAL_UNIT_ASSIGNED_CONTEXT ( ( #544, #6286, #10949 ) ) REPRESENTATION_CONTEXT ( 'NONE', 'WORKASPACE' ) );
#7461 = DIRECTION ( 'NONE',  ( 0.000000000000000000, 0.000000000000000000, 1.000000000000000000 ) ) ;
#7462 = ORIENTED_EDGE ( 'NONE', *, *, #5096, .F. ) ;
#7463 = CARTESIAN_POINT ( 'NONE',  ( 27.48463157894736497, 10.92999999999999794, 7.179213561880927408 ) ) ;
#7464 = EDGE_CURVE ( 'NONE', #11647, #10032, #2260, .T. ) ;
#7465 = CARTESIAN_POINT ( 'NONE',  ( 4.785945850392399059, 11.42999999999999794, -18.41499999999999559 ) ) ;
#7466 = EDGE_LOOP ( 'NONE', ( #2535, #6561, #8157, #11592, #1237, #10854 ) ) ;
#7467 = CARTESIAN_POINT ( 'NONE',  ( -28.45599999999999596, 1.778000000000000025, -12.17921356188092652 ) ) ;
#7468 = LINE ( 'NONE', #8440, #9572 ) ;
#7469 = ORIENTED_EDGE ( 'NONE', *, *, #10225, .T. ) ;
#7470 = CIRCLE ( 'NONE', #1992, 1.587500000000002132 ) ;
#7471 = UNCERTAINTY_MEASURE_WITH_UNIT (LENGTH_MEASURE( 1.000000000000000082E-05 ), #10337, 'distance_accuracy_value', 'NONE');
#7472 = B_SPLINE_CURVE_WITH_KNOTS ( 'NONE', 3,
 ( #5595, #10457, #7321, #6564, #10527, #5463, #7378, #696, #6369, #11429, #11226, #2748, #4579, #5404 ),
 .UNSPECIFIED., .F., .F.,
 ( 4, 2, 2, 2, 2, 2, 4 ),
 ( 1.734723475976806902E-18, 0.0007792599812828278089, 0.001558519962565653883, 0.002337779943848479740, 0.002727409934489893537, 0.002922224929810599784, 0.003117039925131306899 ),
 .UNSPECIFIED. ) ;
#7473 = EDGE_LOOP ( 'NONE', ( #6499, #8610, #9553, #11861 ) ) ;
#7474 = VECTOR ( 'NONE', #2012, 1000.000000000000000 ) ;
#7475 = EDGE_CURVE ( 'NONE', #7084, #10985, #4893, .T. ) ;
#7476 = ORIENTED_EDGE ( 'NONE', *, *, #5385, .T. ) ;
#7477 = DIRECTION ( 'NONE',  ( 0.000000000000000000, 0.000000000000000000, -1.000000000000000000 ) ) ;
#7478 =( GEOMETRIC_REPRESENTATION_CONTEXT ( 3 ) GLOBAL_UNCERTAINTY_ASSIGNED_CONTEXT ( ( #5197 ) ) GLOBAL_UNIT_ASSIGNED_CONTEXT ( ( #5958, #10695, #1959 ) ) REPRESENTATION_CONTEXT ( 'NONE', 'WORKASPACE' ) );
#7479 = EDGE_LOOP ( 'NONE', ( #3689, #9702, #9270, #8483 ) ) ;
#7480 = EDGE_CURVE ( 'NONE', #5993, #9506, #3905, .T. ) ;
#7481 = EDGE_CURVE ( 'NONE', #2045, #309, #3026, .T. ) ;
#7482 = LINE ( 'NONE', #2661, #9077 ) ;
#7483 = VECTOR ( 'NONE', #1043, 1000.000000000000000 ) ;
#7484 = SURFACE_STYLE_FILL_AREA ( #3628 ) ;
#7485 = SURFACE_STYLE_USAGE ( .BOTH. , #10441 ) ;
#7486 = VECTOR ( 'NONE', #11372, 1000.000000000000000 ) ;
#7487 = PRESENTATION_STYLE_ASSIGNMENT (( #8528 ) ) ;
#7488 = MECHANICAL_DESIGN_GEOMETRIC_PRESENTATION_REPRESENTATION (  '', ( #6903 ), #10368 ) ;
#7489 = FILL_AREA_STYLE ('',( #8592 ) ) ;
#7490 = VECTOR ( 'NONE', #10951, 1000.000000000000000 ) ;
#7491 = ORIENTED_EDGE ( 'NONE', *, *, #12602, .F. ) ;
#7492 = DIRECTION ( 'NONE',  ( -1.000000000000000000, -4.081702296416016490E-16, 0.000000000000000000 ) ) ;
#7493 = VERTEX_POINT ( 'NONE', #6847 ) ;
#7494 = LINE ( 'NONE', #6815, #5568 ) ;
#7495 = DIRECTION ( 'NONE',  ( -0.6360782202777646166, 0.000000000000000000, -0.7716245833877193316 ) ) ;
#7496 = STYLED_ITEM ( 'NONE', ( #3993 ), #6267 ) ;
#7497 = FILL_AREA_STYLE_COLOUR ( '', #3388 ) ;
#7498 = DIRECTION ( 'NONE',  ( 0.000000000000000000, 1.000000000000000000, 0.000000000000000000 ) ) ;
#7499 = DIRECTION ( 'NONE',  ( 0.000000000000000000, 0.000000000000000000, 1.000000000000000000 ) ) ;
#7500 = MECHANICAL_DESIGN_GEOMETRIC_PRESENTATION_REPRESENTATION (  '', ( #11197 ), #9985 ) ;
#7501 = CARTESIAN_POINT ( 'NONE',  ( -17.22021356188092867, 2.144423844158112935, 18.41499999999999915 ) ) ;
#7502 = ORIENTED_EDGE ( 'NONE', *, *, #10003, .T. ) ;
#7503 = FILL_AREA_STYLE_COLOUR ( '', #3686 ) ;
#7504 = VERTEX_POINT ( 'NONE', #8762 ) ;
#7505 = VECTOR ( 'NONE', #4399, 1000.000000000000000 ) ;
#7506 = CIRCLE ( 'NONE', #5696, 0.5000000000000004441 ) ;
#7507 = CARTESIAN_POINT ( 'NONE',  ( 28.07018770830613974, 1.778000000000000025, 15.98132094865076169 ) ) ;
#7508 = ORIENTED_EDGE ( 'NONE', *, *, #6720, .F. ) ;
#7509 = PRESENTATION_STYLE_ASSIGNMENT (( #896 ) ) ;
#7510 = UNCERTAINTY_MEASURE_WITH_UNIT (LENGTH_MEASURE( 1.000000000000000082E-05 ), #6166, 'distance_accuracy_value', 'NONE');
#7511 = CARTESIAN_POINT ( 'NONE',  ( 28.45599999999999596, 1.778000000000000025, -7.179213561880927408 ) ) ;
#7512 = FILL_AREA_STYLE ('',( #4653 ) ) ;
#7513 = EDGE_CURVE ( 'NONE', #895, #8521, #5875, .T. ) ;
#7514 = PRESENTATION_STYLE_ASSIGNMENT (( #3597 ) ) ;
#7515 = VERTEX_POINT ( 'NONE', #9765 ) ;
#7516 = PRESENTATION_LAYER_ASSIGNMENT (  '', '', ( #5287 ) ) ;
#7517 =( BOUNDED_CURVE ( )  B_SPLINE_CURVE ( 3, ( #5618, #11381, #785, #10361 ),
 .UNSPECIFIED., .F., .F. ) 
 B_SPLINE_CURVE_WITH_KNOTS ( ( 4, 4 ),
 ( 0.000000000000000000, 1.570796326794896558 ),
 .UNSPECIFIED. ) 
 CURVE ( )  GEOMETRIC_REPRESENTATION_ITEM ( )  RATIONAL_B_SPLINE_CURVE ( ( 1.000000000000000000, 0.8047378541243649375, 0.8047378541243649375, 1.000000000000000000 ) ) 
 REPRESENTATION_ITEM ( '' )  );
#7518 = DIRECTION ( 'NONE',  ( 0.000000000000000000, -1.000000000000000000, 0.000000000000000000 ) ) ;
#7519 = CARTESIAN_POINT ( 'NONE',  ( 7.017052631578944322, 11.42999999999999972, -17.91499999999999204 ) ) ;
#7520 = LINE ( 'NONE', #8366, #6005 ) ;
#7521 = STYLED_ITEM ( 'NONE', ( #5707 ), #3005 ) ;
#7522 = CARTESIAN_POINT ( 'NONE',  ( 24.48926315789472241, 11.22289321881345536, 7.179213561880926520 ) ) ;
#7523 = ORIENTED_EDGE ( 'NONE', *, *, #7643, .T. ) ;
#7524 = CARTESIAN_POINT ( 'NONE',  ( 13.97915789473684534, 2.929999999999998384, -18.41499999999999915 ) ) ;
#7525 = ORIENTED_EDGE ( 'NONE', *, *, #9359, .T. ) ;
#7526 = PLANE ( 'NONE',  #12673 ) ;
#7527 = CYLINDRICAL_SURFACE ( 'NONE', #635, 0.5000000000000004441 ) ;
#7528 = ORIENTED_EDGE ( 'NONE', *, *, #5270, .F. ) ;
#7529 = EDGE_CURVE ( 'NONE', #6894, #4651, #4914, .T. ) ;
#7530 = UNCERTAINTY_MEASURE_WITH_UNIT (LENGTH_MEASURE( 1.000000000000000082E-05 ), #9338, 'distance_accuracy_value', 'NONE');
#7531 = UNCERTAINTY_MEASURE_WITH_UNIT (LENGTH_MEASURE( 1.000000000000000082E-05 ), #5233, 'distance_accuracy_value', 'NONE');
#7532 = FACE_OUTER_BOUND ( 'NONE', #3975, .T. ) ;
#7533 = DIRECTION ( 'NONE',  ( -0.000000000000000000, 1.000000000000000000, -0.000000000000000000 ) ) ;
#7534 = EDGE_LOOP ( 'NONE', ( #9254, #2945, #1819, #1141 ) ) ;
#7535 = CYLINDRICAL_SURFACE ( 'NONE', #4828, 0.5000000000000003331 ) ;
#7536 = STYLED_ITEM ( 'NONE', ( #12372 ), #7390 ) ;
#7537 = FILL_AREA_STYLE ('',( #7417 ) ) ;
#7538 = FILL_AREA_STYLE ('',( #8381 ) ) ;
#7539 = EDGE_LOOP ( 'NONE', ( #73, #7339, #9066, #1305 ) ) ;
#7540 = DIRECTION ( 'NONE',  ( 0.6360782202777650607, 0.000000000000000000, 0.7716245833877191096 ) ) ;
#7541 = SURFACE_SIDE_STYLE ('',( #3687 ) ) ;
#7542 = ADVANCED_FACE ( 'NONE', ( #1160 ), #11785, .F. ) ;
#7543 =( NAMED_UNIT ( * ) SI_UNIT ( $, .STERADIAN. ) SOLID_ANGLE_UNIT ( ) );
#7544 = ORIENTED_EDGE ( 'NONE', *, *, #1549, .T. ) ;
#7545 = PLANE ( 'NONE',  #8513 ) ;
#7546 = CARTESIAN_POINT ( 'NONE',  ( 13.00778947368420901, 11.42999999999999972, -18.41499999999999559 ) ) ;
#7547 = CARTESIAN_POINT ( 'NONE',  ( -21.57157191107598848, 2.255496804333775973, 7.311991162481271012 ) ) ;
#7548 = ADVANCED_FACE ( 'NONE', ( #5050 ), #4103, .F. ) ;
#7549 =( NAMED_UNIT ( * ) PLANE_ANGLE_UNIT ( ) SI_UNIT ( $, .RADIAN. ) );
#7550 = CARTESIAN_POINT ( 'NONE',  ( 6.517052631578944322, 11.42999999999999972, -17.91499999999999204 ) ) ;
#7551 = FILL_AREA_STYLE_COLOUR ( '', #9240 ) ;
#7552 =( GEOMETRIC_REPRESENTATION_CONTEXT ( 3 ) GLOBAL_UNCERTAINTY_ASSIGNED_CONTEXT ( ( #4487 ) ) GLOBAL_UNIT_ASSIGNED_CONTEXT ( ( #4919, #8825, #976 ) ) REPRESENTATION_CONTEXT ( 'NONE', 'WORKASPACE' ) );
#7553 = LINE ( 'NONE', #9671, #10769 ) ;
#7554 =( NAMED_UNIT ( * ) PLANE_ANGLE_UNIT ( ) SI_UNIT ( $, .RADIAN. ) );
#7555 = COLOUR_RGB ( '',0.2509803921568627416, 0.2509803921568627416, 0.2509803921568627416 ) ;
#7556 = AXIS2_PLACEMENT_3D ( 'NONE', #3034, #4994, #8050 ) ;
#7557 = ORIENTED_EDGE ( 'NONE', *, *, #4715, .F. ) ;
#7558 = CARTESIAN_POINT ( 'NONE',  ( 28.45599999999999596, 10.92999999999999794, 7.179213561880927408 ) ) ;
#7559 =( NAMED_UNIT ( * ) SI_UNIT ( $, .STERADIAN. ) SOLID_ANGLE_UNIT ( ) );
#7560 = DIRECTION ( 'NONE',  ( 4.081702296416016490E-16, -1.000000000000000000, 0.000000000000000000 ) ) ;
#7561 = ORIENTED_EDGE ( 'NONE', *, *, #6835, .T. ) ;
#7562 = CARTESIAN_POINT ( 'NONE',  ( 21.49389473684210117, 2.929999999999998384, -18.41499999999999915 ) ) ;
#7563 = PRESENTATION_LAYER_ASSIGNMENT (  '', '', ( #6353 ) ) ;
#7564 = CARTESIAN_POINT ( 'NONE',  ( -9.983789473684202775, 2.929999999999998384, 17.91499999999999915 ) ) ;
#7565 = CARTESIAN_POINT ( 'NONE',  ( 22.72021356188092511, 10.92999999999999794, -12.17921356188092652 ) ) ;
#7566 = CARTESIAN_POINT ( 'NONE',  ( -1.204790991712861636, 11.42999999999999972, -18.41499999999999559 ) ) ;
#7567 = DIRECTION ( 'NONE',  ( 1.000000000000000000, 0.000000000000000000, 0.000000000000000000 ) ) ;
#7568 = EDGE_CURVE ( 'NONE', #9565, #6861, #12226, .T. ) ;
#7569 = CARTESIAN_POINT ( 'NONE',  ( 22.72021356188092511, 1.778000000000000025, 17.91499999999999915 ) ) ;
#7570 = ORIENTED_EDGE ( 'NONE', *, *, #5077, .T. ) ;
#7571 = AXIS2_PLACEMENT_3D ( 'NONE', #3832, #1910, #1014 ) ;
#7572 = EDGE_CURVE ( 'NONE', #4647, #10902, #7145, .T. ) ;
#7573 =( NAMED_UNIT ( * ) PLANE_ANGLE_UNIT ( ) SI_UNIT ( $, .RADIAN. ) );
#7574 = ORIENTED_EDGE ( 'NONE', *, *, #7416, .F. ) ;
#7575 =( GEOMETRIC_REPRESENTATION_CONTEXT ( 3 ) GLOBAL_UNCERTAINTY_ASSIGNED_CONTEXT ( ( #7367 ) ) GLOBAL_UNIT_ASSIGNED_CONTEXT ( ( #549, #850, #2774 ) ) REPRESENTATION_CONTEXT ( 'NONE', 'WORKASPACE' ) );
#7576 = CARTESIAN_POINT ( 'NONE',  ( 26.72263157894736807, 2.929999999999998384, -18.41499999999999915 ) ) ;
#7577 = LINE ( 'NONE', #522, #12147 ) ;
#7578 = EDGE_LOOP ( 'NONE', ( #12304, #2966, #11030, #4326 ) ) ;
#7579 = SURFACE_STYLE_FILL_AREA ( #5924 ) ;
#7580 = VERTEX_POINT ( 'NONE', #12223 ) ;
#7581 = CARTESIAN_POINT ( 'NONE',  ( 10.48378947368420988, 11.42999999999999972, -18.41499999999999559 ) ) ;
#7582 = AXIS2_PLACEMENT_3D ( 'NONE', #10621, #1885, #11403 ) ;
#7583 = CIRCLE ( 'NONE', #1487, 0.5000000000000004441 ) ;
#7584 = SURFACE_SIDE_STYLE ('',( #6041 ) ) ;
#7585 = CARTESIAN_POINT ( 'NONE',  ( -17.44589473684210645, 2.929999999999998384, 17.91499999999999915 ) ) ;
#7586 = ORIENTED_EDGE ( 'NONE', *, *, #10215, .F. ) ;
#7587 = CARTESIAN_POINT ( 'NONE',  ( -17.72021356188092867, 1.778000000000000025, 29.65078643811905934 ) ) ;
#7588 = EDGE_CURVE ( 'NONE', #4148, #2970, #6340, .T. ) ;
#7589 = CARTESIAN_POINT ( 'NONE',  ( 4.493052631578946077, 11.42999999999999972, -18.41499999999999559 ) ) ;
#7590 = VERTEX_POINT ( 'NONE', #12029 ) ;
#7591 = TOROIDAL_SURFACE ( 'NONE', #1497, 1.261999999999997124, 0.5000000000000000000 ) ;
#7592 = AXIS2_PLACEMENT_3D ( 'NONE', #1081, #7838, #2165 ) ;
#7593 = DIRECTION ( 'NONE',  ( -1.000000000000000000, 0.000000000000000000, -0.000000000000000000 ) ) ;
#7594 = UNCERTAINTY_MEASURE_WITH_UNIT (LENGTH_MEASURE( 1.000000000000000082E-05 ), #12480, 'distance_accuracy_value', 'NONE');
#7595 =( BOUNDED_CURVE ( )  B_SPLINE_CURVE ( 3, ( #5693, #4733, #8635, #10108 ),
 .UNSPECIFIED., .F., .T. ) 
 B_SPLINE_CURVE_WITH_KNOTS ( ( 4, 4 ),
 ( 0.000000000000000000, 1.570796326794896558 ),
 .UNSPECIFIED. ) 
 CURVE ( )  GEOMETRIC_REPRESENTATION_ITEM ( )  RATIONAL_B_SPLINE_CURVE ( ( 1.000000000000000000, 0.8047378541243649375, 0.8047378541243649375, 1.000000000000000000 ) ) 
 REPRESENTATION_ITEM ( '' )  );
#7596 = SURFACE_STYLE_FILL_AREA ( #3731 ) ;
#7597 =( LENGTH_UNIT ( ) NAMED_UNIT ( * ) SI_UNIT ( .MILLI., .METRE. ) );
#7598 = FACE_OUTER_BOUND ( 'NONE', #7778, .T. ) ;
#7599 = ORIENTED_EDGE ( 'NONE', *, *, #12602, .T. ) ;
#7600 = UNCERTAINTY_MEASURE_WITH_UNIT (LENGTH_MEASURE( 1.000000000000000082E-05 ), #10874, 'distance_accuracy_value', 'NONE');
#7601 =( LENGTH_UNIT ( ) NAMED_UNIT ( * ) SI_UNIT ( .MILLI., .METRE. ) );
#7602 = CARTESIAN_POINT ( 'NONE',  ( 17.72021356188092511, 1.777999999999998026, 18.20789321881345657 ) ) ;
#7603 = PRESENTATION_LAYER_ASSIGNMENT (  '', '', ( #1092 ) ) ;
#7604 = PRESENTATION_LAYER_ASSIGNMENT (  '', '', ( #10487 ) ) ;
#7605 = CARTESIAN_POINT ( 'NONE',  ( -25.28732325865668429, 1.778000000000000025, -17.59696088986110851 ) ) ;
#7606 = ORIENTED_EDGE ( 'NONE', *, *, #10890, .T. ) ;
#7607 = SURFACE_STYLE_USAGE ( .BOTH. , #12386 ) ;
#7608 = EDGE_LOOP ( 'NONE', ( #2263, #4677, #2054, #10623 ) ) ;
#7609 = EDGE_CURVE ( 'NONE', #7659, #6632, #9010, .T. ) ;
#7610 = LINE ( 'NONE', #12453, #1515 ) ;
#7611 = ORIENTED_EDGE ( 'NONE', *, *, #2793, .F. ) ;
#7612 = VECTOR ( 'NONE', #3736, 1000.000000000000000 ) ;
#7613 = AXIS2_PLACEMENT_3D ( 'NONE', #2099, #11959, #179 ) ;
#7614 =( NAMED_UNIT ( * ) SI_UNIT ( $, .STERADIAN. ) SOLID_ANGLE_UNIT ( ) );
#7615 = CARTESIAN_POINT ( 'NONE',  ( -28.95599999999999596, 11.42999999999999972, 18.41499999999999915 ) ) ;
#7616 = DIRECTION ( 'NONE',  ( 0.000000000000000000, -1.000000000000000000, -0.000000000000000000 ) ) ;
#7617 = CIRCLE ( 'NONE', #5578, 1.261999999999995792 ) ;
#7618 = VECTOR ( 'NONE', #4223, 1000.000000000000000 ) ;
#7619 = COLOUR_RGB ( '',0.2509803921568627416, 0.2509803921568627416, 0.2509803921568627416 ) ;
#7620 = DIRECTION ( 'NONE',  ( 0.000000000000000000, 0.000000000000000000, -1.000000000000000000 ) ) ;
#7621 = DIRECTION ( 'NONE',  ( 0.000000000000000000, 0.000000000000000000, -1.000000000000000000 ) ) ;
#7622 = EDGE_CURVE ( 'NONE', #4710, #134, #11029, .T. ) ;
#7623 = ORIENTED_EDGE ( 'NONE', *, *, #8691, .T. ) ;
#7624 =( NAMED_UNIT ( * ) PLANE_ANGLE_UNIT ( ) SI_UNIT ( $, .RADIAN. ) );
#7625 = STYLED_ITEM ( 'NONE', ( #9935 ), #12447 ) ;
#7626 = PRESENTATION_LAYER_ASSIGNMENT (  '', '', ( #4196 ) ) ;
#7627 = MECHANICAL_DESIGN_GEOMETRIC_PRESENTATION_REPRESENTATION (  '', ( #5381 ), #2141 ) ;
#7628 = ORIENTED_EDGE ( 'NONE', *, *, #5834, .F. ) ;
#7629 = PRESENTATION_LAYER_ASSIGNMENT (  '', '', ( #11952 ) ) ;
#7630 = FILL_AREA_STYLE ('',( #2744 ) ) ;
#7631 = CARTESIAN_POINT ( 'NONE',  ( 20.13040750171879978, 2.452328999283742483, -7.901446135911059265 ) ) ;
#7632 = SURFACE_STYLE_FILL_AREA ( #12529 ) ;
#7633 = DIRECTION ( 'NONE',  ( 0.6360782202777661709, 0.000000000000000000, -0.7716245833877183324 ) ) ;
#7634 = ORIENTED_EDGE ( 'NONE', *, *, #4409, .F. ) ;
#7635 = STYLED_ITEM ( 'NONE', ( #9342 ), #5365 ) ;
#7636 = EDGE_CURVE ( 'NONE', #4364, #10161, #2883, .T. ) ;
#7638 = STYLED_ITEM ( 'NONE', ( #4986 ), #2626 ) ;
#7637 =( NAMED_UNIT ( * ) SI_UNIT ( $, .STERADIAN. ) SOLID_ANGLE_UNIT ( ) );
#7639 = ORIENTED_EDGE ( 'NONE', *, *, #5713, .T. ) ;
#7640 = DIRECTION ( 'NONE',  ( 4.081702296416016490E-16, -1.000000000000000000, 0.000000000000000000 ) ) ;
#7641 = ORIENTED_EDGE ( 'NONE', *, *, #11729, .F. ) ;
#7642 = CARTESIAN_POINT ( 'NONE',  ( 16.47452631578948257, 11.43000000000001748, -18.41499999999999559 ) ) ;
#7643 = EDGE_CURVE ( 'NONE', #5249, #2475, #6129, .T. ) ;
#7644 = CARTESIAN_POINT ( 'NONE',  ( -1.969052631578947832, 11.42999999999999972, -18.41499999999999559 ) ) ;
#7645 = ORIENTED_EDGE ( 'NONE', *, *, #4055, .T. ) ;
#7646 = PRESENTATION_LAYER_ASSIGNMENT (  '', '', ( #4405 ) ) ;
#7647 = EDGE_CURVE ( 'NONE', #1077, #12168, #9079, .T. ) ;
#7648 = FACE_OUTER_BOUND ( 'NONE', #1025, .T. ) ;
#7649 = DIRECTION ( 'NONE',  ( 0.000000000000000000, 0.000000000000000000, 1.000000000000000000 ) ) ;
#7650 = SURFACE_STYLE_USAGE ( .BOTH. , #723 ) ;
#7651 = ORIENTED_EDGE ( 'NONE', *, *, #6405, .F. ) ;
#7652 = AXIS2_PLACEMENT_3D ( 'NONE', #6814, #6992, #10710 ) ;
#7653 = SURFACE_SIDE_STYLE ('',( #9901 ) ) ;
#7654 = ORIENTED_EDGE ( 'NONE', *, *, #4745, .F. ) ;
#7655 = CARTESIAN_POINT ( 'NONE',  ( -3.993052631578945633, 10.92999999999999794, 17.91499999999999915 ) ) ;
#7656 = ADVANCED_FACE ( 'NONE', ( #8103 ), #11050, .T. ) ;
#7657 = AXIS2_PLACEMENT_3D ( 'NONE', #7362, #6427, #5151 ) ;
#7658 = FACE_OUTER_BOUND ( 'NONE', #1003, .T. ) ;
#7659 = VERTEX_POINT ( 'NONE', #9498 ) ;
#7660 = AXIS2_PLACEMENT_3D ( 'NONE', #12055, #477, #2271 ) ;
#7661 = SURFACE_STYLE_FILL_AREA ( #7730 ) ;
#7662 = SURFACE_SIDE_STYLE ('',( #5949 ) ) ;
#7663 = DIRECTION ( 'NONE',  ( 1.000000000000000000, 0.000000000000000000, 0.000000000000000000 ) ) ;
#7664 = PRESENTATION_STYLE_ASSIGNMENT (( #6784 ) ) ;
#7665 = AXIS2_PLACEMENT_3D ( 'NONE', #6090, #9992, #347 ) ;
#7666 = DIRECTION ( 'NONE',  ( 0.000000000000000000, -0.000000000000000000, -1.000000000000000000 ) ) ;
#7667 = ORIENTED_EDGE ( 'NONE', *, *, #10180, .T. ) ;
#7668 = CARTESIAN_POINT ( 'NONE',  ( -13.95052631578947278, 2.929999999999998384, 18.41499999999999915 ) ) ;
#7669 = PRESENTATION_LAYER_ASSIGNMENT (  '', '', ( #11364 ) ) ;
#7670 = PRESENTATION_STYLE_ASSIGNMENT (( #2788 ) ) ;
#7671 = VERTEX_POINT ( 'NONE', #11572 ) ;
#7672 = CARTESIAN_POINT ( 'NONE',  ( -15.97452631578947013, 11.22289321881345536, 18.20789321881345302 ) ) ;
#7673 = AXIS2_PLACEMENT_3D ( 'NONE', #9112, #9175, #8076 ) ;
#7674 = ADVANCED_FACE ( 'NONE', ( #834 ), #12353, .F. ) ;
#7675 = PRESENTATION_STYLE_ASSIGNMENT (( #329 ) ) ;
#7676 = SURFACE_STYLE_FILL_AREA ( #4057 ) ;
#7677 =( NAMED_UNIT ( * ) SI_UNIT ( $, .STERADIAN. ) SOLID_ANGLE_UNIT ( ) );
#7678 = CARTESIAN_POINT ( 'NONE',  ( 24.90151096696282451, 0.000000000000000000, -18.41499999999999559 ) ) ;
#7679 = SURFACE_STYLE_USAGE ( .BOTH. , #4944 ) ;
#7680 = CARTESIAN_POINT ( 'NONE',  ( 10.98378947368420988, 11.42999999999999972, -18.41499999999999915 ) ) ;
#7681 = ORIENTED_EDGE ( 'NONE', *, *, #6513, .F. ) ;
#7682 = CARTESIAN_POINT ( 'NONE',  ( -12.97915789473683645, 11.22289321881345536, 18.20789321881345302 ) ) ;
#7683 = CARTESIAN_POINT ( 'NONE',  ( -10.48378947368420988, 11.42999999999999972, -18.41499999999999559 ) ) ;
#7684 = DIRECTION ( 'NONE',  ( -0.000000000000000000, 0.000000000000000000, 1.000000000000000000 ) ) ;
#7685 = ORIENTED_EDGE ( 'NONE', *, *, #3992, .T. ) ;
#7686 = EDGE_CURVE ( 'NONE', #895, #12220, #27, .T. ) ;
#7687 = SURFACE_STYLE_USAGE ( .BOTH. , #4766 ) ;
#7688 = CARTESIAN_POINT ( 'NONE',  ( 19.96989473684211092, 2.929999999999998384, -8.003600270322777988 ) ) ;
#7689 = AXIS2_PLACEMENT_3D ( 'NONE', #9953, #6116, #11889 ) ;
#7690 = ADVANCED_FACE ( 'NONE', ( #3777 ), #5671, .F. ) ;
#7691 =( NAMED_UNIT ( * ) SI_UNIT ( $, .STERADIAN. ) SOLID_ANGLE_UNIT ( ) );
#7692 = AXIS2_PLACEMENT_3D ( 'NONE', #11277, #12128, #4324 ) ;
#7693 = DIRECTION ( 'NONE',  ( -1.000000000000000000, 0.000000000000000000, 0.000000000000000000 ) ) ;
#7694 = CARTESIAN_POINT ( 'NONE',  ( -17.72021356188092867, 2.344499298387705544, -17.91499999999999204 ) ) ;
#7695 = VERTEX_POINT ( 'NONE', #5473 ) ;
#7696 = CYLINDRICAL_SURFACE ( 'NONE', #10379, 0.5000000000000004441 ) ;
#7697 = CIRCLE ( 'NONE', #5267, 0.5000000000000004441 ) ;
#7698 = ORIENTED_EDGE ( 'NONE', *, *, #1595, .F. ) ;
#7699 = CARTESIAN_POINT ( 'NONE',  ( 25.96063157894737472, 2.929999999999998384, -18.41499999999999915 ) ) ;
#7700 = CARTESIAN_POINT ( 'NONE',  ( 21.62953547928398379, 11.27786561422310463, -7.160387188306822637 ) ) ;
#7701 = ORIENTED_EDGE ( 'NONE', *, *, #6014, .F. ) ;
#7702 = CARTESIAN_POINT ( 'NONE',  ( 28.25649070566042198, 0.2071067811865474062, 16.20732455659478077 ) ) ;
#7703 = CARTESIAN_POINT ( 'NONE',  ( -2.469052631578948276, 2.929999999999998384, -18.41499999999999915 ) ) ;
#7704 =( NAMED_UNIT ( * ) PLANE_ANGLE_UNIT ( ) SI_UNIT ( $, .RADIAN. ) );
#7705 = PRESENTATION_LAYER_ASSIGNMENT (  '', '', ( #5081 ) ) ;
#7706 = ORIENTED_EDGE ( 'NONE', *, *, #9529, .T. ) ;
#7707 = EDGE_CURVE ( 'NONE', #3526, #3288, #4903, .T. ) ;
#7708 = VECTOR ( 'NONE', #2440, 1000.000000000000000 ) ;
#7709 = CARTESIAN_POINT ( 'NONE',  ( 4.493052631578951406, 2.929999999999998384, 17.91499999999999915 ) ) ;
#7710 = EDGE_CURVE ( 'NONE', #3635, #9408, #6741, .T. ) ;
#7711 = ADVANCED_FACE ( 'NONE', ( #4963 ), #10620, .T. ) ;
#7712 = DIRECTION ( 'NONE',  ( -0.000000000000000000, -0.000000000000000000, 1.000000000000000000 ) ) ;
#7713 = PLANE ( 'NONE',  #1535 ) ;
#7714 = ORIENTED_EDGE ( 'NONE', *, *, #4354, .F. ) ;
#7715 = PRESENTATION_LAYER_ASSIGNMENT (  '', '', ( #5283 ) ) ;
#7716 = CARTESIAN_POINT ( 'NONE',  ( 10.98378947368420988, 10.92999999999999794, -17.91499999999999204 ) ) ;
#7717 =( GEOMETRIC_REPRESENTATION_CONTEXT ( 3 ) GLOBAL_UNCERTAINTY_ASSIGNED_CONTEXT ( ( #12022 ) ) GLOBAL_UNIT_ASSIGNED_CONTEXT ( ( #336, #11066, #8121 ) ) REPRESENTATION_CONTEXT ( 'NONE', 'WORKASPACE' ) );
#7718 = DIRECTION ( 'NONE',  ( 0.000000000000000000, -0.000000000000000000, -1.000000000000000000 ) ) ;
#7719 = ORIENTED_EDGE ( 'NONE', *, *, #11968, .T. ) ;
#7720 = COLOUR_RGB ( '',0.2509803921568627416, 0.2509803921568627416, 0.2509803921568627416 ) ;
#7721 = UNCERTAINTY_MEASURE_WITH_UNIT (LENGTH_MEASURE( 1.000000000000000082E-05 ), #7071, 'distance_accuracy_value', 'NONE');
#7722 = DIRECTION ( 'NONE',  ( 0.000000000000000000, 0.000000000000000000, 1.000000000000000000 ) ) ;
#7723 = FILL_AREA_STYLE_COLOUR ( '', #5493 ) ;
#7724 = LINE ( 'NONE', #2969, #2688 ) ;
#7725 = ORIENTED_EDGE ( 'NONE', *, *, #1644, .T. ) ;
#7726 = STYLED_ITEM ( 'NONE', ( #1050 ), #3079 ) ;
#7727 = SURFACE_STYLE_FILL_AREA ( #4803 ) ;
#7728 = STYLED_ITEM ( 'NONE', ( #1597 ), #6702 ) ;
#7729 =( NAMED_UNIT ( * ) PLANE_ANGLE_UNIT ( ) SI_UNIT ( $, .RADIAN. ) );
#7730 = FILL_AREA_STYLE ('',( #6781 ) ) ;
#7731 =( NAMED_UNIT ( * ) SI_UNIT ( $, .STERADIAN. ) SOLID_ANGLE_UNIT ( ) );
#7732 = LINE ( 'NONE', #5699, #9273 ) ;
#7733 = CARTESIAN_POINT ( 'NONE',  ( 0.5263157894736837372, 10.92999999999999794, -17.91499999999999204 ) ) ;
#7734 = EDGE_CURVE ( 'NONE', #8728, #3464, #6945, .T. ) ;
#7735 = VERTEX_POINT ( 'NONE', #8745 ) ;
#7736 = VERTEX_POINT ( 'NONE', #4019 ) ;
#7737 = EDGE_CURVE ( 'NONE', #2045, #11857, #7961, .T. ) ;
#7738 = AXIS2_PLACEMENT_3D ( 'NONE', #8680, #2144, #2275 ) ;
#7739 = LINE ( 'NONE', #10624, #6059 ) ;
#7740 = EDGE_LOOP ( 'NONE', ( #7069, #3963, #3480, #4527 ) ) ;
#7741 =( NAMED_UNIT ( * ) SI_UNIT ( $, .STERADIAN. ) SOLID_ANGLE_UNIT ( ) );
#7742 = PRESENTATION_LAYER_ASSIGNMENT (  '', '', ( #619 ) ) ;
#7743 = CARTESIAN_POINT ( 'NONE',  ( -24.90151096696282451, 1.778000000000000025, -17.91499999999999204 ) ) ;
#7744 = PRESENTATION_STYLE_ASSIGNMENT (( #935 ) ) ;
#7745 = MECHANICAL_DESIGN_GEOMETRIC_PRESENTATION_REPRESENTATION (  '', ( #8781 ), #12056 ) ;
#7746 = DIRECTION ( 'NONE',  ( -0.000000000000000000, -1.000000000000000000, -0.000000000000000000 ) ) ;
#7747 = CARTESIAN_POINT ( 'NONE',  ( -28.07018770830613974, 1.778000000000000025, 15.98132094865076169 ) ) ;
#7748 = LINE ( 'NONE', #9790, #3658 ) ;
#7749 = DIRECTION ( 'NONE',  ( -0.000000000000000000, 1.000000000000000000, -0.000000000000000000 ) ) ;
#7750 = EDGE_CURVE ( 'NONE', #10309, #7332, #4896, .T. ) ;
#7751 = VERTEX_POINT ( 'NONE', #106 ) ;
#7752 =( GEOMETRIC_REPRESENTATION_CONTEXT ( 3 ) GLOBAL_UNCERTAINTY_ASSIGNED_CONTEXT ( ( #2554 ) ) GLOBAL_UNIT_ASSIGNED_CONTEXT ( ( #8418, #10466, #773 ) ) REPRESENTATION_CONTEXT ( 'NONE', 'WORKASPACE' ) );
#7753 = SURFACE_STYLE_FILL_AREA ( #4948 ) ;
#7754 = ORIENTED_EDGE ( 'NONE', *, *, #10930, .F. ) ;
#7755 =( NAMED_UNIT ( * ) SI_UNIT ( $, .STERADIAN. ) SOLID_ANGLE_UNIT ( ) );
#7756 = CARTESIAN_POINT ( 'NONE',  ( -28.95599999999999596, 11.42999999999999972, 15.66328183851187994 ) ) ;
#7757 = COLOUR_RGB ( '',0.2509803921568627416, 0.2509803921568627416, 0.2509803921568627416 ) ;
#7758 = COLOUR_RGB ( '',0.2509803921568627416, 0.2509803921568627416, 0.2509803921568627416 ) ;
#7759 = FILL_AREA_STYLE ('',( #8737 ) ) ;
#7760 = SURFACE_SIDE_STYLE ('',( #9682 ) ) ;
#7761 = PRESENTATION_STYLE_ASSIGNMENT (( #1977 ) ) ;
#7762 = ORIENTED_EDGE ( 'NONE', *, *, #1565, .T. ) ;
#7763 = ORIENTED_EDGE ( 'NONE', *, *, #6578, .T. ) ;
#7764 = FACE_OUTER_BOUND ( 'NONE', #9761, .T. ) ;
#7765 = CARTESIAN_POINT ( 'NONE',  ( 21.99389473684210117, 11.42999999999999972, -6.727382588309368749 ) ) ;
#7766 = EDGE_CURVE ( 'NONE', #7156, #3576, #5985, .T. ) ;
#7767 = ORIENTED_EDGE ( 'NONE', *, *, #1694, .T. ) ;
#7768 =( NAMED_UNIT ( * ) PLANE_ANGLE_UNIT ( ) SI_UNIT ( $, .RADIAN. ) );
#7769 = AXIS2_PLACEMENT_3D ( 'NONE', #12521, #1970, #8665 ) ;
#7770 = PRESENTATION_STYLE_ASSIGNMENT (( #3781 ) ) ;
#7771 = ORIENTED_EDGE ( 'NONE', *, *, #8075, .F. ) ;
#7772 = DIRECTION ( 'NONE',  ( 0.000000000000000000, 0.000000000000000000, 1.000000000000000000 ) ) ;
#7773 = CARTESIAN_POINT ( 'NONE',  ( -17.72021356188092867, 1.778000000000000025, 29.65078643811905934 ) ) ;
#7774 = DIRECTION ( 'NONE',  ( 0.000000000000000000, -1.000000000000000000, 0.000000000000000000 ) ) ;
#7775 = VECTOR ( 'NONE', #2664, 1000.000000000000000 ) ;
#7776 = CARTESIAN_POINT ( 'NONE',  ( -3.993052631578938971, 2.929999999999998384, -18.41499999999999915 ) ) ;
#7777 = VECTOR ( 'NONE', #9754, 1000.000000000000000 ) ;
#7778 = EDGE_LOOP ( 'NONE', ( #8706, #12071, #507, #10148 ) ) ;
#7779 = EDGE_CURVE ( 'NONE', #2442, #4863, #2818, .T. ) ;
#7780 = CARTESIAN_POINT ( 'NONE',  ( -25.40151096696282806, 1.778000000000000025, 17.91499999999999915 ) ) ;
#7781 = ORIENTED_EDGE ( 'NONE', *, *, #6700, .F. ) ;
#7782 = DIRECTION ( 'NONE',  ( -0.000000000000000000, -1.000000000000000000, -0.000000000000000000 ) ) ;
#7783 = FACE_OUTER_BOUND ( 'NONE', #7043, .T. ) ;
#7784 = EDGE_CURVE ( 'NONE', #8346, #6777, #1246, .T. ) ;
#7785 = SURFACE_STYLE_USAGE ( .BOTH. , #3907 ) ;
#7786 = CARTESIAN_POINT ( 'NONE',  ( -4.964421052631579734, 2.929999999999998384, 18.41499999999999915 ) ) ;
#7787 = PRESENTATION_LAYER_ASSIGNMENT (  '', '', ( #8203 ) ) ;
#7788 = ORIENTED_EDGE ( 'NONE', *, *, #12284, .T. ) ;
#7789 = CARTESIAN_POINT ( 'NONE',  ( 18.89220590004100941, 11.42131242100197674, 8.377448378947427443 ) ) ;
#7790 =( NAMED_UNIT ( * ) PLANE_ANGLE_UNIT ( ) SI_UNIT ( $, .RADIAN. ) );
#7791 = SURFACE_STYLE_USAGE ( .BOTH. , #7662 ) ;
#7792 = PRESENTATION_LAYER_ASSIGNMENT (  '', '', ( #3544 ) ) ;
#7793 = ORIENTED_EDGE ( 'NONE', *, *, #7943, .F. ) ;
#7794 = CIRCLE ( 'NONE', #12355, 4.999999999999999112 ) ;
#7795 = SURFACE_STYLE_USAGE ( .BOTH. , #9779 ) ;
#7796 = PRESENTATION_STYLE_ASSIGNMENT (( #2010 ) ) ;
#7797 = ORIENTED_EDGE ( 'NONE', *, *, #3229, .F. ) ;
#7798 = AXIS2_PLACEMENT_3D ( 'NONE', #7212, #6264, #2512 ) ;
#7799 =( NAMED_UNIT ( * ) SI_UNIT ( $, .STERADIAN. ) SOLID_ANGLE_UNIT ( ) );
#7800 = CARTESIAN_POINT ( 'NONE',  ( 1.790577429339770044, 11.42999999999999972, -18.41499999999999559 ) ) ;
#7801 = COLOUR_RGB ( '',0.2509803921568627416, 0.2509803921568627416, 0.2509803921568627416 ) ;
#7802 = ORIENTED_EDGE ( 'NONE', *, *, #1886, .F. ) ;
#7803 = AXIS2_PLACEMENT_3D ( 'NONE', #10767, #170, #2999 ) ;
#7804 = AXIS2_PLACEMENT_3D ( 'NONE', #4485, #7403, #3611 ) ;
#7805 = SURFACE_SIDE_STYLE ('',( #11806 ) ) ;
#7806 = SURFACE_STYLE_USAGE ( .BOTH. , #3926 ) ;
#7807 = CARTESIAN_POINT ( 'NONE',  ( 17.73652631578947592, 2.929999999999998384, -17.91499999999999204 ) ) ;
#7808 = EDGE_CURVE ( 'NONE', #5154, #5625, #3894, .T. ) ;
#7809 = SURFACE_SIDE_STYLE ('',( #5013 ) ) ;
#7810 = DIRECTION ( 'NONE',  ( 4.081702296416016490E-16, -1.000000000000000000, 0.000000000000000000 ) ) ;
#7811 = DIRECTION ( 'NONE',  ( 1.000000000000000000, 0.000000000000000000, 0.000000000000000000 ) ) ;
#7812 = SURFACE_STYLE_FILL_AREA ( #222 ) ;
#7813 = MECHANICAL_DESIGN_GEOMETRIC_PRESENTATION_REPRESENTATION (  '', ( #1708 ), #7219 ) ;
#7814 = MECHANICAL_DESIGN_GEOMETRIC_PRESENTATION_REPRESENTATION (  '', ( #5165 ), #8011 ) ;
#7815 = STYLED_ITEM ( 'NONE', ( #9103 ), #8886 ) ;
#7816 = CYLINDRICAL_SURFACE ( 'NONE', #6556, 0.5000000000000004441 ) ;
#7817 = CARTESIAN_POINT ( 'NONE',  ( -28.45599999999999596, 10.92999999999999794, -7.179213561880927408 ) ) ;
#7818 = ORIENTED_EDGE ( 'NONE', *, *, #4593, .T. ) ;
#7819 = COLOUR_RGB ( '',0.2509803921568627416, 0.2509803921568627416, 0.2509803921568627416 ) ;
#7820 = DIRECTION ( 'NONE',  ( 0.000000000000000000, 0.000000000000000000, -1.000000000000000000 ) ) ;
#7821 = DIRECTION ( 'NONE',  ( -0.000000000000000000, -0.000000000000000000, -1.000000000000000000 ) ) ;
#7822 = MECHANICAL_DESIGN_GEOMETRIC_PRESENTATION_REPRESENTATION (  '', ( #10689 ), #2549 ) ;
#7823 =( GEOMETRIC_REPRESENTATION_CONTEXT ( 3 ) GLOBAL_UNCERTAINTY_ASSIGNED_CONTEXT ( ( #5073 ) ) GLOBAL_UNIT_ASSIGNED_CONTEXT ( ( #3292, #1298, #12095 ) ) REPRESENTATION_CONTEXT ( 'NONE', 'WORKASPACE' ) );
#7824 = PRESENTATION_STYLE_ASSIGNMENT (( #11509 ) ) ;
#7825 = LINE ( 'NONE', #3949, #3364 ) ;
#7826 = CARTESIAN_POINT ( 'NONE',  ( -20.44126315789473480, 1.778000000000000025, 7.728777060123920073 ) ) ;
#7827 = VERTEX_POINT ( 'NONE', #9621 ) ;
#7828 = ORIENTED_EDGE ( 'NONE', *, *, #11155, .F. ) ;
#7829 = PRESENTATION_LAYER_ASSIGNMENT (  '', '', ( #6214 ) ) ;
#7830 = AXIS2_PLACEMENT_3D ( 'NONE', #3250, #5138, #6093 ) ;
#7831 =( LENGTH_UNIT ( ) NAMED_UNIT ( * ) SI_UNIT ( .MILLI., .METRE. ) );
#7832 = DIRECTION ( 'NONE',  ( 0.000000000000000000, 1.000000000000000000, 0.000000000000000000 ) ) ;
#7833 = STYLED_ITEM ( 'NONE', ( #3049 ), #2431 ) ;
#7834 = EDGE_LOOP ( 'NONE', ( #1393, #5552, #10601, #123 ) ) ;
#7835 = CARTESIAN_POINT ( 'NONE',  ( 21.49389473684210117, 11.01624490384497790, 7.331931628739903672 ) ) ;
#7836 = SURFACE_STYLE_FILL_AREA ( #4844 ) ;
#7837 = ORIENTED_EDGE ( 'NONE', *, *, #2143, .T. ) ;
#7838 = DIRECTION ( 'NONE',  ( 0.000000000000000000, -1.000000000000000000, 0.000000000000000000 ) ) ;
#7839 =( NAMED_UNIT ( * ) SI_UNIT ( $, .STERADIAN. ) SOLID_ANGLE_UNIT ( ) );
#7840 = COLOUR_RGB ( '',0.2509803921568627416, 0.2509803921568627416, 0.2509803921568627416 ) ;
#7841 =( NAMED_UNIT ( * ) PLANE_ANGLE_UNIT ( ) SI_UNIT ( $, .RADIAN. ) );
#7842 = DIRECTION ( 'NONE',  ( 1.000000000000000000, 0.000000000000000000, 0.000000000000000000 ) ) ;
#7843 = PRESENTATION_LAYER_ASSIGNMENT (  '', '', ( #2571 ) ) ;
#7844 = DIRECTION ( 'NONE',  ( 0.000000000000000000, -1.000000000000000000, -0.000000000000000000 ) ) ;
#7845 = ORIENTED_EDGE ( 'NONE', *, *, #6748, .T. ) ;
#7846 = FILL_AREA_STYLE ('',( #12618 ) ) ;
#7847 = DIRECTION ( 'NONE',  ( 0.000000000000000000, 0.000000000000000000, 1.000000000000000000 ) ) ;
#7848 = VERTEX_POINT ( 'NONE', #3006 ) ;
#7849 = CARTESIAN_POINT ( 'NONE',  ( -10.48378947368420455, 2.929999999999998384, 17.91499999999999915 ) ) ;
#7850 = SURFACE_STYLE_FILL_AREA ( #3983 ) ;
#7851 = UNCERTAINTY_MEASURE_WITH_UNIT (LENGTH_MEASURE( 1.000000000000000082E-05 ), #8904, 'distance_accuracy_value', 'NONE');
#7852 = VECTOR ( 'NONE', #7458, 1000.000000000000000 ) ;
#7853 = DIRECTION ( 'NONE',  ( 1.000000000000000000, 0.000000000000000000, 0.000000000000000000 ) ) ;
#7854 = ORIENTED_EDGE ( 'NONE', *, *, #874, .T. ) ;
#7855 = UNCERTAINTY_MEASURE_WITH_UNIT (LENGTH_MEASURE( 1.000000000000000082E-05 ), #11392, 'distance_accuracy_value', 'NONE');
#7856 = PLANE ( 'NONE',  #11386 ) ;
#7857 = CARTESIAN_POINT ( 'NONE',  ( -2.469052631578948276, 11.42999999999999972, 17.91499999999999915 ) ) ;
#7858 = SURFACE_STYLE_USAGE ( .BOTH. , #4045 ) ;
#7859 = ADVANCED_FACE ( 'NONE', ( #7764 ), #41, .T. ) ;
#7860 =( BOUNDED_CURVE ( )  B_SPLINE_CURVE ( 3, ( #5255, #8061, #340, #10123 ),
 .UNSPECIFIED., .F., .T. ) 
 B_SPLINE_CURVE_WITH_KNOTS ( ( 4, 4 ),
 ( 4.712388980384689674, 6.283185307179586232 ),
 .UNSPECIFIED. ) 
 CURVE ( )  GEOMETRIC_REPRESENTATION_ITEM ( )  RATIONAL_B_SPLINE_CURVE ( ( 1.000000000000000000, 0.8047378541243649375, 0.8047378541243649375, 1.000000000000000000 ) ) 
 REPRESENTATION_ITEM ( '' )  );
#7861 = ORIENTED_EDGE ( 'NONE', *, *, #11421, .T. ) ;
#7862 = SURFACE_SIDE_STYLE ('',( #11860 ) ) ;
#7863 = EDGE_LOOP ( 'NONE', ( #8905, #10124, #7134, #10837 ) ) ;
#7864 = PRESENTATION_LAYER_ASSIGNMENT (  '', '', ( #6245 ) ) ;
#7865 = FACE_OUTER_BOUND ( 'NONE', #11587, .T. ) ;
#7866 = VECTOR ( 'NONE', #8800, 1000.000000000000000 ) ;
#7867 = CARTESIAN_POINT ( 'NONE',  ( 1.997684210526318171, 11.22289321881345536, -18.20789321881344591 ) ) ;
#7868 = VERTEX_POINT ( 'NONE', #10969 ) ;
#7869 = FILL_AREA_STYLE ('',( #5071 ) ) ;
#7870 = STYLED_ITEM ( 'NONE', ( #6257 ), #10071 ) ;
#7871 = DIRECTION ( 'NONE',  ( 4.081702296416016490E-16, -1.000000000000000000, 0.000000000000000000 ) ) ;
#7872 = UNCERTAINTY_MEASURE_WITH_UNIT (LENGTH_MEASURE( 1.000000000000000082E-05 ), #9409, 'distance_accuracy_value', 'NONE');
#7873 = DIRECTION ( 'NONE',  ( 0.000000000000000000, 0.000000000000000000, -1.000000000000000000 ) ) ;
#7874 = STYLED_ITEM ( 'NONE', ( #6599 ), #1374 ) ;
#7875 = EDGE_CURVE ( 'NONE', #9715, #8293, #4507, .T. ) ;
#7876 = SURFACE_STYLE_USAGE ( .BOTH. , #936 ) ;
#7877 = DIRECTION ( 'NONE',  ( 1.000000000000000000, 0.000000000000000000, 0.000000000000000000 ) ) ;
#7878 = DIRECTION ( 'NONE',  ( 0.000000000000000000, -0.000000000000000000, -1.000000000000000000 ) ) ;
#7879 = AXIS2_PLACEMENT_3D ( 'NONE', #90, #5962, #1057 ) ;
#7880 = ADVANCED_FACE ( 'NONE', ( #8991 ), #3330, .T. ) ;
#7881 = STYLED_ITEM ( 'NONE', ( #10823 ), #4042 ) ;
#7882 = EDGE_CURVE ( 'NONE', #4332, #12546, #10490, .T. ) ;
#7883 =( NAMED_UNIT ( * ) SI_UNIT ( $, .STERADIAN. ) SOLID_ANGLE_UNIT ( ) );
#7884 = FACE_OUTER_BOUND ( 'NONE', #8151, .T. ) ;
#7885 = CARTESIAN_POINT ( 'NONE',  ( -1.497684210526308624, 2.929999999999998384, -18.41499999999999559 ) ) ;
#7886 = SURFACE_SIDE_STYLE ('',( #5086 ) ) ;
#7887 = AXIS2_PLACEMENT_3D ( 'NONE', #2187, #12098, #11063 ) ;
#7888 = DIRECTION ( 'NONE',  ( 0.000000000000000000, 0.000000000000000000, 1.000000000000000000 ) ) ;
#7889 = LINE ( 'NONE', #11755, #5626 ) ;
#7890 = LINE ( 'NONE', #10897, #2329 ) ;
#7891 = AXIS2_PLACEMENT_3D ( 'NONE', #9850, #993, #2016 ) ;
#7892 = CARTESIAN_POINT ( 'NONE',  ( 1.026315789473683848, 2.929999999999998384, -17.91499999999999204 ) ) ;
#7893 = UNCERTAINTY_MEASURE_WITH_UNIT (LENGTH_MEASURE( 1.000000000000000082E-05 ), #3816, 'distance_accuracy_value', 'NONE');
#7894 = EDGE_CURVE ( 'NONE', #6472, #1571, #11881, .T. ) ;
#7895 = EDGE_LOOP ( 'NONE', ( #9806, #1933, #3284, #986, #6867, #10579, #12034, #772, #11574, #7837, #10989, #10366 ) ) ;
#7896 = PRESENTATION_LAYER_ASSIGNMENT (  '', '', ( #562 ) ) ;
#7897 = ORIENTED_EDGE ( 'NONE', *, *, #8503, .F. ) ;
#7898 = EDGE_CURVE ( 'NONE', #1686, #10940, #12547, .T. ) ;
#7899 = DIRECTION ( 'NONE',  ( 0.000000000000000000, -1.000000000000000000, 0.000000000000000000 ) ) ;
#7900 = ORIENTED_EDGE ( 'NONE', *, *, #9847, .F. ) ;
#7901 = FILL_AREA_STYLE ('',( #3134 ) ) ;
#7902 = CARTESIAN_POINT ( 'NONE',  ( 25.96063157894737472, 2.929999999999998384, 7.179213561880927408 ) ) ;
#7903 = VERTEX_POINT ( 'NONE', #371 ) ;
#7904 = COLOUR_RGB ( '',0.2509803921568627416, 0.2509803921568627416, 0.2509803921568627416 ) ;
#7905 = UNCERTAINTY_MEASURE_WITH_UNIT (LENGTH_MEASURE( 1.000000000000000082E-05 ), #11320, 'distance_accuracy_value', 'NONE');
#7906 = CARTESIAN_POINT ( 'NONE',  ( 19.96989473684211092, 2.929999999999998384, 8.003600270322777988 ) ) ;
#7907 = LINE ( 'NONE', #11839, #11082 ) ;
#7908 = SURFACE_SIDE_STYLE ('',( #2957 ) ) ;
#7909 = CARTESIAN_POINT ( 'NONE',  ( -17.72021356188092867, 1.778000000000000025, -17.91499999999999559 ) ) ;
#7910 = VECTOR ( 'NONE', #5860, 1000.000000000000000 ) ;
#7911 = SURFACE_STYLE_USAGE ( .BOTH. , #4030 ) ;
#7912 = ORIENTED_EDGE ( 'NONE', *, *, #7784, .F. ) ;
#7913 = CARTESIAN_POINT ( 'NONE',  ( -22.72021356188092511, 1.778000000000000025, -17.91499999999999204 ) ) ;
#7914 = FILL_AREA_STYLE ('',( #193 ) ) ;
#7915 = VERTEX_POINT ( 'NONE', #4267 ) ;
#7916 = ADVANCED_FACE ( 'NONE', ( #12072 ), #1775, .F. ) ;
#7917 = AXIS2_PLACEMENT_3D ( 'NONE', #7432, #10634, #7620 ) ;
#7918 = SURFACE_STYLE_FILL_AREA ( #9705 ) ;
#7919 =( NAMED_UNIT ( * ) PLANE_ANGLE_UNIT ( ) SI_UNIT ( $, .RADIAN. ) );
#7920 = ORIENTED_EDGE ( 'NONE', *, *, #932, .T. ) ;
#7921 = COLOUR_RGB ( '',0.2509803921568627416, 0.2509803921568627416, 0.2509803921568627416 ) ;
#7922 = SURFACE_STYLE_USAGE ( .BOTH. , #10931 ) ;
#7923 = AXIS2_PLACEMENT_3D ( 'NONE', #4870, #12634, #2909 ) ;
#7924 = DIRECTION ( 'NONE',  ( 1.000000000000000000, 0.000000000000000000, 0.000000000000000000 ) ) ;
#7925 = ORIENTED_EDGE ( 'NONE', *, *, #6014, .T. ) ;
#7926 = FILL_AREA_STYLE_COLOUR ( '', #5885 ) ;
#7927 = ORIENTED_EDGE ( 'NONE', *, *, #2234, .F. ) ;
#7928 = CARTESIAN_POINT ( 'NONE',  ( -16.94589473684210290, 11.42999999999999972, 0.000000000000000000 ) ) ;
#7929 = EDGE_CURVE ( 'NONE', #6846, #7751, #2660, .T. ) ;
#7930 = CARTESIAN_POINT ( 'NONE',  ( -15.97452631578946658, 11.22289321881344826, -18.20789321881344236 ) ) ;
#7931 = AXIS2_PLACEMENT_3D ( 'NONE', #592, #6399, #9387 ) ;
#7932 = VERTEX_POINT ( 'NONE', #12202 ) ;
#7933 = FILL_AREA_STYLE ('',( #8844 ) ) ;
#7934 =( BOUNDED_CURVE ( )  B_SPLINE_CURVE ( 3, ( #6270, #9211, #459, #4357 ),
 .UNSPECIFIED., .F., .F. ) 
 B_SPLINE_CURVE_WITH_KNOTS ( ( 4, 4 ),
 ( 1.570796326794896558, 3.141592653589793116 ),
 .UNSPECIFIED. ) 
 CURVE ( )  GEOMETRIC_REPRESENTATION_ITEM ( )  RATIONAL_B_SPLINE_CURVE ( ( 1.000000000000000000, 0.8047378541243649375, 0.8047378541243649375, 1.000000000000000000 ) ) 
 REPRESENTATION_ITEM ( '' )  );
#7935 = PLANE ( 'NONE',  #1158 ) ;
#7936 = FILL_AREA_STYLE_COLOUR ( '', #10088 ) ;
#7937 = VECTOR ( 'NONE', #10236, 1000.000000000000000 ) ;
#7938 = CIRCLE ( 'NONE', #201, 0.5000000000000004441 ) ;
#7939 = CARTESIAN_POINT ( 'NONE',  ( 17.34391383149710819, 1.858641944754919617, 18.41500000000000270 ) ) ;
#7940 = DIRECTION ( 'NONE',  ( -1.000000000000000000, -4.081702296416016490E-16, 0.000000000000000000 ) ) ;
#7941 = EDGE_CURVE ( 'NONE', #2720, #703, #8472, .T. ) ;
#7942 = FILL_AREA_STYLE_COLOUR ( '', #6975 ) ;
#7943 = EDGE_CURVE ( 'NONE', #9441, #978, #10636, .T. ) ;
#7944 = EDGE_CURVE ( 'NONE', #6863, #8644, #8349, .T. ) ;
#7945 = TOROIDAL_SURFACE ( 'NONE', #6933, 5.499999999999998224, 0.5000000000000000000 ) ;
#7946 = FILL_AREA_STYLE_COLOUR ( '', #7720 ) ;
#7947 = FILL_AREA_STYLE_COLOUR ( '', #1762 ) ;
#7948 = CARTESIAN_POINT ( 'NONE',  ( 22.46526315789473216, 11.42999999999999972, 0.000000000000000000 ) ) ;
#7949 = DIRECTION ( 'NONE',  ( 0.000000000000000000, 0.000000000000000000, 1.000000000000000000 ) ) ;
#7950 = CARTESIAN_POINT ( 'NONE',  ( 22.39704597387198959, 0.5000000000000000000, -14.09077417469095295 ) ) ;
#7951 = CIRCLE ( 'NONE', #4105, 1.587500000000002132 ) ;
#7952 = ORIENTED_EDGE ( 'NONE', *, *, #2362, .F. ) ;
#7953 = ORIENTED_EDGE ( 'NONE', *, *, #9798, .F. ) ;
#7954 =( LENGTH_UNIT ( ) NAMED_UNIT ( * ) SI_UNIT ( .MILLI., .METRE. ) );
#7955 = CARTESIAN_POINT ( 'NONE',  ( -17.75310929087304856, 2.314034846902254472, 11.51955161647689252 ) ) ;
#7956 = ORIENTED_EDGE ( 'NONE', *, *, #7875, .F. ) ;
#7957 = CARTESIAN_POINT ( 'NONE',  ( 3.521684210526315972, 10.92999999999999794, 17.91499999999999915 ) ) ;
#7958 = CARTESIAN_POINT ( 'NONE',  ( 10.48378947368420988, 11.43000000000001393, -18.41499999999999559 ) ) ;
#7959 = ORIENTED_EDGE ( 'NONE', *, *, #3232, .F. ) ;
#7960 = FILL_AREA_STYLE ('',( #11963 ) ) ;
#7961 = CIRCLE ( 'NONE', #1871, 1.587500000000002132 ) ;
#7962 = FILL_AREA_STYLE ('',( #8770 ) ) ;
#7963 = EDGE_CURVE ( 'NONE', #2984, #1206, #6624, .T. ) ;
#7964 =( LENGTH_UNIT ( ) NAMED_UNIT ( * ) SI_UNIT ( .MILLI., .METRE. ) );
#7965 = CARTESIAN_POINT ( 'NONE',  ( 4.493052631578946077, 10.92999999999999794, -18.41499999999999915 ) ) ;
#7966 = DIRECTION ( 'NONE',  ( 0.000000000000000000, -1.000000000000000000, 0.000000000000000000 ) ) ;
#7967 = ORIENTED_EDGE ( 'NONE', *, *, #3729, .F. ) ;
#7968 = VECTOR ( 'NONE', #8107, 1000.000000000000000 ) ;
#7969 = FILL_AREA_STYLE ('',( #9007 ) ) ;
#7970 = ORIENTED_EDGE ( 'NONE', *, *, #12656, .T. ) ;
#7971 = VECTOR ( 'NONE', #10040, 1000.000000000000000 ) ;
#7972 = DIRECTION ( 'NONE',  ( -0.000000000000000000, 1.000000000000000000, 0.000000000000000000 ) ) ;
#7973 = UNCERTAINTY_MEASURE_WITH_UNIT (LENGTH_MEASURE( 1.000000000000000082E-05 ), #7975, 'distance_accuracy_value', 'NONE');
#7974 = LINE ( 'NONE', #4861, #12323 ) ;
#7975 =( LENGTH_UNIT ( ) NAMED_UNIT ( * ) SI_UNIT ( .MILLI., .METRE. ) );
#7976 = CARTESIAN_POINT ( 'NONE',  ( 40.19178643811905971, 10.92999999999999794, -6.679213561880927408 ) ) ;
#7977 = ORIENTED_EDGE ( 'NONE', *, *, #300, .F. ) ;
#7978 = AXIS2_PLACEMENT_3D ( 'NONE', #301, #5215, #10143 ) ;
#7979 =( LENGTH_UNIT ( ) NAMED_UNIT ( * ) SI_UNIT ( .MILLI., .METRE. ) );
#7980 = MECHANICAL_DESIGN_GEOMETRIC_PRESENTATION_REPRESENTATION (  '', ( #10641 ), #4935 ) ;
#7981 =( NAMED_UNIT ( * ) SI_UNIT ( $, .STERADIAN. ) SOLID_ANGLE_UNIT ( ) );
#7982 = ADVANCED_FACE ( 'NONE', ( #11284 ), #3453, .F. ) ;
#7983 = DIRECTION ( 'NONE',  ( -0.000000000000000000, 1.000000000000000000, 0.000000000000000000 ) ) ;
#7984 = PLANE ( 'NONE',  #8750 ) ;
#7985 = ORIENTED_EDGE ( 'NONE', *, *, #6630, .F. ) ;
#7986 = MECHANICAL_DESIGN_GEOMETRIC_PRESENTATION_REPRESENTATION (  '', ( #4534 ), #10244 ) ;
#7987 = LINE ( 'NONE', #6864, #7474 ) ;
#7988 = AXIS2_PLACEMENT_3D ( 'NONE', #5878, #6908, #10798 ) ;
#7989 = CARTESIAN_POINT ( 'NONE',  ( 11.74578947368421211, 2.929999999999998384, 18.41499999999999915 ) ) ;
#7990 = ORIENTED_EDGE ( 'NONE', *, *, #8199, .F. ) ;
#7991 = UNCERTAINTY_MEASURE_WITH_UNIT (LENGTH_MEASURE( 1.000000000000000082E-05 ), #5257, 'distance_accuracy_value', 'NONE');
#7992 = PLANE ( 'NONE',  #7398 ) ;
#7993 = CARTESIAN_POINT ( 'NONE',  ( 40.19178643811905971, 10.92999999999999794, -7.179213561880927408 ) ) ;
#7994 = CIRCLE ( 'NONE', #4740, 1.261999999999995792 ) ;
#7995 =( NAMED_UNIT ( * ) PLANE_ANGLE_UNIT ( ) SI_UNIT ( $, .RADIAN. ) );
#7996 = FACE_OUTER_BOUND ( 'NONE', #6111, .T. ) ;
#7997 = AXIS2_PLACEMENT_3D ( 'NONE', #1009, #9869, #4013 ) ;
#7998 = CARTESIAN_POINT ( 'NONE',  ( -20.37689860365565409, 11.20761238473188826, -7.689236183997690155 ) ) ;
#7999 = ADVANCED_FACE ( 'NONE', ( #5845 ), #7816, .T. ) ;
#8000 = CARTESIAN_POINT ( 'NONE',  ( -17.72021356188092867, 2.344499298387705544, -18.41499999999999915 ) ) ;
#8001 = FACE_OUTER_BOUND ( 'NONE', #1102, .T. ) ;
#8002 = COLOUR_RGB ( '',0.2509803921568627416, 0.2509803921568627416, 0.2509803921568627416 ) ;
#8003 = PRESENTATION_LAYER_ASSIGNMENT (  '', '', ( #3750 ) ) ;
#8004 = CARTESIAN_POINT ( 'NONE',  ( 21.49389473684210117, 10.92999999999999794, -18.41499999999999915 ) ) ;
#8005 =( NAMED_UNIT ( * ) SI_UNIT ( $, .STERADIAN. ) SOLID_ANGLE_UNIT ( ) );
#8006 = EDGE_CURVE ( 'NONE', #4089, #5124, #452, .T. ) ;
#8007 = ADVANCED_FACE ( 'NONE', ( #5782 ), #6810, .F. ) ;
#8008 =( NAMED_UNIT ( * ) SI_UNIT ( $, .STERADIAN. ) SOLID_ANGLE_UNIT ( ) );
#8009 = PRESENTATION_LAYER_ASSIGNMENT (  '', '', ( #277 ) ) ;
#8010 = COLOUR_RGB ( '',0.2509803921568627416, 0.2509803921568627416, 0.2509803921568627416 ) ;
#8011 =( GEOMETRIC_REPRESENTATION_CONTEXT ( 3 ) GLOBAL_UNCERTAINTY_ASSIGNED_CONTEXT ( ( #9927 ) ) GLOBAL_UNIT_ASSIGNED_CONTEXT ( ( #5590, #11427, #7755 ) ) REPRESENTATION_CONTEXT ( 'NONE', 'WORKASPACE' ) );
#8012 = SURFACE_SIDE_STYLE ('',( #3324 ) ) ;
#8013 = VECTOR ( 'NONE', #8965, 1000.000000000000000 ) ;
#8014 = EDGE_CURVE ( 'NONE', #5244, #2328, #648, .T. ) ;
#8015 = DIRECTION ( 'NONE',  ( 1.000000000000000000, 0.000000000000000000, 0.000000000000000000 ) ) ;
#8016 = UNCERTAINTY_MEASURE_WITH_UNIT (LENGTH_MEASURE( 1.000000000000000082E-05 ), #9376, 'distance_accuracy_value', 'NONE');
#8017 = DIRECTION ( 'NONE',  ( 0.000000000000000000, 0.000000000000000000, 1.000000000000000000 ) ) ;
#8018 = EDGE_LOOP ( 'NONE', ( #1609, #12619, #4874, #9082 ) ) ;
#8019 = EDGE_CURVE ( 'NONE', #1725, #5161, #4698, .T. ) ;
#8020 = STYLED_ITEM ( 'NONE', ( #6563 ), #825 ) ;
#8021 = ORIENTED_EDGE ( 'NONE', *, *, #1471, .T. ) ;
#8022 = ORIENTED_EDGE ( 'NONE', *, *, #7210, .F. ) ;
#8023 = CARTESIAN_POINT ( 'NONE',  ( 7.488421052631574426, 11.43000000000001393, -17.91499999999999204 ) ) ;
#8024 = DIRECTION ( 'NONE',  ( -0.6360782202777646166, -0.000000000000000000, -0.7716245833877193316 ) ) ;
#8025 = PRESENTATION_LAYER_ASSIGNMENT (  '', '', ( #4968 ) ) ;
#8026 = COLOUR_RGB ( '',0.2509803921568627416, 0.2509803921568627416, 0.2509803921568627416 ) ;
#8027 = PLANE ( 'NONE',  #9163 ) ;
#8028 = ORIENTED_EDGE ( 'NONE', *, *, #6724, .T. ) ;
#8029 = CIRCLE ( 'NONE', #10458, 0.5000000000000004441 ) ;
#8030 = SURFACE_SIDE_STYLE ('',( #11894 ) ) ;
#8031 = MECHANICAL_DESIGN_GEOMETRIC_PRESENTATION_REPRESENTATION (  '', ( #10694 ), #10286 ) ;
#8032 = DIRECTION ( 'NONE',  ( -0.000000000000000000, 1.000000000000000000, -0.000000000000000000 ) ) ;
#8033 = UNCERTAINTY_MEASURE_WITH_UNIT (LENGTH_MEASURE( 1.000000000000000082E-05 ), #6343, 'distance_accuracy_value', 'NONE');
#8034 = SURFACE_STYLE_USAGE ( .BOTH. , #8880 ) ;
#8035 = EDGE_CURVE ( 'NONE', #6378, #3902, #3759, .T. ) ;
#8036 = AXIS2_PLACEMENT_3D ( 'NONE', #6432, #5649, #7621 ) ;
#8037 = AXIS2_PLACEMENT_3D ( 'NONE', #12398, #2990, #3878 ) ;
#8038 = EDGE_LOOP ( 'NONE', ( #12027, #10105, #11465, #11615 ) ) ;
#8039 = PRESENTATION_LAYER_ASSIGNMENT (  '', '', ( #5587 ) ) ;
#8041 = PRESENTATION_LAYER_ASSIGNMENT (  '', '', ( #921 ) ) ;
#8040 =( LENGTH_UNIT ( ) NAMED_UNIT ( * ) SI_UNIT ( .MILLI., .METRE. ) );
#8042 = ORIENTED_EDGE ( 'NONE', *, *, #12204, .T. ) ;
#8043 = ADVANCED_FACE ( 'NONE', ( #6683 ), #881, .T. ) ;
#8044 = FILL_AREA_STYLE ('',( #1470 ) ) ;
#8045 = FILL_AREA_STYLE ('',( #6323 ) ) ;
#8046 = SURFACE_SIDE_STYLE ('',( #10221 ) ) ;
#8047 = ADVANCED_FACE ( 'NONE', ( #1190 ), #9937, .F. ) ;
#8048 = DIRECTION ( 'NONE',  ( 0.7716245833877191096, 0.000000000000000000, 0.6360782202777650607 ) ) ;
#8049 = VERTEX_POINT ( 'NONE', #1255 ) ;
#8050 = DIRECTION ( 'NONE',  ( 0.000000000000000000, 0.000000000000000000, -1.000000000000000000 ) ) ;
#8051 = VECTOR ( 'NONE', #5264, 1000.000000000000000 ) ;
#8052 = DIRECTION ( 'NONE',  ( 0.000000000000000000, 0.000000000000000000, 1.000000000000000000 ) ) ;
#8053 = DIRECTION ( 'NONE',  ( 0.000000000000000000, 0.000000000000000000, 1.000000000000000000 ) ) ;
#8054 = FILL_AREA_STYLE_COLOUR ( '', #1754 ) ;
#8055 =( NAMED_UNIT ( * ) PLANE_ANGLE_UNIT ( ) SI_UNIT ( $, .RADIAN. ) );
#8056 = ORIENTED_EDGE ( 'NONE', *, *, #12362, .F. ) ;
#8057 = SURFACE_STYLE_USAGE ( .BOTH. , #3481 ) ;
#8058 = ORIENTED_EDGE ( 'NONE', *, *, #11421, .F. ) ;
#8059 = AXIS2_PLACEMENT_3D ( 'NONE', #11915, #9979, #12041 ) ;
#8060 = CARTESIAN_POINT ( 'NONE',  ( -28.95599999999999952, 1.570893218813452785, 15.95617505732533203 ) ) ;
#8061 = CARTESIAN_POINT ( 'NONE',  ( 4.993052631578946077, 11.22289321881345536, 18.20789321881345302 ) ) ;
#8062 = ORIENTED_EDGE ( 'NONE', *, *, #1207, .T. ) ;
#8063 = CARTESIAN_POINT ( 'NONE',  ( 19.71865981239937327, 11.38274908174989086, -7.870080049718744419 ) ) ;
#8064 = FILL_AREA_STYLE ('',( #2986 ) ) ;
#8065 = UNCERTAINTY_MEASURE_WITH_UNIT (LENGTH_MEASURE( 1.000000000000000082E-05 ), #7433, 'distance_accuracy_value', 'NONE');
#8066 = CARTESIAN_POINT ( 'NONE',  ( -18.39673248841659969, 2.187480838622395396, -9.662236248352073176 ) ) ;
#8067 = CARTESIAN_POINT ( 'NONE',  ( 24.90151096696283872, 1.778000000000000025, 18.41499999999999915 ) ) ;
#8068 =( GEOMETRIC_REPRESENTATION_CONTEXT ( 3 ) GLOBAL_UNCERTAINTY_ASSIGNED_CONTEXT ( ( #7138 ) ) GLOBAL_UNIT_ASSIGNED_CONTEXT ( ( #7964, #3970, #4097 ) ) REPRESENTATION_CONTEXT ( 'NONE', 'WORKASPACE' ) );
#8069 = CYLINDRICAL_SURFACE ( 'NONE', #8464, 0.5000000000000004441 ) ;
#8070 =( NAMED_UNIT ( * ) PLANE_ANGLE_UNIT ( ) SI_UNIT ( $, .RADIAN. ) );
#8071 = LINE ( 'NONE', #12000, #8868 ) ;
#8072 = DIRECTION ( 'NONE',  ( -1.000000000000000000, 0.000000000000000000, -0.000000000000000000 ) ) ;
#8073 = AXIS2_PLACEMENT_3D ( 'NONE', #7965, #3146, #384 ) ;
#8074 = SURFACE_STYLE_FILL_AREA ( #4201 ) ;
#8075 = EDGE_CURVE ( 'NONE', #1612, #5822, #2279, .T. ) ;
#8076 = DIRECTION ( 'NONE',  ( 1.000000000000000000, 0.000000000000000000, 0.000000000000000000 ) ) ;
#8077 = CARTESIAN_POINT ( 'NONE',  ( 40.19178643811905971, 10.92999999999999794, -7.179213561880927408 ) ) ;
#8078 = COLOUR_RGB ( '',0.2509803921568627416, 0.2509803921568627416, 0.2509803921568627416 ) ;
#8079 = DIRECTION ( 'NONE',  ( 0.000000000000000000, -0.000000000000000000, -1.000000000000000000 ) ) ;
#8080 = PRESENTATION_STYLE_ASSIGNMENT (( #4207 ) ) ;
#8081 = SURFACE_SIDE_STYLE ('',( #363 ) ) ;
#8082 =( GEOMETRIC_REPRESENTATION_CONTEXT ( 3 ) GLOBAL_UNCERTAINTY_ASSIGNED_CONTEXT ( ( #2154 ) ) GLOBAL_UNIT_ASSIGNED_CONTEXT ( ( #12320, #1684, #3618 ) ) REPRESENTATION_CONTEXT ( 'NONE', 'WORKASPACE' ) );
#8083 = DIRECTION ( 'NONE',  ( 1.000000000000000000, 0.000000000000000000, 0.000000000000000000 ) ) ;
#8084 = FILL_AREA_STYLE ('',( #8275 ) ) ;
#8085 = ORIENTED_EDGE ( 'NONE', *, *, #4073, .T. ) ;
#8086 = ORIENTED_EDGE ( 'NONE', *, *, #10659, .F. ) ;
#8087 =( BOUNDED_CURVE ( )  B_SPLINE_CURVE ( 3, ( #1810, #3675, #3799, #1678 ),
 .UNSPECIFIED., .F., .T. ) 
 B_SPLINE_CURVE_WITH_KNOTS ( ( 4, 4 ),
 ( 4.712388980384689674, 6.283185307179586232 ),
 .UNSPECIFIED. ) 
 CURVE ( )  GEOMETRIC_REPRESENTATION_ITEM ( )  RATIONAL_B_SPLINE_CURVE ( ( 1.000000000000000000, 0.8047378541243649375, 0.8047378541243649375, 1.000000000000000000 ) ) 
 REPRESENTATION_ITEM ( '' )  );
#8088 = CARTESIAN_POINT ( 'NONE',  ( -17.88161180190362032, 2.237336793193161810, 10.87721059351891739 ) ) ;
#8089 = DIRECTION ( 'NONE',  ( -0.000000000000000000, 1.000000000000000000, 0.000000000000000000 ) ) ;
#8090 = ORIENTED_EDGE ( 'NONE', *, *, #5776, .T. ) ;
#8092 = ADVANCED_FACE ( 'NONE', ( #226 ), #10070, .F. ) ;
#8091 = CARTESIAN_POINT ( 'NONE',  ( -16.47452631578946480, 2.929999999999998384, 17.91499999999999915 ) ) ;
#8093 = FACE_OUTER_BOUND ( 'NONE', #4161, .T. ) ;
#8094 = PRESENTATION_LAYER_ASSIGNMENT (  '', '', ( #3235 ) ) ;
#8095 = CARTESIAN_POINT ( 'NONE',  ( -4.964421052631579734, 2.929999999999998384, -18.41499999999999559 ) ) ;
#8096 = SURFACE_SIDE_STYLE ('',( #4224 ) ) ;
#8097 = PRESENTATION_STYLE_ASSIGNMENT (( #10098 ) ) ;
#8098 = FACE_OUTER_BOUND ( 'NONE', #8836, .T. ) ;
#8099 = ORIENTED_EDGE ( 'NONE', *, *, #9558, .F. ) ;
#8100 = DIRECTION ( 'NONE',  ( -0.6360782202777651717, 0.000000000000000000, -0.7716245833877191096 ) ) ;
#8101 = ORIENTED_EDGE ( 'NONE', *, *, #6308, .F. ) ;
#8102 = PRESENTATION_LAYER_ASSIGNMENT (  '', '', ( #1388 ) ) ;
#8103 = FACE_OUTER_BOUND ( 'NONE', #5113, .T. ) ;
#8104 = CYLINDRICAL_SURFACE ( 'NONE', #12576, 0.5000000000000004441 ) ;
#8105 = CARTESIAN_POINT ( 'NONE',  ( -12.21715789473683600, 2.929999999999998384, -18.41499999999999915 ) ) ;
#8106 = DIRECTION ( 'NONE',  ( 0.000000000000000000, -1.000000000000000000, 0.000000000000000000 ) ) ;
#8107 = DIRECTION ( 'NONE',  ( -0.6360782202777646166, 0.000000000000000000, 0.7716245833877193316 ) ) ;
#8108 =( GEOMETRIC_REPRESENTATION_CONTEXT ( 3 ) GLOBAL_UNCERTAINTY_ASSIGNED_CONTEXT ( ( #5559 ) ) GLOBAL_UNIT_ASSIGNED_CONTEXT ( ( #6317, #10097, #10213 ) ) REPRESENTATION_CONTEXT ( 'NONE', 'WORKASPACE' ) );
#8109 = ORIENTED_EDGE ( 'NONE', *, *, #3825, .F. ) ;
#8110 = ADVANCED_FACE ( 'NONE', ( #2841 ), #1570, .F. ) ;
#8111 =( NAMED_UNIT ( * ) SI_UNIT ( $, .STERADIAN. ) SOLID_ANGLE_UNIT ( ) );
#8112 = PRESENTATION_LAYER_ASSIGNMENT (  '', '', ( #9345 ) ) ;
#8113 = DIRECTION ( 'NONE',  ( -0.000000000000000000, 1.000000000000000000, 0.000000000000000000 ) ) ;
#8114 =( NAMED_UNIT ( * ) PLANE_ANGLE_UNIT ( ) SI_UNIT ( $, .RADIAN. ) );
#8115 =( GEOMETRIC_REPRESENTATION_CONTEXT ( 3 ) GLOBAL_UNCERTAINTY_ASSIGNED_CONTEXT ( ( #7721 ) ) GLOBAL_UNIT_ASSIGNED_CONTEXT ( ( #7071, #8994, #4149 ) ) REPRESENTATION_CONTEXT ( 'NONE', 'WORKASPACE' ) );
#8116 = CARTESIAN_POINT ( 'NONE',  ( 22.72021356188092511, 1.778000000000000025, -12.17921356188092652 ) ) ;
#8117 = FACE_OUTER_BOUND ( 'NONE', #2782, .T. ) ;
#8118 = EDGE_CURVE ( 'NONE', #4562, #5843, #4797, .T. ) ;
#8119 = ORIENTED_EDGE ( 'NONE', *, *, #5316, .T. ) ;
#8120 = SURFACE_SIDE_STYLE ('',( #3296 ) ) ;
#8121 =( NAMED_UNIT ( * ) SI_UNIT ( $, .STERADIAN. ) SOLID_ANGLE_UNIT ( ) );
#8122 = EDGE_LOOP ( 'NONE', ( #853, #1490, #2613, #4393 ) ) ;
#8123 = ORIENTED_EDGE ( 'NONE', *, *, #5241, .T. ) ;
#8124 = PRESENTATION_STYLE_ASSIGNMENT (( #4242 ) ) ;
#8125 = PRESENTATION_STYLE_ASSIGNMENT (( #9277 ) ) ;
#8126 = COLOUR_RGB ( '',0.2509803921568627416, 0.2509803921568627416, 0.2509803921568627416 ) ;
#8127 = UNCERTAINTY_MEASURE_WITH_UNIT (LENGTH_MEASURE( 1.000000000000000082E-05 ), #10495, 'distance_accuracy_value', 'NONE');
#8128 =( NAMED_UNIT ( * ) PLANE_ANGLE_UNIT ( ) SI_UNIT ( $, .RADIAN. ) );
#8129 = CARTESIAN_POINT ( 'NONE',  ( -17.72021356188092867, 1.778000000000000025, -29.65078643811905934 ) ) ;
#8130 = VECTOR ( 'NONE', #2544, 1000.000000000000000 ) ;
#8131 = ADVANCED_FACE ( 'NONE', ( #8262 ), #10249, .T. ) ;
#8132 = SURFACE_STYLE_FILL_AREA ( #10248 ) ;
#8133 = AXIS2_PLACEMENT_3D ( 'NONE', #2822, #6697, #5804 ) ;
#8134 = DIRECTION ( 'NONE',  ( 1.000000000000000000, 0.000000000000000000, 0.000000000000000000 ) ) ;
#8135 = PRESENTATION_STYLE_ASSIGNMENT (( #8505 ) ) ;
#8136 = COLOUR_RGB ( '',0.2509803921568627416, 0.2509803921568627416, 0.2509803921568627416 ) ;
#8137 =( NAMED_UNIT ( * ) SI_UNIT ( $, .STERADIAN. ) SOLID_ANGLE_UNIT ( ) );
#8138 = CARTESIAN_POINT ( 'NONE',  ( -28.74889321881344628, 1.777999999999999581, -16.16328183851187816 ) ) ;
#8139 = CARTESIAN_POINT ( 'NONE',  ( -22.72021356188096775, 11.42999999999999972, 6.679213561880927408 ) ) ;
#8140 = CARTESIAN_POINT ( 'NONE',  ( 12.50778947368420901, 10.92999999999999794, -17.91499999999999204 ) ) ;
#8141 =( LENGTH_UNIT ( ) NAMED_UNIT ( * ) SI_UNIT ( .MILLI., .METRE. ) );
#8142 = AXIS2_PLACEMENT_3D ( 'NONE', #3361, #7230, #469 ) ;
#8143 = COLOUR_RGB ( '',0.2509803921568627416, 0.2509803921568627416, 0.2509803921568627416 ) ;
#8144 = PRESENTATION_STYLE_ASSIGNMENT (( #4259 ) ) ;
#8145 = ADVANCED_FACE ( 'NONE', ( #12256 ), #8564, .T. ) ;
#8146 = SURFACE_STYLE_USAGE ( .BOTH. , #12068 ) ;
#8147 = CARTESIAN_POINT ( 'NONE',  ( -21.96526315789472861, 10.92999999999999794, 7.236537172765303616 ) ) ;
#8148 = UNCERTAINTY_MEASURE_WITH_UNIT (LENGTH_MEASURE( 1.000000000000000082E-05 ), #9654, 'distance_accuracy_value', 'NONE');
#8149 = SURFACE_STYLE_FILL_AREA ( #8084 ) ;
#8150 = ORIENTED_EDGE ( 'NONE', *, *, #6314, .T. ) ;
#8151 = EDGE_LOOP ( 'NONE', ( #208, #3129, #5444, #11827 ) ) ;
#8152 = MECHANICAL_DESIGN_GEOMETRIC_PRESENTATION_REPRESENTATION (  '', ( #11862 ), #12477 ) ;
#8153 = DIRECTION ( 'NONE',  ( 0.000000000000000000, 0.000000000000000000, -1.000000000000000000 ) ) ;
#8154 = CARTESIAN_POINT ( 'NONE',  ( -18.74954049062811379, 2.390866119578131332, 9.139600176933816655 ) ) ;
#8155 = CARTESIAN_POINT ( 'NONE',  ( -6.033546133231030950, -0.000000000000000000, 4.973671613130804303 ) ) ;
#8156 = CYLINDRICAL_SURFACE ( 'NONE', #12449, 0.5000000000000004441 ) ;
#8157 = ORIENTED_EDGE ( 'NONE', *, *, #5591, .F. ) ;
#8158 =( NAMED_UNIT ( * ) PLANE_ANGLE_UNIT ( ) SI_UNIT ( $, .RADIAN. ) );
#8159 = UNCERTAINTY_MEASURE_WITH_UNIT (LENGTH_MEASURE( 1.000000000000000082E-05 ), #5088, 'distance_accuracy_value', 'NONE');
#8160 = SURFACE_STYLE_FILL_AREA ( #1348 ) ;
#8161 = UNCERTAINTY_MEASURE_WITH_UNIT (LENGTH_MEASURE( 1.000000000000000082E-05 ), #2207, 'distance_accuracy_value', 'NONE');
#8162 = FILL_AREA_STYLE ('',( #2446 ) ) ;
#8163 = COLOUR_RGB ( '',0.2509803921568627416, 0.2509803921568627416, 0.2509803921568627416 ) ;
#8164 =( NAMED_UNIT ( * ) SI_UNIT ( $, .STERADIAN. ) SOLID_ANGLE_UNIT ( ) );
#8165 = LINE ( 'NONE', #11111, #11564 ) ;
#8166 = ORIENTED_EDGE ( 'NONE', *, *, #8288, .F. ) ;
#8167 = ADVANCED_FACE ( 'NONE', ( #6962 ), #6069, .T. ) ;
#8168 = ORIENTED_EDGE ( 'NONE', *, *, #8711, .T. ) ;
#8169 = PRESENTATION_STYLE_ASSIGNMENT (( #3346 ) ) ;
#8170 = SURFACE_STYLE_USAGE ( .BOTH. , #2243 ) ;
#8171 = PRESENTATION_LAYER_ASSIGNMENT (  '', '', ( #429 ) ) ;
#8172 = PRESENTATION_STYLE_ASSIGNMENT (( #11976 ) ) ;
#8173 = EDGE_LOOP ( 'NONE', ( #7074, #12170, #4410, #12400, #6790, #688 ) ) ;
#8174 = CARTESIAN_POINT ( 'NONE',  ( 27.98463157894736497, 10.92999999999999794, 0.000000000000000000 ) ) ;
#8175 = EDGE_CURVE ( 'NONE', #10741, #10147, #7974, .T. ) ;
#8176 = CARTESIAN_POINT ( 'NONE',  ( 0.000000000000000000, 10.92999999999999794, -6.679213561880927408 ) ) ;
#8177 = LINE ( 'NONE', #6391, #7247 ) ;
#8178 = ORIENTED_EDGE ( 'NONE', *, *, #4596, .F. ) ;
#8179 = FILL_AREA_STYLE_COLOUR ( '', #7174 ) ;
#8180 = EDGE_CURVE ( 'NONE', #1787, #238, #6773, .T. ) ;
#8181 = CARTESIAN_POINT ( 'NONE',  ( 13.97915789473683823, 11.22289321881345536, 18.20789321881345302 ) ) ;
#8182 = ORIENTED_EDGE ( 'NONE', *, *, #4392, .T. ) ;
#8183 = EDGE_CURVE ( 'NONE', #9450, #1725, #2088, .T. ) ;
#8184 =( NAMED_UNIT ( * ) PLANE_ANGLE_UNIT ( ) SI_UNIT ( $, .RADIAN. ) );
#8185 = DIRECTION ( 'NONE',  ( 4.081702296416016490E-16, -1.000000000000000000, 0.000000000000000000 ) ) ;
#8187 = VERTEX_POINT ( 'NONE', #4038 ) ;
#8186 = AXIS2_PLACEMENT_3D ( 'NONE', #4866, #6859, #3914 ) ;
#8188 = MECHANICAL_DESIGN_GEOMETRIC_PRESENTATION_REPRESENTATION (  '', ( #12506 ), #2699 ) ;
#8189 = PRESENTATION_LAYER_ASSIGNMENT (  '', '', ( #11259 ) ) ;
#8190 = UNCERTAINTY_MEASURE_WITH_UNIT (LENGTH_MEASURE( 1.000000000000000082E-05 ), #1589, 'distance_accuracy_value', 'NONE');
#8191 = CARTESIAN_POINT ( 'NONE',  ( 1.997684210526325055, 2.929999999999998384, -17.91499999999999204 ) ) ;
#8192 = CARTESIAN_POINT ( 'NONE',  ( 17.60484200879234606, 2.061714469336810129, -18.24071022521777152 ) ) ;
#8193 = CARTESIAN_POINT ( 'NONE',  ( 21.49389473684210117, 1.778000000000000025, 7.331931628739902784 ) ) ;
#8194 =( GEOMETRIC_REPRESENTATION_CONTEXT ( 3 ) GLOBAL_UNCERTAINTY_ASSIGNED_CONTEXT ( ( #3369 ) ) GLOBAL_UNIT_ASSIGNED_CONTEXT ( ( #5915, #950, #2750 ) ) REPRESENTATION_CONTEXT ( 'NONE', 'WORKASPACE' ) );
#8195 = CARTESIAN_POINT ( 'NONE',  ( -8.459789473684212524, 10.92999999999999794, -17.91499999999999204 ) ) ;
#8196 = PRESENTATION_STYLE_ASSIGNMENT (( #6227 ) ) ;
#8197 = MECHANICAL_DESIGN_GEOMETRIC_PRESENTATION_REPRESENTATION (  '', ( #3335 ), #683 ) ;
#8198 = PRESENTATION_STYLE_ASSIGNMENT (( #1502 ) ) ;
#8199 = EDGE_CURVE ( 'NONE', #12243, #1787, #3351, .T. ) ;
#8200 = DIRECTION ( 'NONE',  ( 0.000000000000000000, 1.000000000000000000, 0.000000000000000000 ) ) ;
#8201 = CARTESIAN_POINT ( 'NONE',  ( -25.23276631782185930, 0.000000000000000000, -11.75318671517016789 ) ) ;
#8202 = EDGE_CURVE ( 'NONE', #9643, #3171, #9770, .T. ) ;
#8203 = STYLED_ITEM ( 'NONE', ( #12569 ), #10528 ) ;
#8204 = EDGE_CURVE ( 'NONE', #12209, #7090, #1039, .T. ) ;
#8205 = FACE_OUTER_BOUND ( 'NONE', #3897, .T. ) ;
#8206 = LINE ( 'NONE', #10375, #12321 ) ;
#8207 = LINE ( 'NONE', #9054, #6202 ) ;
#8208 = ORIENTED_EDGE ( 'NONE', *, *, #479, .T. ) ;
#8209 = PRESENTATION_LAYER_ASSIGNMENT (  '', '', ( #12120 ) ) ;
#8210 = ORIENTED_EDGE ( 'NONE', *, *, #9920, .T. ) ;
#8211 = AXIS2_PLACEMENT_3D ( 'NONE', #9503, #12293, #3530 ) ;
#8212 =( NAMED_UNIT ( * ) PLANE_ANGLE_UNIT ( ) SI_UNIT ( $, .RADIAN. ) );
#8213 = CARTESIAN_POINT ( 'NONE',  ( -18.87091442503029981, 2.548336066491294183, 8.987545524099381566 ) ) ;
#8214 = DIRECTION ( 'NONE',  ( -0.000000000000000000, -1.000000000000000000, -0.000000000000000000 ) ) ;
#8215 = CARTESIAN_POINT ( 'NONE',  ( -28.95599999999999596, 11.42999999999999972, -18.41499999999999559 ) ) ;
#8216 = ORIENTED_EDGE ( 'NONE', *, *, #7707, .T. ) ;
#8217 =( NAMED_UNIT ( * ) PLANE_ANGLE_UNIT ( ) SI_UNIT ( $, .RADIAN. ) );
#8218 = AXIS2_PLACEMENT_3D ( 'NONE', #10026, #3459, #5405 ) ;
#8219 = SURFACE_STYLE_FILL_AREA ( #1461 ) ;
#8220 = PRESENTATION_STYLE_ASSIGNMENT (( #5169 ) ) ;
#8221 = FACE_OUTER_BOUND ( 'NONE', #5779, .T. ) ;
#8222 = FILL_AREA_STYLE ('',( #4343 ) ) ;
#8223 = ORIENTED_EDGE ( 'NONE', *, *, #6224, .F. ) ;
#8224 = VERTEX_POINT ( 'NONE', #5819 ) ;
#8225 = COLOUR_RGB ( '',0.2509803921568627416, 0.2509803921568627416, 0.2509803921568627416 ) ;
#8226 = PRESENTATION_LAYER_ASSIGNMENT (  '', '', ( #9650 ) ) ;
#8227 = AXIS2_PLACEMENT_3D ( 'NONE', #8670, #2933, #2868 ) ;
#8228 =( NAMED_UNIT ( * ) SI_UNIT ( $, .STERADIAN. ) SOLID_ANGLE_UNIT ( ) );
#8229 = FACE_OUTER_BOUND ( 'NONE', #1355, .T. ) ;
#8230 = TOROIDAL_SURFACE ( 'NONE', #2953, 1.261999999999997124, 0.5000000000000000000 ) ;
#8231 =( NAMED_UNIT ( * ) SI_UNIT ( $, .STERADIAN. ) SOLID_ANGLE_UNIT ( ) );
#8232 = FILL_AREA_STYLE_COLOUR ( '', #1028 ) ;
#8234 =( GEOMETRIC_REPRESENTATION_CONTEXT ( 3 ) GLOBAL_UNCERTAINTY_ASSIGNED_CONTEXT ( ( #1278 ) ) GLOBAL_UNIT_ASSIGNED_CONTEXT ( ( #12425, #11442, #2762 ) ) REPRESENTATION_CONTEXT ( 'NONE', 'WORKASPACE' ) );
#8233 = FILL_AREA_STYLE ('',( #1416 ) ) ;
#8235 = EDGE_LOOP ( 'NONE', ( #10747, #11123, #6910, #9611 ) ) ;
#8236 = CARTESIAN_POINT ( 'NONE',  ( -27.95599999999999596, 10.92999999999999794, -7.179213561880927408 ) ) ;
#8237 = LINE ( 'NONE', #11059, #8648 ) ;
#8238 =( GEOMETRIC_REPRESENTATION_CONTEXT ( 3 ) GLOBAL_UNCERTAINTY_ASSIGNED_CONTEXT ( ( #3491 ) ) GLOBAL_UNIT_ASSIGNED_CONTEXT ( ( #3001, #8740, #11759 ) ) REPRESENTATION_CONTEXT ( 'NONE', 'WORKASPACE' ) );
#8239 = AXIS2_PLACEMENT_3D ( 'NONE', #10702, #9789, #12588 ) ;
#8240 = AXIS2_PLACEMENT_3D ( 'NONE', #6135, #3353, #7216 ) ;
#8241 = CARTESIAN_POINT ( 'NONE',  ( 24.48926315789472952, 2.929999999999998384, 7.179213561880927408 ) ) ;
#8242 = AXIS2_PLACEMENT_3D ( 'NONE', #5697, #9648, #10677 ) ;
#8243 = VECTOR ( 'NONE', #4746, 1000.000000000000000 ) ;
#8244 = EDGE_LOOP ( 'NONE', ( #11584, #11105, #3220, #9663 ) ) ;
#8245 = SURFACE_STYLE_USAGE ( .BOTH. , #8120 ) ;
#8246 = VERTEX_POINT ( 'NONE', #4988 ) ;
#8247 = CARTESIAN_POINT ( 'NONE',  ( 28.95599999999999596, 0.000000000000000000, 18.41499999999999915 ) ) ;
#8249 = FACE_OUTER_BOUND ( 'NONE', #4920, .T. ) ;
#8248 = VECTOR ( 'NONE', #5744, 1000.000000000000000 ) ;
#8250 = AXIS2_PLACEMENT_3D ( 'NONE', #3587, #3645, #8540 ) ;
#8251 = EDGE_LOOP ( 'NONE', ( #4547, #9778, #6707, #8182 ) ) ;
#8252 = MECHANICAL_DESIGN_GEOMETRIC_PRESENTATION_REPRESENTATION (  '', ( #2370 ), #2767 ) ;
#8253 = FILL_AREA_STYLE_COLOUR ( '', #3643 ) ;
#8254 = SURFACE_STYLE_FILL_AREA ( #3430 ) ;
#8255 = ADVANCED_FACE ( 'NONE', ( #3156 ), #8944, .F. ) ;
#8256 = CARTESIAN_POINT ( 'NONE',  ( -17.88161180190362032, 2.237336793193161810, -10.87721059351891739 ) ) ;
#8257 = CARTESIAN_POINT ( 'NONE',  ( 17.72021356188092867, 2.168174630207213127, -17.91499999999999204 ) ) ;
#8258 = FILL_AREA_STYLE_COLOUR ( '', #7840 ) ;
#8259 = AXIS2_PLACEMENT_3D ( 'NONE', #5238, #9142, #7276 ) ;
#8260 = DIRECTION ( 'NONE',  ( -1.000000000000000000, 0.000000000000000000, 0.000000000000000000 ) ) ;
#8261 = CARTESIAN_POINT ( 'NONE',  ( -6.226421052631575748, 2.929999999999998384, 18.41499999999999915 ) ) ;
#8262 = FACE_OUTER_BOUND ( 'NONE', #8744, .T. ) ;
#8263 = ORIENTED_EDGE ( 'NONE', *, *, #8793, .T. ) ;
#8264 = AXIS2_PLACEMENT_3D ( 'NONE', #8116, #2253, #400 ) ;
#8265 = DIRECTION ( 'NONE',  ( 0.000000000000000000, 0.000000000000000000, 1.000000000000000000 ) ) ;
#8266 = DIRECTION ( 'NONE',  ( 1.000000000000000000, 0.000000000000000000, 0.000000000000000000 ) ) ;
#8267 =( NAMED_UNIT ( * ) PLANE_ANGLE_UNIT ( ) SI_UNIT ( $, .RADIAN. ) );
#8268 = PRESENTATION_STYLE_ASSIGNMENT (( #1512 ) ) ;
#8269 = ADVANCED_FACE ( 'NONE', ( #12160 ), #5346, .T. ) ;
#8270 =( NAMED_UNIT ( * ) SI_UNIT ( $, .STERADIAN. ) SOLID_ANGLE_UNIT ( ) );
#8271 = CYLINDRICAL_SURFACE ( 'NONE', #1191, 0.5000000000000000000 ) ;
#8272 = PRESENTATION_LAYER_ASSIGNMENT (  '', '', ( #7870 ) ) ;
#8273 =( BOUNDED_CURVE ( )  B_SPLINE_CURVE ( 3, ( #6764, #6955, #8693, #12615 ),
 .UNSPECIFIED., .F., .F. ) 
 B_SPLINE_CURVE_WITH_KNOTS ( ( 4, 4 ),
 ( 0.000000000000000000, 1.570796326794896558 ),
 .UNSPECIFIED. ) 
 CURVE ( )  GEOMETRIC_REPRESENTATION_ITEM ( )  RATIONAL_B_SPLINE_CURVE ( ( 1.000000000000000000, 0.8047378541243649375, 0.8047378541243649375, 1.000000000000000000 ) ) 
 REPRESENTATION_ITEM ( '' )  );
#8274 = UNCERTAINTY_MEASURE_WITH_UNIT (LENGTH_MEASURE( 1.000000000000000082E-05 ), #5205, 'distance_accuracy_value', 'NONE');
#8275 = FILL_AREA_STYLE_COLOUR ( '', #7819 ) ;
#8276 = ORIENTED_EDGE ( 'NONE', *, *, #3801, .T. ) ;
#8277 =( NAMED_UNIT ( * ) PLANE_ANGLE_UNIT ( ) SI_UNIT ( $, .RADIAN. ) );
#8278 =( GEOMETRIC_REPRESENTATION_CONTEXT ( 3 ) GLOBAL_UNCERTAINTY_ASSIGNED_CONTEXT ( ( #510 ) ) GLOBAL_UNIT_ASSIGNED_CONTEXT ( ( #9292, #2285, #6298 ) ) REPRESENTATION_CONTEXT ( 'NONE', 'WORKASPACE' ) );
#8279 = FILL_AREA_STYLE ('',( #11101 ) ) ;
#8280 = LINE ( 'NONE', #12207, #12460 ) ;
#8281 =( LENGTH_UNIT ( ) NAMED_UNIT ( * ) SI_UNIT ( .MILLI., .METRE. ) );
#8282 = EDGE_LOOP ( 'NONE', ( #268, #7654, #5298, #3728 ) ) ;
#8283 = CARTESIAN_POINT ( 'NONE',  ( -11.45515789473684087, 2.929999999999998384, -18.41499999999999915 ) ) ;
#8284 = PRESENTATION_LAYER_ASSIGNMENT (  '', '', ( #7273 ) ) ;
#8285 = UNCERTAINTY_MEASURE_WITH_UNIT (LENGTH_MEASURE( 1.000000000000000082E-05 ), #4449, 'distance_accuracy_value', 'NONE');
#8286 = FACE_OUTER_BOUND ( 'NONE', #5294, .T. ) ;
#8287 = DIRECTION ( 'NONE',  ( -0.000000000000000000, -0.000000000000000000, 1.000000000000000000 ) ) ;
#8288 = EDGE_CURVE ( 'NONE', #9718, #12222, #7147, .T. ) ;
#8289 =( NAMED_UNIT ( * ) PLANE_ANGLE_UNIT ( ) SI_UNIT ( $, .RADIAN. ) );
#8290 = VECTOR ( 'NONE', #1437, 1000.000000000000000 ) ;
#8291 =( LENGTH_UNIT ( ) NAMED_UNIT ( * ) SI_UNIT ( .MILLI., .METRE. ) );
#8292 = FILL_AREA_STYLE ('',( #1715 ) ) ;
#8293 = VERTEX_POINT ( 'NONE', #11052 ) ;
#8294 = MECHANICAL_DESIGN_GEOMETRIC_PRESENTATION_REPRESENTATION (  '', ( #8917 ), #11800 ) ;
#8295 = ORIENTED_EDGE ( 'NONE', *, *, #1156, .T. ) ;
#8296 = DIRECTION ( 'NONE',  ( 0.6360782202777650607, -0.000000000000000000, -0.7716245833877191096 ) ) ;
#8297 = SURFACE_STYLE_USAGE ( .BOTH. , #2401 ) ;
#8298 = COLOUR_RGB ( '',0.2509803921568627416, 0.2509803921568627416, 0.2509803921568627416 ) ;
#8299 = CARTESIAN_POINT ( 'NONE',  ( -7.488421052631572650, 2.929999999999998384, 17.91499999999999915 ) ) ;
#8300 = ORIENTED_EDGE ( 'NONE', *, *, #11987, .T. ) ;
#8301 = CARTESIAN_POINT ( 'NONE',  ( 6.517052631578944322, 10.92999999999999794, 17.91499999999999915 ) ) ;
#8302 = VECTOR ( 'NONE', #5307, 1000.000000000000000 ) ;
#8303 = PRESENTATION_LAYER_ASSIGNMENT (  '', '', ( #9942 ) ) ;
#8304 = DIRECTION ( 'NONE',  ( -0.000000000000000000, -0.000000000000000000, -1.000000000000000000 ) ) ;
#8305 =( LENGTH_UNIT ( ) NAMED_UNIT ( * ) SI_UNIT ( .MILLI., .METRE. ) );
#8306 = AXIS2_PLACEMENT_3D ( 'NONE', #5310, #9221, #6338 ) ;
#8307 = ORIENTED_EDGE ( 'NONE', *, *, #3762, .F. ) ;
#8308 = FILL_AREA_STYLE_COLOUR ( '', #5961 ) ;
#8309 = ADVANCED_FACE ( 'NONE', ( #6198 ), #580, .F. ) ;
#8310 = CARTESIAN_POINT ( 'NONE',  ( 4.993052631578953182, 2.929999999999998384, 17.91499999999999915 ) ) ;
#8311 = EDGE_LOOP ( 'NONE', ( #4092, #11924, #12278, #11363 ) ) ;
#8312 = PLANE ( 'NONE',  #7340 ) ;
#8313 = B_SPLINE_CURVE_WITH_KNOTS ( 'NONE', 3,
 ( #12199, #3448, #7311, #11215, #12268, #12589, #1833, #2734, #6739, #1698, #11552, #9545, #9482, #8662 ),
 .UNSPECIFIED., .F., .F.,
 ( 4, 2, 2, 2, 2, 2, 4 ),
 ( 0.000000000000000000, 0.0007792599812828273752, 0.001558519962565654750, 0.002337779943848481909, 0.002727409934489895705, 0.002922224929810602820, 0.003117039925131309501 ),
 .UNSPECIFIED. ) ;
#8314 = ORIENTED_EDGE ( 'NONE', *, *, #5168, .F. ) ;
#8315 =( NAMED_UNIT ( * ) SI_UNIT ( $, .STERADIAN. ) SOLID_ANGLE_UNIT ( ) );
#8316 = DIRECTION ( 'NONE',  ( 0.000000000000000000, 0.000000000000000000, -1.000000000000000000 ) ) ;
#8317 = COLOUR_RGB ( '',0.2509803921568627416, 0.2509803921568627416, 0.2509803921568627416 ) ;
#8318 = UNCERTAINTY_MEASURE_WITH_UNIT (LENGTH_MEASURE( 1.000000000000000082E-05 ), #640, 'distance_accuracy_value', 'NONE');
#8319 = UNCERTAINTY_MEASURE_WITH_UNIT (LENGTH_MEASURE( 1.000000000000000082E-05 ), #2450, 'distance_accuracy_value', 'NONE');
#8320 = SURFACE_SIDE_STYLE ('',( #4434 ) ) ;
#8321 = DIRECTION ( 'NONE',  ( 0.000000000000000000, 1.000000000000000000, 0.000000000000000000 ) ) ;
#8322 = PRESENTATION_LAYER_ASSIGNMENT (  '', '', ( #6690 ) ) ;
#8323 = EDGE_LOOP ( 'NONE', ( #12594, #10861, #38, #535 ) ) ;
#8324 = EDGE_CURVE ( 'NONE', #8644, #5670, #12420, .T. ) ;
#8326 = AXIS2_PLACEMENT_3D ( 'NONE', #8617, #10722, #6698 ) ;
#8325 = SURFACE_SIDE_STYLE ('',( #2420 ) ) ;
#8327 = CARTESIAN_POINT ( 'NONE',  ( -1.969052631578948276, 2.929999999999998384, 18.41499999999999915 ) ) ;
#8328 = DIRECTION ( 'NONE',  ( -0.000000000000000000, 1.000000000000000000, 0.000000000000000000 ) ) ;
#8329 = AXIS2_PLACEMENT_3D ( 'NONE', #3498, #9106, #8260 ) ;
#8330 = ORIENTED_EDGE ( 'NONE', *, *, #1961, .F. ) ;
#8331 = DIRECTION ( 'NONE',  ( -0.000000000000000000, -0.000000000000000000, 1.000000000000000000 ) ) ;
#8332 = SURFACE_STYLE_FILL_AREA ( #10074 ) ;
#8333 =( NAMED_UNIT ( * ) PLANE_ANGLE_UNIT ( ) SI_UNIT ( $, .RADIAN. ) );
#8334 = DIRECTION ( 'NONE',  ( 0.000000000000000000, 1.000000000000000000, 0.000000000000000000 ) ) ;
#8335 = MECHANICAL_DESIGN_GEOMETRIC_PRESENTATION_REPRESENTATION (  '', ( #7496 ), #11408 ) ;
#8336 = EDGE_CURVE ( 'NONE', #12, #127, #8550, .T. ) ;
#8337 = CARTESIAN_POINT ( 'NONE',  ( -18.98125757217049170, 11.04551707453277309, -8.842238650067109518 ) ) ;
#8338 = EDGE_CURVE ( 'NONE', #1987, #4573, #11307, .T. ) ;
#8339 =( GEOMETRIC_REPRESENTATION_CONTEXT ( 3 ) GLOBAL_UNCERTAINTY_ASSIGNED_CONTEXT ( ( #7510 ) ) GLOBAL_UNIT_ASSIGNED_CONTEXT ( ( #6166, #6294, #2485 ) ) REPRESENTATION_CONTEXT ( 'NONE', 'WORKASPACE' ) );
#8340 = VERTEX_POINT ( 'NONE', #11369 ) ;
#8341 = CARTESIAN_POINT ( 'NONE',  ( -23.43663157894736671, 10.92999999999999794, -7.179213561880927408 ) ) ;
#8342 = CARTESIAN_POINT ( 'NONE',  ( 13.47915789473684356, 2.929999999999998384, -17.91499999999999204 ) ) ;
#8343 = CIRCLE ( 'NONE', #3065, 0.7619999999999970131 ) ;
#8344 =( NAMED_UNIT ( * ) PLANE_ANGLE_UNIT ( ) SI_UNIT ( $, .RADIAN. ) );
#8345 = VECTOR ( 'NONE', #8500, 1000.000000000000000 ) ;
#8346 = VERTEX_POINT ( 'NONE', #1658 ) ;
#8347 = SURFACE_STYLE_USAGE ( .BOTH. , #4270 ) ;
#8348 = SURFACE_STYLE_FILL_AREA ( #11490 ) ;
#8349 =( BOUNDED_CURVE ( )  B_SPLINE_CURVE ( 3, ( #7558, #7371, #12336, #3577 ),
 .UNSPECIFIED., .F., .T. ) 
 B_SPLINE_CURVE_WITH_KNOTS ( ( 4, 4 ),
 ( 1.570796326794896558, 3.141592653589793116 ),
 .UNSPECIFIED. ) 
 CURVE ( )  GEOMETRIC_REPRESENTATION_ITEM ( )  RATIONAL_B_SPLINE_CURVE ( ( 1.000000000000000000, 0.8047378541243649375, 0.8047378541243649375, 1.000000000000000000 ) ) 
 REPRESENTATION_ITEM ( '' )  );
#8350 = FACE_OUTER_BOUND ( 'NONE', #12537, .T. ) ;
#8351 = PLANE ( 'NONE',  #10571 ) ;
#8352 = SURFACE_STYLE_USAGE ( .BOTH. , #11431 ) ;
#8353 = PRESENTATION_STYLE_ASSIGNMENT (( #12151 ) ) ;
#8354 = ORIENTED_EDGE ( 'NONE', *, *, #2696, .T. ) ;
#8355 = COLOUR_RGB ( '',0.2509803921568627416, 0.2509803921568627416, 0.2509803921568627416 ) ;
#8356 =( GEOMETRIC_REPRESENTATION_CONTEXT ( 3 ) GLOBAL_UNCERTAINTY_ASSIGNED_CONTEXT ( ( #6898 ) ) GLOBAL_UNIT_ASSIGNED_CONTEXT ( ( #2620, #7573, #2753 ) ) REPRESENTATION_CONTEXT ( 'NONE', 'WORKASPACE' ) );
#8357 = CARTESIAN_POINT ( 'NONE',  ( 25.19440418577628904, 1.570893218813452119, 18.41499999999999915 ) ) ;
#8358 = VERTEX_POINT ( 'NONE', #4528 ) ;
#8359 = CARTESIAN_POINT ( 'NONE',  ( 19.59372434749869996, 11.42999999999999972, 7.805190691493481658 ) ) ;
#8360 = ADVANCED_FACE ( 'NONE', ( #1727 ), #6518, .T. ) ;
#8361 = FILL_AREA_STYLE_COLOUR ( '', #6532 ) ;
#8362 = ORIENTED_EDGE ( 'NONE', *, *, #6456, .T. ) ;
#8363 = PRESENTATION_LAYER_ASSIGNMENT (  '', '', ( #1444 ) ) ;
#8364 = CARTESIAN_POINT ( 'NONE',  ( 24.90151096696283872, 1.778000000000000025, 17.91499999999999915 ) ) ;
#8365 = EDGE_CURVE ( 'NONE', #5234, #2761, #3655, .T. ) ;
#8366 = CARTESIAN_POINT ( 'NONE',  ( -28.95599999999999596, 1.277999999999999581, -18.41499999999999559 ) ) ;
#8367 = LINE ( 'NONE', #1548, #5207 ) ;
#8368 = FILL_AREA_STYLE ('',( #4538 ) ) ;
#8369 = ORIENTED_EDGE ( 'NONE', *, *, #9134, .T. ) ;
#8370 = CARTESIAN_POINT ( 'NONE',  ( 4.021684210526315972, 11.42999999999999972, -18.41499999999999559 ) ) ;
#8371 = EDGE_LOOP ( 'NONE', ( #784, #11436, #5049, #5925 ) ) ;
#8372 = AXIS2_PLACEMENT_3D ( 'NONE', #12088, #3413, #6128 ) ;
#8373 = ORIENTED_EDGE ( 'NONE', *, *, #5543, .F. ) ;
#8374 = DIRECTION ( 'NONE',  ( -0.7716245833877198868, 0.000000000000000000, 0.6360782202777640615 ) ) ;
#8375 = PRESENTATION_LAYER_ASSIGNMENT (  '', '', ( #1051 ) ) ;
#8376 =( GEOMETRIC_REPRESENTATION_CONTEXT ( 3 ) GLOBAL_UNCERTAINTY_ASSIGNED_CONTEXT ( ( #497 ) ) GLOBAL_UNIT_ASSIGNED_CONTEXT ( ( #4825, #11616, #7883 ) ) REPRESENTATION_CONTEXT ( 'NONE', 'WORKASPACE' ) );
#8377 = SURFACE_STYLE_USAGE ( .BOTH. , #8320 ) ;
#8378 = LINE ( 'NONE', #3679, #1664 ) ;
#8379 = VERTEX_POINT ( 'NONE', #6936 ) ;
#8380 =( NAMED_UNIT ( * ) PLANE_ANGLE_UNIT ( ) SI_UNIT ( $, .RADIAN. ) );
#8381 = FILL_AREA_STYLE_COLOUR ( '', #11836 ) ;
#8382 = FACE_OUTER_BOUND ( 'NONE', #4836, .T. ) ;
#8383 = COLOUR_RGB ( '',0.2509803921568627416, 0.2509803921568627416, 0.2509803921568627416 ) ;
#8384 = ORIENTED_EDGE ( 'NONE', *, *, #9382, .F. ) ;
#8385 = SURFACE_STYLE_USAGE ( .BOTH. , #5709 ) ;
#8386 = FILL_AREA_STYLE_COLOUR ( '', #11207 ) ;
#8387 = CARTESIAN_POINT ( 'NONE',  ( -21.87882973113956453, 2.522396168247389880, 7.248216127376995388 ) ) ;
#8388 = DIRECTION ( 'NONE',  ( -1.000000000000000000, 0.000000000000000000, -0.000000000000000000 ) ) ;
#8389 = DIRECTION ( 'NONE',  ( 0.000000000000000000, -1.000000000000000000, 0.000000000000000000 ) ) ;
#8390 = MECHANICAL_DESIGN_GEOMETRIC_PRESENTATION_REPRESENTATION (  '', ( #1063 ), #8194 ) ;
#8391 = EDGE_CURVE ( 'NONE', #4651, #6917, #3887, .T. ) ;
#8392 = FACE_OUTER_BOUND ( 'NONE', #2901, .T. ) ;
#8393 = AXIS2_PLACEMENT_3D ( 'NONE', #7743, #150, #10697 ) ;
#8394 = PRESENTATION_STYLE_ASSIGNMENT (( #5516 ) ) ;
#8395 = SURFACE_STYLE_USAGE ( .BOTH. , #10079 ) ;
#8396 = CARTESIAN_POINT ( 'NONE',  ( 13.00778947368420901, 11.42999999999999972, 18.41499999999999915 ) ) ;
#8397 = EDGE_LOOP ( 'NONE', ( #386, #6970, #5235, #3953 ) ) ;
#8398 = PRESENTATION_LAYER_ASSIGNMENT (  '', '', ( #4942 ) ) ;
#8399 = DIRECTION ( 'NONE',  ( -1.000000000000000000, 0.000000000000000000, 0.000000000000000000 ) ) ;
#8400 = SURFACE_SIDE_STYLE ('',( #621 ) ) ;
#8401 = AXIS2_PLACEMENT_3D ( 'NONE', #2541, #8328, #7722 ) ;
#8402 = CARTESIAN_POINT ( 'NONE',  ( -22.39704597387198959, 0.5000000000000000000, -14.09077417469095295 ) ) ;
#8403 = VERTEX_POINT ( 'NONE', #11877 ) ;
#8404 = FACE_OUTER_BOUND ( 'NONE', #8018, .T. ) ;
#8405 = EDGE_CURVE ( 'NONE', #11974, #9606, #5849, .T. ) ;
#8406 = SURFACE_STYLE_USAGE ( .BOTH. , #9247 ) ;
#8407 = EDGE_CURVE ( 'NONE', #6826, #6917, #3942, .T. ) ;
#8408 = FACE_OUTER_BOUND ( 'NONE', #6077, .T. ) ;
#8409 = CIRCLE ( 'NONE', #2927, 0.5000000000000004441 ) ;
#8410 = DIRECTION ( 'NONE',  ( 0.000000000000000000, 0.000000000000000000, 1.000000000000000000 ) ) ;
#8411 = MECHANICAL_DESIGN_GEOMETRIC_PRESENTATION_REPRESENTATION (  '', ( #9033 ), #2098 ) ;
#8412 = LINE ( 'NONE', #3710, #9083 ) ;
#8413 = ORIENTED_EDGE ( 'NONE', *, *, #5270, .T. ) ;
#8414 = CARTESIAN_POINT ( 'NONE',  ( 15.50315789473683736, 11.42999999999999972, -18.41499999999999915 ) ) ;
#8415 = ORIENTED_EDGE ( 'NONE', *, *, #11032, .F. ) ;
#8416 = B_SPLINE_CURVE_WITH_KNOTS ( 'NONE', 3,
 ( #3204, #432, #7955, #8088, #5100, #5222, #7068, #3132, #7004, #9125, #10085, #8154, #3331, #8213, #7192, #11100, #12138, #3397 ),
 .UNSPECIFIED., .F., .F.,
 ( 4, 2, 2, 2, 2, 2, 2, 2, 4 ),
 ( 0.000000000000000000, 0.0009871280741117363731, 0.001974256148223472746, 0.002467820185279339090, 0.002961384222335205867, 0.003208166240863136003, 0.003454948259391067006, 0.003701730277918997142, 0.003948512296446928145 ),
 .UNSPECIFIED. ) ;
#8417 = PRESENTATION_LAYER_ASSIGNMENT (  '', '', ( #56 ) ) ;
#8418 =( LENGTH_UNIT ( ) NAMED_UNIT ( * ) SI_UNIT ( .MILLI., .METRE. ) );
#8419 = VERTEX_POINT ( 'NONE', #11820 ) ;
#8420 = UNCERTAINTY_MEASURE_WITH_UNIT (LENGTH_MEASURE( 1.000000000000000082E-05 ), #279, 'distance_accuracy_value', 'NONE');
#8421 = SURFACE_SIDE_STYLE ('',( #7454 ) ) ;
#8422 = AXIS2_PLACEMENT_3D ( 'NONE', #1200, #4014, #9799 ) ;
#8423 = AXIS2_PLACEMENT_3D ( 'NONE', #6594, #4607, #10306 ) ;
#8424 = SURFACE_STYLE_FILL_AREA ( #6387 ) ;
#8425 = ORIENTED_EDGE ( 'NONE', *, *, #983, .T. ) ;
#8426 = CARTESIAN_POINT ( 'NONE',  ( -7.959789473684211636, 11.42999999999999972, 0.000000000000000000 ) ) ;
#8427 = EDGE_CURVE ( 'NONE', #1622, #4647, #7583, .T. ) ;
#8428 = CARTESIAN_POINT ( 'NONE',  ( -10.48378947368420988, 11.42999999999999972, 17.91499999999999915 ) ) ;
#8429 = DIRECTION ( 'NONE',  ( 0.000000000000000000, 0.000000000000000000, 1.000000000000000000 ) ) ;
#8430 = CIRCLE ( 'NONE', #69, 0.7619999999999953477 ) ;
#8431 =( LENGTH_UNIT ( ) NAMED_UNIT ( * ) SI_UNIT ( .MILLI., .METRE. ) );
#8432 = PRESENTATION_LAYER_ASSIGNMENT (  '', '', ( #1708 ) ) ;
#8433 = ORIENTED_EDGE ( 'NONE', *, *, #7588, .F. ) ;
#8434 = CARTESIAN_POINT ( 'NONE',  ( -12.21715789473683600, 2.929999999999998384, 17.91499999999999915 ) ) ;
#8435 = VECTOR ( 'NONE', #5837, 1000.000000000000000 ) ;
#8436 = ORIENTED_EDGE ( 'NONE', *, *, #4412, .T. ) ;
#8437 = EDGE_CURVE ( 'NONE', #3606, #6965, #8982, .T. ) ;
#8438 = EDGE_CURVE ( 'NONE', #1622, #1557, #6744, .T. ) ;
#8439 = SURFACE_SIDE_STYLE ('',( #655 ) ) ;
#8440 = CARTESIAN_POINT ( 'NONE',  ( 17.72021356188092867, 1.778000000000000025, 17.91499999999999915 ) ) ;
#8441 = DIRECTION ( 'NONE',  ( -0.000000000000000000, -0.000000000000000000, 1.000000000000000000 ) ) ;
#8442 = ORIENTED_EDGE ( 'NONE', *, *, #4462, .F. ) ;
#8443 = CARTESIAN_POINT ( 'NONE',  ( 24.69636993908127565, 11.42999999999999972, -6.972106780694380390 ) ) ;
#8444 = STYLED_ITEM ( 'NONE', ( #10632 ), #11471 ) ;
#8445 = FACE_OUTER_BOUND ( 'NONE', #12450, .T. ) ;
#8446 = UNCERTAINTY_MEASURE_WITH_UNIT (LENGTH_MEASURE( 1.000000000000000082E-05 ), #10833, 'distance_accuracy_value', 'NONE');
#8447 = PRESENTATION_LAYER_ASSIGNMENT (  '', '', ( #11305 ) ) ;
#8448 = SURFACE_STYLE_FILL_AREA ( #10502 ) ;
#8449 = CARTESIAN_POINT ( 'NONE',  ( 17.22021356188092867, 1.277999999999999581, 18.41499999999999915 ) ) ;
#8450 = ORIENTED_EDGE ( 'NONE', *, *, #11021, .F. ) ;
#8451 = DIRECTION ( 'NONE',  ( 1.000000000000000000, 0.000000000000000000, 0.000000000000000000 ) ) ;
#8452 = SURFACE_STYLE_FILL_AREA ( #1624 ) ;
#8453 = AXIS2_PLACEMENT_3D ( 'NONE', #9546, #938, #1188 ) ;
#8454 = ORIENTED_EDGE ( 'NONE', *, *, #8984, .T. ) ;
#8455 = AXIS2_PLACEMENT_3D ( 'NONE', #2582, #4128, #11998 ) ;
#8456 =( GEOMETRIC_REPRESENTATION_CONTEXT ( 3 ) GLOBAL_UNCERTAINTY_ASSIGNED_CONTEXT ( ( #9029 ) ) GLOBAL_UNIT_ASSIGNED_CONTEXT ( ( #2049, #11898, #10656 ) ) REPRESENTATION_CONTEXT ( 'NONE', 'WORKASPACE' ) );
#8457 = EDGE_CURVE ( 'NONE', #1155, #6347, #882, .T. ) ;
#8458 = CARTESIAN_POINT ( 'NONE',  ( -24.84695402612800308, -0.0009999999999992653654, -12.07122582530904786 ) ) ;
#8459 =( GEOMETRIC_REPRESENTATION_CONTEXT ( 3 ) GLOBAL_UNCERTAINTY_ASSIGNED_CONTEXT ( ( #68 ) ) GLOBAL_UNIT_ASSIGNED_CONTEXT ( ( #6595, #2844, #1877 ) ) REPRESENTATION_CONTEXT ( 'NONE', 'WORKASPACE' ) );
#8460 = ORIENTED_EDGE ( 'NONE', *, *, #6578, .F. ) ;
#8461 = CARTESIAN_POINT ( 'NONE',  ( -21.96526315789474637, 2.723085085399292282, 7.236537172765173054 ) ) ;
#8462 = CYLINDRICAL_SURFACE ( 'NONE', #10442, 0.5000000000000004441 ) ;
#8463 = SURFACE_STYLE_FILL_AREA ( #5645 ) ;
#8464 = AXIS2_PLACEMENT_3D ( 'NONE', #12054, #7238, #542 ) ;
#8465 =( LENGTH_UNIT ( ) NAMED_UNIT ( * ) SI_UNIT ( .MILLI., .METRE. ) );
#8466 = CARTESIAN_POINT ( 'NONE',  ( -18.96989473684209671, 2.929999999999998384, -8.872385971794111370 ) ) ;
#8467 = VECTOR ( 'NONE', #6881, 1000.000000000000000 ) ;
#8468 = CARTESIAN_POINT ( 'NONE',  ( 28.45599999999999596, 1.778000000000000025, -16.16328183851187106 ) ) ;
#8469 = PRESENTATION_STYLE_ASSIGNMENT (( #5519 ) ) ;
#8470 = EDGE_CURVE ( 'NONE', #2875, #9378, #11754, .T. ) ;
#8471 = ORIENTED_EDGE ( 'NONE', *, *, #8438, .T. ) ;
#8472 = LINE ( 'NONE', #9420, #439 ) ;
#8473 = CARTESIAN_POINT ( 'NONE',  ( 22.72021356188092511, 10.92999999999999794, 12.17921356188092652 ) ) ;
#8474 = LINE ( 'NONE', #4572, #6497 ) ;
#8475 = ORIENTED_EDGE ( 'NONE', *, *, #10826, .F. ) ;
#8476 = SURFACE_STYLE_FILL_AREA ( #1705 ) ;
#8477 =( NAMED_UNIT ( * ) SI_UNIT ( $, .STERADIAN. ) SOLID_ANGLE_UNIT ( ) );
#8478 = CARTESIAN_POINT ( 'NONE',  ( 22.39704597387198959, -0.0009999999999992653654, 14.09077417469095295 ) ) ;
#8479 = MECHANICAL_DESIGN_GEOMETRIC_PRESENTATION_REPRESENTATION (  '', ( #12394 ), #3415 ) ;
#8480 =( LENGTH_UNIT ( ) NAMED_UNIT ( * ) SI_UNIT ( .MILLI., .METRE. ) );
#8481 = SURFACE_SIDE_STYLE ('',( #4771 ) ) ;
#8482 = FILL_AREA_STYLE_COLOUR ( '', #2946 ) ;
#8483 = ORIENTED_EDGE ( 'NONE', *, *, #7622, .F. ) ;
#8484 = ORIENTED_EDGE ( 'NONE', *, *, #3747, .T. ) ;
#8485 = SURFACE_SIDE_STYLE ('',( #578 ) ) ;
#8486 = DIRECTION ( 'NONE',  ( 0.000000000000000000, -1.000000000000000000, 0.000000000000000000 ) ) ;
#8487 = ORIENTED_EDGE ( 'NONE', *, *, #10096, .F. ) ;
#8488 = SURFACE_STYLE_FILL_AREA ( #2879 ) ;
#8489 = DIRECTION ( 'NONE',  ( 0.000000000000000000, 0.000000000000000000, 1.000000000000000000 ) ) ;
#8490 =( NAMED_UNIT ( * ) SI_UNIT ( $, .STERADIAN. ) SOLID_ANGLE_UNIT ( ) );
#8491 = ORIENTED_EDGE ( 'NONE', *, *, #3404, .F. ) ;
#8492 = SURFACE_STYLE_USAGE ( .BOTH. , #5542 ) ;
#8493 = STYLED_ITEM ( 'NONE', ( #8080 ), #966 ) ;
#8494 = PRESENTATION_STYLE_ASSIGNMENT (( #4597 ) ) ;
#8495 =( LENGTH_UNIT ( ) NAMED_UNIT ( * ) SI_UNIT ( .MILLI., .METRE. ) );
#8496 = AXIS2_PLACEMENT_3D ( 'NONE', #11811, #3877, #2076 ) ;
#8497 = CARTESIAN_POINT ( 'NONE',  ( -8.459789473684212524, 11.42999999999999972, 17.91499999999999915 ) ) ;
#8498 = ORIENTED_EDGE ( 'NONE', *, *, #8928, .T. ) ;
#8499 =( NAMED_UNIT ( * ) PLANE_ANGLE_UNIT ( ) SI_UNIT ( $, .RADIAN. ) );
#8500 = DIRECTION ( 'NONE',  ( 0.000000000000000000, 0.000000000000000000, 1.000000000000000000 ) ) ;
#8501 = ORIENTED_EDGE ( 'NONE', *, *, #1486, .T. ) ;
#8502 = AXIS2_PLACEMENT_3D ( 'NONE', #1192, #4007, #5083 ) ;
#8503 = EDGE_CURVE ( 'NONE', #516, #1048, #31, .T. ) ;
#8504 = EDGE_CURVE ( 'NONE', #11630, #7903, #2150, .T. ) ;
#8505 = SURFACE_STYLE_USAGE ( .BOTH. , #4254 ) ;
#8506 = EDGE_LOOP ( 'NONE', ( #1519, #2769, #2101, #2573 ) ) ;
#8507 = LINE ( 'NONE', #11258, #11805 ) ;
#8508 = STYLED_ITEM ( 'NONE', ( #11444 ), #9884 ) ;
#8509 = DIRECTION ( 'NONE',  ( -0.6360782202777650607, 0.000000000000000000, 0.7716245833877191096 ) ) ;
#8510 = UNCERTAINTY_MEASURE_WITH_UNIT (LENGTH_MEASURE( 1.000000000000000082E-05 ), #877, 'distance_accuracy_value', 'NONE');
#8511 = SURFACE_SIDE_STYLE ('',( #8448 ) ) ;
#8512 = DIRECTION ( 'NONE',  ( 0.000000000000000000, -1.000000000000000000, 0.000000000000000000 ) ) ;
#8513 = AXIS2_PLACEMENT_3D ( 'NONE', #3810, #8522, #11341 ) ;
#8514 = FILL_AREA_STYLE_COLOUR ( '', #1743 ) ;
#8515 = ORIENTED_EDGE ( 'NONE', *, *, #6477, .T. ) ;
#8516 = FACE_OUTER_BOUND ( 'NONE', #1815, .T. ) ;
#8517 = EDGE_LOOP ( 'NONE', ( #6511, #4913, #10250, #6259 ) ) ;
#8518 = CYLINDRICAL_SURFACE ( 'NONE', #9940, 0.5000000000000004441 ) ;
#8519 = PRESENTATION_LAYER_ASSIGNMENT (  '', '', ( #3244 ) ) ;
#8520 = CARTESIAN_POINT ( 'NONE',  ( 28.07018770830613263, 0.5000000000000000000, -15.98132094865075814 ) ) ;
#8521 = VERTEX_POINT ( 'NONE', #6880 ) ;
#8522 = DIRECTION ( 'NONE',  ( 0.000000000000000000, -1.000000000000000000, 0.000000000000000000 ) ) ;
#8523 =( NAMED_UNIT ( * ) PLANE_ANGLE_UNIT ( ) SI_UNIT ( $, .RADIAN. ) );
#8524 = EDGE_CURVE ( 'NONE', #2506, #11461, #10764, .T. ) ;
#8525 = ADVANCED_FACE ( 'NONE', ( #10713 ), #1905, .F. ) ;
#8526 = SURFACE_STYLE_USAGE ( .BOTH. , #9480 ) ;
#8527 = TOROIDAL_SURFACE ( 'NONE', #6900, 1.261999999999997124, 0.5000000000000000000 ) ;
#8528 = SURFACE_STYLE_USAGE ( .BOTH. , #8590 ) ;
#8529 = COLOUR_RGB ( '',0.2509803921568627416, 0.2509803921568627416, 0.2509803921568627416 ) ;
#8530 = DIRECTION ( 'NONE',  ( -0.000000000000000000, 0.000000000000000000, 1.000000000000000000 ) ) ;
#8531 = ORIENTED_EDGE ( 'NONE', *, *, #357, .T. ) ;
#8532 = DIRECTION ( 'NONE',  ( 0.6360782202777646166, 0.000000000000000000, -0.7716245833877193316 ) ) ;
#8533 = MECHANICAL_DESIGN_GEOMETRIC_PRESENTATION_REPRESENTATION (  '', ( #6507 ), #2630 ) ;
#8534 = DIRECTION ( 'NONE',  ( -0.000000000000000000, -1.000000000000000000, -0.000000000000000000 ) ) ;
#8535 = EDGE_LOOP ( 'NONE', ( #9521, #12188, #9745, #2676, #7967 ) ) ;
#8536 = CARTESIAN_POINT ( 'NONE',  ( 19.96989473684210736, 10.92999999999999794, -8.003600270322777988 ) ) ;
#8537 = CARTESIAN_POINT ( 'NONE',  ( -27.95599999999999241, 1.778000000000005132, -7.179213561880927408 ) ) ;
#8538 = EDGE_CURVE ( 'NONE', #2984, #54, #3078, .T. ) ;
#8539 = AXIS2_PLACEMENT_3D ( 'NONE', #10432, #12390, #1755 ) ;
#8540 = DIRECTION ( 'NONE',  ( 0.000000000000000000, -0.000000000000000000, -1.000000000000000000 ) ) ;
#8541 = SURFACE_SIDE_STYLE ('',( #5661 ) ) ;
#8542 = MECHANICAL_DESIGN_GEOMETRIC_PRESENTATION_REPRESENTATION (  '', ( #1623 ), #9357 ) ;
#8543 = ORIENTED_EDGE ( 'NONE', *, *, #11569, .T. ) ;
#8544 = FILL_AREA_STYLE_COLOUR ( '', #2866 ) ;
#8545 = EDGE_LOOP ( 'NONE', ( #11500, #1761, #8685, #8636 ) ) ;
#8546 = FILL_AREA_STYLE_COLOUR ( '', #9598 ) ;
#8547 = DIRECTION ( 'NONE',  ( 0.000000000000000000, -0.000000000000000000, -1.000000000000000000 ) ) ;
#8548 = ORIENTED_EDGE ( 'NONE', *, *, #6456, .F. ) ;
#8549 = FILL_AREA_STYLE ('',( #12541 ) ) ;
#8550 = LINE ( 'NONE', #7387, #1296 ) ;
#8551 =( NAMED_UNIT ( * ) SI_UNIT ( $, .STERADIAN. ) SOLID_ANGLE_UNIT ( ) );
#8552 = ORIENTED_EDGE ( 'NONE', *, *, #8666, .F. ) ;
#8553 = EDGE_CURVE ( 'NONE', #5117, #2451, #4829, .T. ) ;
#8554 =( NAMED_UNIT ( * ) SI_UNIT ( $, .STERADIAN. ) SOLID_ANGLE_UNIT ( ) );
#8555 = PRESENTATION_LAYER_ASSIGNMENT (  '', '', ( #5902 ) ) ;
#8556 = LINE ( 'NONE', #3601, #7852 ) ;
#8557 = EDGE_CURVE ( 'NONE', #2694, #6760, #5357, .T. ) ;
#8558 = SURFACE_STYLE_FILL_AREA ( #8368 ) ;
#8559 = PRESENTATION_STYLE_ASSIGNMENT (( #7650 ) ) ;
#8560 = ORIENTED_EDGE ( 'NONE', *, *, #12015, .T. ) ;
#8561 = CARTESIAN_POINT ( 'NONE',  ( -28.95599999999999596, 1.277999999999999581, 18.41499999999999915 ) ) ;
#8562 = CARTESIAN_POINT ( 'NONE',  ( 4.993052631578944300, 11.22289321881344826, -18.20789321881344236 ) ) ;
#8563 = VERTEX_POINT ( 'NONE', #3386 ) ;
#8564 = CYLINDRICAL_SURFACE ( 'NONE', #1285, 0.5000000000000004441 ) ;
#8565 = PRESENTATION_STYLE_ASSIGNMENT (( #7401 ) ) ;
#8566 = VECTOR ( 'NONE', #6774, 1000.000000000000000 ) ;
#8567 = AXIS2_PLACEMENT_3D ( 'NONE', #12603, #1850, #5728 ) ;
#8568 = CARTESIAN_POINT ( 'NONE',  ( 22.72021356188092511, 11.42999999999999972, -12.17921356188092652 ) ) ;
#8569 = ORIENTED_EDGE ( 'NONE', *, *, #3760, .F. ) ;
#8570 = SURFACE_SIDE_STYLE ('',( #7727 ) ) ;
#8571 = UNCERTAINTY_MEASURE_WITH_UNIT (LENGTH_MEASURE( 1.000000000000000082E-05 ), #11825, 'distance_accuracy_value', 'NONE');
#8572 = CARTESIAN_POINT ( 'NONE',  ( 27.48463157894736497, 1.778000000000000025, -7.179213561880927408 ) ) ;
#8573 = DIRECTION ( 'NONE',  ( 0.000000000000000000, 0.000000000000000000, -1.000000000000000000 ) ) ;
#8574 = DIRECTION ( 'NONE',  ( -1.000000000000000000, -0.000000000000000000, -0.000000000000000000 ) ) ;
#8575 = EDGE_LOOP ( 'NONE', ( #2878, #1409, #180, #6542, #530, #11984, #3513, #7127, #5917, #786, #7762, #566 ) ) ;
#8576 = ADVANCED_FACE ( 'NONE', ( #12065 ), #5325, .T. ) ;
#8577 = FACE_OUTER_BOUND ( 'NONE', #10373, .T. ) ;
#8578 = CARTESIAN_POINT ( 'NONE',  ( 24.48926315789472952, 1.778000000000000025, 7.179213561880927408 ) ) ;
#8579 =( NAMED_UNIT ( * ) SI_UNIT ( $, .STERADIAN. ) SOLID_ANGLE_UNIT ( ) );
#8580 = EDGE_LOOP ( 'NONE', ( #1423, #1588, #6050, #5562 ) ) ;
#8581 = SURFACE_STYLE_USAGE ( .BOTH. , #7541 ) ;
#8582 = DIRECTION ( 'NONE',  ( -0.000000000000000000, -0.000000000000000000, 1.000000000000000000 ) ) ;
#8583 = VERTEX_POINT ( 'NONE', #5210 ) ;
#8584 = VECTOR ( 'NONE', #10838, 1000.000000000000000 ) ;
#8585 = FACE_OUTER_BOUND ( 'NONE', #4713, .T. ) ;
#8586 = DIRECTION ( 'NONE',  ( 0.7716245833877198868, 0.000000000000000000, 0.6360782202777640615 ) ) ;
#8587 =( LENGTH_UNIT ( ) NAMED_UNIT ( * ) SI_UNIT ( .MILLI., .METRE. ) );
#8588 = ADVANCED_FACE ( 'NONE', ( #4387 ), #7059, .F. ) ;
#8589 =( NAMED_UNIT ( * ) PLANE_ANGLE_UNIT ( ) SI_UNIT ( $, .RADIAN. ) );
#8590 = SURFACE_SIDE_STYLE ('',( #3632 ) ) ;
#8591 = COLOUR_RGB ( '',0.2509803921568627416, 0.2509803921568627416, 0.2509803921568627416 ) ;
#8592 = FILL_AREA_STYLE_COLOUR ( '', #4655 ) ;
#8593 = CARTESIAN_POINT ( 'NONE',  ( -28.95599999999999596, 1.277999999999999581, 6.679213561880927408 ) ) ;
#8594 = PRESENTATION_LAYER_ASSIGNMENT (  '', '', ( #1054 ) ) ;
#8595 = MECHANICAL_DESIGN_GEOMETRIC_PRESENTATION_REPRESENTATION (  '', ( #3915 ), #5936 ) ;
#8596 = VERTEX_POINT ( 'NONE', #1386 ) ;
#8597 = EDGE_CURVE ( 'NONE', #11680, #9718, #5140, .T. ) ;
#8598 = DIRECTION ( 'NONE',  ( -0.000000000000000000, -0.000000000000000000, 1.000000000000000000 ) ) ;
#8599 = FILL_AREA_STYLE ('',( #6559 ) ) ;
#8600 = AXIS2_PLACEMENT_3D ( 'NONE', #4891, #10770, #9802 ) ;
#8601 = VERTEX_POINT ( 'NONE', #4206 ) ;
#8602 = FILL_AREA_STYLE ('',( #5657 ) ) ;
#8603 = AXIS2_PLACEMENT_3D ( 'NONE', #8174, #11124, #3473 ) ;
#8604 = MECHANICAL_DESIGN_GEOMETRIC_PRESENTATION_REPRESENTATION (  '', ( #1890 ), #4724 ) ;
#8605 = DIRECTION ( 'NONE',  ( -0.000000000000000000, 1.000000000000000000, 0.000000000000000000 ) ) ;
#8606 = FACE_OUTER_BOUND ( 'NONE', #6023, .T. ) ;
#8607 = CARTESIAN_POINT ( 'NONE',  ( 27.98463157894736497, 11.42999999999999972, -6.679213561880927408 ) ) ;
#8608 =( NAMED_UNIT ( * ) SI_UNIT ( $, .STERADIAN. ) SOLID_ANGLE_UNIT ( ) );
#8609 = VERTEX_POINT ( 'NONE', #12194 ) ;
#8610 = ORIENTED_EDGE ( 'NONE', *, *, #9644, .T. ) ;
#8611 = AXIS2_PLACEMENT_3D ( 'NONE', #161, #6988, #2208 ) ;
#8612 = SURFACE_STYLE_USAGE ( .BOTH. , #835 ) ;
#8613 = ORIENTED_EDGE ( 'NONE', *, *, #195, .T. ) ;
#8614 =( BOUNDED_CURVE ( )  B_SPLINE_CURVE ( 3, ( #4032, #8696, #3903, #11708 ),
 .UNSPECIFIED., .F., .F. ) 
 B_SPLINE_CURVE_WITH_KNOTS ( ( 4, 4 ),
 ( 1.570796326794896336, 3.141592653589792672 ),
 .UNSPECIFIED. ) 
 CURVE ( )  GEOMETRIC_REPRESENTATION_ITEM ( )  RATIONAL_B_SPLINE_CURVE ( ( 1.000000000000000000, 0.8047378541243650485, 0.8047378541243650485, 1.000000000000000000 ) ) 
 REPRESENTATION_ITEM ( '' )  );
#8615 = CARTESIAN_POINT ( 'NONE',  ( -24.84695402612800308, 1.778000000000000025, 12.07122582530904786 ) ) ;
#8616 = FACE_OUTER_BOUND ( 'NONE', #12084, .T. ) ;
#8617 = CARTESIAN_POINT ( 'NONE',  ( -28.45599999999999596, 11.42999999999999972, 15.66328183851187994 ) ) ;
#8618 = ORIENTED_EDGE ( 'NONE', *, *, #7734, .F. ) ;
#8619 = COLOUR_RGB ( '',0.2509803921568627416, 0.2509803921568627416, 0.2509803921568627416 ) ;
#8620 = LINE ( 'NONE', #12485, #12111 ) ;
#8621 = SURFACE_SIDE_STYLE ('',( #719 ) ) ;
#8622 =( NAMED_UNIT ( * ) PLANE_ANGLE_UNIT ( ) SI_UNIT ( $, .RADIAN. ) );
#8623 = CARTESIAN_POINT ( 'NONE',  ( -17.44589473684210645, 10.92999999999999794, -18.41499999999999915 ) ) ;
#8624 = ORIENTED_EDGE ( 'NONE', *, *, #6177, .F. ) ;
#8625 = FILL_AREA_STYLE ('',( #4601 ) ) ;
#8626 = CARTESIAN_POINT ( 'NONE',  ( -9.983789473684209881, 11.42999999999999972, -17.91499999999999204 ) ) ;
#8627 = VERTEX_POINT ( 'NONE', #10010 ) ;
#8628 = CIRCLE ( 'NONE', #6176, 0.5000000000000004441 ) ;
#8629 =( GEOMETRIC_REPRESENTATION_CONTEXT ( 3 ) GLOBAL_UNCERTAINTY_ASSIGNED_CONTEXT ( ( #11994 ) ) GLOBAL_UNIT_ASSIGNED_CONTEXT ( ( #11223, #2498, #3402 ) ) REPRESENTATION_CONTEXT ( 'NONE', 'WORKASPACE' ) );
#8630 = EDGE_CURVE ( 'NONE', #3606, #5124, #1259, .T. ) ;
#8631 = DIRECTION ( 'NONE',  ( 0.000000000000000000, -1.000000000000000000, 0.000000000000000000 ) ) ;
#8632 = AXIS2_PLACEMENT_3D ( 'NONE', #9943, #4136, #3063 ) ;
#8633 = DIRECTION ( 'NONE',  ( 0.000000000000000000, -0.000000000000000000, -1.000000000000000000 ) ) ;
#8634 = FACE_OUTER_BOUND ( 'NONE', #9436, .T. ) ;
#8635 = CARTESIAN_POINT ( 'NONE',  ( -14.45052631578947278, 11.22289321881345536, 18.20789321881345302 ) ) ;
#8636 = ORIENTED_EDGE ( 'NONE', *, *, #12204, .F. ) ;
#8637 = MECHANICAL_DESIGN_GEOMETRIC_PRESENTATION_REPRESENTATION (  '', ( #12540 ), #8238 ) ;
#8638 = CARTESIAN_POINT ( 'NONE',  ( 24.84695402612801018, 0.5000000000000000000, -12.07122582530905675 ) ) ;
#8639 = STYLED_ITEM ( 'NONE', ( #1991 ), #11017 ) ;
#8640 = CYLINDRICAL_SURFACE ( 'NONE', #7040, 0.5000000000000004441 ) ;
#8641 = CARTESIAN_POINT ( 'NONE',  ( 23.62199999999999633, 0.5000000000000000000, 13.08100000000000840 ) ) ;
#8642 = FILL_AREA_STYLE_COLOUR ( '', #2507 ) ;
#8643 = DIRECTION ( 'NONE',  ( 0.6360782202777651717, 0.000000000000000000, -0.7716245833877191096 ) ) ;
#8644 = VERTEX_POINT ( 'NONE', #2795 ) ;
#8645 = DIRECTION ( 'NONE',  ( -0.000000000000000000, 1.000000000000000000, -0.000000000000000000 ) ) ;
#8646 = STYLED_ITEM ( 'NONE', ( #498 ), #12248 ) ;
#8647 = LINE ( 'NONE', #1453, #7014 ) ;
#8648 = VECTOR ( 'NONE', #8052, 1000.000000000000000 ) ;
#8649 = ORIENTED_EDGE ( 'NONE', *, *, #6314, .F. ) ;
#8650 = VECTOR ( 'NONE', #5628, 1000.000000000000000 ) ;
#8651 = EDGE_CURVE ( 'NONE', #4672, #4573, #4372, .T. ) ;
#8652 =( GEOMETRIC_REPRESENTATION_CONTEXT ( 3 ) GLOBAL_UNCERTAINTY_ASSIGNED_CONTEXT ( ( #973 ) ) GLOBAL_UNIT_ASSIGNED_CONTEXT ( ( #2944, #6946, #12663 ) ) REPRESENTATION_CONTEXT ( 'NONE', 'WORKASPACE' ) );
#8653 =( NAMED_UNIT ( * ) SI_UNIT ( $, .STERADIAN. ) SOLID_ANGLE_UNIT ( ) );
#8654 = LINE ( 'NONE', #7546, #9174 ) ;
#8655 = DIRECTION ( 'NONE',  ( 0.000000000000000000, -0.000000000000000000, -1.000000000000000000 ) ) ;
#8656 = SURFACE_STYLE_USAGE ( .BOTH. , #9787 ) ;
#8657 = SURFACE_STYLE_USAGE ( .BOTH. , #4631 ) ;
#8658 = MECHANICAL_DESIGN_GEOMETRIC_PRESENTATION_REPRESENTATION (  '', ( #6214 ), #2557 ) ;
#8659 = PRESENTATION_LAYER_ASSIGNMENT (  '', '', ( #10689 ) ) ;
#8660 = CARTESIAN_POINT ( 'NONE',  ( -22.72021356188092511, 11.42999999999999972, 12.17921356188092652 ) ) ;
#8661 = AXIS2_PLACEMENT_3D ( 'NONE', #10056, #8906, #11740 ) ;
#8662 = CARTESIAN_POINT ( 'NONE',  ( 18.49852631578947282, 2.929999999999998384, -9.500154623337630611 ) ) ;
#8663 =( LENGTH_UNIT ( ) NAMED_UNIT ( * ) SI_UNIT ( .MILLI., .METRE. ) );
#8664 = VERTEX_POINT ( 'NONE', #1828 ) ;
#8665 = DIRECTION ( 'NONE',  ( 0.000000000000000000, 0.000000000000000000, 1.000000000000000000 ) ) ;
#8666 = EDGE_CURVE ( 'NONE', #8187, #11630, #11345, .T. ) ;
#8667 = EDGE_CURVE ( 'NONE', #1277, #632, #11687, .T. ) ;
#8668 = AXIS2_PLACEMENT_3D ( 'NONE', #3188, #11013, #7168 ) ;
#8669 = ORIENTED_EDGE ( 'NONE', *, *, #10319, .T. ) ;
#8670 = CARTESIAN_POINT ( 'NONE',  ( -3.231052631578943402, 2.929999999999998384, -18.41499999999999915 ) ) ;
#8671 = COLOUR_RGB ( '',0.2509803921568627416, 0.2509803921568627416, 0.2509803921568627416 ) ;
#8672 = ADVANCED_FACE ( 'NONE', ( #6489 ), #7361, .F. ) ;
#8673 = FACE_OUTER_BOUND ( 'NONE', #4845, .T. ) ;
#8674 = PRESENTATION_STYLE_ASSIGNMENT (( #5720 ) ) ;
#8675 = EDGE_CURVE ( 'NONE', #6863, #10741, #6551, .T. ) ;
#8676 = SURFACE_SIDE_STYLE ('',( #10335 ) ) ;
#8677 = CARTESIAN_POINT ( 'NONE',  ( 7.488421052631579755, 2.929999999999998384, -18.41499999999999559 ) ) ;
#8678 = CARTESIAN_POINT ( 'NONE',  ( -17.72021356188093222, 2.344499298387705544, 18.05210689877699792 ) ) ;
#8679 = ORIENTED_EDGE ( 'NONE', *, *, #10319, .F. ) ;
#8681 = AXIS2_PLACEMENT_3D ( 'NONE', #5535, #10284, #8547 ) ;
#8680 = CARTESIAN_POINT ( 'NONE',  ( 1.997684210526318171, 11.42999999999999972, -18.41499999999999915 ) ) ;
#8682 = VERTEX_POINT ( 'NONE', #3567 ) ;
#8683 = DIRECTION ( 'NONE',  ( 0.000000000000000000, 0.000000000000000000, -1.000000000000000000 ) ) ;
#8684 = CARTESIAN_POINT ( 'NONE',  ( -24.96063157894736406, 10.92999999999999794, 7.179213561880927408 ) ) ;
#8685 = ORIENTED_EDGE ( 'NONE', *, *, #7155, .F. ) ;
#8686 = DIRECTION ( 'NONE',  ( 0.000000000000000000, 0.000000000000000000, -1.000000000000000000 ) ) ;
#8687 = VERTEX_POINT ( 'NONE', #7425 ) ;
#8688 = ADVANCED_FACE ( 'NONE', ( #10386 ), #8462, .T. ) ;
#8689 = FILL_AREA_STYLE_COLOUR ( '', #4924 ) ;
#8690 = PRESENTATION_LAYER_ASSIGNMENT (  '', '', ( #12396 ) ) ;
#8691 = EDGE_CURVE ( 'NONE', #8867, #408, #5533, .T. ) ;
#8692 = FACE_OUTER_BOUND ( 'NONE', #3462, .T. ) ;
#8693 = CARTESIAN_POINT ( 'NONE',  ( -25.16773836013391374, 11.42999999999999972, -6.972106780694380390 ) ) ;
#8694 = FILL_AREA_STYLE ('',( #5548 ) ) ;
#8695 = ORIENTED_EDGE ( 'NONE', *, *, #9510, .T. ) ;
#8696 = CARTESIAN_POINT ( 'NONE',  ( 13.97915789473684178, 11.22289321881344826, -18.20789321881344236 ) ) ;
#8697 = CYLINDRICAL_SURFACE ( 'NONE', #6319, 0.5000000000000004441 ) ;
#8698 = PRESENTATION_LAYER_ASSIGNMENT (  '', '', ( #9915 ) ) ;
#8699 = ORIENTED_EDGE ( 'NONE', *, *, #2499, .F. ) ;
#8700 =( BOUNDED_CURVE ( )  B_SPLINE_CURVE ( 3, ( #7655, #10611, #10491, #4545 ),
 .UNSPECIFIED., .F., .T. ) 
 B_SPLINE_CURVE_WITH_KNOTS ( ( 4, 4 ),
 ( 4.712388980384689674, 6.283185307179586232 ),
 .UNSPECIFIED. ) 
 CURVE ( )  GEOMETRIC_REPRESENTATION_ITEM ( )  RATIONAL_B_SPLINE_CURVE ( ( 1.000000000000000000, 0.8047378541243649375, 0.8047378541243649375, 1.000000000000000000 ) ) 
 REPRESENTATION_ITEM ( '' )  );
#8701 = DIRECTION ( 'NONE',  ( 0.000000000000000000, 0.000000000000000000, 1.000000000000000000 ) ) ;
#8702 =( NAMED_UNIT ( * ) SI_UNIT ( $, .STERADIAN. ) SOLID_ANGLE_UNIT ( ) );
#8703 = DIRECTION ( 'NONE',  ( 4.081702296416016490E-16, -1.000000000000000000, 0.000000000000000000 ) ) ;
#8704 = PRESENTATION_STYLE_ASSIGNMENT (( #4798 ) ) ;
#8705 = CIRCLE ( 'NONE', #3214, 0.7619999999999953477 ) ;
#8706 = ORIENTED_EDGE ( 'NONE', *, *, #8538, .F. ) ;
#8707 = SURFACE_SIDE_STYLE ('',( #11454 ) ) ;
#8708 = CARTESIAN_POINT ( 'NONE',  ( 18.51320944072191210, 11.05363516175444083, 9.450017885233728876 ) ) ;
#8709 = STYLED_ITEM ( 'NONE', ( #5377 ), #9665 ) ;
#8710 = CARTESIAN_POINT ( 'NONE',  ( -22.72021356188096419, 1.778000000000000025, 7.179213561880928296 ) ) ;
#8711 = EDGE_CURVE ( 'NONE', #12501, #5409, #1066, .T. ) ;
#8712 = CARTESIAN_POINT ( 'NONE',  ( 22.72021356188092511, 11.42999999999999972, -12.17921356188092652 ) ) ;
#8713 = MECHANICAL_DESIGN_GEOMETRIC_PRESENTATION_REPRESENTATION (  '', ( #1164 ), #9511 ) ;
#8714 = DIRECTION ( 'NONE',  ( -1.000000000000000000, 0.000000000000000000, 0.000000000000000000 ) ) ;
#8715 = EDGE_LOOP ( 'NONE', ( #8699, #11000, #1287, #12162 ) ) ;
#8716 = LINE ( 'NONE', #6668, #2003 ) ;
#8717 = EDGE_LOOP ( 'NONE', ( #6535, #4457, #3680, #3684 ) ) ;
#8718 = FACE_OUTER_BOUND ( 'NONE', #6273, .T. ) ;
#8719 =( NAMED_UNIT ( * ) PLANE_ANGLE_UNIT ( ) SI_UNIT ( $, .RADIAN. ) );
#8720 =( LENGTH_UNIT ( ) NAMED_UNIT ( * ) SI_UNIT ( .MILLI., .METRE. ) );
#8721 = CARTESIAN_POINT ( 'NONE',  ( -19.94126315789473125, 11.42999999999999972, 7.432906086359913012 ) ) ;
#8722 = VECTOR ( 'NONE', #4934, 1000.000000000000000 ) ;
#8723 =( NAMED_UNIT ( * ) PLANE_ANGLE_UNIT ( ) SI_UNIT ( $, .RADIAN. ) );
#8724 = LINE ( 'NONE', #4004, #12562 ) ;
#8725 = ADVANCED_FACE ( 'NONE', ( #1120 ), #9854, .T. ) ;
#8726 = SURFACE_STYLE_USAGE ( .BOTH. , #4821 ) ;
#8727 = DIRECTION ( 'NONE',  ( 4.081702296416016490E-16, -1.000000000000000000, 0.000000000000000000 ) ) ;
#8728 = VERTEX_POINT ( 'NONE', #11607 ) ;
#8729 = SURFACE_STYLE_USAGE ( .BOTH. , #96 ) ;
#8730 = PLANE ( 'NONE',  #8502 ) ;
#8731 = SURFACE_STYLE_USAGE ( .BOTH. , #821 ) ;
#8732 = FACE_OUTER_BOUND ( 'NONE', #4018, .T. ) ;
#8733 = EDGE_CURVE ( 'NONE', #8664, #10741, #2018, .T. ) ;
#8734 = DIRECTION ( 'NONE',  ( -0.000000000000000000, -1.000000000000000000, -0.000000000000000000 ) ) ;
#8735 = SURFACE_STYLE_USAGE ( .BOTH. , #10828 ) ;
#8736 = VECTOR ( 'NONE', #8214, 1000.000000000000000 ) ;
#8737 = FILL_AREA_STYLE_COLOUR ( '', #9048 ) ;
#8738 = STYLED_ITEM ( 'NONE', ( #3633 ), #6064 ) ;
#8739 = ADVANCED_FACE ( 'NONE', ( #5008 ), #1894, .F. ) ;
#8740 =( NAMED_UNIT ( * ) PLANE_ANGLE_UNIT ( ) SI_UNIT ( $, .RADIAN. ) );
#8741 = ORIENTED_EDGE ( 'NONE', *, *, #4282, .F. ) ;
#8742 =( NAMED_UNIT ( * ) PLANE_ANGLE_UNIT ( ) SI_UNIT ( $, .RADIAN. ) );
#8743 = MECHANICAL_DESIGN_GEOMETRIC_PRESENTATION_REPRESENTATION (  '', ( #7098 ), #5068 ) ;
#8744 = EDGE_LOOP ( 'NONE', ( #550, #12201, #5880, #1870 ) ) ;
#8745 = CARTESIAN_POINT ( 'NONE',  ( -24.84695402612800308, 1.778000000000000025, 12.07122582530904786 ) ) ;
#8746 = CARTESIAN_POINT ( 'NONE',  ( 21.51689908460037515, 11.09711348510718665, -7.302278636960200409 ) ) ;
#8747 = ORIENTED_EDGE ( 'NONE', *, *, #3589, .T. ) ;
#8748 = DIRECTION ( 'NONE',  ( -0.6360782202777650607, 0.000000000000000000, 0.7716245833877191096 ) ) ;
#8749 =( NAMED_UNIT ( * ) SI_UNIT ( $, .STERADIAN. ) SOLID_ANGLE_UNIT ( ) );
#8750 = AXIS2_PLACEMENT_3D ( 'NONE', #3170, #4049, #8835 ) ;
#8751 = ORIENTED_EDGE ( 'NONE', *, *, #5541, .F. ) ;
#8752 = SURFACE_STYLE_USAGE ( .BOTH. , #792 ) ;
#8753 = COLOUR_RGB ( '',0.2509803921568627416, 0.2509803921568627416, 0.2509803921568627416 ) ;
#8754 = DIRECTION ( 'NONE',  ( 0.000000000000000000, 0.000000000000000000, -1.000000000000000000 ) ) ;
#8755 = FACE_OUTER_BOUND ( 'NONE', #3042, .T. ) ;
#8756 = ORIENTED_EDGE ( 'NONE', *, *, #8553, .F. ) ;
#8757 = STYLED_ITEM ( 'NONE', ( #6892 ), #3545 ) ;
#8758 = DIRECTION ( 'NONE',  ( 1.000000000000000000, 0.000000000000000000, 0.000000000000000000 ) ) ;
#8759 = MECHANICAL_DESIGN_GEOMETRIC_PRESENTATION_REPRESENTATION (  '', ( #6311 ), #12255 ) ;
#8760 = DIRECTION ( 'NONE',  ( -0.6360782202777650607, 0.000000000000000000, -0.7716245833877191096 ) ) ;
#8761 = ORIENTED_EDGE ( 'NONE', *, *, #1450, .F. ) ;
#8762 = CARTESIAN_POINT ( 'NONE',  ( -28.45599999999999596, 11.42999999999999972, 6.679213561880927408 ) ) ;
#8763 = UNCERTAINTY_MEASURE_WITH_UNIT (LENGTH_MEASURE( 1.000000000000000082E-05 ), #5479, 'distance_accuracy_value', 'NONE');
#8764 = EDGE_CURVE ( 'NONE', #6777, #3840, #9863, .T. ) ;
#8765 = LINE ( 'NONE', #1163, #8566 ) ;
#8766 = EDGE_CURVE ( 'NONE', #11893, #8990, #4817, .T. ) ;
#8767 = CYLINDRICAL_SURFACE ( 'NONE', #10230, 0.5000000000000004441 ) ;
#8768 = ORIENTED_EDGE ( 'NONE', *, *, #5077, .F. ) ;
#8769 = PRESENTATION_LAYER_ASSIGNMENT (  '', '', ( #7121 ) ) ;
#8770 = FILL_AREA_STYLE_COLOUR ( '', #1747 ) ;
#8771 = MECHANICAL_DESIGN_GEOMETRIC_PRESENTATION_REPRESENTATION (  '', ( #7728 ), #3085 ) ;
#8772 = PRESENTATION_STYLE_ASSIGNMENT (( #9710 ) ) ;
#8773 =( LENGTH_UNIT ( ) NAMED_UNIT ( * ) SI_UNIT ( .MILLI., .METRE. ) );
#8774 =( LENGTH_UNIT ( ) NAMED_UNIT ( * ) SI_UNIT ( .MILLI., .METRE. ) );
#8775 = SURFACE_SIDE_STYLE ('',( #1947 ) ) ;
#8776 =( BOUNDED_CURVE ( )  B_SPLINE_CURVE ( 3, ( #11196, #6335, #467, #5426 ),
 .UNSPECIFIED., .F., .T. ) 
 B_SPLINE_CURVE_WITH_KNOTS ( ( 4, 4 ),
 ( 2.452187599052024769, 3.141592653589798001 ),
 .UNSPECIFIED. ) 
 CURVE ( )  GEOMETRIC_REPRESENTATION_ITEM ( )  RATIONAL_B_SPLINE_CURVE ( ( 1.000000000000000000, 0.9607840101709121949, 0.9607840101709121949, 1.000000000000000000 ) ) 
 REPRESENTATION_ITEM ( '' )  );
#8777 = SURFACE_STYLE_FILL_AREA ( #2008 ) ;
#8778 = SURFACE_SIDE_STYLE ('',( #1951 ) ) ;
#8779 = ORIENTED_EDGE ( 'NONE', *, *, #774, .F. ) ;
#8780 = EDGE_CURVE ( 'NONE', #5244, #3150, #7164, .T. ) ;
#8781 = STYLED_ITEM ( 'NONE', ( #3224 ), #3489 ) ;
#8782 = DIRECTION ( 'NONE',  ( -0.000000000000000000, 0.000000000000000000, 1.000000000000000000 ) ) ;
#8783 = ORIENTED_EDGE ( 'NONE', *, *, #3057, .T. ) ;
#8784 = FILL_AREA_STYLE ('',( #2917 ) ) ;
#8785 =( NAMED_UNIT ( * ) PLANE_ANGLE_UNIT ( ) SI_UNIT ( $, .RADIAN. ) );
#8786 = AXIS2_PLACEMENT_3D ( 'NONE', #7849, #9828, #8701 ) ;
#8787 = STYLED_ITEM ( 'NONE', ( #9567 ), #3516 ) ;
#8788 = CARTESIAN_POINT ( 'NONE',  ( -4.493052631578946077, 11.42999999999999972, 0.000000000000000000 ) ) ;
#8789 = CARTESIAN_POINT ( 'NONE',  ( -9.221789473684207650, 2.929999999999998384, -17.91499999999999204 ) ) ;
#8790 =( NAMED_UNIT ( * ) SI_UNIT ( $, .STERADIAN. ) SOLID_ANGLE_UNIT ( ) );
#8791 = DIRECTION ( 'NONE',  ( -0.000000000000000000, -0.000000000000000000, 1.000000000000000000 ) ) ;
#8792 = AXIS2_PLACEMENT_3D ( 'NONE', #7576, #6379, #1599 ) ;
#8793 = EDGE_CURVE ( 'NONE', #4148, #10417, #8854, .T. ) ;
#8794 = PRESENTATION_STYLE_ASSIGNMENT (( #8913 ) ) ;
#8795 = PRESENTATION_STYLE_ASSIGNMENT (( #9610 ) ) ;
#8796 =( NAMED_UNIT ( * ) SI_UNIT ( $, .STERADIAN. ) SOLID_ANGLE_UNIT ( ) );
#8798 = EDGE_CURVE ( 'NONE', #5670, #10546, #12108, .T. ) ;
#8797 = DIRECTION ( 'NONE',  ( 1.000000000000000000, 0.000000000000000000, 0.000000000000000000 ) ) ;
#8799 = CARTESIAN_POINT ( 'NONE',  ( -27.95599999999999596, 10.92999999999999794, -18.41499999999999915 ) ) ;
#8800 = DIRECTION ( 'NONE',  ( -0.6360782202777646166, 0.000000000000000000, -0.7716245833877193316 ) ) ;
#8801 =( GEOMETRIC_REPRESENTATION_CONTEXT ( 3 ) GLOBAL_UNCERTAINTY_ASSIGNED_CONTEXT ( ( #6109 ) ) GLOBAL_UNIT_ASSIGNED_CONTEXT ( ( #1703, #8277, #5583 ) ) REPRESENTATION_CONTEXT ( 'NONE', 'WORKASPACE' ) );
#8802 =( LENGTH_UNIT ( ) NAMED_UNIT ( * ) SI_UNIT ( .MILLI., .METRE. ) );
#8803 = VERTEX_POINT ( 'NONE', #4373 ) ;
#8804 = ORIENTED_EDGE ( 'NONE', *, *, #7155, .T. ) ;
#8805 = SURFACE_SIDE_STYLE ('',( #1915 ) ) ;
#8806 = EDGE_CURVE ( 'NONE', #2506, #892, #11932, .T. ) ;
#8807 = ORIENTED_EDGE ( 'NONE', *, *, #10913, .T. ) ;
#8808 = AXIS2_PLACEMENT_3D ( 'NONE', #395, #9380, #10289 ) ;
#8809 = CARTESIAN_POINT ( 'NONE',  ( 0.000000000000000000, 11.42999999999999972, 6.679213561880927408 ) ) ;
#8810 = FACE_OUTER_BOUND ( 'NONE', #2337, .T. ) ;
#8811 = ORIENTED_EDGE ( 'NONE', *, *, #3474, .F. ) ;
#8813 = EDGE_CURVE ( 'NONE', #6826, #11876, #9250, .T. ) ;
#8812 = DIRECTION ( 'NONE',  ( 0.000000000000000000, 0.000000000000000000, 1.000000000000000000 ) ) ;
#8814 = UNCERTAINTY_MEASURE_WITH_UNIT (LENGTH_MEASURE( 1.000000000000000082E-05 ), #2235, 'distance_accuracy_value', 'NONE');
#8815 = PRESENTATION_STYLE_ASSIGNMENT (( #5042 ) ) ;
#8816 = VECTOR ( 'NONE', #9744, 1000.000000000000000 ) ;
#8817 = PLANE ( 'NONE',  #6600 ) ;
#8818 = LINE ( 'NONE', #10660, #4815 ) ;
#8819 = LINE ( 'NONE', #4099, #3186 ) ;
#8820 = ORIENTED_EDGE ( 'NONE', *, *, #12530, .T. ) ;
#8821 = SURFACE_STYLE_USAGE ( .BOTH. , #12554 ) ;
#8822 = ORIENTED_EDGE ( 'NONE', *, *, #5448, .F. ) ;
#8823 = CARTESIAN_POINT ( 'NONE',  ( -7.488421052631577979, 11.43000000000000860, 18.41499999999999915 ) ) ;
#8824 = COLOUR_RGB ( '',0.2509803921568627416, 0.2509803921568627416, 0.2509803921568627416 ) ;
#8825 =( NAMED_UNIT ( * ) PLANE_ANGLE_UNIT ( ) SI_UNIT ( $, .RADIAN. ) );
#8826 = ORIENTED_EDGE ( 'NONE', *, *, #1103, .T. ) ;
#8827 = EDGE_CURVE ( 'NONE', #10967, #11354, #12081, .T. ) ;
#8828 = FILL_AREA_STYLE ('',( #5059 ) ) ;
#8829 = SURFACE_STYLE_USAGE ( .BOTH. , #4044 ) ;
#8830 = FILL_AREA_STYLE ('',( #8054 ) ) ;
#8831 =( NAMED_UNIT ( * ) SI_UNIT ( $, .STERADIAN. ) SOLID_ANGLE_UNIT ( ) );
#8832 = EDGE_CURVE ( 'NONE', #9708, #7671, #3966, .T. ) ;
#8833 = AXIS2_PLACEMENT_3D ( 'NONE', #10480, #528, #4420 ) ;
#8834 =( NAMED_UNIT ( * ) PLANE_ANGLE_UNIT ( ) SI_UNIT ( $, .RADIAN. ) );
#8835 = DIRECTION ( 'NONE',  ( 4.081702296416016490E-16, -1.000000000000000000, 0.000000000000000000 ) ) ;
#8836 = EDGE_LOOP ( 'NONE', ( #5718, #11319, #11848, #9123 ) ) ;
#8837 = FILL_AREA_STYLE_COLOUR ( '', #2815 ) ;
#8838 = PRESENTATION_LAYER_ASSIGNMENT (  '', '', ( #6596 ) ) ;
#8839 = EDGE_LOOP ( 'NONE', ( #10281, #11693, #2312, #7557 ) ) ;
#8840 = LINE ( 'NONE', #11804, #6272 ) ;
#8841 = PRESENTATION_LAYER_ASSIGNMENT (  '', '', ( #1700 ) ) ;
#8842 = AXIS2_PLACEMENT_3D ( 'NONE', #12006, #1335, #11276 ) ;
#8843 = COLOUR_RGB ( '',0.2509803921568627416, 0.2509803921568627416, 0.2509803921568627416 ) ;
#8844 = FILL_AREA_STYLE_COLOUR ( '', #93 ) ;
#8845 =( BOUNDED_CURVE ( )  B_SPLINE_CURVE ( 3, ( #9987, #7867, #7800, #8959 ),
 .UNSPECIFIED., .F., .T. ) 
 B_SPLINE_CURVE_WITH_KNOTS ( ( 4, 4 ),
 ( 1.570796326794896336, 3.141592653589793560 ),
 .UNSPECIFIED. ) 
 CURVE ( )  GEOMETRIC_REPRESENTATION_ITEM ( )  RATIONAL_B_SPLINE_CURVE ( ( 1.000000000000000000, 0.8047378541243649375, 0.8047378541243649375, 1.000000000000000000 ) ) 
 REPRESENTATION_ITEM ( '' )  );
#8846 = DIRECTION ( 'NONE',  ( 1.000000000000000000, 0.000000000000000000, 0.000000000000000000 ) ) ;
#8847 = CARTESIAN_POINT ( 'NONE',  ( -22.93663157894736315, 10.92999999999999794, 0.000000000000000000 ) ) ;
#8848 =( LENGTH_UNIT ( ) NAMED_UNIT ( * ) SI_UNIT ( .MILLI., .METRE. ) );
#8849 = FACE_OUTER_BOUND ( 'NONE', #1655, .T. ) ;
#8850 =( LENGTH_UNIT ( ) NAMED_UNIT ( * ) SI_UNIT ( .MILLI., .METRE. ) );
#8851 = AXIS2_PLACEMENT_3D ( 'NONE', #6750, #4707, #1716 ) ;
#8852 = PRESENTATION_LAYER_ASSIGNMENT (  '', '', ( #1921 ) ) ;
#8853 = COLOUR_RGB ( '',0.2509803921568627416, 0.2509803921568627416, 0.2509803921568627416 ) ;
#8854 = CIRCLE ( 'NONE', #2125, 0.5000000000000003331 ) ;
#8855 = FILL_AREA_STYLE_COLOUR ( '', #12498 ) ;
#8856 = VECTOR ( 'NONE', #11772, 1000.000000000000000 ) ;
#8857 = FACE_OUTER_BOUND ( 'NONE', #9973, .T. ) ;
#8858 =( LENGTH_UNIT ( ) NAMED_UNIT ( * ) SI_UNIT ( .MILLI., .METRE. ) );
#8859 = STYLED_ITEM ( 'NONE', ( #1138 ), #12136 ) ;
#8860 =( LENGTH_UNIT ( ) NAMED_UNIT ( * ) SI_UNIT ( .MILLI., .METRE. ) );
#8861 =( NAMED_UNIT ( * ) PLANE_ANGLE_UNIT ( ) SI_UNIT ( $, .RADIAN. ) );
#8862 = VECTOR ( 'NONE', #9977, 1000.000000000000000 ) ;
#8863 = CARTESIAN_POINT ( 'NONE',  ( -16.94589473684210290, 11.42999999999999972, -18.41499999999999559 ) ) ;
#8864 =( NAMED_UNIT ( * ) PLANE_ANGLE_UNIT ( ) SI_UNIT ( $, .RADIAN. ) );
#8865 = EDGE_CURVE ( 'NONE', #4237, #5957, #10242, .T. ) ;
#8866 = ORIENTED_EDGE ( 'NONE', *, *, #221, .F. ) ;
#8867 = VERTEX_POINT ( 'NONE', #216 ) ;
#8868 = VECTOR ( 'NONE', #11267, 1000.000000000000000 ) ;
#8869 = VECTOR ( 'NONE', #9893, 1000.000000000000000 ) ;
#8870 = CARTESIAN_POINT ( 'NONE',  ( 5.755052631578949196, 2.929999999999998384, -17.91499999999999204 ) ) ;
#8871 = FACE_OUTER_BOUND ( 'NONE', #7002, .T. ) ;
#8872 = MECHANICAL_DESIGN_GEOMETRIC_PRESENTATION_REPRESENTATION (  '', ( #721 ), #10511 ) ;
#8873 = ORIENTED_EDGE ( 'NONE', *, *, #7264, .F. ) ;
#8874 =( NAMED_UNIT ( * ) PLANE_ANGLE_UNIT ( ) SI_UNIT ( $, .RADIAN. ) );
#8875 =( NAMED_UNIT ( * ) PLANE_ANGLE_UNIT ( ) SI_UNIT ( $, .RADIAN. ) );
#8876 = VERTEX_POINT ( 'NONE', #8191 ) ;
#8877 =( NAMED_UNIT ( * ) SI_UNIT ( $, .STERADIAN. ) SOLID_ANGLE_UNIT ( ) );
#8878 = CARTESIAN_POINT ( 'NONE',  ( 19.99222202251673863, 2.720773297216657838, 7.988709015308732120 ) ) ;
#8879 = AXIS2_PLACEMENT_3D ( 'NONE', #10557, #5503, #9652 ) ;
#8880 = SURFACE_SIDE_STYLE ('',( #5110 ) ) ;
#8881 = CARTESIAN_POINT ( 'NONE',  ( -17.22021356188092867, 1.277999999999999581, -18.41499999999999559 ) ) ;
#8882 = EDGE_CURVE ( 'NONE', #5957, #581, #5994, .T. ) ;
#8883 = DIRECTION ( 'NONE',  ( 1.000000000000000000, 0.000000000000000000, 0.000000000000000000 ) ) ;
#8884 = ORIENTED_EDGE ( 'NONE', *, *, #11709, .T. ) ;
#8885 = CARTESIAN_POINT ( 'NONE',  ( -28.95599999999999596, 11.42999999999999972, 18.41499999999999915 ) ) ;
#8886 = ADVANCED_FACE ( 'NONE', ( #4123 ), #7992, .F. ) ;
#8887 = LINE ( 'NONE', #1937, #11644 ) ;
#8888 = ORIENTED_EDGE ( 'NONE', *, *, #3368, .F. ) ;
#8889 = CARTESIAN_POINT ( 'NONE',  ( -0.2356842105263115550, 2.929999999999998384, 18.41499999999999915 ) ) ;
#8890 = UNCERTAINTY_MEASURE_WITH_UNIT (LENGTH_MEASURE( 1.000000000000000082E-05 ), #7597, 'distance_accuracy_value', 'NONE');
#8891 = SURFACE_STYLE_FILL_AREA ( #974 ) ;
#8892 = FACE_OUTER_BOUND ( 'NONE', #11760, .T. ) ;
#8893 = CYLINDRICAL_SURFACE ( 'NONE', #1458, 0.5000000000000004441 ) ;
#8894 = ORIENTED_EDGE ( 'NONE', *, *, #9646, .T. ) ;
#8895 = FACE_OUTER_BOUND ( 'NONE', #822, .T. ) ;
#8896 = EDGE_CURVE ( 'NONE', #2467, #4626, #4489, .T. ) ;
#8897 = CARTESIAN_POINT ( 'NONE',  ( -28.95599999999999596, 11.42999999999999972, 6.679213561880927408 ) ) ;
#8898 = LINE ( 'NONE', #8638, #10078 ) ;
#8899 =( NAMED_UNIT ( * ) PLANE_ANGLE_UNIT ( ) SI_UNIT ( $, .RADIAN. ) );
#8900 = EDGE_CURVE ( 'NONE', #3902, #4226, #6475, .T. ) ;
#8901 = VERTEX_POINT ( 'NONE', #10430 ) ;
#8902 = CARTESIAN_POINT ( 'NONE',  ( 0.000000000000000000, 11.42999999999999972, 6.679213561880927408 ) ) ;
#8903 = PRESENTATION_LAYER_ASSIGNMENT (  '', '', ( #1770 ) ) ;
#8904 =( LENGTH_UNIT ( ) NAMED_UNIT ( * ) SI_UNIT ( .MILLI., .METRE. ) );
#8905 = ORIENTED_EDGE ( 'NONE', *, *, #4976, .T. ) ;
#8906 = DIRECTION ( 'NONE',  ( -1.000000000000000000, -4.081702296416016490E-16, 0.000000000000000000 ) ) ;
#8907 = UNCERTAINTY_MEASURE_WITH_UNIT (LENGTH_MEASURE( 1.000000000000000082E-05 ), #2805, 'distance_accuracy_value', 'NONE');
#8908 = CIRCLE ( 'NONE', #3225, 2.087500000000002576 ) ;
#8909 = DIRECTION ( 'NONE',  ( -0.000000000000000000, -1.000000000000000000, -0.000000000000000000 ) ) ;
#8910 = CARTESIAN_POINT ( 'NONE',  ( 17.46451454283316806, 1.946313224297227862, 18.36933681539271745 ) ) ;
#8911 = COLOUR_RGB ( '',0.2509803921568627416, 0.2509803921568627416, 0.2509803921568627416 ) ;
#8912 = PRESENTATION_STYLE_ASSIGNMENT (( #5775 ) ) ;
#8913 = SURFACE_STYLE_USAGE ( .BOTH. , #11941 ) ;
#8914 = EDGE_CURVE ( 'NONE', #8682, #5460, #6598, .T. ) ;
#8915 =( LENGTH_UNIT ( ) NAMED_UNIT ( * ) SI_UNIT ( .MILLI., .METRE. ) );
#8916 = ORIENTED_EDGE ( 'NONE', *, *, #523, .F. ) ;
#8917 = STYLED_ITEM ( 'NONE', ( #11462 ), #9720 ) ;
#8918 = SURFACE_STYLE_USAGE ( .BOTH. , #2028 ) ;
#8919 =( NAMED_UNIT ( * ) SI_UNIT ( $, .STERADIAN. ) SOLID_ANGLE_UNIT ( ) );
#8920 = CARTESIAN_POINT ( 'NONE',  ( 1.026315789473684292, 11.42999999999999972, 18.41499999999999915 ) ) ;
#8921 = STYLED_ITEM ( 'NONE', ( #8124 ), #4367 ) ;
#8922 = UNCERTAINTY_MEASURE_WITH_UNIT (LENGTH_MEASURE( 1.000000000000000082E-05 ), #2202, 'distance_accuracy_value', 'NONE');
#8923 = ORIENTED_EDGE ( 'NONE', *, *, #11590, .T. ) ;
#8924 = AXIS2_PLACEMENT_3D ( 'NONE', #354, #2482, #2657 ) ;
#8925 = ORIENTED_EDGE ( 'NONE', *, *, #6725, .T. ) ;
#8926 = ORIENTED_EDGE ( 'NONE', *, *, #1037, .T. ) ;
#8927 = CARTESIAN_POINT ( 'NONE',  ( 25.28732325865668429, 0.5000000000000000000, -17.59696088986110851 ) ) ;
#8928 = EDGE_CURVE ( 'NONE', #5625, #8728, #1561, .T. ) ;
#8929 = DIRECTION ( 'NONE',  ( -1.000000000000000000, -4.081702296416016490E-16, 0.000000000000000000 ) ) ;
#8930 = ORIENTED_EDGE ( 'NONE', *, *, #1681, .T. ) ;
#8931 = CARTESIAN_POINT ( 'NONE',  ( -16.94589473684210290, 11.42999999999999972, 18.41499999999999915 ) ) ;
#8932 = FACE_OUTER_BOUND ( 'NONE', #1143, .T. ) ;
#8933 = AXIS2_PLACEMENT_3D ( 'NONE', #1532, #2393, #6256 ) ;
#8934 = UNCERTAINTY_MEASURE_WITH_UNIT (LENGTH_MEASURE( 1.000000000000000082E-05 ), #9583, 'distance_accuracy_value', 'NONE');
#8935 = SURFACE_SIDE_STYLE ('',( #5865 ) ) ;
#8936 = CARTESIAN_POINT ( 'NONE',  ( 10.48378947368420988, 11.43000000000001393, -17.91499999999999204 ) ) ;
#8937 = CARTESIAN_POINT ( 'NONE',  ( 1.026315789473684292, 11.42999999999999972, 18.41499999999999915 ) ) ;
#8938 = MECHANICAL_DESIGN_GEOMETRIC_PRESENTATION_REPRESENTATION (  '', ( #6083 ), #12645 ) ;
#8939 = ORIENTED_EDGE ( 'NONE', *, *, #9680, .F. ) ;
#8940 = EDGE_LOOP ( 'NONE', ( #8109, #7508, #191, #3610 ) ) ;
#8941 = SURFACE_STYLE_USAGE ( .BOTH. , #10796 ) ;
#8942 = VECTOR ( 'NONE', #10391, 1000.000000000000000 ) ;
#8943 = DIRECTION ( 'NONE',  ( 0.000000000000000000, -1.000000000000000000, 0.000000000000000000 ) ) ;
#8944 = CYLINDRICAL_SURFACE ( 'NONE', #10063, 0.7619999999999970131 ) ;
#8945 = CYLINDRICAL_SURFACE ( 'NONE', #2249, 0.5000000000000004441 ) ;
#8946 = EDGE_CURVE ( 'NONE', #3205, #10147, #4676, .T. ) ;
#8947 = LINE ( 'NONE', #2119, #7968 ) ;
#8948 = ORIENTED_EDGE ( 'NONE', *, *, #591, .F. ) ;
#8949 =( GEOMETRIC_REPRESENTATION_CONTEXT ( 3 ) GLOBAL_UNCERTAINTY_ASSIGNED_CONTEXT ( ( #5606 ) ) GLOBAL_UNIT_ASSIGNED_CONTEXT ( ( #8281, #565, #1587 ) ) REPRESENTATION_CONTEXT ( 'NONE', 'WORKASPACE' ) );
#8950 = SURFACE_SIDE_STYLE ('',( #9912 ) ) ;
#8951 = EDGE_CURVE ( 'NONE', #9693, #7827, #10307, .T. ) ;
#8952 = DIRECTION ( 'NONE',  ( -0.7716245833877194427, 0.000000000000000000, -0.6360782202777647276 ) ) ;
#8953 = FACE_OUTER_BOUND ( 'NONE', #3168, .T. ) ;
#8954 = DIRECTION ( 'NONE',  ( 0.000000000000000000, 0.000000000000000000, -1.000000000000000000 ) ) ;
#8955 = PRESENTATION_STYLE_ASSIGNMENT (( #6915 ) ) ;
#8957 = MECHANICAL_DESIGN_GEOMETRIC_PRESENTATION_REPRESENTATION (  '', ( #5690 ), #3058 ) ;
#8956 =( NAMED_UNIT ( * ) SI_UNIT ( $, .STERADIAN. ) SOLID_ANGLE_UNIT ( ) );
#8958 = ORIENTED_EDGE ( 'NONE', *, *, #1583, .F. ) ;
#8959 = CARTESIAN_POINT ( 'NONE',  ( 1.497684210526317727, 11.42999999999999972, -18.41499999999999559 ) ) ;
#8960 = VECTOR ( 'NONE', #3135, 999.9999999999998863 ) ;
#8961 = AXIS2_PLACEMENT_3D ( 'NONE', #10420, #1670, #11251 ) ;
#8962 = EDGE_LOOP ( 'NONE', ( #3994, #2739, #9339, #7271, #7329, #799, #5422, #10448 ) ) ;
#8963 = SURFACE_STYLE_USAGE ( .BOTH. , #148 ) ;
#8964 = ADVANCED_FACE ( 'NONE', ( #7532 ), #11528, .T. ) ;
#8965 = DIRECTION ( 'NONE',  ( 4.081702296416016490E-16, -1.000000000000000000, 0.000000000000000000 ) ) ;
#8966 = CARTESIAN_POINT ( 'NONE',  ( -10.95515789473684087, 2.929999999999998384, 18.41499999999999915 ) ) ;
#8967 = CARTESIAN_POINT ( 'NONE',  ( -3.993052631578946521, 11.22289321881344826, -18.20789321881344236 ) ) ;
#8968 =( NAMED_UNIT ( * ) PLANE_ANGLE_UNIT ( ) SI_UNIT ( $, .RADIAN. ) );
#8969 = DIRECTION ( 'NONE',  ( -0.000000000000000000, 1.000000000000000000, -0.000000000000000000 ) ) ;
#8970 = CIRCLE ( 'NONE', #8142, 1.587500000000002132 ) ;
#8971 = MECHANICAL_DESIGN_GEOMETRIC_PRESENTATION_REPRESENTATION (  '', ( #5902 ), #6105 ) ;
#8972 = DIRECTION ( 'NONE',  ( -0.000000000000000000, 1.000000000000000000, -0.000000000000000000 ) ) ;
#8973 = CARTESIAN_POINT ( 'NONE',  ( 24.84695402612800308, 0.5000000000000000000, 12.07122582530904786 ) ) ;
#8974 = DIRECTION ( 'NONE',  ( 0.000000000000000000, 0.000000000000000000, 1.000000000000000000 ) ) ;
#8975 = CARTESIAN_POINT ( 'NONE',  ( -28.95599999999999596, 0.000000000000000000, 18.41499999999999915 ) ) ;
#8976 = COLOUR_RGB ( '',0.2509803921568627416, 0.2509803921568627416, 0.2509803921568627416 ) ;
#8977 = CIRCLE ( 'NONE', #3497, 0.5000000000000004441 ) ;
#8978 = SURFACE_STYLE_FILL_AREA ( #3060 ) ;
#8979 = ORIENTED_EDGE ( 'NONE', *, *, #6725, .F. ) ;
#8980 = CARTESIAN_POINT ( 'NONE',  ( 24.84695402612800308, -0.0009999999999992653654, -12.07122582530904786 ) ) ;
#8981 = ADVANCED_FACE ( 'NONE', ( #2714 ), #8230, .T. ) ;
#8982 = LINE ( 'NONE', #231, #3130 ) ;
#8983 = DIRECTION ( 'NONE',  ( -0.000000000000000000, 0.000000000000000000, 1.000000000000000000 ) ) ;
#8984 = EDGE_CURVE ( 'NONE', #9487, #5822, #12126, .T. ) ;
#8985 = CARTESIAN_POINT ( 'NONE',  ( -18.20789473684209980, 2.929999999999998384, -17.91499999999999204 ) ) ;
#8986 = PRESENTATION_STYLE_ASSIGNMENT (( #8146 ) ) ;
#8987 = EDGE_CURVE ( 'NONE', #1308, #8246, #8898, .T. ) ;
#8988 = ORIENTED_EDGE ( 'NONE', *, *, #1788, .T. ) ;
#8989 = ADVANCED_FACE ( 'NONE', ( #4925 ), #4805, .T. ) ;
#8990 = VERTEX_POINT ( 'NONE', #2845 ) ;
#8991 = FACE_OUTER_BOUND ( 'NONE', #9841, .T. ) ;
#8992 =( NAMED_UNIT ( * ) PLANE_ANGLE_UNIT ( ) SI_UNIT ( $, .RADIAN. ) );
#8993 = EDGE_LOOP ( 'NONE', ( #9569, #2231, #7628, #446 ) ) ;
#8994 =( NAMED_UNIT ( * ) PLANE_ANGLE_UNIT ( ) SI_UNIT ( $, .RADIAN. ) );
#8995 = LINE ( 'NONE', #1455, #10389 ) ;
#8996 = CARTESIAN_POINT ( 'NONE',  ( 16.97452631578947191, 11.22289321881345536, 18.20789321881345302 ) ) ;
#8997 = ORIENTED_EDGE ( 'NONE', *, *, #10821, .T. ) ;
#8998 = STYLED_ITEM ( 'NONE', ( #8135 ), #1530 ) ;
#8999 = DIRECTION ( 'NONE',  ( 0.000000000000000000, 0.000000000000000000, 1.000000000000000000 ) ) ;
#9000 = DIRECTION ( 'NONE',  ( 0.000000000000000000, 1.000000000000000000, 0.000000000000000000 ) ) ;
#9001 = CARTESIAN_POINT ( 'NONE',  ( 0.000000000000000000, 11.42999999999999972, 0.000000000000000000 ) ) ;
#9002 = PLANE ( 'NONE',  #162 ) ;
#9003 =( NAMED_UNIT ( * ) SI_UNIT ( $, .STERADIAN. ) SOLID_ANGLE_UNIT ( ) );
#9004 = CARTESIAN_POINT ( 'NONE',  ( -23.62199999999999633, 0.5000000000000000000, -11.49350000000000627 ) ) ;
#9005 = ORIENTED_EDGE ( 'NONE', *, *, #1450, .T. ) ;
#9006 = AXIS2_PLACEMENT_3D ( 'NONE', #6413, #8512, #5434 ) ;
#9007 = FILL_AREA_STYLE_COLOUR ( '', #8143 ) ;
#9008 = VERTEX_POINT ( 'NONE', #10618 ) ;
#9009 = COLOUR_RGB ( '',0.2509803921568627416, 0.2509803921568627416, 0.2509803921568627416 ) ;
#9010 = LINE ( 'NONE', #10987, #11236 ) ;
#9011 = DIRECTION ( 'NONE',  ( 0.000000000000000000, -1.000000000000000000, 0.000000000000000000 ) ) ;
#9012 = ORIENTED_EDGE ( 'NONE', *, *, #5815, .F. ) ;
#9013 = FILL_AREA_STYLE ('',( #1167 ) ) ;
#9014 = PRESENTATION_LAYER_ASSIGNMENT (  '', '', ( #1464 ) ) ;
#9015 = CARTESIAN_POINT ( 'NONE',  ( -25.46063157894736406, 11.42999999999999972, 6.679213561880927408 ) ) ;
#9016 = COLOUR_RGB ( '',0.2509803921568627416, 0.2509803921568627416, 0.2509803921568627416 ) ;
#9017 = SURFACE_STYLE_USAGE ( .BOTH. , #4173 ) ;
#9018 = PRESENTATION_STYLE_ASSIGNMENT (( #7285 ) ) ;
#9019 = VERTEX_POINT ( 'NONE', #8710 ) ;
#9020 = LINE ( 'NONE', #7157, #11899 ) ;
#9021 = EDGE_CURVE ( 'NONE', #4696, #1675, #9461, .T. ) ;
#9022 =( NAMED_UNIT ( * ) PLANE_ANGLE_UNIT ( ) SI_UNIT ( $, .RADIAN. ) );
#9023 = ORIENTED_EDGE ( 'NONE', *, *, #10385, .F. ) ;
#9024 = AXIS2_PLACEMENT_3D ( 'NONE', #4556, #11339, #5564 ) ;
#9025 = CARTESIAN_POINT ( 'NONE',  ( 9.512421052631573559, 10.92999999999999794, 17.91499999999999915 ) ) ;
#9026 = CARTESIAN_POINT ( 'NONE',  ( -10.48378947368420988, 10.92999999999999794, -18.41499999999999915 ) ) ;
#9027 = ORIENTED_EDGE ( 'NONE', *, *, #9905, .F. ) ;
#9028 = CARTESIAN_POINT ( 'NONE',  ( 15.50315789473683736, 10.92999999999999794, -17.91499999999999204 ) ) ;
#9029 = UNCERTAINTY_MEASURE_WITH_UNIT (LENGTH_MEASURE( 1.000000000000000082E-05 ), #2049, 'distance_accuracy_value', 'NONE');
#9030 = SURFACE_STYLE_FILL_AREA ( #2198 ) ;
#9031 = CARTESIAN_POINT ( 'NONE',  ( -23.62199999999999633, 0.000000000000000000, 13.08100000000000840 ) ) ;
#9032 = CIRCLE ( 'NONE', #5761, 0.7619999999999970131 ) ;
#9033 = STYLED_ITEM ( 'NONE', ( #3347 ), #8255 ) ;
#9034 = DIRECTION ( 'NONE',  ( 0.6360782202777661709, 0.000000000000000000, -0.7716245833877183324 ) ) ;
#9035 = ADVANCED_FACE ( 'NONE', ( #9587 ), #11792, .T. ) ;
#9036 = LINE ( 'NONE', #10758, #3050 ) ;
#9037 = CARTESIAN_POINT ( 'NONE',  ( 1.497684210526317727, 11.43000000000001215, -18.41499999999999559 ) ) ;
#9038 = SURFACE_SIDE_STYLE ('',( #9560 ) ) ;
#9039 = EDGE_CURVE ( 'NONE', #11055, #9348, #4108, .T. ) ;
#9040 = PRESENTATION_LAYER_ASSIGNMENT (  '', '', ( #2533 ) ) ;
#9041 = MECHANICAL_DESIGN_GEOMETRIC_PRESENTATION_REPRESENTATION (  '', ( #4750 ), #11920 ) ;
#9042 = FACE_OUTER_BOUND ( 'NONE', #4646, .T. ) ;
#9043 = CARTESIAN_POINT ( 'NONE',  ( -22.39704597387198959, 0.5000000000000000000, -14.09077417469095295 ) ) ;
#9044 = CARTESIAN_POINT ( 'NONE',  ( -17.51310678069438254, 1.570893218813452119, 18.41499999999999915 ) ) ;
#9045 = CARTESIAN_POINT ( 'NONE',  ( -5.464421052631580622, 10.92999999999999794, 17.91499999999999915 ) ) ;
#9046 = FILL_AREA_STYLE_COLOUR ( '', #4011 ) ;
#9047 =( GEOMETRIC_REPRESENTATION_CONTEXT ( 3 ) GLOBAL_UNCERTAINTY_ASSIGNED_CONTEXT ( ( #5372 ) ) GLOBAL_UNIT_ASSIGNED_CONTEXT ( ( #9965, #1219, #4159 ) ) REPRESENTATION_CONTEXT ( 'NONE', 'WORKASPACE' ) );
#9048 = COLOUR_RGB ( '',0.2509803921568627416, 0.2509803921568627416, 0.2509803921568627416 ) ;
#9049 = PRESENTATION_LAYER_ASSIGNMENT (  '', '', ( #12544 ) ) ;
#9050 = CARTESIAN_POINT ( 'NONE',  ( 25.46063157894736761, 10.92999999999999794, -18.41499999999999915 ) ) ;
#9051 = VECTOR ( 'NONE', #11204, 1000.000000000000000 ) ;
#9052 =( NAMED_UNIT ( * ) SI_UNIT ( $, .STERADIAN. ) SOLID_ANGLE_UNIT ( ) );
#9053 = UNCERTAINTY_MEASURE_WITH_UNIT (LENGTH_MEASURE( 1.000000000000000082E-05 ), #11555, 'distance_accuracy_value', 'NONE');
#9054 = CARTESIAN_POINT ( 'NONE',  ( -26.43199999999999861, 1.778000000000000025, 7.179213561880927408 ) ) ;
#9055 = ORIENTED_EDGE ( 'NONE', *, *, #11884, .T. ) ;
#9056 = PRESENTATION_LAYER_ASSIGNMENT (  '', '', ( #8020 ) ) ;
#9057 = EDGE_CURVE ( 'NONE', #11695, #1637, #5120, .T. ) ;
#9058 = ORIENTED_EDGE ( 'NONE', *, *, #8780, .F. ) ;
#9059 = EDGE_CURVE ( 'NONE', #11956, #7695, #10285, .T. ) ;
#9060 = CARTESIAN_POINT ( 'NONE',  ( -7.195527833818124996, 11.42999999999999972, 18.41499999999999915 ) ) ;
#9061 = ORIENTED_EDGE ( 'NONE', *, *, #6871, .T. ) ;
#9062 = AXIS2_PLACEMENT_3D ( 'NONE', #2036, #8017, #5093 ) ;
#9063 = LINE ( 'NONE', #1275, #8960 ) ;
#9064 = MECHANICAL_DESIGN_GEOMETRIC_PRESENTATION_REPRESENTATION (  '', ( #2962 ), #12553 ) ;
#9065 =( NAMED_UNIT ( * ) SI_UNIT ( $, .STERADIAN. ) SOLID_ANGLE_UNIT ( ) );
#9066 = ORIENTED_EDGE ( 'NONE', *, *, #4238, .F. ) ;
#9067 = CYLINDRICAL_SURFACE ( 'NONE', #10475, 0.5000000000000004441 ) ;
#9068 = AXIS2_PLACEMENT_3D ( 'NONE', #5920, #9808, #9622 ) ;
#9069 = UNCERTAINTY_MEASURE_WITH_UNIT (LENGTH_MEASURE( 1.000000000000000082E-05 ), #165, 'distance_accuracy_value', 'NONE');
#9070 = UNCERTAINTY_MEASURE_WITH_UNIT (LENGTH_MEASURE( 1.000000000000000082E-05 ), #5184, 'distance_accuracy_value', 'NONE');
#9071 = CARTESIAN_POINT ( 'NONE',  ( 13.97915789473684001, 10.92999999999999794, -18.41499999999999915 ) ) ;
#9072 = DIRECTION ( 'NONE',  ( 1.000000000000000000, 0.000000000000000000, -0.000000000000000000 ) ) ;
#9073 = DIRECTION ( 'NONE',  ( 0.000000000000000000, 0.000000000000000000, -1.000000000000000000 ) ) ;
#9074 =( NAMED_UNIT ( * ) SI_UNIT ( $, .STERADIAN. ) SOLID_ANGLE_UNIT ( ) );
#9075 = MECHANICAL_DESIGN_GEOMETRIC_PRESENTATION_REPRESENTATION (  '', ( #4196 ), #5192 ) ;
#9076 = ORIENTED_EDGE ( 'NONE', *, *, #10160, .F. ) ;
#9077 = VECTOR ( 'NONE', #7871, 1000.000000000000000 ) ;
#9078 = ORIENTED_EDGE ( 'NONE', *, *, #7779, .F. ) ;
#9079 = LINE ( 'NONE', #322, #9792 ) ;
#9080 = PRESENTATION_STYLE_ASSIGNMENT (( #8170 ) ) ;
#9081 = SURFACE_STYLE_FILL_AREA ( #11120 ) ;
#9082 = ORIENTED_EDGE ( 'NONE', *, *, #12046, .T. ) ;
#9083 = VECTOR ( 'NONE', #4645, 1000.000000000000000 ) ;
#9084 = CARTESIAN_POINT ( 'NONE',  ( -4.493052631578946077, 11.42999999999999972, -18.41499999999999559 ) ) ;
#9085 = CIRCLE ( 'NONE', #3795, 0.5000000000000004441 ) ;
#9086 = PRESENTATION_LAYER_ASSIGNMENT (  '', '', ( #2778 ) ) ;
#9087 = DIRECTION ( 'NONE',  ( 1.000000000000000000, 0.000000000000000000, 0.000000000000000000 ) ) ;
#9088 = FILL_AREA_STYLE ('',( #2123 ) ) ;
#9089 =( GEOMETRIC_REPRESENTATION_CONTEXT ( 3 ) GLOBAL_UNCERTAINTY_ASSIGNED_CONTEXT ( ( #7265 ) ) GLOBAL_UNIT_ASSIGNED_CONTEXT ( ( #5789, #692, #1707 ) ) REPRESENTATION_CONTEXT ( 'NONE', 'WORKASPACE' ) );
#9090 = SURFACE_SIDE_STYLE ('',( #529 ) ) ;
#9091 = CARTESIAN_POINT ( 'NONE',  ( -28.30413728609201840, 0.2107842730952853572, 16.16328183851188882 ) ) ;
#9092 = EDGE_LOOP ( 'NONE', ( #6071, #883, #3328, #6977 ) ) ;
#9093 = CARTESIAN_POINT ( 'NONE',  ( 28.95599999999999952, 1.570893218813452563, -15.95617505732532493 ) ) ;
#9094 = EDGE_LOOP ( 'NONE', ( #11036, #1823, #2863, #6359 ) ) ;
#9095 = MECHANICAL_DESIGN_GEOMETRIC_PRESENTATION_REPRESENTATION (  '', ( #6031 ), #10926 ) ;
#9096 = CARTESIAN_POINT ( 'NONE',  ( -16.47452631578947191, 11.42999999999999972, 18.41499999999999915 ) ) ;
#9097 = CARTESIAN_POINT ( 'NONE',  ( -4.493052631578946077, 11.42999999999999972, 18.41499999999999915 ) ) ;
#9098 = ORIENTED_EDGE ( 'NONE', *, *, #10734, .F. ) ;
#9099 = CARTESIAN_POINT ( 'NONE',  ( 22.72021356188096419, 10.92999999999999794, -7.179213561880928296 ) ) ;
#9100 = PRESENTATION_STYLE_ASSIGNMENT (( #12050 ) ) ;
#9101 = ADVANCED_FACE ( 'NONE', ( #12097 ), #10693, .T. ) ;
#9102 = UNCERTAINTY_MEASURE_WITH_UNIT (LENGTH_MEASURE( 1.000000000000000082E-05 ), #9804, 'distance_accuracy_value', 'NONE');
#9103 = PRESENTATION_STYLE_ASSIGNMENT (( #1314 ) ) ;
#9104 =( LENGTH_UNIT ( ) NAMED_UNIT ( * ) SI_UNIT ( .MILLI., .METRE. ) );
#9105 = CARTESIAN_POINT ( 'NONE',  ( -20.44126315789473480, 10.92999999999999794, -7.728777060123920073 ) ) ;
#9106 = DIRECTION ( 'NONE',  ( -0.000000000000000000, 0.000000000000000000, -1.000000000000000000 ) ) ;
#9107 =( NAMED_UNIT ( * ) SI_UNIT ( $, .STERADIAN. ) SOLID_ANGLE_UNIT ( ) );
#9108 = FILL_AREA_STYLE ('',( #4443 ) ) ;
#9109 = COLOUR_RGB ( '',0.2509803921568627416, 0.2509803921568627416, 0.2509803921568627416 ) ;
#9110 = FILL_AREA_STYLE ('',( #4763 ) ) ;
#9111 = LINE ( 'NONE', #358, #2891 ) ;
#9112 = CARTESIAN_POINT ( 'NONE',  ( 2.759684210526320403, 2.929999999999998384, -17.91499999999999204 ) ) ;
#9113 = LINE ( 'NONE', #9043, #11628 ) ;
#9114 = AXIS2_PLACEMENT_3D ( 'NONE', #490, #10322, #3446 ) ;
#9115 = LINE ( 'NONE', #2947, #1709 ) ;
#9116 = EDGE_CURVE ( 'NONE', #11354, #4616, #7218, .T. ) ;
#9117 = SURFACE_STYLE_FILL_AREA ( #10196 ) ;
#9118 =( NAMED_UNIT ( * ) SI_UNIT ( $, .STERADIAN. ) SOLID_ANGLE_UNIT ( ) );
#9119 = CARTESIAN_POINT ( 'NONE',  ( 1.497684210526317727, 11.43000000000001215, -17.91499999999999204 ) ) ;
#9120 = PRESENTATION_STYLE_ASSIGNMENT (( #1336 ) ) ;
#9121 = CIRCLE ( 'NONE', #3625, 0.7619999999999970131 ) ;
#9122 = ORIENTED_EDGE ( 'NONE', *, *, #6237, .F. ) ;
#9123 = ORIENTED_EDGE ( 'NONE', *, *, #8365, .F. ) ;
#9124 = CARTESIAN_POINT ( 'NONE',  ( 18.99852631578947282, 11.42999999999999972, -8.129640245804257148 ) ) ;
#9125 = CARTESIAN_POINT ( 'NONE',  ( -18.61644254139594423, 2.284792748491540681, 9.321697038640619937 ) ) ;
#9126 = EDGE_CURVE ( 'NONE', #4017, #5764, #8029, .T. ) ;
#9127 = DIRECTION ( 'NONE',  ( -1.000000000000000000, 0.000000000000000000, 0.000000000000000000 ) ) ;
#9128 = CARTESIAN_POINT ( 'NONE',  ( 1.497684210526323279, 2.929999999999998384, -18.41499999999999559 ) ) ;
#9129 = ORIENTED_EDGE ( 'NONE', *, *, #8597, .T. ) ;
#9130 = SURFACE_STYLE_FILL_AREA ( #3583 ) ;
#9131 = LINE ( 'NONE', #11040, #2301 ) ;
#9132 = MECHANICAL_DESIGN_GEOMETRIC_PRESENTATION_REPRESENTATION (  '', ( #3235 ), #4026 ) ;
#9133 = EDGE_CURVE ( 'NONE', #1994, #6751, #290, .T. ) ;
#9134 = EDGE_CURVE ( 'NONE', #3837, #10260, #5322, .T. ) ;
#9135 = AXIS2_PLACEMENT_3D ( 'NONE', #2850, #7477, #12574 ) ;
#9136 = DIRECTION ( 'NONE',  ( 0.000000000000000000, 0.000000000000000000, -1.000000000000000000 ) ) ;
#9137 = FILL_AREA_STYLE_COLOUR ( '', #8225 ) ;
#9138 = VERTEX_POINT ( 'NONE', #7093 ) ;
#9139 = SURFACE_STYLE_USAGE ( .BOTH. , #2397 ) ;
#9140 = ORIENTED_EDGE ( 'NONE', *, *, #8675, .F. ) ;
#9141 = SURFACE_STYLE_FILL_AREA ( #10106 ) ;
#9142 = DIRECTION ( 'NONE',  ( 4.081702296416016490E-16, -1.000000000000000000, 0.000000000000000000 ) ) ;
#9143 =( NAMED_UNIT ( * ) PLANE_ANGLE_UNIT ( ) SI_UNIT ( $, .RADIAN. ) );
#9144 =( NAMED_UNIT ( * ) PLANE_ANGLE_UNIT ( ) SI_UNIT ( $, .RADIAN. ) );
#9145 = SURFACE_STYLE_FILL_AREA ( #1226 ) ;
#9146 = ORIENTED_EDGE ( 'NONE', *, *, #7636, .T. ) ;
#9147 = FACE_OUTER_BOUND ( 'NONE', #4592, .T. ) ;
#9148 = PRESENTATION_LAYER_ASSIGNMENT (  '', '', ( #12024 ) ) ;
#9149 = CARTESIAN_POINT ( 'NONE',  ( 7.017052631578944322, 11.42999999999999972, 18.41499999999999915 ) ) ;
#9150 = PRESENTATION_STYLE_ASSIGNMENT (( #9017 ) ) ;
#9151 = CIRCLE ( 'NONE', #10975, 0.5000000000000004441 ) ;
#9152 = SURFACE_STYLE_USAGE ( .BOTH. , #9090 ) ;
#9153 = CARTESIAN_POINT ( 'NONE',  ( -19.41689038156301095, 11.43000000000000327, 7.846974927868918037 ) ) ;
#9154 = ADVANCED_FACE ( 'NONE', ( #8953 ), #458, .T. ) ;
#9155 = EDGE_LOOP ( 'NONE', ( #1917, #11390, #9890, #8926 ) ) ;
#9156 = CARTESIAN_POINT ( 'NONE',  ( -28.95599999999999596, 1.277999999999999581, -17.91499999999999204 ) ) ;
#9157 = AXIS2_PLACEMENT_3D ( 'NONE', #24, #7051, #7811 ) ;
#9158 = CARTESIAN_POINT ( 'NONE',  ( 13.97915789473684001, 10.92999999999999794, 17.91499999999999915 ) ) ;
#9159 = EDGE_CURVE ( 'NONE', #6178, #5993, #7520, .T. ) ;
#9160 = ORIENTED_EDGE ( 'NONE', *, *, #1744, .T. ) ;
#9161 = EDGE_CURVE ( 'NONE', #304, #4616, #7794, .T. ) ;
#9162 = SURFACE_STYLE_FILL_AREA ( #1369 ) ;
#9163 = AXIS2_PLACEMENT_3D ( 'NONE', #1145, #8929, #12018 ) ;
#9164 =( LENGTH_UNIT ( ) NAMED_UNIT ( * ) SI_UNIT ( .MILLI., .METRE. ) );
#9165 = ORIENTED_EDGE ( 'NONE', *, *, #9349, .T. ) ;
#9166 = CARTESIAN_POINT ( 'NONE',  ( -28.77403911013888660, 0.000000000000000000, -16.04909413020575215 ) ) ;
#9167 =( GEOMETRIC_REPRESENTATION_CONTEXT ( 3 ) GLOBAL_UNCERTAINTY_ASSIGNED_CONTEXT ( ( #4221 ) ) GLOBAL_UNIT_ASSIGNED_CONTEXT ( ( #3041, #5763, #8956 ) ) REPRESENTATION_CONTEXT ( 'NONE', 'WORKASPACE' ) );
#9168 = DIRECTION ( 'NONE',  ( -0.6360782202777661709, 0.000000000000000000, 0.7716245833877183324 ) ) ;
#9169 = CARTESIAN_POINT ( 'NONE',  ( 26.72263157894736807, 2.929999999999998384, 7.179213561880927408 ) ) ;
#9170 = CARTESIAN_POINT ( 'NONE',  ( -8.459789473684212524, 11.22289321881345536, -18.20789321881344591 ) ) ;
#9171 = DIRECTION ( 'NONE',  ( 4.081702296416016490E-16, -1.000000000000000000, 0.000000000000000000 ) ) ;
#9172 = CIRCLE ( 'NONE', #3066, 0.5000000000000004441 ) ;
#9173 =( NAMED_UNIT ( * ) PLANE_ANGLE_UNIT ( ) SI_UNIT ( $, .RADIAN. ) );
#9174 = VECTOR ( 'NONE', #12641, 1000.000000000000000 ) ;
#9175 = DIRECTION ( 'NONE',  ( 0.000000000000000000, 0.000000000000000000, 1.000000000000000000 ) ) ;
#9176 =( NAMED_UNIT ( * ) PLANE_ANGLE_UNIT ( ) SI_UNIT ( $, .RADIAN. ) );
#9177 = CARTESIAN_POINT ( 'NONE',  ( 1.026315789473683848, 11.42999999999999972, 0.000000000000000000 ) ) ;
#9178 = SURFACE_STYLE_FILL_AREA ( #555 ) ;
#9179 = PRESENTATION_LAYER_ASSIGNMENT (  '', '', ( #5705 ) ) ;
#9180 =( LENGTH_UNIT ( ) NAMED_UNIT ( * ) SI_UNIT ( .MILLI., .METRE. ) );
#9181 = SURFACE_SIDE_STYLE ('',( #2093 ) ) ;
#9182 = FACE_OUTER_BOUND ( 'NONE', #8311, .T. ) ;
#9183 =( BOUNDED_CURVE ( )  B_SPLINE_CURVE ( 3, ( #4378, #5266, #9170, #8195 ),
 .UNSPECIFIED., .F., .T. ) 
 B_SPLINE_CURVE_WITH_KNOTS ( ( 4, 4 ),
 ( 3.141592653589793116, 4.712388980384689674 ),
 .UNSPECIFIED. ) 
 CURVE ( )  GEOMETRIC_REPRESENTATION_ITEM ( )  RATIONAL_B_SPLINE_CURVE ( ( 1.000000000000000000, 0.8047378541243649375, 0.8047378541243649375, 1.000000000000000000 ) ) 
 REPRESENTATION_ITEM ( '' )  );
#9184 = UNCERTAINTY_MEASURE_WITH_UNIT (LENGTH_MEASURE( 1.000000000000000082E-05 ), #7831, 'distance_accuracy_value', 'NONE');
#9185 = ORIENTED_EDGE ( 'NONE', *, *, #12031, .T. ) ;
#9186 = ORIENTED_EDGE ( 'NONE', *, *, #538, .T. ) ;
#9187 = MECHANICAL_DESIGN_GEOMETRIC_PRESENTATION_REPRESENTATION (  '', ( #9781 ), #4494 ) ;
#9188 = CARTESIAN_POINT ( 'NONE',  ( 18.49852631578947637, 10.96468334383548893, -9.500154623337630611 ) ) ;
#9189 = VECTOR ( 'NONE', #6162, 1000.000000000000000 ) ;
#9190 =( LENGTH_UNIT ( ) NAMED_UNIT ( * ) SI_UNIT ( .MILLI., .METRE. ) );
#9191 = DIRECTION ( 'NONE',  ( 1.000000000000000000, 0.000000000000000000, 0.000000000000000000 ) ) ;
#9192 = SURFACE_SIDE_STYLE ('',( #1456 ) ) ;
#9193 = ORIENTED_EDGE ( 'NONE', *, *, #8524, .T. ) ;
#9194 = DIRECTION ( 'NONE',  ( 0.000000000000000000, 0.000000000000000000, -1.000000000000000000 ) ) ;
#9195 = CARTESIAN_POINT ( 'NONE',  ( -25.93199999999999505, 10.92999999999999794, 0.000000000000000000 ) ) ;
#9196 = DIRECTION ( 'NONE',  ( -1.000000000000000000, 0.000000000000000000, 0.000000000000000000 ) ) ;
#9197 = DIRECTION ( 'NONE',  ( 0.000000000000000000, 0.000000000000000000, -1.000000000000000000 ) ) ;
#9198 = VERTEX_POINT ( 'NONE', #585 ) ;
#9199 = EDGE_CURVE ( 'NONE', #12606, #1717, #9328, .T. ) ;
#9200 =( NAMED_UNIT ( * ) SI_UNIT ( $, .STERADIAN. ) SOLID_ANGLE_UNIT ( ) );
#9201 = ORIENTED_EDGE ( 'NONE', *, *, #3159, .F. ) ;
#9202 = ADVANCED_FACE ( 'NONE', ( #2695 ), #4659, .T. ) ;
#9203 =( GEOMETRIC_REPRESENTATION_CONTEXT ( 3 ) GLOBAL_UNCERTAINTY_ASSIGNED_CONTEXT ( ( #5092 ) ) GLOBAL_UNIT_ASSIGNED_CONTEXT ( ( #7954, #5856, #9807 ) ) REPRESENTATION_CONTEXT ( 'NONE', 'WORKASPACE' ) );
#9204 = PRESENTATION_STYLE_ASSIGNMENT (( #4230 ) ) ;
#9205 =( NAMED_UNIT ( * ) SI_UNIT ( $, .STERADIAN. ) SOLID_ANGLE_UNIT ( ) );
#9206 = FACE_OUTER_BOUND ( 'NONE', #9324, .T. ) ;
#9207 = ORIENTED_EDGE ( 'NONE', *, *, #1868, .F. ) ;
#9208 = FILL_AREA_STYLE ('',( #6522 ) ) ;
#9209 = SURFACE_SIDE_STYLE ('',( #11243 ) ) ;
#9210 = DIRECTION ( 'NONE',  ( 0.000000000000000000, 0.000000000000000000, 1.000000000000000000 ) ) ;
#9211 = CARTESIAN_POINT ( 'NONE',  ( -25.19440418577627838, 1.570893218813452119, -18.41499999999999559 ) ) ;
#9212 = CARTESIAN_POINT ( 'NONE',  ( -19.12768016289111728, 11.29887110473861433, 8.476873328495903692 ) ) ;
#9213 = ORIENTED_EDGE ( 'NONE', *, *, #9368, .T. ) ;
#9214 = SURFACE_SIDE_STYLE ('',( #1424 ) ) ;
#9215 = AXIS2_PLACEMENT_3D ( 'NONE', #9478, #9351, #8586 ) ;
#9216 = ORIENTED_EDGE ( 'NONE', *, *, #10301, .T. ) ;
#9217 = DIRECTION ( 'NONE',  ( 0.000000000000000000, 0.000000000000000000, -1.000000000000000000 ) ) ;
#9218 = EDGE_CURVE ( 'NONE', #4894, #3746, #9512, .T. ) ;
#9219 = CARTESIAN_POINT ( 'NONE',  ( -9.983789473684209881, 11.42999999999999972, 17.91499999999999915 ) ) ;
#9220 = ORIENTED_EDGE ( 'NONE', *, *, #9575, .T. ) ;
#9221 = DIRECTION ( 'NONE',  ( 0.000000000000000000, -1.000000000000000000, 0.000000000000000000 ) ) ;
#9222 = AXIS2_PLACEMENT_3D ( 'NONE', #296, #6102, #8266 ) ;
#9223 = DIRECTION ( 'NONE',  ( 0.000000000000000000, -0.000000000000000000, -1.000000000000000000 ) ) ;
#9224 = UNCERTAINTY_MEASURE_WITH_UNIT (LENGTH_MEASURE( 1.000000000000000082E-05 ), #10899, 'distance_accuracy_value', 'NONE');
#9225 = CARTESIAN_POINT ( 'NONE',  ( 28.95599999999999596, 1.277999999999999581, 18.41499999999999915 ) ) ;
#9226 = CARTESIAN_POINT ( 'NONE',  ( 40.19178643811905971, 1.778000000000000025, 7.179213561880927408 ) ) ;
#9227 = FACE_OUTER_BOUND ( 'NONE', #4346, .T. ) ;
#9228 = SURFACE_SIDE_STYLE ('',( #2349 ) ) ;
#9229 = MECHANICAL_DESIGN_GEOMETRIC_PRESENTATION_REPRESENTATION (  '', ( #3524 ), #10041 ) ;
#9230 = CARTESIAN_POINT ( 'NONE',  ( 28.07018770830613263, -0.0009999999999992653654, -15.98132094865075814 ) ) ;
#9231 = PRESENTATION_LAYER_ASSIGNMENT (  '', '', ( #670 ) ) ;
#9232 = CARTESIAN_POINT ( 'NONE',  ( 7.488421052631579755, 2.929999999999998384, -17.91499999999999204 ) ) ;
#9233 = SURFACE_STYLE_FILL_AREA ( #9108 ) ;
#9234 = DIRECTION ( 'NONE',  ( -0.000000000000000000, 0.000000000000000000, 1.000000000000000000 ) ) ;
#9235 = AXIS2_PLACEMENT_3D ( 'NONE', #11908, #5941, #2058 ) ;
#9236 = FILL_AREA_STYLE_COLOUR ( '', #4225 ) ;
#9237 = EDGE_CURVE ( 'NONE', #1557, #7735, #1117, .T. ) ;
#9238 = CARTESIAN_POINT ( 'NONE',  ( 16.97452631578948257, 2.929999999999998384, 17.91499999999999915 ) ) ;
#9239 = CARTESIAN_POINT ( 'NONE',  ( 0.5263157894736837372, 2.929999999999998384, -17.91499999999999204 ) ) ;
#9240 = COLOUR_RGB ( '',0.2509803921568627416, 0.2509803921568627416, 0.2509803921568627416 ) ;
#9241 = AXIS2_PLACEMENT_3D ( 'NONE', #4902, #11391, #8374 ) ;
#9242 = ORIENTED_EDGE ( 'NONE', *, *, #1795, .T. ) ;
#9243 = VECTOR ( 'NONE', #361, 1000.000000000000000 ) ;
#9244 = CARTESIAN_POINT ( 'NONE',  ( 22.64029988236126201, 11.40748521057712139, -6.854250286347453702 ) ) ;
#9245 = DIRECTION ( 'NONE',  ( 0.000000000000000000, -1.000000000000000000, 0.000000000000000000 ) ) ;
#9246 = ORIENTED_EDGE ( 'NONE', *, *, #2570, .F. ) ;
#9247 = SURFACE_SIDE_STYLE ('',( #11290 ) ) ;
#9248 = COLOUR_RGB ( '',0.2509803921568627416, 0.2509803921568627416, 0.2509803921568627416 ) ;
#9249 = ADVANCED_FACE ( 'NONE', ( #11375 ), #5164, .T. ) ;
#9250 =( BOUNDED_CURVE ( )  B_SPLINE_CURVE ( 3, ( #3370, #1436, #282, #6219 ),
 .UNSPECIFIED., .F., .F. ) 
 B_SPLINE_CURVE_WITH_KNOTS ( ( 4, 4 ),
 ( 0.000000000000000000, 1.570796326794896558 ),
 .UNSPECIFIED. ) 
 CURVE ( )  GEOMETRIC_REPRESENTATION_ITEM ( )  RATIONAL_B_SPLINE_CURVE ( ( 1.000000000000000000, 0.8047378541243649375, 0.8047378541243649375, 1.000000000000000000 ) ) 
 REPRESENTATION_ITEM ( '' )  );
#9251 = SURFACE_STYLE_FILL_AREA ( #5290 ) ;
#9252 = FILL_AREA_STYLE_COLOUR ( '', #11350 ) ;
#9253 = ORIENTED_EDGE ( 'NONE', *, *, #11807, .F. ) ;
#9254 = ORIENTED_EDGE ( 'NONE', *, *, #11400, .T. ) ;
#9255 =( GEOMETRIC_REPRESENTATION_CONTEXT ( 3 ) GLOBAL_UNCERTAINTY_ASSIGNED_CONTEXT ( ( #8065 ) ) GLOBAL_UNIT_ASSIGNED_CONTEXT ( ( #7433, #7554, #4757 ) ) REPRESENTATION_CONTEXT ( 'NONE', 'WORKASPACE' ) );
#9256 = STYLED_ITEM ( 'NONE', ( #644 ), #4987 ) ;
#9257 = CARTESIAN_POINT ( 'NONE',  ( -24.84695402612801018, 0.5000000000000000000, 12.07122582530905675 ) ) ;
#9258 = VECTOR ( 'NONE', #10371, 1000.000000000000000 ) ;
#9259 = DIRECTION ( 'NONE',  ( 0.000000000000000000, 0.000000000000000000, 1.000000000000000000 ) ) ;
#9260 = ORIENTED_EDGE ( 'NONE', *, *, #7734, .T. ) ;
#9261 = EDGE_CURVE ( 'NONE', #12012, #7848, #6601, .T. ) ;
#9262 = FILL_AREA_STYLE_COLOUR ( '', #4175 ) ;
#9263 = VECTOR ( 'NONE', #11871, 1000.000000000000000 ) ;
#9264 = AXIS2_PLACEMENT_3D ( 'NONE', #118, #3848, #8754 ) ;
#9265 = EDGE_CURVE ( 'NONE', #5249, #11974, #8620, .T. ) ;
#9266 = SURFACE_SIDE_STYLE ('',( #8558 ) ) ;
#9267 = ORIENTED_EDGE ( 'NONE', *, *, #2296, .T. ) ;
#9268 =( NAMED_UNIT ( * ) PLANE_ANGLE_UNIT ( ) SI_UNIT ( $, .RADIAN. ) );
#9269 = PRESENTATION_STYLE_ASSIGNMENT (( #2469 ) ) ;
#9270 = ORIENTED_EDGE ( 'NONE', *, *, #5911, .F. ) ;
#9271 = FILL_AREA_STYLE_COLOUR ( '', #10354 ) ;
#9272 = AXIS2_PLACEMENT_3D ( 'NONE', #3311, #9384, #2273 ) ;
#9273 = VECTOR ( 'NONE', #12384, 1000.000000000000000 ) ;
#9274 = EDGE_CURVE ( 'NONE', #309, #2384, #4349, .T. ) ;
#9275 = ORIENTED_EDGE ( 'NONE', *, *, #2314, .T. ) ;
#9276 = FILL_AREA_STYLE_COLOUR ( '', #2823 ) ;
#9277 = SURFACE_STYLE_USAGE ( .BOTH. , #10126 ) ;
#9278 =( NAMED_UNIT ( * ) SI_UNIT ( $, .STERADIAN. ) SOLID_ANGLE_UNIT ( ) );
#9279 = CARTESIAN_POINT ( 'NONE',  ( 7.017052631578944322, 11.42999999999999972, -18.41499999999999559 ) ) ;
#9280 = PLANE ( 'NONE',  #12374 ) ;
#9281 = EDGE_CURVE ( 'NONE', #2650, #8049, #3196, .T. ) ;
#9282 = CIRCLE ( 'NONE', #11748, 4.999999999999999112 ) ;
#9283 = EDGE_CURVE ( 'NONE', #3834, #4717, #2244, .T. ) ;
#9284 = PRESENTATION_STYLE_ASSIGNMENT (( #3252 ) ) ;
#9285 = CARTESIAN_POINT ( 'NONE',  ( -22.72021356188096419, 10.92999999999999794, -6.679213561880927408 ) ) ;
#9286 = LINE ( 'NONE', #11146, #9189 ) ;
#9287 = PRODUCT ( '547-45AB', '547-45AB', '', ( #10377 ) ) ;
#9288 = SURFACE_SIDE_STYLE ('',( #3440 ) ) ;
#9289 = ORIENTED_EDGE ( 'NONE', *, *, #808, .T. ) ;
#9290 =( GEOMETRIC_REPRESENTATION_CONTEXT ( 3 ) GLOBAL_UNCERTAINTY_ASSIGNED_CONTEXT ( ( #9070 ) ) GLOBAL_UNIT_ASSIGNED_CONTEXT ( ( #5184, #4295, #12299 ) ) REPRESENTATION_CONTEXT ( 'NONE', 'WORKASPACE' ) );
#9291 = CARTESIAN_POINT ( 'NONE',  ( -28.95599999999999952, 1.570893218813452119, -15.95617505732533203 ) ) ;
#9292 =( LENGTH_UNIT ( ) NAMED_UNIT ( * ) SI_UNIT ( .MILLI., .METRE. ) );
#9293 = CARTESIAN_POINT ( 'NONE',  ( 10.48378947368421521, 2.929999999999998384, 17.91499999999999915 ) ) ;
#9294 = STYLED_ITEM ( 'NONE', ( #5974 ), #13 ) ;
#9295 = PRESENTATION_STYLE_ASSIGNMENT (( #8395 ) ) ;
#9296 = COLOUR_RGB ( '',0.2509803921568627416, 0.2509803921568627416, 0.2509803921568627416 ) ;
#9297 = UNCERTAINTY_MEASURE_WITH_UNIT (LENGTH_MEASURE( 1.000000000000000082E-05 ), #3293, 'distance_accuracy_value', 'NONE');
#9298 = LINE ( 'NONE', #4211, #11732 ) ;
#9299 = ORIENTED_EDGE ( 'NONE', *, *, #11690, .T. ) ;
#9300 = EDGE_CURVE ( 'NONE', #8596, #4168, #9571, .T. ) ;
#9301 = SURFACE_STYLE_USAGE ( .BOTH. , #5399 ) ;
#9302 = MECHANICAL_DESIGN_GEOMETRIC_PRESENTATION_REPRESENTATION (  '', ( #8493 ), #10739 ) ;
#9303 = LINE ( 'NONE', #4455, #2206 ) ;
#9304 = DIRECTION ( 'NONE',  ( 4.081702296416016490E-16, -1.000000000000000000, 0.000000000000000000 ) ) ;
#9305 = ORIENTED_EDGE ( 'NONE', *, *, #2722, .F. ) ;
#9306 = CYLINDRICAL_SURFACE ( 'NONE', #8227, 0.7619999999999970131 ) ;
#9307 = STYLED_ITEM ( 'NONE', ( #5265 ), #9609 ) ;
#9308 = UNCERTAINTY_MEASURE_WITH_UNIT (LENGTH_MEASURE( 1.000000000000000082E-05 ), #11934, 'distance_accuracy_value', 'NONE');
#9309 = ADVANCED_BREP_SHAPE_REPRESENTATION ( '547-45AB', ( #4973, #3578 ), #5584 ) ;
#9310 = CARTESIAN_POINT ( 'NONE',  ( 4.493052631578946077, 11.43000000000001393, 18.41499999999999915 ) ) ;
#9311 = FILL_AREA_STYLE_COLOUR ( '', #369 ) ;
#9312 = FACE_OUTER_BOUND ( 'NONE', #5950, .T. ) ;
#9313 =( NAMED_UNIT ( * ) SI_UNIT ( $, .STERADIAN. ) SOLID_ANGLE_UNIT ( ) );
#9314 = ORIENTED_EDGE ( 'NONE', *, *, #9039, .F. ) ;
#9315 = CARTESIAN_POINT ( 'NONE',  ( 25.40151096696283872, 1.777999999999999581, 18.20789321881345302 ) ) ;
#9316 = ORIENTED_EDGE ( 'NONE', *, *, #2047, .T. ) ;
#9317 = EDGE_CURVE ( 'NONE', #3417, #5, #5024, .T. ) ;
#9318 = FILL_AREA_STYLE ('',( #11366 ) ) ;
#9319 =( NAMED_UNIT ( * ) PLANE_ANGLE_UNIT ( ) SI_UNIT ( $, .RADIAN. ) );
#9320 = SURFACE_STYLE_USAGE ( .BOTH. , #7027 ) ;
#9321 = DIRECTION ( 'NONE',  ( -1.000000000000000000, 0.000000000000000000, 0.000000000000000000 ) ) ;
#9322 = PRESENTATION_LAYER_ASSIGNMENT (  '', '', ( #11796 ) ) ;
#9323 = FACE_OUTER_BOUND ( 'NONE', #5101, .T. ) ;
#9324 = EDGE_LOOP ( 'NONE', ( #4212, #925, #9253, #7802 ) ) ;
#9325 =( BOUNDED_CURVE ( )  B_SPLINE_CURVE ( 3, ( #7438, #11353, #2612, #10395 ),
 .UNSPECIFIED., .F., .T. ) 
 B_SPLINE_CURVE_WITH_KNOTS ( ( 4, 4 ),
 ( 3.141592653589793116, 4.712388980384689674 ),
 .UNSPECIFIED. ) 
 CURVE ( )  GEOMETRIC_REPRESENTATION_ITEM ( )  RATIONAL_B_SPLINE_CURVE ( ( 1.000000000000000000, 0.8047378541243649375, 0.8047378541243649375, 1.000000000000000000 ) ) 
 REPRESENTATION_ITEM ( '' )  );
#9326 = DIRECTION ( 'NONE',  ( 0.000000000000000000, -0.000000000000000000, -1.000000000000000000 ) ) ;
#9327 = DIRECTION ( 'NONE',  ( 0.000000000000000000, 0.000000000000000000, 1.000000000000000000 ) ) ;
#9328 = LINE ( 'NONE', #4472, #3934 ) ;
#9329 = FILL_AREA_STYLE ('',( #11062 ) ) ;
#9330 = CARTESIAN_POINT ( 'NONE',  ( 24.48926315789472952, 10.92999999999999794, 7.179213561880927408 ) ) ;
#9331 =( NAMED_UNIT ( * ) PLANE_ANGLE_UNIT ( ) SI_UNIT ( $, .RADIAN. ) );
#9332 = STYLED_ITEM ( 'NONE', ( #9724 ), #4310 ) ;
#9333 = ORIENTED_EDGE ( 'NONE', *, *, #10400, .T. ) ;
#9334 = LINE ( 'NONE', #7587, #2319 ) ;
#9335 = VERTEX_POINT ( 'NONE', #8920 ) ;
#9336 = SURFACE_SIDE_STYLE ('',( #9162 ) ) ;
#9337 = CIRCLE ( 'NONE', #6070, 0.7619999999999970131 ) ;
#9338 =( LENGTH_UNIT ( ) NAMED_UNIT ( * ) SI_UNIT ( .MILLI., .METRE. ) );
#9339 = ORIENTED_EDGE ( 'NONE', *, *, #9265, .T. ) ;
#9340 = FILL_AREA_STYLE_COLOUR ( '', #7619 ) ;
#9341 = CARTESIAN_POINT ( 'NONE',  ( 22.72021356188092511, 10.92999999999999794, 12.17921356188092652 ) ) ;
#9342 = PRESENTATION_STYLE_ASSIGNMENT (( #5436 ) ) ;
#9343 = EDGE_LOOP ( 'NONE', ( #5598, #8090, #11864, #3295 ) ) ;
#9344 =( NAMED_UNIT ( * ) SI_UNIT ( $, .STERADIAN. ) SOLID_ANGLE_UNIT ( ) );
#9345 = STYLED_ITEM ( 'NONE', ( #6836 ), #1817 ) ;
#9346 = FILL_AREA_STYLE_COLOUR ( '', #5494 ) ;
#9347 = AXIS2_PLACEMENT_3D ( 'NONE', #4557, #5635, #7666 ) ;
#9348 = VERTEX_POINT ( 'NONE', #6938 ) ;
#9349 = EDGE_CURVE ( 'NONE', #6112, #6768, #6996, .T. ) ;
#9350 = FILL_AREA_STYLE ('',( #5513 ) ) ;
#9351 = DIRECTION ( 'NONE',  ( -0.6360782202777641725, 0.000000000000000000, 0.7716245833877199978 ) ) ;
#9352 = MECHANICAL_DESIGN_GEOMETRIC_PRESENTATION_REPRESENTATION (  '', ( #3460 ), #9550 ) ;
#9353 = CARTESIAN_POINT ( 'NONE',  ( -28.95599999999999596, 11.42999999999999972, 18.41499999999999915 ) ) ;
#9354 = CARTESIAN_POINT ( 'NONE',  ( 21.49389473684210117, 2.929999999999998384, -7.331931628739902784 ) ) ;
#9355 = AXIS2_PLACEMENT_3D ( 'NONE', #182, #6834, #11576 ) ;
#9356 = DIRECTION ( 'NONE',  ( 0.000000000000000000, 0.000000000000000000, -1.000000000000000000 ) ) ;
#9357 =( GEOMETRIC_REPRESENTATION_CONTEXT ( 3 ) GLOBAL_UNCERTAINTY_ASSIGNED_CONTEXT ( ( #1791 ) ) GLOBAL_UNIT_ASSIGNED_CONTEXT ( ( #4203, #2026, #8005 ) ) REPRESENTATION_CONTEXT ( 'NONE', 'WORKASPACE' ) );
#9358 = VERTEX_POINT ( 'NONE', #2092 ) ;
#9359 = EDGE_CURVE ( 'NONE', #3160, #4266, #841, .T. ) ;
#9360 = CARTESIAN_POINT ( 'NONE',  ( -15.21252631578946790, 2.929999999999998384, -17.91499999999999204 ) ) ;
#9361 =( GEOMETRIC_REPRESENTATION_CONTEXT ( 3 ) GLOBAL_UNCERTAINTY_ASSIGNED_CONTEXT ( ( #7851 ) ) GLOBAL_UNIT_ASSIGNED_CONTEXT ( ( #8904, #10875, #11668 ) ) REPRESENTATION_CONTEXT ( 'NONE', 'WORKASPACE' ) );
#9362 = DIRECTION ( 'NONE',  ( 4.081702296416016490E-16, -1.000000000000000000, 0.000000000000000000 ) ) ;
#9363 = ORIENTED_EDGE ( 'NONE', *, *, #769, .F. ) ;
#9364 = SURFACE_SIDE_STYLE ('',( #438 ) ) ;
#9365 = PRESENTATION_STYLE_ASSIGNMENT (( #7687 ) ) ;
#9366 =( LENGTH_UNIT ( ) NAMED_UNIT ( * ) SI_UNIT ( .MILLI., .METRE. ) );
#9367 =( LENGTH_UNIT ( ) NAMED_UNIT ( * ) SI_UNIT ( .MILLI., .METRE. ) );
#9368 = EDGE_CURVE ( 'NONE', #4266, #1345, #2104, .T. ) ;
#9369 = SURFACE_STYLE_USAGE ( .BOTH. , #4644 ) ;
#9370 = ORIENTED_EDGE ( 'NONE', *, *, #4222, .T. ) ;
#9371 =( GEOMETRIC_REPRESENTATION_CONTEXT ( 3 ) GLOBAL_UNCERTAINTY_ASSIGNED_CONTEXT ( ( #5818 ) ) GLOBAL_UNIT_ASSIGNED_CONTEXT ( ( #596, #10493, #3609 ) ) REPRESENTATION_CONTEXT ( 'NONE', 'WORKASPACE' ) );
#9372 = CIRCLE ( 'NONE', #8567, 1.261999999999997568 ) ;
#9373 = ORIENTED_EDGE ( 'NONE', *, *, #10930, .T. ) ;
#9374 = CARTESIAN_POINT ( 'NONE',  ( 14.74115789473684224, 2.929999999999998384, 17.91499999999999915 ) ) ;
#9375 = ORIENTED_EDGE ( 'NONE', *, *, #9454, .T. ) ;
#9376 =( LENGTH_UNIT ( ) NAMED_UNIT ( * ) SI_UNIT ( .MILLI., .METRE. ) );
#9377 = PRESENTATION_STYLE_ASSIGNMENT (( #9440 ) ) ;
#9378 = VERTEX_POINT ( 'NONE', #3945 ) ;
#9379 = MECHANICAL_DESIGN_GEOMETRIC_PRESENTATION_REPRESENTATION (  '', ( #619 ), #3094 ) ;
#9380 = DIRECTION ( 'NONE',  ( -0.000000000000000000, -1.000000000000000000, -0.000000000000000000 ) ) ;
#9381 = FILL_AREA_STYLE ('',( #12363 ) ) ;
#9382 = EDGE_CURVE ( 'NONE', #12659, #12070, #7890, .T. ) ;
#9383 =( NAMED_UNIT ( * ) PLANE_ANGLE_UNIT ( ) SI_UNIT ( $, .RADIAN. ) );
#9384 = DIRECTION ( 'NONE',  ( 0.000000000000000000, -1.000000000000000000, 0.000000000000000000 ) ) ;
#9385 = ORIENTED_EDGE ( 'NONE', *, *, #2977, .T. ) ;
#9386 = CARTESIAN_POINT ( 'NONE',  ( 3.521684210526315972, 10.92999999999999794, -17.91499999999999204 ) ) ;
#9387 = DIRECTION ( 'NONE',  ( 1.000000000000000000, 0.000000000000000000, 0.000000000000000000 ) ) ;
#9388 = EDGE_LOOP ( 'NONE', ( #12231, #1139, #5729, #9783 ) ) ;
#9389 = STYLED_ITEM ( 'NONE', ( #11499 ), #7690 ) ;
#9390 =( BOUNDED_CURVE ( )  B_SPLINE_CURVE ( 3, ( #4271, #11170, #11109, #2387 ),
 .UNSPECIFIED., .F., .T. ) 
 B_SPLINE_CURVE_WITH_KNOTS ( ( 4, 4 ),
 ( 3.141592653589793116, 4.712388980384689674 ),
 .UNSPECIFIED. ) 
 CURVE ( )  GEOMETRIC_REPRESENTATION_ITEM ( )  RATIONAL_B_SPLINE_CURVE ( ( 1.000000000000000000, 0.8047378541243649375, 0.8047378541243649375, 1.000000000000000000 ) ) 
 REPRESENTATION_ITEM ( '' )  );
#9391 = CARTESIAN_POINT ( 'NONE',  ( -12.97915789473683823, 11.42999999999999972, 17.91499999999999915 ) ) ;
#9392 = DIRECTION ( 'NONE',  ( 0.000000000000000000, -0.000000000000000000, -1.000000000000000000 ) ) ;
#9393 = ORIENTED_EDGE ( 'NONE', *, *, #4841, .T. ) ;
#9394 = CARTESIAN_POINT ( 'NONE',  ( 24.98926315789472952, 11.42999999999999972, -6.679213561880927408 ) ) ;
#9395 = SURFACE_STYLE_USAGE ( .BOTH. , #8707 ) ;
#9396 = PRESENTATION_LAYER_ASSIGNMENT (  '', '', ( #2276 ) ) ;
#9397 = AXIS2_PLACEMENT_3D ( 'NONE', #3510, #11422, #8399 ) ;
#9398 = DIRECTION ( 'NONE',  ( 0.000000000000000000, -1.000000000000000000, -0.000000000000000000 ) ) ;
#9399 = SURFACE_STYLE_USAGE ( .BOTH. , #9524 ) ;
#9400 = EDGE_CURVE ( 'NONE', #12070, #1612, #1068, .T. ) ;
#9401 = ORIENTED_EDGE ( 'NONE', *, *, #2696, .F. ) ;
#9402 = CARTESIAN_POINT ( 'NONE',  ( -40.19178643811905971, 10.92999999999999794, 7.179213561880927408 ) ) ;
#9403 = ORIENTED_EDGE ( 'NONE', *, *, #8651, .T. ) ;
#9404 =( NAMED_UNIT ( * ) PLANE_ANGLE_UNIT ( ) SI_UNIT ( $, .RADIAN. ) );
#9405 = STYLED_ITEM ( 'NONE', ( #12383 ), #1427 ) ;
#9406 = VECTOR ( 'NONE', #11311, 1000.000000000000000 ) ;
#9407 = VECTOR ( 'NONE', #5446, 1000.000000000000000 ) ;
#9408 = VERTEX_POINT ( 'NONE', #2152 ) ;
#9409 =( LENGTH_UNIT ( ) NAMED_UNIT ( * ) SI_UNIT ( .MILLI., .METRE. ) );
#9410 = CARTESIAN_POINT ( 'NONE',  ( 17.72021356188092867, 1.778000000000000025, -29.65078643811905934 ) ) ;
#9411 = FACE_OUTER_BOUND ( 'NONE', #3177, .T. ) ;
#9412 = STYLED_ITEM ( 'NONE', ( #5980 ), #10388 ) ;
#9413 =( NAMED_UNIT ( * ) PLANE_ANGLE_UNIT ( ) SI_UNIT ( $, .RADIAN. ) );
#9414 = VECTOR ( 'NONE', #4753, 1000.000000000000000 ) ;
#9415 = CARTESIAN_POINT ( 'NONE',  ( 10.01242105263157356, 11.42999999999999972, 18.41499999999999915 ) ) ;
#9416 = ADVANCED_FACE ( 'NONE', ( #4952 ), #3067, .T. ) ;
#9417 = FACE_OUTER_BOUND ( 'NONE', #9343, .T. ) ;
#9418 = ORIENTED_EDGE ( 'NONE', *, *, #5432, .F. ) ;
#9419 = PRESENTATION_LAYER_ASSIGNMENT (  '', '', ( #6165 ) ) ;
#9420 = CARTESIAN_POINT ( 'NONE',  ( -22.01123368217812981, 0.000000000000000000, 14.40881328482983648 ) ) ;
#9421 =( LENGTH_UNIT ( ) NAMED_UNIT ( * ) SI_UNIT ( .MILLI., .METRE. ) );
#9422 = COLOUR_RGB ( '',0.2509803921568627416, 0.2509803921568627416, 0.2509803921568627416 ) ;
#9423 = ORIENTED_EDGE ( 'NONE', *, *, #2665, .T. ) ;
#9424 = DIRECTION ( 'NONE',  ( -0.000000000000000000, 1.000000000000000000, -0.000000000000000000 ) ) ;
#9425 = FILL_AREA_STYLE_COLOUR ( '', #5194 ) ;
#9426 = VECTOR ( 'NONE', #6650, 1000.000000000000000 ) ;
#9427 = CYLINDRICAL_SURFACE ( 'NONE', #11514, 0.5000000000000004441 ) ;
#9428 = ADVANCED_FACE ( 'NONE', ( #7180 ), #12196, .F. ) ;
#9429 = DIRECTION ( 'NONE',  ( -1.000000000000000000, 0.000000000000000000, 0.000000000000000000 ) ) ;
#9430 =( GEOMETRIC_REPRESENTATION_CONTEXT ( 3 ) GLOBAL_UNCERTAINTY_ASSIGNED_CONTEXT ( ( #6240 ) ) GLOBAL_UNIT_ASSIGNED_CONTEXT ( ( #1414, #453, #12227 ) ) REPRESENTATION_CONTEXT ( 'NONE', 'WORKASPACE' ) );
#9431 = LINE ( 'NONE', #5597, #10483 ) ;
#9432 = ORIENTED_EDGE ( 'NONE', *, *, #1244, .T. ) ;
#9433 = CYLINDRICAL_SURFACE ( 'NONE', #12057, 0.5000000000000004441 ) ;
#9434 = VERTEX_POINT ( 'NONE', #12123 ) ;
#9435 = PLANE ( 'NONE',  #8681 ) ;
#9436 = EDGE_LOOP ( 'NONE', ( #10564, #11232, #3394, #5522 ) ) ;
#9437 = LINE ( 'NONE', #8615, #10691 ) ;
#9438 = STYLED_ITEM ( 'NONE', ( #1151 ), #11018 ) ;
#9439 = PRESENTATION_LAYER_ASSIGNMENT (  '', '', ( #2938 ) ) ;
#9440 = SURFACE_STYLE_USAGE ( .BOTH. , #5609 ) ;
#9441 = VERTEX_POINT ( 'NONE', #4321 ) ;
#9442 =( LENGTH_UNIT ( ) NAMED_UNIT ( * ) SI_UNIT ( .MILLI., .METRE. ) );
#9443 = SURFACE_STYLE_USAGE ( .BOTH. , #6457 ) ;
#9444 = FILL_AREA_STYLE_COLOUR ( '', #10499 ) ;
#9445 = CARTESIAN_POINT ( 'NONE',  ( 7.488421052631574426, 11.42999999999999972, -18.41499999999999559 ) ) ;
#9446 = CARTESIAN_POINT ( 'NONE',  ( 24.98926315789472952, 11.42999999999999972, 6.679213561880927408 ) ) ;
#9447 = VECTOR ( 'NONE', #3771, 1000.000000000000000 ) ;
#9448 = DIRECTION ( 'NONE',  ( -0.000000000000000000, -0.000000000000000000, 1.000000000000000000 ) ) ;
#9449 = COLOUR_RGB ( '',0.2509803921568627416, 0.2509803921568627416, 0.2509803921568627416 ) ;
#9450 = VERTEX_POINT ( 'NONE', #299 ) ;
#9451 = COLOUR_RGB ( '',0.2509803921568627416, 0.2509803921568627416, 0.2509803921568627416 ) ;
#9452 = DIRECTION ( 'NONE',  ( 1.000000000000000000, 0.000000000000000000, 0.000000000000000000 ) ) ;
#9453 = VERTEX_POINT ( 'NONE', #3389 ) ;
#9454 = EDGE_CURVE ( 'NONE', #3097, #2638, #3504, .T. ) ;
#9455 = MECHANICAL_DESIGN_GEOMETRIC_PRESENTATION_REPRESENTATION (  '', ( #5573 ), #8234 ) ;
#9456 = ADVANCED_FACE ( 'NONE', ( #10076 ), #2487, .T. ) ;
#9457 = CARTESIAN_POINT ( 'NONE',  ( -23.43663157894736671, 11.42999999999999972, -18.41499999999999915 ) ) ;
#9458 = ORIENTED_EDGE ( 'NONE', *, *, #7609, .T. ) ;
#9459 = FILL_AREA_STYLE ('',( #4548 ) ) ;
#9460 = MECHANICAL_DESIGN_GEOMETRIC_PRESENTATION_REPRESENTATION (  '', ( #1719 ), #6420 ) ;
#9461 = CIRCLE ( 'NONE', #8242, 0.7619999999999970131 ) ;
#9462 = UNCERTAINTY_MEASURE_WITH_UNIT (LENGTH_MEASURE( 1.000000000000000082E-05 ), #3657, 'distance_accuracy_value', 'NONE');
#9463 = UNCERTAINTY_MEASURE_WITH_UNIT (LENGTH_MEASURE( 1.000000000000000082E-05 ), #11027, 'distance_accuracy_value', 'NONE');
#9464 =( NAMED_UNIT ( * ) PLANE_ANGLE_UNIT ( ) SI_UNIT ( $, .RADIAN. ) );
#9465 =( NAMED_UNIT ( * ) PLANE_ANGLE_UNIT ( ) SI_UNIT ( $, .RADIAN. ) );
#9466 = ORIENTED_EDGE ( 'NONE', *, *, #5162, .F. ) ;
#9467 = CARTESIAN_POINT ( 'NONE',  ( -15.21252631578946790, 2.929999999999998384, 18.41499999999999915 ) ) ;
#9468 = FILL_AREA_STYLE ('',( #3804 ) ) ;
#9469 = ORIENTED_EDGE ( 'NONE', *, *, #4584, .T. ) ;
#9470 = MECHANICAL_DESIGN_GEOMETRIC_PRESENTATION_REPRESENTATION (  '', ( #11314 ), #3985 ) ;
#9471 = AXIS2_PLACEMENT_3D ( 'NONE', #12080, #8287, #11172 ) ;
#9472 = VECTOR ( 'NONE', #4939, 1000.000000000000000 ) ;
#9473 = CARTESIAN_POINT ( 'NONE',  ( 28.54803550219486041, 1.633902899091349437E-15, -16.23539712756003084 ) ) ;
#9474 = EDGE_CURVE ( 'NONE', #11055, #9441, #6300, .T. ) ;
#9475 = ORIENTED_EDGE ( 'NONE', *, *, #9575, .F. ) ;
#9476 = CARTESIAN_POINT ( 'NONE',  ( -1.497684210526313509, 11.42999999999999972, 0.000000000000000000 ) ) ;
#9477 = CARTESIAN_POINT ( 'NONE',  ( 12.50778947368420901, 11.22289321881345536, 18.20789321881345302 ) ) ;
#9478 = CARTESIAN_POINT ( 'NONE',  ( -22.01123368217812981, 0.5000000000000000000, 14.40881328482983825 ) ) ;
#9479 = FILL_AREA_STYLE_COLOUR ( '', #1368 ) ;
#9480 = SURFACE_SIDE_STYLE ('',( #1695 ) ) ;
#9481 = DIRECTION ( 'NONE',  ( -0.000000000000000000, -1.000000000000000000, -0.000000000000000000 ) ) ;
#9482 = CARTESIAN_POINT ( 'NONE',  ( 18.49852631578947282, 2.862810451725351868, -9.500154623337632387 ) ) ;
#9483 = DIRECTION ( 'NONE',  ( -0.000000000000000000, -0.000000000000000000, 1.000000000000000000 ) ) ;
#9484 = EDGE_LOOP ( 'NONE', ( #7900, #1242, #12393, #1484 ) ) ;
#9485 = CARTESIAN_POINT ( 'NONE',  ( -10.19089625487075601, 11.42999999999999794, -18.41499999999999559 ) ) ;
#9486 = CARTESIAN_POINT ( 'NONE',  ( -15.97452631578947013, 11.42999999999999972, 17.91499999999999915 ) ) ;
#9487 = VERTEX_POINT ( 'NONE', #4692 ) ;
#9489 = ADVANCED_FACE ( 'NONE', ( #8392 ), #7591, .T. ) ;
#9488 = CARTESIAN_POINT ( 'NONE',  ( 19.46989473684210381, 10.92999999999999794, -18.41499999999999915 ) ) ;
#9490 = DIRECTION ( 'NONE',  ( -0.000000000000000000, -0.000000000000000000, 1.000000000000000000 ) ) ;
#9491 =( LENGTH_UNIT ( ) NAMED_UNIT ( * ) SI_UNIT ( .MILLI., .METRE. ) );
#9492 =( NAMED_UNIT ( * ) SI_UNIT ( $, .STERADIAN. ) SOLID_ANGLE_UNIT ( ) );
#9493 = CARTESIAN_POINT ( 'NONE',  ( -3.231052631578943402, 2.929999999999998384, -17.91499999999999204 ) ) ;
#9494 = VERTEX_POINT ( 'NONE', #1830 ) ;
#9495 = FILL_AREA_STYLE ('',( #8544 ) ) ;
#9496 =( GEOMETRIC_REPRESENTATION_CONTEXT ( 3 ) GLOBAL_UNCERTAINTY_ASSIGNED_CONTEXT ( ( #8159 ) ) GLOBAL_UNIT_ASSIGNED_CONTEXT ( ( #5088, #8861, #8919 ) ) REPRESENTATION_CONTEXT ( 'NONE', 'WORKASPACE' ) );
#9497 = VERTEX_POINT ( 'NONE', #9354 ) ;
#9498 = CARTESIAN_POINT ( 'NONE',  ( -24.96063157894736406, 10.92999999999999794, -7.179213561880927408 ) ) ;
#9499 = FILL_AREA_STYLE ('',( #6380 ) ) ;
#9500 = ORIENTED_EDGE ( 'NONE', *, *, #2988, .F. ) ;
#9501 = VECTOR ( 'NONE', #4098, 1000.000000000000000 ) ;
#9502 = DIRECTION ( 'NONE',  ( -0.000000000000000000, -0.000000000000000000, -1.000000000000000000 ) ) ;
#9503 = CARTESIAN_POINT ( 'NONE',  ( -6.226421052631575748, 2.929999999999998384, -18.41499999999999915 ) ) ;
#9504 = SURFACE_STYLE_USAGE ( .BOTH. , #12421 ) ;
#9505 = CARTESIAN_POINT ( 'NONE',  ( -28.95599999999999952, 11.42999999999999972, 6.972106780694380390 ) ) ;
#9506 = VERTEX_POINT ( 'NONE', #7678 ) ;
#9507 = ADVANCED_FACE ( 'NONE', ( #11609 ), #3695, .F. ) ;
#9508 = ADVANCED_FACE ( 'NONE', ( #750 ), #681, .F. ) ;
#9509 = SURFACE_STYLE_FILL_AREA ( #11701 ) ;
#9510 = EDGE_CURVE ( 'NONE', #11857, #2384, #2139, .T. ) ;
#9511 =( GEOMETRIC_REPRESENTATION_CONTEXT ( 3 ) GLOBAL_UNCERTAINTY_ASSIGNED_CONTEXT ( ( #1679 ) ) GLOBAL_UNIT_ASSIGNED_CONTEXT ( ( #3432, #3371, #541 ) ) REPRESENTATION_CONTEXT ( 'NONE', 'WORKASPACE' ) );
#9512 = LINE ( 'NONE', #3661, #11737 ) ;
#9513 = PRESENTATION_LAYER_ASSIGNMENT (  '', '', ( #9307 ) ) ;
#9514 = DIRECTION ( 'NONE',  ( 1.000000000000000000, 0.000000000000000000, 0.000000000000000000 ) ) ;
#9515 = ORIENTED_EDGE ( 'NONE', *, *, #7464, .F. ) ;
#9516 = CARTESIAN_POINT ( 'NONE',  ( -24.84695402612800308, 0.5000000000000000000, 12.07122582530904786 ) ) ;
#9517 =( NAMED_UNIT ( * ) PLANE_ANGLE_UNIT ( ) SI_UNIT ( $, .RADIAN. ) );
#9518 = ORIENTED_EDGE ( 'NONE', *, *, #10577, .F. ) ;
#9519 = SURFACE_STYLE_USAGE ( .BOTH. , #8439 ) ;
#9520 = DIRECTION ( 'NONE',  ( -0.000000000000000000, 1.000000000000000000, 0.000000000000000000 ) ) ;
#9521 = ORIENTED_EDGE ( 'NONE', *, *, #10435, .T. ) ;
#9522 = PRESENTATION_LAYER_ASSIGNMENT (  '', '', ( #5647 ) ) ;
#9523 = UNCERTAINTY_MEASURE_WITH_UNIT (LENGTH_MEASURE( 1.000000000000000082E-05 ), #10046, 'distance_accuracy_value', 'NONE');
#9524 = SURFACE_SIDE_STYLE ('',( #1812 ) ) ;
#9525 = LINE ( 'NONE', #5630, #11125 ) ;
#9526 = EDGE_LOOP ( 'NONE', ( #5532, #8384, #6318, #2598 ) ) ;
#9527 = CARTESIAN_POINT ( 'NONE',  ( -17.44589473684210645, 11.42999999999999972, -18.41499999999999915 ) ) ;
#9528 = EDGE_CURVE ( 'NONE', #1737, #5161, #6661, .T. ) ;
#9529 = EDGE_CURVE ( 'NONE', #9902, #3417, #11674, .T. ) ;
#9530 = DIRECTION ( 'NONE',  ( 0.000000000000000000, 0.000000000000000000, -1.000000000000000000 ) ) ;
#9531 = MECHANICAL_DESIGN_GEOMETRIC_PRESENTATION_REPRESENTATION (  '', ( #5044 ), #3032 ) ;
#9532 =( NAMED_UNIT ( * ) SI_UNIT ( $, .STERADIAN. ) SOLID_ANGLE_UNIT ( ) );
#9533 = ORIENTED_EDGE ( 'NONE', *, *, #8437, .F. ) ;
#9534 = SHAPE_DEFINITION_REPRESENTATION ( #1758, #9309 ) ;
#9535 = COLOUR_RGB ( '',0.2509803921568627416, 0.2509803921568627416, 0.2509803921568627416 ) ;
#9536 = CYLINDRICAL_SURFACE ( 'NONE', #4279, 0.5000000000000004441 ) ;
#9537 = ORIENTED_EDGE ( 'NONE', *, *, #10707, .T. ) ;
#9538 = DIRECTION ( 'NONE',  ( 1.000000000000000000, 0.000000000000000000, 0.000000000000000000 ) ) ;
#9539 = CARTESIAN_POINT ( 'NONE',  ( -20.44126315789473480, 2.929999999999998384, 7.728777060123918297 ) ) ;
#9540 = STYLED_ITEM ( 'NONE', ( #4107 ), #5866 ) ;
#9541 = CARTESIAN_POINT ( 'NONE',  ( -7.959789473684211636, 11.42999999999999972, 17.91499999999999915 ) ) ;
#9542 = DIRECTION ( 'NONE',  ( 1.000000000000000000, 0.000000000000000000, 0.000000000000000000 ) ) ;
#9543 =( NAMED_UNIT ( * ) SI_UNIT ( $, .STERADIAN. ) SOLID_ANGLE_UNIT ( ) );
#9544 = LINE ( 'NONE', #3505, #3570 ) ;
#9545 = CARTESIAN_POINT ( 'NONE',  ( 18.48944488131618868, 2.797581556491413490, -9.514357917681500965 ) ) ;
#9546 = CARTESIAN_POINT ( 'NONE',  ( 23.62199999999999633, 0.5000000000000000000, -13.08100000000000840 ) ) ;
#9547 = STYLED_ITEM ( 'NONE', ( #5648 ), #6043 ) ;
#9548 = EDGE_LOOP ( 'NONE', ( #1704, #11885, #3896, #1952, #8491 ) ) ;
#9549 = FILL_AREA_STYLE_COLOUR ( '', #9009 ) ;
#9550 =( GEOMETRIC_REPRESENTATION_CONTEXT ( 3 ) GLOBAL_UNCERTAINTY_ASSIGNED_CONTEXT ( ( #1657 ) ) GLOBAL_UNIT_ASSIGNED_CONTEXT ( ( #9889, #8875, #245 ) ) REPRESENTATION_CONTEXT ( 'NONE', 'WORKASPACE' ) );
#9551 = FACE_OUTER_BOUND ( 'NONE', #844, .T. ) ;
#9552 = FILL_AREA_STYLE_COLOUR ( '', #6296 ) ;
#9553 = ORIENTED_EDGE ( 'NONE', *, *, #2192, .T. ) ;
#9554 = CYLINDRICAL_SURFACE ( 'NONE', #483, 0.5000000000000004441 ) ;
#9555 = DIRECTION ( 'NONE',  ( 1.000000000000000000, 0.000000000000000000, 0.000000000000000000 ) ) ;
#9556 = CARTESIAN_POINT ( 'NONE',  ( 21.49389473684212604, 2.718607499133665950, -7.331931628739668305 ) ) ;
#9557 = COLOUR_RGB ( '',0.2509803921568627416, 0.2509803921568627416, 0.2509803921568627416 ) ;
#9558 = EDGE_CURVE ( 'NONE', #5460, #6481, #4422, .T. ) ;
#9559 = EDGE_LOOP ( 'NONE', ( #9911, #10836, #7828, #5428 ) ) ;
#9560 = SURFACE_STYLE_FILL_AREA ( #11631 ) ;
#9561 = EDGE_LOOP ( 'NONE', ( #7385, #8695, #12132, #7037 ) ) ;
#9562 = COLOUR_RGB ( '',0.2509803921568627416, 0.2509803921568627416, 0.2509803921568627416 ) ;
#9563 = CARTESIAN_POINT ( 'NONE',  ( -23.62199999999999633, -0.0009999999999992653654, 13.08100000000000840 ) ) ;
#9564 = SURFACE_STYLE_FILL_AREA ( #5672 ) ;
#9565 = VERTEX_POINT ( 'NONE', #9668 ) ;
#9566 = DIRECTION ( 'NONE',  ( 0.000000000000000000, 0.000000000000000000, -1.000000000000000000 ) ) ;
#9567 = PRESENTATION_STYLE_ASSIGNMENT (( #9504 ) ) ;
#9568 = FACE_OUTER_BOUND ( 'NONE', #1804, .T. ) ;
#9569 = ORIENTED_EDGE ( 'NONE', *, *, #2278, .T. ) ;
#9570 = CARTESIAN_POINT ( 'NONE',  ( 15.50315789473683736, 10.92999999999999794, 17.91499999999999915 ) ) ;
#9571 = LINE ( 'NONE', #99, #11280 ) ;
#9572 = VECTOR ( 'NONE', #6469, 1000.000000000000000 ) ;
#9573 = PRESENTATION_LAYER_ASSIGNMENT (  '', '', ( #6928 ) ) ;
#9574 = PRESENTATION_STYLE_ASSIGNMENT (( #5682 ) ) ;
#9575 = EDGE_CURVE ( 'NONE', #3150, #376, #1896, .T. ) ;
#9576 = DIRECTION ( 'NONE',  ( -0.000000000000000000, 1.000000000000000000, 0.000000000000000000 ) ) ;
#9577 = ORIENTED_EDGE ( 'NONE', *, *, #10682, .T. ) ;
#9578 = LINE ( 'NONE', #1610, #3748 ) ;
#9579 = ADVANCED_FACE ( 'NONE', ( #7996 ), #7935, .F. ) ;
#9580 = SURFACE_SIDE_STYLE ('',( #2771 ) ) ;
#9581 = ORIENTED_EDGE ( 'NONE', *, *, #11913, .T. ) ;
#9582 =( BOUNDED_CURVE ( )  B_SPLINE_CURVE ( 3, ( #244, #4216, #4150, #7957 ),
 .UNSPECIFIED., .F., .T. ) 
 B_SPLINE_CURVE_WITH_KNOTS ( ( 4, 4 ),
 ( 0.000000000000000000, 1.570796326794896558 ),
 .UNSPECIFIED. ) 
 CURVE ( )  GEOMETRIC_REPRESENTATION_ITEM ( )  RATIONAL_B_SPLINE_CURVE ( ( 1.000000000000000000, 0.8047378541243649375, 0.8047378541243649375, 1.000000000000000000 ) ) 
 REPRESENTATION_ITEM ( '' )  );
#9583 =( LENGTH_UNIT ( ) NAMED_UNIT ( * ) SI_UNIT ( .MILLI., .METRE. ) );
#9584 =( NAMED_UNIT ( * ) PLANE_ANGLE_UNIT ( ) SI_UNIT ( $, .RADIAN. ) );
#9585 = FILL_AREA_STYLE_COLOUR ( '', #2070 ) ;
#9586 = ORIENTED_EDGE ( 'NONE', *, *, #4754, .F. ) ;
#9587 = FACE_OUTER_BOUND ( 'NONE', #430, .T. ) ;
#9588 =( NAMED_UNIT ( * ) PLANE_ANGLE_UNIT ( ) SI_UNIT ( $, .RADIAN. ) );
#9589 = FILL_AREA_STYLE_COLOUR ( '', #6462 ) ;
#9590 = AXIS2_PLACEMENT_3D ( 'NONE', #6468, #11323, #7593 ) ;
#9591 = ADVANCED_FACE ( 'NONE', ( #6984 ), #4879, .T. ) ;
#9592 = VERTEX_POINT ( 'NONE', #11012 ) ;
#9593 = SURFACE_SIDE_STYLE ('',( #12636 ) ) ;
#9594 = EDGE_CURVE ( 'NONE', #12209, #5173, #2418, .T. ) ;
#9595 = CYLINDRICAL_SURFACE ( 'NONE', #11527, 0.5000000000000004441 ) ;
#9597 = EDGE_LOOP ( 'NONE', ( #3721, #2752, #10771, #4784 ) ) ;
#9596 = MECHANICAL_DESIGN_GEOMETRIC_PRESENTATION_REPRESENTATION (  '', ( #8998 ), #4315 ) ;
#9598 = COLOUR_RGB ( '',0.2509803921568627416, 0.2509803921568627416, 0.2509803921568627416 ) ;
#9599 = EDGE_CURVE ( 'NONE', #3092, #12243, #4194, .T. ) ;
#9600 = CARTESIAN_POINT ( 'NONE',  ( -20.44126315789473480, 1.778000000000000025, -7.728777060123920073 ) ) ;
#9601 = SURFACE_STYLE_FILL_AREA ( #2857 ) ;
#9602 = SURFACE_STYLE_FILL_AREA ( #5014 ) ;
#9603 = AXIS2_PLACEMENT_3D ( 'NONE', #3031, #3859, #5944 ) ;
#9604 = FACE_OUTER_BOUND ( 'NONE', #3070, .T. ) ;
#9605 = AXIS2_PLACEMENT_3D ( 'NONE', #12137, #5335, #5098 ) ;
#9606 = VERTEX_POINT ( 'NONE', #6156 ) ;
#9607 = CARTESIAN_POINT ( 'NONE',  ( -9.983789473684206328, 11.22289321881344826, -18.20789321881344236 ) ) ;
#9608 = AXIS2_PLACEMENT_3D ( 'NONE', #7892, #4080, #1265 ) ;
#9609 = ADVANCED_FACE ( 'NONE', ( #4377 ), #2480, .T. ) ;
#9610 = SURFACE_STYLE_USAGE ( .BOTH. , #4885 ) ;
#9611 = ORIENTED_EDGE ( 'NONE', *, *, #4819, .F. ) ;
#9612 = FACE_OUTER_BOUND ( 'NONE', #3640, .T. ) ;
#9613 = PLANE ( 'NONE',  #5371 ) ;
#9614 = PRESENTATION_STYLE_ASSIGNMENT (( #4772 ) ) ;
#9615 = CARTESIAN_POINT ( 'NONE',  ( -16.47452631578946480, 2.929999999999998384, -18.41499999999999559 ) ) ;
#9616 = ORIENTED_EDGE ( 'NONE', *, *, #2057, .F. ) ;
#9617 =( GEOMETRIC_REPRESENTATION_CONTEXT ( 3 ) GLOBAL_UNCERTAINTY_ASSIGNED_CONTEXT ( ( #7410 ) ) GLOBAL_UNIT_ASSIGNED_CONTEXT ( ( #3741, #6605, #10561 ) ) REPRESENTATION_CONTEXT ( 'NONE', 'WORKASPACE' ) );
#9618 = DIRECTION ( 'NONE',  ( 0.000000000000000000, 1.000000000000000000, 0.000000000000000000 ) ) ;
#9619 = ORIENTED_EDGE ( 'NONE', *, *, #8798, .T. ) ;
#9620 = EDGE_CURVE ( 'NONE', #8609, #177, #4312, .T. ) ;
#9621 = CARTESIAN_POINT ( 'NONE',  ( -19.46989473684210381, 11.42999999999999972, -7.742387270983545733 ) ) ;
#9622 = DIRECTION ( 'NONE',  ( 1.000000000000000000, 0.000000000000000000, 0.000000000000000000 ) ) ;
#9623 = ORIENTED_EDGE ( 'NONE', *, *, #4965, .T. ) ;
#9624 = CARTESIAN_POINT ( 'NONE',  ( 0.000000000000000000, 11.42999999999999972, 0.000000000000000000 ) ) ;
#9625 = DIRECTION ( 'NONE',  ( 0.000000000000000000, 0.000000000000000000, 1.000000000000000000 ) ) ;
#9626 = ORIENTED_EDGE ( 'NONE', *, *, #2392, .T. ) ;
#9627 = CARTESIAN_POINT ( 'NONE',  ( -1.497684210526314175, 11.43000000000001037, -18.41499999999999559 ) ) ;
#9628 = COLOUR_RGB ( '',0.2509803921568627416, 0.2509803921568627416, 0.2509803921568627416 ) ;
#9629 = FILL_AREA_STYLE ('',( #2106 ) ) ;
#9630 = VECTOR ( 'NONE', #10894, 1000.000000000000000 ) ;
#9631 = PLANE ( 'NONE',  #4595 ) ;
#9632 = CARTESIAN_POINT ( 'NONE',  ( -5.464421052631580622, 2.929999999999998384, -17.91499999999999204 ) ) ;
#9633 = EDGE_LOOP ( 'NONE', ( #1835, #2177, #11257, #7793 ) ) ;
#9634 =( LENGTH_UNIT ( ) NAMED_UNIT ( * ) SI_UNIT ( .MILLI., .METRE. ) );
#9635 = CARTESIAN_POINT ( 'NONE',  ( -1.969052631578947832, 2.929999999999998384, -18.41499999999999559 ) ) ;
#9636 = EDGE_LOOP ( 'NONE', ( #2398, #9900, #5350, #10776 ) ) ;
#9637 = MECHANICAL_DESIGN_GEOMETRIC_PRESENTATION_REPRESENTATION (  '', ( #4155 ), #5968 ) ;
#9638 = COLOUR_RGB ( '',0.2509803921568627416, 0.2509803921568627416, 0.2509803921568627416 ) ;
#9639 = FILL_AREA_STYLE ('',( #5749 ) ) ;
#9640 = DIRECTION ( 'NONE',  ( 1.000000000000000000, 0.000000000000000000, 0.000000000000000000 ) ) ;
#9641 = CARTESIAN_POINT ( 'NONE',  ( 3.521684210526315972, 11.42999999999999972, 17.91499999999999915 ) ) ;
#9642 = DIRECTION ( 'NONE',  ( 4.081702296416016490E-16, -1.000000000000000000, 0.000000000000000000 ) ) ;
#9643 = VERTEX_POINT ( 'NONE', #3310 ) ;
#9644 = EDGE_CURVE ( 'NONE', #5409, #6467, #11206, .T. ) ;
#9645 = CARTESIAN_POINT ( 'NONE',  ( 3.521684210526315972, 11.42999999999999972, -17.91499999999999204 ) ) ;
#9646 = EDGE_CURVE ( 'NONE', #9497, #10332, #4438, .T. ) ;
#9647 = CIRCLE ( 'NONE', #6393, 0.7619999999999970131 ) ;
#9648 = DIRECTION ( 'NONE',  ( -0.000000000000000000, -0.000000000000000000, -1.000000000000000000 ) ) ;
#9649 = SURFACE_STYLE_FILL_AREA ( #9777 ) ;
#9650 = STYLED_ITEM ( 'NONE', ( #12473 ), #11184 ) ;
#9651 = STYLED_ITEM ( 'NONE', ( #4701 ), #4613 ) ;
#9652 = DIRECTION ( 'NONE',  ( 0.000000000000000000, 0.000000000000000000, -1.000000000000000000 ) ) ;
#9653 = PRESENTATION_LAYER_ASSIGNMENT (  '', '', ( #900 ) ) ;
#9654 =( LENGTH_UNIT ( ) NAMED_UNIT ( * ) SI_UNIT ( .MILLI., .METRE. ) );
#9655 =( BOUNDED_CURVE ( )  B_SPLINE_CURVE ( 3, ( #2406, #6075, #9091, #6271 ),
 .UNSPECIFIED., .F., .F. ) 
 B_SPLINE_CURVE_WITH_KNOTS ( ( 4, 4 ),
 ( 1.570796326794891673, 2.452187599052024769 ),
 .UNSPECIFIED. ) 
 CURVE ( )  GEOMETRIC_REPRESENTATION_ITEM ( )  RATIONAL_B_SPLINE_CURVE ( ( 1.000000000000000000, 0.9363034303029122984, 0.9363034303029122984, 1.000000000000000000 ) ) 
 REPRESENTATION_ITEM ( '' )  );
#9656 = COLOUR_RGB ( '',0.2509803921568627416, 0.2509803921568627416, 0.2509803921568627416 ) ;
#9657 = ORIENTED_EDGE ( 'NONE', *, *, #8987, .T. ) ;
#9658 = CARTESIAN_POINT ( 'NONE',  ( -27.95599999999998886, 2.929999999999998384, -7.179213561880927408 ) ) ;
#9659 = AXIS2_PLACEMENT_3D ( 'NONE', #12658, #2155, #237 ) ;
#9661 = CARTESIAN_POINT ( 'NONE',  ( -18.20789473684209980, 2.929999999999998384, 17.91499999999999915 ) ) ;
#9660 = AXIS2_PLACEMENT_3D ( 'NONE', #4209, #7181, #7123 ) ;
#9662 = PRESENTATION_LAYER_ASSIGNMENT (  '', '', ( #11300 ) ) ;
#9663 = ORIENTED_EDGE ( 'NONE', *, *, #1886, .T. ) ;
#9664 = VECTOR ( 'NONE', #5731, 1000.000000000000000 ) ;
#9665 = ADVANCED_FACE ( 'NONE', ( #12183 ), #7107, .F. ) ;
#9666 = DIRECTION ( 'NONE',  ( 1.000000000000000000, 0.000000000000000000, 0.000000000000000000 ) ) ;
#9667 = CARTESIAN_POINT ( 'NONE',  ( -20.44126315789473480, 2.929999999999998384, 7.728777060123918297 ) ) ;
#9668 = CARTESIAN_POINT ( 'NONE',  ( 1.997684210526318171, 10.92999999999999794, 17.91499999999999915 ) ) ;
#9669 =( GEOMETRIC_REPRESENTATION_CONTEXT ( 3 ) GLOBAL_UNCERTAINTY_ASSIGNED_CONTEXT ( ( #1313 ) ) GLOBAL_UNIT_ASSIGNED_CONTEXT ( ( #1061, #9859, #4066 ) ) REPRESENTATION_CONTEXT ( 'NONE', 'WORKASPACE' ) );
#9670 = MECHANICAL_DESIGN_GEOMETRIC_PRESENTATION_REPRESENTATION (  '', ( #11315 ), #8456 ) ;
#9671 = CARTESIAN_POINT ( 'NONE',  ( -3.993052631578945633, 11.42999999999999972, -17.91499999999999204 ) ) ;
#9672 = ORIENTED_EDGE ( 'NONE', *, *, #3899, .F. ) ;
#9673 = CARTESIAN_POINT ( 'NONE',  ( -9.983789473684209881, 10.92999999999999794, -17.91499999999999204 ) ) ;
#9674 = STYLED_ITEM ( 'NONE', ( #349 ), #5299 ) ;
#9675 = DIRECTION ( 'NONE',  ( 1.000000000000000000, 0.000000000000000000, 0.000000000000000000 ) ) ;
#9676 = CARTESIAN_POINT ( 'NONE',  ( -2.469052631578948276, 2.929999999999998384, -17.91499999999999204 ) ) ;
#9677 = COLOUR_RGB ( '',0.2509803921568627416, 0.2509803921568627416, 0.2509803921568627416 ) ;
#9678 = DIRECTION ( 'NONE',  ( -0.000000000000000000, -0.000000000000000000, -1.000000000000000000 ) ) ;
#9679 = PLANE ( 'NONE',  #5780 ) ;
#9680 = EDGE_CURVE ( 'NONE', #10938, #12546, #6665, .T. ) ;
#9681 = FILL_AREA_STYLE_COLOUR ( '', #8010 ) ;
#9682 = SURFACE_STYLE_FILL_AREA ( #2811 ) ;
#9683 = PRESENTATION_STYLE_ASSIGNMENT (( #5027 ) ) ;
#9684 = EDGE_LOOP ( 'NONE', ( #7771, #11604, #3939, #8669, #7359, #9989, #7561, #12415, #7523, #4102, #5157, #2981, #9423, #8822, #3739, #8930, #1978, #7920, #2702, #11650, #8543, #3923, #1790, #11522, #9968, #8454 ) ) ;
#9685 = COLOUR_RGB ( '',0.2509803921568627416, 0.2509803921568627416, 0.2509803921568627416 ) ;
#9686 = ADVANCED_FACE ( 'NONE', ( #8516 ), #7535, .T. ) ;
#9687 = FACE_OUTER_BOUND ( 'NONE', #11365, .T. ) ;
#9688 = ORIENTED_EDGE ( 'NONE', *, *, #3931, .T. ) ;
#9689 = DIRECTION ( 'NONE',  ( 0.000000000000000000, 0.000000000000000000, -1.000000000000000000 ) ) ;
#9690 = ORIENTED_EDGE ( 'NONE', *, *, #1795, .F. ) ;
#9691 = SURFACE_SIDE_STYLE ('',( #3841 ) ) ;
#9692 = LINE ( 'NONE', #3842, #1010 ) ;
#9693 = VERTEX_POINT ( 'NONE', #11533 ) ;
#9694 = DIRECTION ( 'NONE',  ( 0.000000000000000000, -0.000000000000000000, -1.000000000000000000 ) ) ;
#9695 = CIRCLE ( 'NONE', #11342, 0.7619999999999970131 ) ;
#9696 = DIRECTION ( 'NONE',  ( 0.000000000000000000, 1.000000000000000000, 0.000000000000000000 ) ) ;
#9697 = DIRECTION ( 'NONE',  ( 4.081702296416016490E-16, -1.000000000000000000, 0.000000000000000000 ) ) ;
#9698 = FILL_AREA_STYLE ('',( #5810 ) ) ;
#9699 = ORIENTED_EDGE ( 'NONE', *, *, #12656, .F. ) ;
#9700 = CARTESIAN_POINT ( 'NONE',  ( 3.521684210526315972, 10.92999999999999794, -18.41499999999999915 ) ) ;
#9701 = AXIS2_PLACEMENT_3D ( 'NONE', #7141, #10916, #9196 ) ;
#9702 = ORIENTED_EDGE ( 'NONE', *, *, #3615, .F. ) ;
#9703 =( NAMED_UNIT ( * ) SI_UNIT ( $, .STERADIAN. ) SOLID_ANGLE_UNIT ( ) );
#9704 = CARTESIAN_POINT ( 'NONE',  ( -21.65747997036271855, 2.309675200473403134, -7.292879258347432447 ) ) ;
#9705 = FILL_AREA_STYLE ('',( #197 ) ) ;
#9706 = FACE_OUTER_BOUND ( 'NONE', #10235, .T. ) ;
#9707 = FILL_AREA_STYLE ('',( #9585 ) ) ;
#9708 = VERTEX_POINT ( 'NONE', #6604 ) ;
#9709 = FACE_OUTER_BOUND ( 'NONE', #5510, .T. ) ;
#9710 = SURFACE_STYLE_USAGE ( .BOTH. , #5824 ) ;
#9711 = COLOUR_RGB ( '',0.2509803921568627416, 0.2509803921568627416, 0.2509803921568627416 ) ;
#9712 =( NAMED_UNIT ( * ) PLANE_ANGLE_UNIT ( ) SI_UNIT ( $, .RADIAN. ) );
#9713 = CARTESIAN_POINT ( 'NONE',  ( 10.01242105263157356, 11.42999999999999972, -18.41499999999999559 ) ) ;
#9714 =( GEOMETRIC_REPRESENTATION_CONTEXT ( 3 ) GLOBAL_UNCERTAINTY_ASSIGNED_CONTEXT ( ( #4036 ) ) GLOBAL_UNIT_ASSIGNED_CONTEXT ( ( #9421, #10638, #10450 ) ) REPRESENTATION_CONTEXT ( 'NONE', 'WORKASPACE' ) );
#9715 = VERTEX_POINT ( 'NONE', #4617 ) ;
#9716 = SURFACE_STYLE_USAGE ( .BOTH. , #7038 ) ;
#9717 = CARTESIAN_POINT ( 'NONE',  ( 1.497684210526323279, 2.929999999999998384, 17.91499999999999915 ) ) ;
#9718 = VERTEX_POINT ( 'NONE', #11401 ) ;
#9719 = CARTESIAN_POINT ( 'NONE',  ( -10.48378947368420455, 2.929999999999998384, 18.41499999999999915 ) ) ;
#9720 = ADVANCED_FACE ( 'NONE', ( #8577 ), #3631, .T. ) ;
#9721 = AXIS2_PLACEMENT_3D ( 'NONE', #3038, #3803, #11596 ) ;
#9722 = CARTESIAN_POINT ( 'NONE',  ( -16.94589473684210290, 2.929999999999998384, 17.91499999999999915 ) ) ;
#9723 = ORIENTED_EDGE ( 'NONE', *, *, #487, .F. ) ;
#9724 = PRESENTATION_STYLE_ASSIGNMENT (( #5767 ) ) ;
#9725 = MECHANICAL_DESIGN_GEOMETRIC_PRESENTATION_REPRESENTATION (  '', ( #11796 ), #4436 ) ;
#9726 = DIRECTION ( 'NONE',  ( 0.000000000000000000, 0.000000000000000000, 1.000000000000000000 ) ) ;
#9727 = DIRECTION ( 'NONE',  ( -0.000000000000000000, 1.000000000000000000, -0.000000000000000000 ) ) ;
#9728 = STYLED_ITEM ( 'NONE', ( #2912 ), #7016 ) ;
#9729 =( NAMED_UNIT ( * ) SI_UNIT ( $, .STERADIAN. ) SOLID_ANGLE_UNIT ( ) );
#9730 = EDGE_CURVE ( 'NONE', #8876, #10903, #4739, .T. ) ;
#9731 = CARTESIAN_POINT ( 'NONE',  ( 22.01123368217812981, 0.5000000000000000000, 14.40881328482983648 ) ) ;
#9732 = CARTESIAN_POINT ( 'NONE',  ( 6.517052631578944322, 10.92999999999999794, -18.41499999999999915 ) ) ;
#9733 = EDGE_CURVE ( 'NONE', #7156, #3205, #6669, .T. ) ;
#9734 = ORIENTED_EDGE ( 'NONE', *, *, #1644, .F. ) ;
#9735 = CARTESIAN_POINT ( 'NONE',  ( -13.18626467592338614, 11.42999999999999972, 18.41499999999999915 ) ) ;
#9736 = PRESENTATION_LAYER_ASSIGNMENT (  '', '', ( #1969 ) ) ;
#9737 = CARTESIAN_POINT ( 'NONE',  ( 22.72021356188096419, 10.92999999999999794, 7.179213561880928296 ) ) ;
#9738 = CARTESIAN_POINT ( 'NONE',  ( -16.94589473684210290, 11.42999999999999972, 18.41499999999999915 ) ) ;
#9739 = CARTESIAN_POINT ( 'NONE',  ( -7.488421052631577979, 11.42999999999999972, -18.41499999999999559 ) ) ;
#9740 = CYLINDRICAL_SURFACE ( 'NONE', #3365, 0.7619999999999953477 ) ;
#9741 = DIRECTION ( 'NONE',  ( -0.000000000000000000, 1.000000000000000000, 0.000000000000000000 ) ) ;
#9742 = SURFACE_STYLE_USAGE ( .BOTH. , #100 ) ;
#9743 = PRESENTATION_LAYER_ASSIGNMENT (  '', '', ( #9547 ) ) ;
#9744 = DIRECTION ( 'NONE',  ( -0.000000000000000000, -0.000000000000000000, -1.000000000000000000 ) ) ;
#9745 = ORIENTED_EDGE ( 'NONE', *, *, #7737, .F. ) ;
#9746 = ADVANCED_FACE ( 'NONE', ( #4929 ), #1169, .T. ) ;
#9747 = ORIENTED_EDGE ( 'NONE', *, *, #3124, .T. ) ;
#9748 = ORIENTED_EDGE ( 'NONE', *, *, #415, .F. ) ;
#9749 = SURFACE_STYLE_FILL_AREA ( #5102 ) ;
#9750 = DIRECTION ( 'NONE',  ( 1.000000000000000000, 0.000000000000000000, 0.000000000000000000 ) ) ;
#9751 = AXIS2_PLACEMENT_3D ( 'NONE', #3378, #5441, #7244 ) ;
#9752 = CARTESIAN_POINT ( 'NONE',  ( 7.017052631578944322, 2.929999999999998384, -18.41499999999999559 ) ) ;
#9753 = ORIENTED_EDGE ( 'NONE', *, *, #10142, .F. ) ;
#9754 = DIRECTION ( 'NONE',  ( 0.000000000000000000, 1.000000000000000000, 0.000000000000000000 ) ) ;
#9755 = EDGE_CURVE ( 'NONE', #12349, #3092, #1836, .T. ) ;
#9756 = EDGE_CURVE ( 'NONE', #6279, #9886, #3827, .T. ) ;
#9757 = SURFACE_SIDE_STYLE ('',( #3968 ) ) ;
#9758 = SURFACE_STYLE_USAGE ( .BOTH. , #3969 ) ;
#9759 = CARTESIAN_POINT ( 'NONE',  ( 11.74578947368421211, 2.929999999999998384, 17.91499999999999915 ) ) ;
#9760 = CARTESIAN_POINT ( 'NONE',  ( 22.96526315789473571, 1.777999999999993141, 7.179213561880927408 ) ) ;
#9761 = EDGE_LOOP ( 'NONE', ( #608, #3667, #5094, #10692 ) ) ;
#9762 = COLOUR_RGB ( '',0.2509803921568627416, 0.2509803921568627416, 0.2509803921568627416 ) ;
#9763 = CARTESIAN_POINT ( 'NONE',  ( -7.959789473684211636, 2.929999999999998384, -18.41499999999999559 ) ) ;
#9764 = ORIENTED_EDGE ( 'NONE', *, *, #7513, .F. ) ;
#9765 = CARTESIAN_POINT ( 'NONE',  ( 28.45599999999999952, 1.778000000000000025, 7.179213561880927408 ) ) ;
#9766 =( NAMED_UNIT ( * ) SI_UNIT ( $, .STERADIAN. ) SOLID_ANGLE_UNIT ( ) );
#9767 =( GEOMETRIC_REPRESENTATION_CONTEXT ( 3 ) GLOBAL_UNCERTAINTY_ASSIGNED_CONTEXT ( ( #12291 ) ) GLOBAL_UNIT_ASSIGNED_CONTEXT ( ( #2792, #8719, #3874 ) ) REPRESENTATION_CONTEXT ( 'NONE', 'WORKASPACE' ) );
#9768 = UNCERTAINTY_MEASURE_WITH_UNIT (LENGTH_MEASURE( 1.000000000000000082E-05 ), #5989, 'distance_accuracy_value', 'NONE');
#9769 = UNCERTAINTY_MEASURE_WITH_UNIT (LENGTH_MEASURE( 1.000000000000000082E-05 ), #2756, 'distance_accuracy_value', 'NONE');
#9770 = LINE ( 'NONE', #5053, #4950 ) ;
#9771 = DIRECTION ( 'NONE',  ( -0.000000000000000000, -0.000000000000000000, 1.000000000000000000 ) ) ;
#9772 = ORIENTED_EDGE ( 'NONE', *, *, #4961, .T. ) ;
#9773 =( GEOMETRIC_REPRESENTATION_CONTEXT ( 3 ) GLOBAL_UNCERTAINTY_ASSIGNED_CONTEXT ( ( #2000 ) ) GLOBAL_UNIT_ASSIGNED_CONTEXT ( ( #5427, #2262, #851 ) ) REPRESENTATION_CONTEXT ( 'NONE', 'WORKASPACE' ) );
#9774 = EDGE_CURVE ( 'NONE', #7395, #744, #5660, .T. ) ;
#9775 = COLOUR_RGB ( '',0.2509803921568627416, 0.2509803921568627416, 0.2509803921568627416 ) ;
#9776 = CARTESIAN_POINT ( 'NONE',  ( 18.94466266871005189, 11.42999999999999972, 8.252370847693901723 ) ) ;
#9777 = FILL_AREA_STYLE ('',( #3036 ) ) ;
#9778 = ORIENTED_EDGE ( 'NONE', *, *, #2091, .T. ) ;
#9779 = SURFACE_SIDE_STYLE ('',( #8452 ) ) ;
#9780 = ORIENTED_EDGE ( 'NONE', *, *, #9774, .T. ) ;
#9781 = STYLED_ITEM ( 'NONE', ( #8172 ), #3472 ) ;
#9782 = LINE ( 'NONE', #4118, #3879 ) ;
#9783 = ORIENTED_EDGE ( 'NONE', *, *, #7963, .T. ) ;
#9784 = FACE_OUTER_BOUND ( 'NONE', #4656, .T. ) ;
#9785 = LINE ( 'NONE', #4121, #9472 ) ;
#9786 = ADVANCED_FACE ( 'NONE', ( #10619 ), #11583, .T. ) ;
#9787 = SURFACE_SIDE_STYLE ('',( #7676 ) ) ;
#9788 = CARTESIAN_POINT ( 'NONE',  ( 17.72021356188092867, 1.778000000000000025, 17.91500000000000270 ) ) ;
#9789 = DIRECTION ( 'NONE',  ( 0.6360782202777661709, 0.000000000000000000, 0.7716245833877183324 ) ) ;
#9790 = CARTESIAN_POINT ( 'NONE',  ( 12.50778947368420901, 11.42999999999999972, -17.91499999999999204 ) ) ;
#9791 =( NAMED_UNIT ( * ) SI_UNIT ( $, .STERADIAN. ) SOLID_ANGLE_UNIT ( ) );
#9792 = VECTOR ( 'NONE', #4229, 1000.000000000000000 ) ;
#9793 = DIRECTION ( 'NONE',  ( -0.000000000000000000, 0.000000000000000000, 1.000000000000000000 ) ) ;
#9794 =( NAMED_UNIT ( * ) SI_UNIT ( $, .STERADIAN. ) SOLID_ANGLE_UNIT ( ) );
#9795 = DIRECTION ( 'NONE',  ( -1.000000000000000000, 0.000000000000000000, 0.000000000000000000 ) ) ;
#9796 = CYLINDRICAL_SURFACE ( 'NONE', #7652, 0.5000000000000004441 ) ;
#9797 = PRESENTATION_STYLE_ASSIGNMENT (( #7058 ) ) ;
#9798 = EDGE_CURVE ( 'NONE', #8601, #5855, #9655, .T. ) ;
#9799 = DIRECTION ( 'NONE',  ( -4.370956789862814839E-15, 0.000000000000000000, -1.000000000000000000 ) ) ;
#9800 = PRESENTATION_LAYER_ASSIGNMENT (  '', '', ( #6746 ) ) ;
#9801 = FACE_OUTER_BOUND ( 'NONE', #4034, .T. ) ;
#9802 = DIRECTION ( 'NONE',  ( 0.000000000000000000, 0.000000000000000000, -1.000000000000000000 ) ) ;
#9803 = UNCERTAINTY_MEASURE_WITH_UNIT (LENGTH_MEASURE( 1.000000000000000082E-05 ), #4565, 'distance_accuracy_value', 'NONE');
#9804 =( LENGTH_UNIT ( ) NAMED_UNIT ( * ) SI_UNIT ( .MILLI., .METRE. ) );
#9805 = ORIENTED_EDGE ( 'NONE', *, *, #7383, .T. ) ;
#9806 = ORIENTED_EDGE ( 'NONE', *, *, #4889, .T. ) ;
#9807 =( NAMED_UNIT ( * ) SI_UNIT ( $, .STERADIAN. ) SOLID_ANGLE_UNIT ( ) );
#9808 = DIRECTION ( 'NONE',  ( 0.000000000000000000, 0.000000000000000000, 1.000000000000000000 ) ) ;
#9809 = ADVANCED_FACE ( 'NONE', ( #6723 ), #4177, .T. ) ;
#9810 = VERTEX_POINT ( 'NONE', #1300 ) ;
#9811 = CARTESIAN_POINT ( 'NONE',  ( 7.017052631578944322, 11.42999999999999972, -18.41499999999999559 ) ) ;
#9812 = SURFACE_STYLE_USAGE ( .BOTH. , #1079 ) ;
#9813 = SURFACE_SIDE_STYLE ('',( #12667 ) ) ;
#9814 = VERTEX_POINT ( 'NONE', #7222 ) ;
#9815 = SURFACE_SIDE_STYLE ('',( #113 ) ) ;
#9816 = UNCERTAINTY_MEASURE_WITH_UNIT (LENGTH_MEASURE( 1.000000000000000082E-05 ), #865, 'distance_accuracy_value', 'NONE');
#9817 = ADVANCED_FACE ( 'NONE', ( #8117 ), #332, .T. ) ;
#9818 = B_SPLINE_CURVE_WITH_KNOTS ( 'NONE', 3,
 ( #3393, #7253, #7182, #2289, #1516, #2553, #496, #8147 ),
 .UNSPECIFIED., .F., .F.,
 ( 4, 2, 2, 4 ),
 ( -4.474551789445899140E-06, 0.0004865497605407560983, 0.0007320619167058558608, 0.0009775740728709555148 ),
 .UNSPECIFIED. ) ;
#9819 = PRESENTATION_STYLE_ASSIGNMENT (( #903 ) ) ;
#9820 = EDGE_CURVE ( 'NONE', #9693, #5727, #4906, .T. ) ;
#9821 = AXIS2_PLACEMENT_3D ( 'NONE', #2033, #1070, #4957 ) ;
#9822 = LINE ( 'NONE', #5999, #4643 ) ;
#9823 =( NAMED_UNIT ( * ) PLANE_ANGLE_UNIT ( ) SI_UNIT ( $, .RADIAN. ) );
#9824 = AXIS2_PLACEMENT_3D ( 'NONE', #5320, #3794, #8633 ) ;
#9825 = LINE ( 'NONE', #3088, #11537 ) ;
#9826 = ORIENTED_EDGE ( 'NONE', *, *, #12482, .T. ) ;
#9827 = ORIENTED_EDGE ( 'NONE', *, *, #9980, .T. ) ;
#9828 = DIRECTION ( 'NONE',  ( 0.000000000000000000, 1.000000000000000000, 0.000000000000000000 ) ) ;
#9829 = SURFACE_STYLE_USAGE ( .BOTH. , #5938 ) ;
#9830 = DIRECTION ( 'NONE',  ( 0.000000000000000000, 0.000000000000000000, -1.000000000000000000 ) ) ;
#9831 = CARTESIAN_POINT ( 'NONE',  ( 6.517052631578944322, 11.42999999999999972, 17.91499999999999915 ) ) ;
#9832 = STYLED_ITEM ( 'NONE', ( #2189 ), #10538 ) ;
#9833 = ORIENTED_EDGE ( 'NONE', *, *, #8928, .F. ) ;
#9834 =( GEOMETRIC_REPRESENTATION_CONTEXT ( 3 ) GLOBAL_UNCERTAINTY_ASSIGNED_CONTEXT ( ( #8274 ) ) GLOBAL_UNIT_ASSIGNED_CONTEXT ( ( #5205, #9173, #4316 ) ) REPRESENTATION_CONTEXT ( 'NONE', 'WORKASPACE' ) );
#9835 = LINE ( 'NONE', #7032, #2500 ) ;
#9836 = CARTESIAN_POINT ( 'NONE',  ( 18.79359282253450303, 11.38901436707151404, 8.624686787767890550 ) ) ;
#9837 = FILL_AREA_STYLE ('',( #4998 ) ) ;
#9838 = CARTESIAN_POINT ( 'NONE',  ( 40.19178643811905971, 10.92999999999999794, -7.179213561880927408 ) ) ;
#9839 =( NAMED_UNIT ( * ) SI_UNIT ( $, .STERADIAN. ) SOLID_ANGLE_UNIT ( ) );
#9840 = STYLED_ITEM ( 'NONE', ( #4541 ), #10655 ) ;
#9841 = EDGE_LOOP ( 'NONE', ( #1949, #12560, #2637 ) ) ;
#9842 =( GEOMETRIC_REPRESENTATION_CONTEXT ( 3 ) GLOBAL_UNCERTAINTY_ASSIGNED_CONTEXT ( ( #1119 ) ) GLOBAL_UNIT_ASSIGNED_CONTEXT ( ( #4333, #8158, #1401 ) ) REPRESENTATION_CONTEXT ( 'NONE', 'WORKASPACE' ) );
#9843 = PRESENTATION_STYLE_ASSIGNMENT (( #9716 ) ) ;
#9844 = FILL_AREA_STYLE ('',( #7926 ) ) ;
#9845 = ORIENTED_EDGE ( 'NONE', *, *, #9116, .F. ) ;
#9846 = VECTOR ( 'NONE', #4590, 1000.000000000000000 ) ;
#9847 = EDGE_CURVE ( 'NONE', #7580, #8596, #10965, .T. ) ;
#9848 = LINE ( 'NONE', #7928, #10552 ) ;
#9849 = EDGE_LOOP ( 'NONE', ( #2686, #10360, #4368, #10543 ) ) ;
#9850 = CARTESIAN_POINT ( 'NONE',  ( -1.969052631578948276, 10.92999999999999794, 0.000000000000000000 ) ) ;
#9851 = VECTOR ( 'NONE', #9072, 1000.000000000000000 ) ;
#9852 = PRESENTATION_LAYER_ASSIGNMENT (  '', '', ( #4750 ) ) ;
#9853 = CARTESIAN_POINT ( 'NONE',  ( 22.96526315789473571, 1.777999999999993141, -7.179213561880927408 ) ) ;
#9854 = CYLINDRICAL_SURFACE ( 'NONE', #1469, 0.5000000000000004441 ) ;
#9855 = DIRECTION ( 'NONE',  ( -0.000000000000000000, 1.000000000000000000, 0.000000000000000000 ) ) ;
#9856 = DIRECTION ( 'NONE',  ( 0.000000000000000000, 0.000000000000000000, 1.000000000000000000 ) ) ;
#9857 = DIRECTION ( 'NONE',  ( 0.000000000000000000, -1.000000000000000000, -0.000000000000000000 ) ) ;
#9858 = PRESENTATION_LAYER_ASSIGNMENT (  '', '', ( #7208 ) ) ;
#9859 =( NAMED_UNIT ( * ) PLANE_ANGLE_UNIT ( ) SI_UNIT ( $, .RADIAN. ) );
#9860 =( GEOMETRIC_REPRESENTATION_CONTEXT ( 3 ) GLOBAL_UNCERTAINTY_ASSIGNED_CONTEXT ( ( #281 ) ) GLOBAL_UNIT_ASSIGNED_CONTEXT ( ( #9367, #627, #9492 ) ) REPRESENTATION_CONTEXT ( 'NONE', 'WORKASPACE' ) );
#9861 = MECHANICAL_DESIGN_GEOMETRIC_PRESENTATION_REPRESENTATION (  '', ( #2747 ), #693 ) ;
#9862 = EDGE_CURVE ( 'NONE', #10381, #6733, #7470, .T. ) ;
#9863 = CIRCLE ( 'NONE', #4370, 0.5000000000000004441 ) ;
#9864 = CARTESIAN_POINT ( 'NONE',  ( -13.47915789473683823, 11.42999999999999972, 18.41499999999999915 ) ) ;
#9865 = MECHANICAL_DESIGN_GEOMETRIC_PRESENTATION_REPRESENTATION (  '', ( #2749 ), #10045 ) ;
#9866 = DIRECTION ( 'NONE',  ( 0.6360782202777646166, 0.000000000000000000, 0.7716245833877193316 ) ) ;
#9867 = SURFACE_STYLE_FILL_AREA ( #11752 ) ;
#9868 = STYLED_ITEM ( 'NONE', ( #8469 ), #12264 ) ;
#9869 = DIRECTION ( 'NONE',  ( 0.000000000000000000, 0.000000000000000000, -1.000000000000000000 ) ) ;
#9870 = MECHANICAL_DESIGN_GEOMETRIC_PRESENTATION_REPRESENTATION (  '', ( #1323 ), #11733 ) ;
#9871 = STYLED_ITEM ( 'NONE', ( #12427 ), #4990 ) ;
#9872 = VECTOR ( 'NONE', #10932, 1000.000000000000000 ) ;
#9873 = PRESENTATION_LAYER_ASSIGNMENT (  '', '', ( #10694 ) ) ;
#9874 = CARTESIAN_POINT ( 'NONE',  ( -7.488421052631577979, 11.42999999999999972, 17.91499999999999915 ) ) ;
#9875 = DIRECTION ( 'NONE',  ( 0.000000000000000000, -0.000000000000000000, -1.000000000000000000 ) ) ;
#9876 = SURFACE_SIDE_STYLE ('',( #1071 ) ) ;
#9877 = EDGE_LOOP ( 'NONE', ( #9122, #7985, #10406, #7959 ) ) ;
#9878 = VERTEX_POINT ( 'NONE', #4475 ) ;
#9879 = VECTOR ( 'NONE', #6160, 1000.000000000000000 ) ;
#9880 = VECTOR ( 'NONE', #2110, 1000.000000000000000 ) ;
#9881 = MECHANICAL_DESIGN_GEOMETRIC_PRESENTATION_REPRESENTATION (  '', ( #4995 ), #12365 ) ;
#9882 = CARTESIAN_POINT ( 'NONE',  ( -23.62199999999999633, 0.5000000000000000000, -13.08100000000000840 ) ) ;
#9883 = DIRECTION ( 'NONE',  ( 0.000000000000000000, -1.000000000000000000, 0.000000000000000000 ) ) ;
#9884 = ADVANCED_FACE ( 'NONE', ( #3602 ), #2698, .T. ) ;
#9885 = PRESENTATION_LAYER_ASSIGNMENT (  '', '', ( #2370 ) ) ;
#9886 = VERTEX_POINT ( 'NONE', #10482 ) ;
#9887 = SURFACE_SIDE_STYLE ('',( #9749 ) ) ;
#9888 = DIRECTION ( 'NONE',  ( 0.000000000000000000, 0.000000000000000000, -1.000000000000000000 ) ) ;
#9889 =( LENGTH_UNIT ( ) NAMED_UNIT ( * ) SI_UNIT ( .MILLI., .METRE. ) );
#9890 = ORIENTED_EDGE ( 'NONE', *, *, #7750, .T. ) ;
#9891 = CARTESIAN_POINT ( 'NONE',  ( 15.71026467592338527, 11.42999999999999972, -18.41499999999999559 ) ) ;
#9892 = SURFACE_STYLE_FILL_AREA ( #6119 ) ;
#9893 = DIRECTION ( 'NONE',  ( -1.000000000000000000, -0.000000000000000000, -0.000000000000000000 ) ) ;
#9894 = VECTOR ( 'NONE', #11140, 1000.000000000000000 ) ;
#9895 =( NAMED_UNIT ( * ) SI_UNIT ( $, .STERADIAN. ) SOLID_ANGLE_UNIT ( ) );
#9896 = DIRECTION ( 'NONE',  ( 0.000000000000000000, 0.000000000000000000, -1.000000000000000000 ) ) ;
#9897 = CARTESIAN_POINT ( 'NONE',  ( 22.72021356188096775, 11.36011660222229835, -6.934163965867162105 ) ) ;
#9898 = MECHANICAL_DESIGN_GEOMETRIC_PRESENTATION_REPRESENTATION (  '', ( #2778 ), #2149 ) ;
#9899 = DIRECTION ( 'NONE',  ( -0.000000000000000000, -0.000000000000000000, -1.000000000000000000 ) ) ;
#9900 = ORIENTED_EDGE ( 'NONE', *, *, #425, .F. ) ;
#9901 = SURFACE_STYLE_FILL_AREA ( #7914 ) ;
#9902 = VERTEX_POINT ( 'NONE', #10296 ) ;
#9903 = DIRECTION ( 'NONE',  ( 1.000000000000000000, 0.000000000000000000, 0.000000000000000000 ) ) ;
#9904 = PRESENTATION_STYLE_ASSIGNMENT (( #4864 ) ) ;
#9905 = EDGE_CURVE ( 'NONE', #3171, #6958, #4598, .T. ) ;
#9906 = UNCERTAINTY_MEASURE_WITH_UNIT (LENGTH_MEASURE( 1.000000000000000082E-05 ), #1971, 'distance_accuracy_value', 'NONE');
#9907 = DIRECTION ( 'NONE',  ( -0.000000000000000000, -0.000000000000000000, -1.000000000000000000 ) ) ;
#9908 = LINE ( 'NONE', #3908, #7128 ) ;
#9909 = COLOUR_RGB ( '',0.2509803921568627416, 0.2509803921568627416, 0.2509803921568627416 ) ;
#9910 = LINE ( 'NONE', #9972, #224 ) ;
#9911 = ORIENTED_EDGE ( 'NONE', *, *, #10525, .T. ) ;
#9912 = SURFACE_STYLE_FILL_AREA ( #9013 ) ;
#9913 = SURFACE_STYLE_USAGE ( .BOTH. , #10865 ) ;
#9914 = SURFACE_STYLE_FILL_AREA ( #8830 ) ;
#9915 = STYLED_ITEM ( 'NONE', ( #9574 ), #10055 ) ;
#9916 = VERTEX_POINT ( 'NONE', #11378 ) ;
#9917 = CARTESIAN_POINT ( 'NONE',  ( -6.988421052631570873, 2.929999999999998384, 17.91499999999999915 ) ) ;
#9918 = ORIENTED_EDGE ( 'NONE', *, *, #2296, .F. ) ;
#9919 = PRESENTATION_LAYER_ASSIGNMENT (  '', '', ( #1566 ) ) ;
#9920 = EDGE_CURVE ( 'NONE', #10938, #11798, #6678, .T. ) ;
#9921 = CARTESIAN_POINT ( 'NONE',  ( 18.49852631578947282, 2.929999999999998384, -9.500154623337630611 ) ) ;
#9922 = ORIENTED_EDGE ( 'NONE', *, *, #9349, .F. ) ;
#9923 = CYLINDRICAL_SURFACE ( 'NONE', #982, 0.5000000000000000000 ) ;
#9924 =( BOUNDED_CURVE ( )  B_SPLINE_CURVE ( 3, ( #12408, #2810, #3519, #1712 ),
 .UNSPECIFIED., .F., .F. ) 
 B_SPLINE_CURVE_WITH_KNOTS ( ( 4, 4 ),
 ( 0.000000000000000000, 1.570796326794896558 ),
 .UNSPECIFIED. ) 
 CURVE ( )  GEOMETRIC_REPRESENTATION_ITEM ( )  RATIONAL_B_SPLINE_CURVE ( ( 1.000000000000000000, 0.8047378541243649375, 0.8047378541243649375, 1.000000000000000000 ) ) 
 REPRESENTATION_ITEM ( '' )  );
#9925 = EDGE_CURVE ( 'NONE', #6760, #10546, #6642, .T. ) ;
#9926 = CYLINDRICAL_SURFACE ( 'NONE', #1127, 1.587500000000002132 ) ;
#9927 = UNCERTAINTY_MEASURE_WITH_UNIT (LENGTH_MEASURE( 1.000000000000000082E-05 ), #5590, 'distance_accuracy_value', 'NONE');
#9928 = CARTESIAN_POINT ( 'NONE',  ( 10.48378947368421521, 2.929999999999998384, -17.91499999999999204 ) ) ;
#9929 = DIRECTION ( 'NONE',  ( -0.000000000000000000, -0.000000000000000000, -1.000000000000000000 ) ) ;
#9930 = EDGE_CURVE ( 'NONE', #5173, #4582, #12308, .T. ) ;
#9931 = VECTOR ( 'NONE', #412, 1000.000000000000000 ) ;
#9932 = PLANE ( 'NONE',  #10100 ) ;
#9933 = CARTESIAN_POINT ( 'NONE',  ( -1.969052631578947832, 11.42999999999999972, 18.41499999999999915 ) ) ;
#9934 = VECTOR ( 'NONE', #2536, 1000.000000000000000 ) ;
#9935 = PRESENTATION_STYLE_ASSIGNMENT (( #25 ) ) ;
#9936 = PRESENTATION_STYLE_ASSIGNMENT (( #832 ) ) ;
#9937 = PLANE ( 'NONE',  #8611 ) ;
#9938 = LINE ( 'NONE', #8004, #5435 ) ;
#9939 = CARTESIAN_POINT ( 'NONE',  ( 22.39704597387198959, -0.0009999999999992653654, -14.09077417469095295 ) ) ;
#9940 = AXIS2_PLACEMENT_3D ( 'NONE', #1113, #5067, #990 ) ;
#9941 = FACE_OUTER_BOUND ( 'NONE', #11233, .T. ) ;
#9942 = STYLED_ITEM ( 'NONE', ( #4421 ), #9959 ) ;
#9943 = CARTESIAN_POINT ( 'NONE',  ( -9.983789473684209881, 11.42999999999999972, -18.41499999999999915 ) ) ;
#9944 = DIRECTION ( 'NONE',  ( -0.000000000000000000, 0.000000000000000000, 1.000000000000000000 ) ) ;
#9945 = CARTESIAN_POINT ( 'NONE',  ( -2.469052631578948276, 11.42999999999999972, -17.91499999999999204 ) ) ;
#9946 = UNCERTAINTY_MEASURE_WITH_UNIT (LENGTH_MEASURE( 1.000000000000000082E-05 ), #11301, 'distance_accuracy_value', 'NONE');
#9947 = FACE_OUTER_BOUND ( 'NONE', #9849, .T. ) ;
#9948 = ORIENTED_EDGE ( 'NONE', *, *, #3575, .T. ) ;
#9949 = VECTOR ( 'NONE', #10027, 1000.000000000000000 ) ;
#9950 = VERTEX_POINT ( 'NONE', #7585 ) ;
#9951 = CARTESIAN_POINT ( 'NONE',  ( 18.65849345849645502, 11.30064639149284389, -8.994429839593697906 ) ) ;
#9952 = ORIENTED_EDGE ( 'NONE', *, *, #5385, .F. ) ;
#9953 = CARTESIAN_POINT ( 'NONE',  ( 8.750421052631576657, 2.929999999999998384, -17.91499999999999204 ) ) ;
#9954 = DIRECTION ( 'NONE',  ( -0.000000000000000000, 0.000000000000000000, 1.000000000000000000 ) ) ;
#9955 = MECHANICAL_DESIGN_GEOMETRIC_PRESENTATION_REPRESENTATION (  '', ( #5240 ), #1382 ) ;
#9956 = ORIENTED_EDGE ( 'NONE', *, *, #140, .F. ) ;
#9957 = PRESENTATION_STYLE_ASSIGNMENT (( #7013 ) ) ;
#9958 = SURFACE_SIDE_STYLE ('',( #5163 ) ) ;
#9959 = ADVANCED_FACE ( 'NONE', ( #11512 ), #2634, .T. ) ;
#9960 = MECHANICAL_DESIGN_GEOMETRIC_PRESENTATION_REPRESENTATION (  '', ( #8738 ), #995 ) ;
#9961 = UNCERTAINTY_MEASURE_WITH_UNIT (LENGTH_MEASURE( 1.000000000000000082E-05 ), #1820, 'distance_accuracy_value', 'NONE');
#9962 =( NAMED_UNIT ( * ) PLANE_ANGLE_UNIT ( ) SI_UNIT ( $, .RADIAN. ) );
#9963 = DIRECTION ( 'NONE',  ( 0.000000000000000000, -1.000000000000000000, 0.000000000000000000 ) ) ;
#9964 = CARTESIAN_POINT ( 'NONE',  ( 17.72021356188092867, 1.778000000000000025, -12.17921356188096382 ) ) ;
#9965 =( LENGTH_UNIT ( ) NAMED_UNIT ( * ) SI_UNIT ( .MILLI., .METRE. ) );
#9966 = VERTEX_POINT ( 'NONE', #10852 ) ;
#9967 = FACE_OUTER_BOUND ( 'NONE', #4638, .T. ) ;
#9968 = ORIENTED_EDGE ( 'NONE', *, *, #12612, .T. ) ;
#9969 = CARTESIAN_POINT ( 'NONE',  ( 1.497684210526317727, 11.42999999999999972, 18.41499999999999915 ) ) ;
#9970 = FILL_AREA_STYLE_COLOUR ( '', #9677 ) ;
#9971 =( NAMED_UNIT ( * ) PLANE_ANGLE_UNIT ( ) SI_UNIT ( $, .RADIAN. ) );
#9972 = CARTESIAN_POINT ( 'NONE',  ( -5.464421052631580622, 11.42999999999999972, -17.91499999999999204 ) ) ;
#9973 = EDGE_LOOP ( 'NONE', ( #4429, #9375, #10733, #4635 ) ) ;
#9974 =( GEOMETRIC_REPRESENTATION_CONTEXT ( 3 ) GLOBAL_UNCERTAINTY_ASSIGNED_CONTEXT ( ( #5477 ) ) GLOBAL_UNIT_ASSIGNED_CONTEXT ( ( #2995, #10452, #3938 ) ) REPRESENTATION_CONTEXT ( 'NONE', 'WORKASPACE' ) );
#9975 = EDGE_CURVE ( 'NONE', #3902, #12557, #941, .T. ) ;
#9976 = CARTESIAN_POINT ( 'NONE',  ( 0.000000000000000000, 11.42999999999999972, 0.000000000000000000 ) ) ;
#9977 = DIRECTION ( 'NONE',  ( -0.000000000000000000, 1.000000000000000000, -0.000000000000000000 ) ) ;
#9978 = VECTOR ( 'NONE', #9954, 1000.000000000000000 ) ;
#9979 = DIRECTION ( 'NONE',  ( 0.000000000000000000, 0.000000000000000000, 1.000000000000000000 ) ) ;
#9980 = EDGE_CURVE ( 'NONE', #12481, #5665, #3787, .T. ) ;
#9981 =( LENGTH_UNIT ( ) NAMED_UNIT ( * ) SI_UNIT ( .MILLI., .METRE. ) );
#9982 = ORIENTED_EDGE ( 'NONE', *, *, #10613, .T. ) ;
#9983 = DIRECTION ( 'NONE',  ( 0.000000000000000000, 0.000000000000000000, 1.000000000000000000 ) ) ;
#9985 =( GEOMETRIC_REPRESENTATION_CONTEXT ( 3 ) GLOBAL_UNCERTAINTY_ASSIGNED_CONTEXT ( ( #4468 ) ) GLOBAL_UNIT_ASSIGNED_CONTEXT ( ( #8915, #10007, #8137 ) ) REPRESENTATION_CONTEXT ( 'NONE', 'WORKASPACE' ) );
#9984 = CARTESIAN_POINT ( 'NONE',  ( -28.95599999999999596, 11.42999999999999972, 18.41499999999999915 ) ) ;
#9986 = EDGE_LOOP ( 'NONE', ( #11117, #12520, #10512, #8119 ) ) ;
#9987 = CARTESIAN_POINT ( 'NONE',  ( 1.997684210526318171, 10.92999999999999794, -17.91499999999999204 ) ) ;
#9988 = PRESENTATION_LAYER_ASSIGNMENT (  '', '', ( #6515 ) ) ;
#9989 = ORIENTED_EDGE ( 'NONE', *, *, #9281, .T. ) ;
#9990 = SURFACE_STYLE_USAGE ( .BOTH. , #11072 ) ;
#9991 = CARTESIAN_POINT ( 'NONE',  ( 28.95599999999999596, -4.235164736271501695E-19, 15.66328183851187994 ) ) ;
#9992 = DIRECTION ( 'NONE',  ( -0.000000000000000000, 1.000000000000000000, -0.000000000000000000 ) ) ;
#9993 = SURFACE_SIDE_STYLE ('',( #7632 ) ) ;
#9994 = EDGE_CURVE ( 'NONE', #11647, #1034, #4029, .T. ) ;
#9995 =( NAMED_UNIT ( * ) PLANE_ANGLE_UNIT ( ) SI_UNIT ( $, .RADIAN. ) );
#9996 = CARTESIAN_POINT ( 'NONE',  ( 24.48926315789472952, 10.92999999999999794, 7.179213561880927408 ) ) ;
#9997 = AXIS2_PLACEMENT_3D ( 'NONE', #11863, #1179, #5069 ) ;
#9998 = AXIS2_PLACEMENT_3D ( 'NONE', #10280, #12413, #1537 ) ;
#9999 = CYLINDRICAL_SURFACE ( 'NONE', #5876, 0.5000000000000004441 ) ;
#10000 = DIRECTION ( 'NONE',  ( 4.081702296416016490E-16, -1.000000000000000000, 0.000000000000000000 ) ) ;
#10001 = EDGE_CURVE ( 'NONE', #8867, #9950, #4789, .T. ) ;
#10002 = CARTESIAN_POINT ( 'NONE',  ( 23.62199999999999633, 0.5000000000000000000, 11.49350000000000627 ) ) ;
#10003 = EDGE_CURVE ( 'NONE', #7659, #4540, #8273, .T. ) ;
#10004 = FILL_AREA_STYLE_COLOUR ( '', #9422 ) ;
#10005 = DIRECTION ( 'NONE',  ( -0.000000000000000000, 1.000000000000000000, 0.000000000000000000 ) ) ;
#10006 =( GEOMETRIC_REPRESENTATION_CONTEXT ( 3 ) GLOBAL_UNCERTAINTY_ASSIGNED_CONTEXT ( ( #10209 ) ) GLOBAL_UNIT_ASSIGNED_CONTEXT ( ( #2248, #4041, #8111 ) ) REPRESENTATION_CONTEXT ( 'NONE', 'WORKASPACE' ) );
#10007 =( NAMED_UNIT ( * ) PLANE_ANGLE_UNIT ( ) SI_UNIT ( $, .RADIAN. ) );
#10008 = CARTESIAN_POINT ( 'NONE',  ( -28.95599999999999596, 1.277999999999999581, -15.66328183851187994 ) ) ;
#10009 = CARTESIAN_POINT ( 'NONE',  ( -25.40151096696282806, 1.778000000000000025, 17.91499999999999915 ) ) ;
#10010 = CARTESIAN_POINT ( 'NONE',  ( -28.95599999999999596, 1.277999999999999581, -15.66328183851187994 ) ) ;
#10011 = CARTESIAN_POINT ( 'NONE',  ( -24.90151096696282806, 11.42999999999999972, 18.41499999999999915 ) ) ;
#10012 = PRESENTATION_STYLE_ASSIGNMENT (( #6107 ) ) ;
#10013 = CARTESIAN_POINT ( 'NONE',  ( 19.96989473684210736, 1.777999999999998915, 8.003600270322777988 ) ) ;
#10014 = PLANE ( 'NONE',  #6816 ) ;
#10015 = COLOUR_RGB ( '',0.2509803921568627416, 0.2509803921568627416, 0.2509803921568627416 ) ;
#10016 = ORIENTED_EDGE ( 'NONE', *, *, #12575, .F. ) ;
#10017 = EDGE_LOOP ( 'NONE', ( #10522, #8741, #8866, #3279 ) ) ;
#10018 = CARTESIAN_POINT ( 'NONE',  ( 18.49852631578947282, 10.92999999999999794, -9.500154623337630611 ) ) ;
#10019 = ORIENTED_EDGE ( 'NONE', *, *, #2831, .F. ) ;
#10020 = DIRECTION ( 'NONE',  ( -1.000000000000000000, -0.000000000000000000, -0.000000000000000000 ) ) ;
#10021 = ORIENTED_EDGE ( 'NONE', *, *, #8407, .T. ) ;
#10022 = CIRCLE ( 'NONE', #9603, 0.5000000000000004441 ) ;
#10023 = AXIS2_PLACEMENT_3D ( 'NONE', #11681, #5970, #1004 ) ;
#10024 = SURFACE_SIDE_STYLE ('',( #9892 ) ) ;
#10025 = FACE_OUTER_BOUND ( 'NONE', #9559, .T. ) ;
#10026 = CARTESIAN_POINT ( 'NONE',  ( -28.95599999999999596, 11.42999999999999972, 18.41499999999999915 ) ) ;
#10027 = DIRECTION ( 'NONE',  ( -0.000000000000000000, 1.000000000000000000, 0.000000000000000000 ) ) ;
#10028 = CARTESIAN_POINT ( 'NONE',  ( -6.988421052631577979, 10.92999999999999794, -17.91499999999999204 ) ) ;
#10029 = ORIENTED_EDGE ( 'NONE', *, *, #2074, .F. ) ;
#10030 = VECTOR ( 'NONE', #796, 1000.000000000000000 ) ;
#10031 =( NAMED_UNIT ( * ) SI_UNIT ( $, .STERADIAN. ) SOLID_ANGLE_UNIT ( ) );
#10032 = VERTEX_POINT ( 'NONE', #11841 ) ;
#10033 = VECTOR ( 'NONE', #2577, 1000.000000000000000 ) ;
#10034 = MECHANICAL_DESIGN_GEOMETRIC_PRESENTATION_REPRESENTATION (  '', ( #1263 ), #11678 ) ;
#10035 = EDGE_CURVE ( 'NONE', #4469, #6378, #8818, .T. ) ;
#10036 = CARTESIAN_POINT ( 'NONE',  ( 22.72021356188096775, 10.92999999999999794, -6.679213561880929184 ) ) ;
#10037 = FILL_AREA_STYLE ('',( #11237 ) ) ;
#10038 = SURFACE_STYLE_USAGE ( .BOTH. , #7213 ) ;
#10039 = VERTEX_POINT ( 'NONE', #10728 ) ;
#10040 = DIRECTION ( 'NONE',  ( -0.000000000000000000, -0.000000000000000000, -1.000000000000000000 ) ) ;
#10041 =( GEOMETRIC_REPRESENTATION_CONTEXT ( 3 ) GLOBAL_UNCERTAINTY_ASSIGNED_CONTEXT ( ( #8446 ) ) GLOBAL_UNIT_ASSIGNED_CONTEXT ( ( #10833, #6171, #9118 ) ) REPRESENTATION_CONTEXT ( 'NONE', 'WORKASPACE' ) );
#10042 = CARTESIAN_POINT ( 'NONE',  ( -10.48378947368420988, 11.42999999999999972, 18.41499999999999915 ) ) ;
#10043 = PRESENTATION_LAYER_ASSIGNMENT (  '', '', ( #1890 ) ) ;
#10044 = CARTESIAN_POINT ( 'NONE',  ( 6.517052631578944322, 11.22289321881345536, -18.20789321881344591 ) ) ;
#10045 =( GEOMETRIC_REPRESENTATION_CONTEXT ( 3 ) GLOBAL_UNCERTAINTY_ASSIGNED_CONTEXT ( ( #12148 ) ) GLOBAL_UNIT_ASSIGNED_CONTEXT ( ( #4220, #185, #7839 ) ) REPRESENTATION_CONTEXT ( 'NONE', 'WORKASPACE' ) );
#10046 =( LENGTH_UNIT ( ) NAMED_UNIT ( * ) SI_UNIT ( .MILLI., .METRE. ) );
#10047 = EDGE_LOOP ( 'NONE', ( #246, #6546, #7064, #2724, #9619, #1702, #16, #11132 ) ) ;
#10048 = CARTESIAN_POINT ( 'NONE',  ( -7.959789473684211636, 10.92999999999999794, 0.000000000000000000 ) ) ;
#10049 =( NAMED_UNIT ( * ) SI_UNIT ( $, .STERADIAN. ) SOLID_ANGLE_UNIT ( ) );
#10050 = ORIENTED_EDGE ( 'NONE', *, *, #10215, .T. ) ;
#10051 =( GEOMETRIC_REPRESENTATION_CONTEXT ( 3 ) GLOBAL_UNCERTAINTY_ASSIGNED_CONTEXT ( ( #4371 ) ) GLOBAL_UNIT_ASSIGNED_CONTEXT ( ( #1173, #5828, #10 ) ) REPRESENTATION_CONTEXT ( 'NONE', 'WORKASPACE' ) );
#10052 = CARTESIAN_POINT ( 'NONE',  ( -28.74889321881344628, 11.22289321881345536, -7.179213561880926520 ) ) ;
#10053 = PRESENTATION_LAYER_ASSIGNMENT (  '', '', ( #6580 ) ) ;
#10054 = VERTEX_POINT ( 'NONE', #3087 ) ;
#10055 = ADVANCED_FACE ( 'NONE', ( #11646 ), #5929, .F. ) ;
#10056 = CARTESIAN_POINT ( 'NONE',  ( -15.97452631578947013, 11.42999999999999972, -18.41499999999999915 ) ) ;
#10057 = UNCERTAINTY_MEASURE_WITH_UNIT (LENGTH_MEASURE( 1.000000000000000082E-05 ), #186, 'distance_accuracy_value', 'NONE');
#10058 =( LENGTH_UNIT ( ) NAMED_UNIT ( * ) SI_UNIT ( .MILLI., .METRE. ) );
#10059 = LINE ( 'NONE', #9226, #10947 ) ;
#10060 = COLOUR_RGB ( '',0.2509803921568627416, 0.2509803921568627416, 0.2509803921568627416 ) ;
#10061 = FILL_AREA_STYLE ('',( #6155 ) ) ;
#10062 = CARTESIAN_POINT ( 'NONE',  ( 16.00315789473683736, 11.42999999999999972, -17.91499999999999204 ) ) ;
#10063 = AXIS2_PLACEMENT_3D ( 'NONE', #8105, #4417, #6383 ) ;
#10064 = CARTESIAN_POINT ( 'NONE',  ( -16.47452631578947191, 11.42999999999999972, 0.000000000000000000 ) ) ;
#10065 = FILL_AREA_STYLE_COLOUR ( '', #6292 ) ;
#10066 = FILL_AREA_STYLE_COLOUR ( '', #11741 ) ;
#10067 = COLOUR_RGB ( '',0.2509803921568627416, 0.2509803921568627416, 0.2509803921568627416 ) ;
#10068 = AXIS2_PLACEMENT_3D ( 'NONE', #7773, #1086, #5928 ) ;
#10069 = VECTOR ( 'NONE', #5680, 1000.000000000000000 ) ;
#10070 = PLANE ( 'NONE',  #9824 ) ;
#10071 = ADVANCED_FACE ( 'NONE', ( #11777 ), #3020, .F. ) ;
#10072 =( NAMED_UNIT ( * ) SI_UNIT ( $, .STERADIAN. ) SOLID_ANGLE_UNIT ( ) );
#10073 = CARTESIAN_POINT ( 'NONE',  ( 0.5263157894736837372, 10.92999999999999794, 17.91499999999999915 ) ) ;
#10074 = FILL_AREA_STYLE ('',( #6235 ) ) ;
#10075 = DIRECTION ( 'NONE',  ( 0.000000000000000000, 0.000000000000000000, 1.000000000000000000 ) ) ;
#10076 = FACE_OUTER_BOUND ( 'NONE', #1628, .T. ) ;
#10077 = PRESENTATION_LAYER_ASSIGNMENT (  '', '', ( #5176 ) ) ;
#10078 = VECTOR ( 'NONE', #10805, 999.9999999999998863 ) ;
#10079 = SURFACE_SIDE_STYLE ('',( #1579 ) ) ;
#10080 =( BOUNDED_CURVE ( )  B_SPLINE_CURVE ( 3, ( #2410, #1428, #8060, #11989 ),
 .UNSPECIFIED., .F., .T. ) 
 B_SPLINE_CURVE_WITH_KNOTS ( ( 4, 4 ),
 ( 0.000000000000000000, 1.570796326794897002 ),
 .UNSPECIFIED. ) 
 CURVE ( )  GEOMETRIC_REPRESENTATION_ITEM ( )  RATIONAL_B_SPLINE_CURVE ( ( 1.000000000000000000, 0.8047378541243649375, 0.8047378541243649375, 1.000000000000000000 ) ) 
 REPRESENTATION_ITEM ( '' )  );
#10081 = UNCERTAINTY_MEASURE_WITH_UNIT (LENGTH_MEASURE( 1.000000000000000082E-05 ), #491, 'distance_accuracy_value', 'NONE');
#10082 = DIRECTION ( 'NONE',  ( 1.000000000000000000, 0.000000000000000000, 0.000000000000000000 ) ) ;
#10083 = ORIENTED_EDGE ( 'NONE', *, *, #3672, .T. ) ;
#10084 = ORIENTED_EDGE ( 'NONE', *, *, #6995, .F. ) ;
#10085 = CARTESIAN_POINT ( 'NONE',  ( -18.66118346063210609, 2.314715678325876436, 9.258636768526940841 ) ) ;
#10086 = PRESENTATION_LAYER_ASSIGNMENT (  '', '', ( #8646 ) ) ;
#10087 = CARTESIAN_POINT ( 'NONE',  ( 27.69173836013391465, 11.42999999999999972, 6.972106780694380390 ) ) ;
#10088 = COLOUR_RGB ( '',0.2509803921568627416, 0.2509803921568627416, 0.2509803921568627416 ) ;
#10089 = VECTOR ( 'NONE', #11127, 1000.000000000000000 ) ;
#10090 = EDGE_LOOP ( 'NONE', ( #2190, #263, #10305, #5476 ) ) ;
#10091 = CIRCLE ( 'NONE', #11738, 0.5000000000000004441 ) ;
#10092 = UNCERTAINTY_MEASURE_WITH_UNIT (LENGTH_MEASURE( 1.000000000000000082E-05 ), #11586, 'distance_accuracy_value', 'NONE');
#10093 = CARTESIAN_POINT ( 'NONE',  ( -24.96063157894735696, 2.929999999999998384, 7.179213561880927408 ) ) ;
#10094 = EDGE_CURVE ( 'NONE', #2328, #10715, #3210, .T. ) ;
#10095 = FILL_AREA_STYLE ('',( #3275 ) ) ;
#10096 = EDGE_CURVE ( 'NONE', #12222, #12, #2334, .T. ) ;
#10097 =( NAMED_UNIT ( * ) PLANE_ANGLE_UNIT ( ) SI_UNIT ( $, .RADIAN. ) );
#10098 = SURFACE_STYLE_USAGE ( .BOTH. , #6125 ) ;
#10099 = CIRCLE ( 'NONE', #8453, 1.587500000000002132 ) ;
#10100 = AXIS2_PLACEMENT_3D ( 'NONE', #5078, #10298, #11318 ) ;
#10101 = ORIENTED_EDGE ( 'NONE', *, *, #11559, .F. ) ;
#10102 = AXIS2_PLACEMENT_3D ( 'NONE', #2388, #5166, #9194 ) ;
#10104 = AXIS2_PLACEMENT_3D ( 'NONE', #4609, #1748, #8509 ) ;
#10103 = DIRECTION ( 'NONE',  ( -0.7716245833877181104, 0.000000000000000000, 0.6360782202777660599 ) ) ;
#10105 = ORIENTED_EDGE ( 'NONE', *, *, #2704, .T. ) ;
#10106 = FILL_AREA_STYLE ('',( #2315 ) ) ;
#10107 = SURFACE_STYLE_USAGE ( .BOTH. , #11051 ) ;
#10108 = CARTESIAN_POINT ( 'NONE',  ( -14.45052631578947278, 10.92999999999999794, 17.91499999999999915 ) ) ;
#10109 = ORIENTED_EDGE ( 'NONE', *, *, #11965, .T. ) ;
#10110 = CARTESIAN_POINT ( 'NONE',  ( -26.22489321881345248, 11.42999999999999972, -6.972106780694380390 ) ) ;
#10111 = COLOUR_RGB ( '',0.2509803921568627416, 0.2509803921568627416, 0.2509803921568627416 ) ;
#10112 = PRESENTATION_LAYER_ASSIGNMENT (  '', '', ( #10906 ) ) ;
#10113 = CARTESIAN_POINT ( 'NONE',  ( -22.93663157894736315, 11.42999999999999972, 0.000000000000000000 ) ) ;
#10114 = CARTESIAN_POINT ( 'NONE',  ( -23.62199999999999633, 0.5000000000000000000, 10.99350000000000449 ) ) ;
#10115 = DIRECTION ( 'NONE',  ( 0.000000000000000000, -1.000000000000000000, 0.000000000000000000 ) ) ;
#10116 = CARTESIAN_POINT ( 'NONE',  ( -19.02843457172059871, 11.16742711356746121, 8.720624859773542070 ) ) ;
#10117 = VERTEX_POINT ( 'NONE', #11043 ) ;
#10118 = CARTESIAN_POINT ( 'NONE',  ( 17.22021356188092867, 11.42999999999999972, -18.41499999999999559 ) ) ;
#10119 = DIRECTION ( 'NONE',  ( 1.000000000000000000, 0.000000000000000000, 0.000000000000000000 ) ) ;
#10120 = ORIENTED_EDGE ( 'NONE', *, *, #9680, .T. ) ;
#10121 =( GEOMETRIC_REPRESENTATION_CONTEXT ( 3 ) GLOBAL_UNCERTAINTY_ASSIGNED_CONTEXT ( ( #5108 ) ) GLOBAL_UNIT_ASSIGNED_CONTEXT ( ( #1663, #3662, #645 ) ) REPRESENTATION_CONTEXT ( 'NONE', 'WORKASPACE' ) );
#10122 = LINE ( 'NONE', #8247, #3241 ) ;
#10123 = CARTESIAN_POINT ( 'NONE',  ( 4.493052631578946077, 11.42999999999999972, 18.41499999999999915 ) ) ;
#10124 = ORIENTED_EDGE ( 'NONE', *, *, #2043, .F. ) ;
#10125 = CARTESIAN_POINT ( 'NONE',  ( 19.46989473684223171, 11.42999999999999972, -7.742387270983450698 ) ) ;
#10126 = SURFACE_SIDE_STYLE ('',( #3366 ) ) ;
#10127 = UNCERTAINTY_MEASURE_WITH_UNIT (LENGTH_MEASURE( 1.000000000000000082E-05 ), #5529, 'distance_accuracy_value', 'NONE');
#10128 = DIRECTION ( 'NONE',  ( -0.000000000000000000, -0.000000000000000000, 1.000000000000000000 ) ) ;
#10129 = DIRECTION ( 'NONE',  ( 0.000000000000000000, 0.000000000000000000, 1.000000000000000000 ) ) ;
#10130 = FILL_AREA_STYLE_COLOUR ( '', #11356 ) ;
#10131 =( NAMED_UNIT ( * ) PLANE_ANGLE_UNIT ( ) SI_UNIT ( $, .RADIAN. ) );
#10132 = COLOUR_RGB ( '',0.2509803921568627416, 0.2509803921568627416, 0.2509803921568627416 ) ;
#10133 =( LENGTH_UNIT ( ) NAMED_UNIT ( * ) SI_UNIT ( .MILLI., .METRE. ) );
#10134 =( LENGTH_UNIT ( ) NAMED_UNIT ( * ) SI_UNIT ( .MILLI., .METRE. ) );
#10135 = PRESENTATION_STYLE_ASSIGNMENT (( #1674 ) ) ;
#10136 = FACE_OUTER_BOUND ( 'NONE', #8535, .T. ) ;
#10137 = LINE ( 'NONE', #9410, #8130 ) ;
#10138 = MECHANICAL_DESIGN_GEOMETRIC_PRESENTATION_REPRESENTATION (  '', ( #10939 ), #11142 ) ;
#10139 = DIRECTION ( 'NONE',  ( -0.000000000000000000, 1.000000000000000000, 0.000000000000000000 ) ) ;
#10140 = SURFACE_SIDE_STYLE ('',( #297 ) ) ;
#10141 = EDGE_CURVE ( 'NONE', #9335, #11536, #7203, .T. ) ;
#10142 = EDGE_CURVE ( 'NONE', #200, #8403, #5111, .T. ) ;
#10143 = DIRECTION ( 'NONE',  ( 0.7716245833877181104, 0.000000000000000000, -0.6360782202777660599 ) ) ;
#10144 = FILL_AREA_STYLE_COLOUR ( '', #797 ) ;
#10145 = CARTESIAN_POINT ( 'NONE',  ( -19.26372038269982667, 11.39925259307123007, -8.164152433791290520 ) ) ;
#10146 = TOROIDAL_SURFACE ( 'NONE', #7673, 1.261999999999997124, 0.5000000000000000000 ) ;
#10147 = VERTEX_POINT ( 'NONE', #6061 ) ;
#10148 = ORIENTED_EDGE ( 'NONE', *, *, #6151, .F. ) ;
#10149 = CARTESIAN_POINT ( 'NONE',  ( 7.781314271445027408, 11.42999999999999972, 18.41499999999999915 ) ) ;
#10150 =( NAMED_UNIT ( * ) SI_UNIT ( $, .STERADIAN. ) SOLID_ANGLE_UNIT ( ) );
#10151 = FACE_OUTER_BOUND ( 'NONE', #3033, .T. ) ;
#10152 = EDGE_LOOP ( 'NONE', ( #940, #2684, #11571, #8471 ) ) ;
#10153 = CARTESIAN_POINT ( 'NONE',  ( 22.72021356188092511, 10.92999999999999794, -12.17921356188092652 ) ) ;
#10154 =( GEOMETRIC_REPRESENTATION_CONTEXT ( 3 ) GLOBAL_UNCERTAINTY_ASSIGNED_CONTEXT ( ( #7991 ) ) GLOBAL_UNIT_ASSIGNED_CONTEXT ( ( #5257, #4305, #8315 ) ) REPRESENTATION_CONTEXT ( 'NONE', 'WORKASPACE' ) );
#10155 = DIRECTION ( 'NONE',  ( 0.6360782202777646166, 0.000000000000000000, -0.7716245833877193316 ) ) ;
#10156 =( BOUNDED_CURVE ( )  B_SPLINE_CURVE ( 3, ( #5942, #2181, #5054, #6963 ),
 .UNSPECIFIED., .F., .T. ) 
 B_SPLINE_CURVE_WITH_KNOTS ( ( 4, 4 ),
 ( 3.141592653589794892, 4.712388980384691450 ),
 .UNSPECIFIED. ) 
 CURVE ( )  GEOMETRIC_REPRESENTATION_ITEM ( )  RATIONAL_B_SPLINE_CURVE ( ( 1.000000000000000000, 0.8047378541243649375, 0.8047378541243649375, 1.000000000000000000 ) ) 
 REPRESENTATION_ITEM ( '' )  );
#10157 = PLANE ( 'NONE',  #8218 ) ;
#10158 = VECTOR ( 'NONE', #3104, 1000.000000000000000 ) ;
#10159 = CARTESIAN_POINT ( 'NONE',  ( 13.47915789473684356, 2.929999999999998384, 18.41499999999999915 ) ) ;
#10160 = EDGE_CURVE ( 'NONE', #4384, #7156, #8165, .T. ) ;
#10161 = VERTEX_POINT ( 'NONE', #9897 ) ;
#10162 = FILL_AREA_STYLE ('',( #11116 ) ) ;
#10163 = ORIENTED_EDGE ( 'NONE', *, *, #11214, .T. ) ;
#10164 = AXIS2_PLACEMENT_3D ( 'NONE', #598, #6407, #7344 ) ;
#10165 = DIRECTION ( 'NONE',  ( -6.938893903907222067E-15, 0.000000000000000000, -1.000000000000000000 ) ) ;
#10166 =( LENGTH_UNIT ( ) NAMED_UNIT ( * ) SI_UNIT ( .MILLI., .METRE. ) );
#10167 = PRESENTATION_STYLE_ASSIGNMENT (( #8297 ) ) ;
#10168 = CARTESIAN_POINT ( 'NONE',  ( -28.95599999999999596, 1.277999999999999581, 18.41499999999999915 ) ) ;
#10169 = CARTESIAN_POINT ( 'NONE',  ( 9.255078768874749784, 0.5000000000000000000, 7.629298182790471117 ) ) ;
#10170 = ORIENTED_EDGE ( 'NONE', *, *, #10821, .F. ) ;
#10171 = DIRECTION ( 'NONE',  ( -0.000000000000000000, 1.000000000000000000, 0.000000000000000000 ) ) ;
#10172 = COLOUR_RGB ( '',0.2509803921568627416, 0.2509803921568627416, 0.2509803921568627416 ) ;
#10173 = STYLED_ITEM ( 'NONE', ( #10841 ), #3854 ) ;
#10174 = CARTESIAN_POINT ( 'NONE',  ( -28.45599999999999596, -0.0009999999999992653654, -15.66328183851187994 ) ) ;
#10175 = ORIENTED_EDGE ( 'NONE', *, *, #2809, .F. ) ;
#10176 =( NAMED_UNIT ( * ) SI_UNIT ( $, .STERADIAN. ) SOLID_ANGLE_UNIT ( ) );
#10177 = FACE_OUTER_BOUND ( 'NONE', #5488, .T. ) ;
#10178 = EDGE_LOOP ( 'NONE', ( #10627, #3267, #3588, #9688 ) ) ;
#10179 = MECHANICAL_DESIGN_GEOMETRIC_PRESENTATION_REPRESENTATION (  '', ( #999 ), #9974 ) ;
#10180 = EDGE_CURVE ( 'NONE', #618, #238, #7452, .T. ) ;
#10181 = ORIENTED_EDGE ( 'NONE', *, *, #1304, .T. ) ;
#10182 = CIRCLE ( 'NONE', #8539, 0.5000000000000004441 ) ;
#10183 = CARTESIAN_POINT ( 'NONE',  ( 22.01123368217812981, 0.5000000000000000000, -14.40881328482983648 ) ) ;
#10184 = CARTESIAN_POINT ( 'NONE',  ( -16.94589473684210290, 2.929999999999998384, 18.41499999999999915 ) ) ;
#10185 = FILL_AREA_STYLE ('',( #5379 ) ) ;
#10186 = LINE ( 'NONE', #7170, #4182 ) ;
#10187 = ADVANCED_FACE ( 'NONE', ( #8221 ), #253, .T. ) ;
#10188 = VECTOR ( 'NONE', #5159, 1000.000000000000000 ) ;
#10189 = TOROIDAL_SURFACE ( 'NONE', #399, 1.261999999999997124, 0.5000000000000000000 ) ;
#10190 = PRESENTATION_STYLE_ASSIGNMENT (( #1381 ) ) ;
#10191 = SURFACE_STYLE_USAGE ( .BOTH. , #12624 ) ;
#10192 = ADVANCED_FACE ( 'NONE', ( #9312 ), #2566, .T. ) ;
#10193 = DIRECTION ( 'NONE',  ( 0.000000000000000000, 0.000000000000000000, -1.000000000000000000 ) ) ;
#10194 = DIRECTION ( 'NONE',  ( 4.081702296416016490E-16, -1.000000000000000000, 0.000000000000000000 ) ) ;
#10195 = AXIS2_PLACEMENT_3D ( 'NONE', #8414, #702, #1651 ) ;
#10196 = FILL_AREA_STYLE ('',( #7251 ) ) ;
#10197 =( NAMED_UNIT ( * ) PLANE_ANGLE_UNIT ( ) SI_UNIT ( $, .RADIAN. ) );
#10198 = DIRECTION ( 'NONE',  ( 1.000000000000000000, 0.000000000000000000, 0.000000000000000000 ) ) ;
#10199 = UNCERTAINTY_MEASURE_WITH_UNIT (LENGTH_MEASURE( 1.000000000000000082E-05 ), #7067, 'distance_accuracy_value', 'NONE');
#10200 = DIRECTION ( 'NONE',  ( 0.000000000000000000, -1.000000000000000000, 0.000000000000000000 ) ) ;
#10201 = EDGE_CURVE ( 'NONE', #5188, #895, #699, .T. ) ;
#10202 = VERTEX_POINT ( 'NONE', #5407 ) ;
#10203 = TOROIDAL_SURFACE ( 'NONE', #5109, 1.261999999999997124, 0.5000000000000000000 ) ;
#10204 = PLANE ( 'NONE',  #11360 ) ;
#10205 = CARTESIAN_POINT ( 'NONE',  ( -23.62199999999999633, 0.000000000000000000, -13.08100000000000840 ) ) ;
#10206 = FILL_AREA_STYLE ('',( #12208 ) ) ;
#10207 = ORIENTED_EDGE ( 'NONE', *, *, #8183, .F. ) ;
#10208 = FILL_AREA_STYLE_COLOUR ( '', #9638 ) ;
#10209 = UNCERTAINTY_MEASURE_WITH_UNIT (LENGTH_MEASURE( 1.000000000000000082E-05 ), #2248, 'distance_accuracy_value', 'NONE');
#10210 = SURFACE_STYLE_USAGE ( .BOTH. , #6056 ) ;
#10211 = AXIS2_PLACEMENT_3D ( 'NONE', #7086, #12158, #3285 ) ;
#10212 = DIRECTION ( 'NONE',  ( -0.000000000000000000, 0.000000000000000000, 1.000000000000000000 ) ) ;
#10213 =( NAMED_UNIT ( * ) SI_UNIT ( $, .STERADIAN. ) SOLID_ANGLE_UNIT ( ) );
#10214 = ORIENTED_EDGE ( 'NONE', *, *, #6812, .T. ) ;
#10215 = EDGE_CURVE ( 'NONE', #6777, #8521, #6567, .T. ) ;
#10216 = CARTESIAN_POINT ( 'NONE',  ( 23.62199999999999633, 0.000000000000000000, 13.08100000000000840 ) ) ;
#10217 = ORIENTED_EDGE ( 'NONE', *, *, #12530, .F. ) ;
#10218 = SURFACE_STYLE_USAGE ( .BOTH. , #1411 ) ;
#10219 =( NAMED_UNIT ( * ) SI_UNIT ( $, .STERADIAN. ) SOLID_ANGLE_UNIT ( ) );
#10220 = VECTOR ( 'NONE', #1019, 1000.000000000000000 ) ;
#10221 = SURFACE_STYLE_FILL_AREA ( #11053 ) ;
#10222 = FILL_AREA_STYLE_COLOUR ( '', #6490 ) ;
#10223 = ORIENTED_EDGE ( 'NONE', *, *, #9994, .T. ) ;
#10224 = ADVANCED_FACE ( 'NONE', ( #3709 ), #7444, .F. ) ;
#10225 = EDGE_CURVE ( 'NONE', #3779, #3743, #3636, .T. ) ;
#10226 =( NAMED_UNIT ( * ) SI_UNIT ( $, .STERADIAN. ) SOLID_ANGLE_UNIT ( ) );
#10227 = SURFACE_STYLE_FILL_AREA ( #6328 ) ;
#10228 = DIRECTION ( 'NONE',  ( 0.000000000000000000, -0.000000000000000000, -1.000000000000000000 ) ) ;
#10229 = CARTESIAN_POINT ( 'NONE',  ( 23.62199999999999633, 0.5000000000000000000, 13.08100000000000840 ) ) ;
#10230 = AXIS2_PLACEMENT_3D ( 'NONE', #2002, #11852, #6658 ) ;
#10231 = CARTESIAN_POINT ( 'NONE',  ( -18.96989473684210026, 10.92999999999999794, 8.872385971794111370 ) ) ;
#10232 = VERTEX_POINT ( 'NONE', #1533 ) ;
#10233 = SURFACE_STYLE_FILL_AREA ( #12237 ) ;
#10234 = CARTESIAN_POINT ( 'NONE',  ( 28.95599999999999596, 1.277999999999999581, -15.66328183851187283 ) ) ;
#10235 = EDGE_LOOP ( 'NONE', ( #9246, #5931, #7274, #7956, #12087 ) ) ;
#10236 = DIRECTION ( 'NONE',  ( -4.081702296416016490E-16, 1.000000000000000000, -0.000000000000000000 ) ) ;
#10237 = ORIENTED_EDGE ( 'NONE', *, *, #5914, .F. ) ;
#10238 = VECTOR ( 'NONE', #5245, 1000.000000000000000 ) ;
#10239 = VECTOR ( 'NONE', #4878, 1000.000000000000000 ) ;
#10240 = DIRECTION ( 'NONE',  ( 1.000000000000000000, 0.000000000000000000, 0.000000000000000000 ) ) ;
#10241 = UNCERTAINTY_MEASURE_WITH_UNIT (LENGTH_MEASURE( 1.000000000000000082E-05 ), #6926, 'distance_accuracy_value', 'NONE');
#10242 = LINE ( 'NONE', #5074, #8013 ) ;
#10243 = FILL_AREA_STYLE_COLOUR ( '', #10534 ) ;
#10244 =( GEOMETRIC_REPRESENTATION_CONTEXT ( 3 ) GLOBAL_UNCERTAINTY_ASSIGNED_CONTEXT ( ( #4611 ) ) GLOBAL_UNIT_ASSIGNED_CONTEXT ( ( #143, #11858, #6021 ) ) REPRESENTATION_CONTEXT ( 'NONE', 'WORKASPACE' ) );
#10245 = EDGE_CURVE ( 'NONE', #7868, #7084, #11684, .T. ) ;
#10246 = FILL_AREA_STYLE_COLOUR ( '', #1412 ) ;
#10247 = COLOUR_RGB ( '',0.2509803921568627416, 0.2509803921568627416, 0.2509803921568627416 ) ;
#10248 = FILL_AREA_STYLE ('',( #10066 ) ) ;
#10249 = CYLINDRICAL_SURFACE ( 'NONE', #8401, 0.5000000000000004441 ) ;
#10250 = ORIENTED_EDGE ( 'NONE', *, *, #3209, .T. ) ;
#10251 = VECTOR ( 'NONE', #1866, 1000.000000000000000 ) ;
#10252 = SURFACE_STYLE_FILL_AREA ( #9350 ) ;
#10253 = CARTESIAN_POINT ( 'NONE',  ( -21.96526315789472861, 10.92999999999999794, -7.236537172765303616 ) ) ;
#10254 = PRESENTATION_STYLE_ASSIGNMENT (( #12195 ) ) ;
#10255 = CYLINDRICAL_SURFACE ( 'NONE', #2353, 0.5000000000000004441 ) ;
#10256 = EDGE_CURVE ( 'NONE', #9592, #12044, #10338, .T. ) ;
#10257 = DIRECTION ( 'NONE',  ( 0.000000000000000000, 1.000000000000000000, 0.000000000000000000 ) ) ;
#10258 = VECTOR ( 'NONE', #11585, 1000.000000000000000 ) ;
#10259 = AXIS2_PLACEMENT_3D ( 'NONE', #6439, #4514, #6500 ) ;
#10260 = VERTEX_POINT ( 'NONE', #5663 ) ;
#10261 = CARTESIAN_POINT ( 'NONE',  ( 22.72021356188096775, 11.36011660222229835, -6.934163965867162105 ) ) ;
#10262 = CARTESIAN_POINT ( 'NONE',  ( -20.37689871504134587, 11.20761215886727236, 7.689236252544621841 ) ) ;
#10263 = CARTESIAN_POINT ( 'NONE',  ( 27.48463157894736497, 11.42999999999999972, -18.41499999999999915 ) ) ;
#10264 = FILL_AREA_STYLE ('',( #3336 ) ) ;
#10265 = ORIENTED_EDGE ( 'NONE', *, *, #1486, .F. ) ;
#10266 = CARTESIAN_POINT ( 'NONE',  ( 28.45599999999999952, 1.778000000000000025, -7.179213561880927408 ) ) ;
#10267 = AXIS2_PLACEMENT_3D ( 'NONE', #6444, #6191, #9197 ) ;
#10268 = FILL_AREA_STYLE_COLOUR ( '', #7801 ) ;
#10269 = VECTOR ( 'NONE', #1406, 1000.000000000000000 ) ;
#10270 = VECTOR ( 'NONE', #884, 1000.000000000000000 ) ;
#10271 = AXIS2_PLACEMENT_3D ( 'NONE', #11075, #2267, #2414 ) ;
#10272 = CARTESIAN_POINT ( 'NONE',  ( -12.97915789473683112, 2.929999999999998384, -18.41499999999999915 ) ) ;
#10273 = PRESENTATION_LAYER_ASSIGNMENT (  '', '', ( #3158 ) ) ;
#10274 =( LENGTH_UNIT ( ) NAMED_UNIT ( * ) SI_UNIT ( .MILLI., .METRE. ) );
#10275 = ADVANCED_FACE ( 'NONE', ( #12532 ), #5725, .F. ) ;
#10276 = DIRECTION ( 'NONE',  ( 0.6360782202777650607, 0.000000000000000000, -0.7716245833877191096 ) ) ;
#10277 = SURFACE_STYLE_FILL_AREA ( #8292 ) ;
#10278 = EDGE_LOOP ( 'NONE', ( #2849, #6127, #1746, #10876 ) ) ;
#10279 = EDGE_CURVE ( 'NONE', #12546, #9810, #11494, .T. ) ;
#10280 = CARTESIAN_POINT ( 'NONE',  ( -7.959789473684211636, 11.42999999999999972, -17.91499999999999204 ) ) ;
#10281 = ORIENTED_EDGE ( 'NONE', *, *, #9558, .T. ) ;
#10282 = COLOUR_RGB ( '',0.2509803921568627416, 0.2509803921568627416, 0.2509803921568627416 ) ;
#10283 =( GEOMETRIC_REPRESENTATION_CONTEXT ( 3 ) GLOBAL_UNCERTAINTY_ASSIGNED_CONTEXT ( ( #1245 ) ) GLOBAL_UNIT_ASSIGNED_CONTEXT ( ( #1547, #12484, #1798 ) ) REPRESENTATION_CONTEXT ( 'NONE', 'WORKASPACE' ) );
#10284 = DIRECTION ( 'NONE',  ( 0.000000000000000000, -1.000000000000000000, 0.000000000000000000 ) ) ;
#10285 = CIRCLE ( 'NONE', #11078, 0.5000000000000004441 ) ;
#10286 =( GEOMETRIC_REPRESENTATION_CONTEXT ( 3 ) GLOBAL_UNCERTAINTY_ASSIGNED_CONTEXT ( ( #2117 ) ) GLOBAL_UNIT_ASSIGNED_CONTEXT ( ( #5032, #6246, #2298 ) ) REPRESENTATION_CONTEXT ( 'NONE', 'WORKASPACE' ) );
#10287 =( NAMED_UNIT ( * ) SI_UNIT ( $, .STERADIAN. ) SOLID_ANGLE_UNIT ( ) );
#10288 = ORIENTED_EDGE ( 'NONE', *, *, #11143, .F. ) ;
#10289 = DIRECTION ( 'NONE',  ( 0.000000000000000000, 0.000000000000000000, 1.000000000000000000 ) ) ;
#10290 =( NAMED_UNIT ( * ) SI_UNIT ( $, .STERADIAN. ) SOLID_ANGLE_UNIT ( ) );
#10291 = VECTOR ( 'NONE', #10000, 1000.000000000000000 ) ;
#10292 = CARTESIAN_POINT ( 'NONE',  ( 10.01242105263157356, 10.92999999999999794, 0.000000000000000000 ) ) ;
#10293 = VECTOR ( 'NONE', #2608, 1000.000000000000000 ) ;
#10294 = MECHANICAL_DESIGN_GEOMETRIC_PRESENTATION_REPRESENTATION (  '', ( #3776 ), #10896 ) ;
#10295 = PRESENTATION_STYLE_ASSIGNMENT (( #1479 ) ) ;
#10296 = CARTESIAN_POINT ( 'NONE',  ( -2.469052631578948276, 10.92999999999999794, 17.91499999999999915 ) ) ;
#10297 = AXIS2_PLACEMENT_3D ( 'NONE', #1492, #10240, #8316 ) ;
#10298 = DIRECTION ( 'NONE',  ( -1.000000000000000000, -4.081702296416016490E-16, 0.000000000000000000 ) ) ;
#10299 = VERTEX_POINT ( 'NONE', #8677 ) ;
#10300 =( NAMED_UNIT ( * ) SI_UNIT ( $, .STERADIAN. ) SOLID_ANGLE_UNIT ( ) );
#10301 = EDGE_CURVE ( 'NONE', #1432, #1048, #12598, .T. ) ;
#10302 = CARTESIAN_POINT ( 'NONE',  ( -24.90151096696282451, 1.277999999999999581, -18.41499999999999559 ) ) ;
#10303 = ORIENTED_EDGE ( 'NONE', *, *, #7087, .T. ) ;
#10304 = PRESENTATION_LAYER_ASSIGNMENT (  '', '', ( #4571 ) ) ;
#10305 = ORIENTED_EDGE ( 'NONE', *, *, #6033, .F. ) ;
#10306 = DIRECTION ( 'NONE',  ( 0.000000000000000000, 0.000000000000000000, 1.000000000000000000 ) ) ;
#10307 = LINE ( 'NONE', #3550, #2543 ) ;
#10308 = SURFACE_STYLE_USAGE ( .BOTH. , #6540 ) ;
#10309 = VERTEX_POINT ( 'NONE', #36 ) ;
#10310 = TOROIDAL_SURFACE ( 'NONE', #11969, 2.087500000000002132, 0.5000000000000000000 ) ;
#10311 = ADVANCED_FACE ( 'NONE', ( #5794 ), #12657, .T. ) ;
#10312 = VECTOR ( 'NONE', #10467, 1000.000000000000000 ) ;
#10313 = FILL_AREA_STYLE ('',( #10246 ) ) ;
#10314 = DIRECTION ( 'NONE',  ( 0.000000000000000000, 0.000000000000000000, 1.000000000000000000 ) ) ;
#10315 =( NAMED_UNIT ( * ) SI_UNIT ( $, .STERADIAN. ) SOLID_ANGLE_UNIT ( ) );
#10316 = PRESENTATION_STYLE_ASSIGNMENT (( #3857 ) ) ;
#10317 = ORIENTED_EDGE ( 'NONE', *, *, #4823, .T. ) ;
#10318 = EDGE_CURVE ( 'NONE', #11680, #5154, #2083, .T. ) ;
#10319 = EDGE_CURVE ( 'NONE', #703, #4017, #2911, .T. ) ;
#10320 = FILL_AREA_STYLE ('',( #7360 ) ) ;
#10321 = CARTESIAN_POINT ( 'NONE',  ( -22.72021356188092511, 1.778000000000000025, 12.17921356188092652 ) ) ;
#10322 = DIRECTION ( 'NONE',  ( 0.000000000000000000, -1.000000000000000000, 0.000000000000000000 ) ) ;
#10323 = DIRECTION ( 'NONE',  ( 0.000000000000000000, 0.000000000000000000, -1.000000000000000000 ) ) ;
#10324 = SURFACE_SIDE_STYLE ('',( #5451 ) ) ;
#10325 = DIRECTION ( 'NONE',  ( -0.000000000000000000, -0.000000000000000000, 1.000000000000000000 ) ) ;
#10326 = STYLED_ITEM ( 'NONE', ( #628 ), #10224 ) ;
#10327 = UNCERTAINTY_MEASURE_WITH_UNIT (LENGTH_MEASURE( 1.000000000000000082E-05 ), #2317, 'distance_accuracy_value', 'NONE');
#10328 = CARTESIAN_POINT ( 'NONE',  ( 5.755052631578949196, 2.929999999999998384, 18.41499999999999915 ) ) ;
#10329 = ORIENTED_EDGE ( 'NONE', *, *, #6967, .F. ) ;
#10330 = MECHANICAL_DESIGN_GEOMETRIC_PRESENTATION_REPRESENTATION (  '', ( #2050 ), #8278 ) ;
#10331 = LINE ( 'NONE', #2558, #8736 ) ;
#10332 = VERTEX_POINT ( 'NONE', #10529 ) ;
#10333 = PRESENTATION_LAYER_ASSIGNMENT (  '', '', ( #8709 ) ) ;
#10334 = SURFACE_STYLE_FILL_AREA ( #7630 ) ;
#10335 = SURFACE_STYLE_FILL_AREA ( #10095 ) ;
#10336 = VECTOR ( 'NONE', #1121, 1000.000000000000000 ) ;
#10337 =( LENGTH_UNIT ( ) NAMED_UNIT ( * ) SI_UNIT ( .MILLI., .METRE. ) );
#10338 = LINE ( 'NONE', #1648, #4522 ) ;
#10339 = CARTESIAN_POINT ( 'NONE',  ( 9.512421052631573559, 2.929999999999998384, -17.91499999999999204 ) ) ;
#10340 = ORIENTED_EDGE ( 'NONE', *, *, #8180, .T. ) ;
#10341 = SURFACE_STYLE_FILL_AREA ( #12221 ) ;
#10342 = AXIS2_PLACEMENT_3D ( 'NONE', #10174, #5247, #2466 ) ;
#10343 = ORIENTED_EDGE ( 'NONE', *, *, #1326, .F. ) ;
#10344 =( NAMED_UNIT ( * ) PLANE_ANGLE_UNIT ( ) SI_UNIT ( $, .RADIAN. ) );
#10345 = SURFACE_SIDE_STYLE ('',( #4414 ) ) ;
#10346 = VERTEX_POINT ( 'NONE', #8607 ) ;
#10347 = SURFACE_STYLE_USAGE ( .BOTH. , #6451 ) ;
#10348 =( NAMED_UNIT ( * ) SI_UNIT ( $, .STERADIAN. ) SOLID_ANGLE_UNIT ( ) );
#10349 = AXIS2_PLACEMENT_3D ( 'NONE', #6626, #943, #7437 ) ;
#10350 = ADVANCED_FACE ( 'NONE', ( #3125 ), #3265, .F. ) ;
#10351 =( NAMED_UNIT ( * ) PLANE_ANGLE_UNIT ( ) SI_UNIT ( $, .RADIAN. ) );
#10352 = ORIENTED_EDGE ( 'NONE', *, *, #63, .F. ) ;
#10353 = PRESENTATION_STYLE_ASSIGNMENT (( #5419 ) ) ;
#10354 = COLOUR_RGB ( '',0.2509803921568627416, 0.2509803921568627416, 0.2509803921568627416 ) ;
#10355 = FILL_AREA_STYLE_COLOUR ( '', #3571 ) ;
#10356 = PRESENTATION_STYLE_ASSIGNMENT (( #2580 ) ) ;
#10357 = FILL_AREA_STYLE_COLOUR ( '', #4808 ) ;
#10358 = CARTESIAN_POINT ( 'NONE',  ( -28.95599999999999952, 1.570893218813452119, -6.972106780694380390 ) ) ;
#10359 = CARTESIAN_POINT ( 'NONE',  ( -25.23276631782186286, 0.5000000000000000000, 11.75318671517016433 ) ) ;
#10360 = ORIENTED_EDGE ( 'NONE', *, *, #2359, .F. ) ;
#10361 = CARTESIAN_POINT ( 'NONE',  ( 6.517052631578944322, 10.92999999999999794, 17.91499999999999915 ) ) ;
#10362 = DIRECTION ( 'NONE',  ( -0.000000000000000000, -0.000000000000000000, 1.000000000000000000 ) ) ;
#10363 = ORIENTED_EDGE ( 'NONE', *, *, #10734, .T. ) ;
#10364 = AXIS2_PLACEMENT_3D ( 'NONE', #10851, #188, #9896 ) ;
#10365 = DIRECTION ( 'NONE',  ( 0.000000000000000000, 1.000000000000000000, 0.000000000000000000 ) ) ;
#10366 = ORIENTED_EDGE ( 'NONE', *, *, #50, .F. ) ;
#10367 = CARTESIAN_POINT ( 'NONE',  ( 25.96063157894736761, 10.92999999999999794, -7.179213561880927408 ) ) ;
#10368 =( GEOMETRIC_REPRESENTATION_CONTEXT ( 3 ) GLOBAL_UNCERTAINTY_ASSIGNED_CONTEXT ( ( #5939 ) ) GLOBAL_UNIT_ASSIGNED_CONTEXT ( ( #4398, #1454, #564 ) ) REPRESENTATION_CONTEXT ( 'NONE', 'WORKASPACE' ) );
#10369 = EDGE_CURVE ( 'NONE', #3840, #11306, #5334, .T. ) ;
#10370 = UNCERTAINTY_MEASURE_WITH_UNIT (LENGTH_MEASURE( 1.000000000000000082E-05 ), #8431, 'distance_accuracy_value', 'NONE');
#10371 = DIRECTION ( 'NONE',  ( -0.000000000000000000, 0.000000000000000000, 1.000000000000000000 ) ) ;
#10372 = AXIS2_PLACEMENT_3D ( 'NONE', #2991, #4005, #7878 ) ;
#10373 = EDGE_LOOP ( 'NONE', ( #11657, #5340, #10637, #5403 ) ) ;
#10374 =( LENGTH_UNIT ( ) NAMED_UNIT ( * ) SI_UNIT ( .MILLI., .METRE. ) );
#10375 = CARTESIAN_POINT ( 'NONE',  ( -4.493052631578946077, 11.43000000000001037, -18.41499999999999559 ) ) ;
#10376 = ORIENTED_EDGE ( 'NONE', *, *, #5862, .F. ) ;
#10377 = PRODUCT_CONTEXT ( 'NONE', #1097, 'mechanical' ) ;
#10378 = PRESENTATION_STYLE_ASSIGNMENT (( #3621 ) ) ;
#10379 = AXIS2_PLACEMENT_3D ( 'NONE', #547, #4496, #12118 ) ;
#10380 = AXIS2_PLACEMENT_3D ( 'NONE', #5565, #8643, #1625 ) ;
#10381 = VERTEX_POINT ( 'NONE', #6999 ) ;
#10382 = CARTESIAN_POINT ( 'NONE',  ( -13.18626467592338614, 11.42999999999999794, -18.41499999999999559 ) ) ;
#10383 = CYLINDRICAL_SURFACE ( 'NONE', #811, 0.5000000000000004441 ) ;
#10384 = CARTESIAN_POINT ( 'NONE',  ( -22.39704597387198959, 1.778000000000000025, -14.09077417469095295 ) ) ;
#10385 = EDGE_CURVE ( 'NONE', #12026, #12626, #12008, .T. ) ;
#10386 = FACE_OUTER_BOUND ( 'NONE', #6330, .T. ) ;
#10387 = DIRECTION ( 'NONE',  ( 1.000000000000000000, 0.000000000000000000, 0.000000000000000000 ) ) ;
#10388 = ADVANCED_FACE ( 'NONE', ( #1202 ), #10440, .T. ) ;
#10389 = VECTOR ( 'NONE', #9245, 1000.000000000000000 ) ;
#10390 = MECHANICAL_DESIGN_GEOMETRIC_PRESENTATION_REPRESENTATION (  '', ( #12461 ), #7717 ) ;
#10391 = DIRECTION ( 'NONE',  ( -4.081702296416016490E-16, 1.000000000000000000, -0.000000000000000000 ) ) ;
#10392 = STYLED_ITEM ( 'NONE', ( #2729 ), #2294 ) ;
#10393 = ORIENTED_EDGE ( 'NONE', *, *, #3264, .F. ) ;
#10394 = SURFACE_STYLE_FILL_AREA ( #2492 ) ;
#10395 = CARTESIAN_POINT ( 'NONE',  ( -5.464421052631580622, 10.92999999999999794, -17.91499999999999204 ) ) ;
#10396 = ORIENTED_EDGE ( 'NONE', *, *, #8035, .F. ) ;
#10397 = CARTESIAN_POINT ( 'NONE',  ( -1.497684210526314175, 11.42999999999999972, -18.41499999999999559 ) ) ;
#10398 = CARTESIAN_POINT ( 'NONE',  ( 4.021684210526315972, 10.92999999999999794, 0.000000000000000000 ) ) ;
#10399 = CARTESIAN_POINT ( 'NONE',  ( -9.221789473684207650, 2.929999999999998384, 18.41499999999999915 ) ) ;
#10400 = EDGE_CURVE ( 'NONE', #12243, #5748, #4720, .T. ) ;
#10401 = LINE ( 'NONE', #1649, #10878 ) ;
#10402 = ORIENTED_EDGE ( 'NONE', *, *, #11347, .T. ) ;
#10403 = AXIS2_PLACEMENT_3D ( 'NONE', #5608, #1659, #9321 ) ;
#10404 = VECTOR ( 'NONE', #8072, 1000.000000000000000 ) ;
#10405 = ORIENTED_EDGE ( 'NONE', *, *, #9774, .F. ) ;
#10406 = ORIENTED_EDGE ( 'NONE', *, *, #11487, .F. ) ;
#10407 = DIRECTION ( 'NONE',  ( -0.000000000000000000, 1.000000000000000000, 0.000000000000000000 ) ) ;
#10408 = CARTESIAN_POINT ( 'NONE',  ( -28.74889321881344628, 11.22289321881345536, 7.179213561880926520 ) ) ;
#10409 = EDGE_LOOP ( 'NONE', ( #4895, #404, #7925, #10494, #2785 ) ) ;
#10410 = VECTOR ( 'NONE', #1035, 1000.000000000000000 ) ;
#10411 = VECTOR ( 'NONE', #10863, 1000.000000000000000 ) ;
#10412 = CARTESIAN_POINT ( 'NONE',  ( 13.97915789473684534, 2.929999999999998384, -17.91499999999999204 ) ) ;
#10413 = CYLINDRICAL_SURFACE ( 'NONE', #1720, 0.5000000000000004441 ) ;
#10414 = SURFACE_STYLE_FILL_AREA ( #12298 ) ;
#10415 = DIRECTION ( 'NONE',  ( 4.081702296416016490E-16, -1.000000000000000000, 0.000000000000000000 ) ) ;
#10416 = CARTESIAN_POINT ( 'NONE',  ( -18.96989473684209671, 2.929999999999998384, -18.41499999999999915 ) ) ;
#10417 = VERTEX_POINT ( 'NONE', #7950 ) ;
#10418 = CARTESIAN_POINT ( 'NONE',  ( 4.021684210526315972, 2.929999999999998384, -17.91499999999999204 ) ) ;
#10419 = EDGE_CURVE ( 'NONE', #9810, #10299, #11954, .T. ) ;
#10420 = CARTESIAN_POINT ( 'NONE',  ( -28.95599999999999596, 1.277999999999999581, 17.91499999999999915 ) ) ;
#10421 = ORIENTED_EDGE ( 'NONE', *, *, #1082, .T. ) ;
#10422 = AXIS2_PLACEMENT_3D ( 'NONE', #9563, #4711, #3529 ) ;
#10423 = CARTESIAN_POINT ( 'NONE',  ( 15.50315789473683736, 2.929999999999998384, 17.91499999999999915 ) ) ;
#10424 = FILL_AREA_STYLE_COLOUR ( '', #5122 ) ;
#10425 = ORIENTED_EDGE ( 'NONE', *, *, #1595, .T. ) ;
#10426 = FILL_AREA_STYLE ('',( #1558 ) ) ;
#10427 = LINE ( 'NONE', #9645, #3778 ) ;
#10428 = UNCERTAINTY_MEASURE_WITH_UNIT (LENGTH_MEASURE( 1.000000000000000082E-05 ), #11810, 'distance_accuracy_value', 'NONE');
#10429 = AXIS2_PLACEMENT_3D ( 'NONE', #11033, #6180, #8153 ) ;
#10430 = CARTESIAN_POINT ( 'NONE',  ( -9.983789473684202775, 2.929999999999998384, -17.91499999999999204 ) ) ;
#10431 = ORIENTED_EDGE ( 'NONE', *, *, #11637, .T. ) ;
#10432 = CARTESIAN_POINT ( 'NONE',  ( 23.62199999999999633, 0.5000000000000000000, 10.99350000000000449 ) ) ;
#10433 = ORIENTED_EDGE ( 'NONE', *, *, #7622, .T. ) ;
#10434 = TOROIDAL_SURFACE ( 'NONE', #1059, 5.499999999999998224, 0.5000000000000000000 ) ;
#10435 = EDGE_CURVE ( 'NONE', #4100, #42, #11886, .T. ) ;
#10436 = ORIENTED_EDGE ( 'NONE', *, *, #7105, .F. ) ;
#10437 = LINE ( 'NONE', #745, #2196 ) ;
#10438 = CARTESIAN_POINT ( 'NONE',  ( -20.52911759017337445, 2.524978918913191706, 7.682311403900261126 ) ) ;
#10439 = SURFACE_STYLE_USAGE ( .BOTH. , #11413 ) ;
#10440 = TOROIDAL_SURFACE ( 'NONE', #6966, 1.261999999999997124, 0.5000000000000000000 ) ;
#10441 = SURFACE_SIDE_STYLE ('',( #9601 ) ) ;
#10442 = AXIS2_PLACEMENT_3D ( 'NONE', #9541, #4940, #9726 ) ;
#10443 = PRESENTATION_LAYER_ASSIGNMENT (  '', '', ( #2915 ) ) ;
#10444 = FILL_AREA_STYLE ('',( #815 ) ) ;
#10445 = ADVANCED_FACE ( 'NONE', ( #1389 ), #2653, .T. ) ;
#10446 = LINE ( 'NONE', #3697, #7217 ) ;
#10447 = EDGE_CURVE ( 'NONE', #6965, #10907, #249, .T. ) ;
#10448 = ORIENTED_EDGE ( 'NONE', *, *, #9594, .T. ) ;
#10449 = AXIS2_PLACEMENT_3D ( 'NONE', #2468, #9983, #6210 ) ;
#10450 =( NAMED_UNIT ( * ) SI_UNIT ( $, .STERADIAN. ) SOLID_ANGLE_UNIT ( ) );
#10451 = STYLED_ITEM ( 'NONE', ( #130 ), #8167 ) ;
#10452 =( NAMED_UNIT ( * ) PLANE_ANGLE_UNIT ( ) SI_UNIT ( $, .RADIAN. ) );
#10453 = EDGE_LOOP ( 'NONE', ( #8307, #5874, #11283, #10207, #2322, #4521, #12661, #7725, #8042, #868, #2126, #6141 ) ) ;
#10454 = DIRECTION ( 'NONE',  ( 1.000000000000000000, 0.000000000000000000, 0.000000000000000000 ) ) ;
#10455 = DIRECTION ( 'NONE',  ( -1.000000000000000000, 0.000000000000000000, 0.000000000000000000 ) ) ;
#10456 = CARTESIAN_POINT ( 'NONE',  ( 20.07250415985878078, 2.534910637373454456, -7.937527444765656526 ) ) ;
#10457 = CARTESIAN_POINT ( 'NONE',  ( 17.72021356188093222, 2.168174630207213571, 11.91625468818378586 ) ) ;
#10458 = AXIS2_PLACEMENT_3D ( 'NONE', #10114, #6269, #12038 ) ;
#10459 = FILL_AREA_STYLE ('',( #9252 ) ) ;
#10460 = PRESENTATION_LAYER_ASSIGNMENT (  '', '', ( #6591 ) ) ;
#10461 = SURFACE_STYLE_USAGE ( .BOTH. , #4581 ) ;
#10462 = ORIENTED_EDGE ( 'NONE', *, *, #2958, .F. ) ;
#10463 = FACE_OUTER_BOUND ( 'NONE', #3423, .T. ) ;
#10464 = ORIENTED_EDGE ( 'NONE', *, *, #12452, .F. ) ;
#10465 = MECHANICAL_DESIGN_GEOMETRIC_PRESENTATION_REPRESENTATION (  '', ( #6596 ), #9089 ) ;
#10466 =( NAMED_UNIT ( * ) PLANE_ANGLE_UNIT ( ) SI_UNIT ( $, .RADIAN. ) );
#10467 = DIRECTION ( 'NONE',  ( 0.000000000000000000, 0.000000000000000000, 1.000000000000000000 ) ) ;
#10468 = ORIENTED_EDGE ( 'NONE', *, *, #7281, .T. ) ;
#10469 = UNCERTAINTY_MEASURE_WITH_UNIT (LENGTH_MEASURE( 1.000000000000000082E-05 ), #6425, 'distance_accuracy_value', 'NONE');
#10470 = EDGE_CURVE ( 'NONE', #376, #12307, #8206, .T. ) ;
#10471 = CARTESIAN_POINT ( 'NONE',  ( -24.90151096696282806, -0.0009999999999992653654, 17.91499999999999915 ) ) ;
#10472 = SURFACE_STYLE_USAGE ( .BOTH. , #3531 ) ;
#10473 = STYLED_ITEM ( 'NONE', ( #2502 ), #11115 ) ;
#10474 =( GEOMETRIC_REPRESENTATION_CONTEXT ( 3 ) GLOBAL_UNCERTAINTY_ASSIGNED_CONTEXT ( ( #11882 ) ) GLOBAL_UNIT_ASSIGNED_CONTEXT ( ( #12265, #2369, #6238 ) ) REPRESENTATION_CONTEXT ( 'NONE', 'WORKASPACE' ) );
#10475 = AXIS2_PLACEMENT_3D ( 'NONE', #1347, #45, #3965 ) ;
#10476 = CARTESIAN_POINT ( 'NONE',  ( 4.493052631578953182, 11.43000000000001393, -18.41499999999999559 ) ) ;
#10477 = EDGE_LOOP ( 'NONE', ( #8123, #4423, #239, #9922 ) ) ;
#10478 = EDGE_CURVE ( 'NONE', #6632, #3097, #4741, .T. ) ;
#10479 = DIRECTION ( 'NONE',  ( 0.000000000000000000, 1.000000000000000000, 0.000000000000000000 ) ) ;
#10480 = CARTESIAN_POINT ( 'NONE',  ( -4.493052631578946077, 10.92999999999999794, -18.41499999999999915 ) ) ;
#10481 = CARTESIAN_POINT ( 'NONE',  ( 17.22021356188092867, 11.42999999999999972, -17.91499999999999204 ) ) ;
#10482 = CARTESIAN_POINT ( 'NONE',  ( -5.464421052631580622, 2.929999999999998384, 17.91499999999999915 ) ) ;
#10483 = VECTOR ( 'NONE', #6508, 1000.000000000000000 ) ;
#10484 = DIRECTION ( 'NONE',  ( 0.000000000000000000, 0.000000000000000000, -1.000000000000000000 ) ) ;
#10485 = AXIS2_PLACEMENT_3D ( 'NONE', #6998, #7949, #949 ) ;
#10486 = ORIENTED_EDGE ( 'NONE', *, *, #12213, .T. ) ;
#10487 = STYLED_ITEM ( 'NONE', ( #5021 ), #4679 ) ;
#10488 =( GEOMETRIC_REPRESENTATION_CONTEXT ( 3 ) GLOBAL_UNCERTAINTY_ASSIGNED_CONTEXT ( ( #102 ) ) GLOBAL_UNIT_ASSIGNED_CONTEXT ( ( #6982, #6737, #12582 ) ) REPRESENTATION_CONTEXT ( 'NONE', 'WORKASPACE' ) );
#10489 = ORIENTED_EDGE ( 'NONE', *, *, #7480, .T. ) ;
#10490 =( BOUNDED_CURVE ( )  B_SPLINE_CURVE ( 3, ( #2223, #2436, #10149, #6048 ),
 .UNSPECIFIED., .F., .T. ) 
 B_SPLINE_CURVE_WITH_KNOTS ( ( 4, 4 ),
 ( 4.712388980384689674, 6.283185307179586232 ),
 .UNSPECIFIED. ) 
 CURVE ( )  GEOMETRIC_REPRESENTATION_ITEM ( )  RATIONAL_B_SPLINE_CURVE ( ( 1.000000000000000000, 0.8047378541243649375, 0.8047378541243649375, 1.000000000000000000 ) ) 
 REPRESENTATION_ITEM ( '' )  );
#10491 = CARTESIAN_POINT ( 'NONE',  ( -4.200159412765493983, 11.42999999999999972, 18.41499999999999915 ) ) ;
#10492 = AXIS2_PLACEMENT_3D ( 'NONE', #11838, #7075, #2233 ) ;
#10493 =( NAMED_UNIT ( * ) PLANE_ANGLE_UNIT ( ) SI_UNIT ( $, .RADIAN. ) );
#10494 = ORIENTED_EDGE ( 'NONE', *, *, #3608, .T. ) ;
#10495 =( LENGTH_UNIT ( ) NAMED_UNIT ( * ) SI_UNIT ( .MILLI., .METRE. ) );
#10496 = AXIS2_PLACEMENT_3D ( 'NONE', #6357, #6173, #10082 ) ;
#10497 = COLOUR_RGB ( '',0.2509803921568627416, 0.2509803921568627416, 0.2509803921568627416 ) ;
#10498 = AXIS2_PLACEMENT_3D ( 'NONE', #4171, #7092, #2252 ) ;
#10499 = COLOUR_RGB ( '',0.2509803921568627416, 0.2509803921568627416, 0.2509803921568627416 ) ;
#10500 = UNCERTAINTY_MEASURE_WITH_UNIT (LENGTH_MEASURE( 1.000000000000000082E-05 ), #2682, 'distance_accuracy_value', 'NONE');
#10501 = MECHANICAL_DESIGN_GEOMETRIC_PRESENTATION_REPRESENTATION (  '', ( #7223 ), #4983 ) ;
#10502 = FILL_AREA_STYLE ('',( #665 ) ) ;
#10503 = FILL_AREA_STYLE_COLOUR ( '', #11675 ) ;
#10504 = CARTESIAN_POINT ( 'NONE',  ( 11.74578947368421211, 2.929999999999998384, -17.91499999999999204 ) ) ;
#10505 = ORIENTED_EDGE ( 'NONE', *, *, #7882, .T. ) ;
#10506 =( NAMED_UNIT ( * ) PLANE_ANGLE_UNIT ( ) SI_UNIT ( $, .RADIAN. ) );
#10507 = VECTOR ( 'NONE', #1380, 1000.000000000000000 ) ;
#10508 = EDGE_LOOP ( 'NONE', ( #1091, #11240, #10288, #272 ) ) ;
#10509 = AXIS2_PLACEMENT_3D ( 'NONE', #2832, #10484, #1736 ) ;
#10510 = FACE_OUTER_BOUND ( 'NONE', #3008, .T. ) ;
#10511 =( GEOMETRIC_REPRESENTATION_CONTEXT ( 3 ) GLOBAL_UNCERTAINTY_ASSIGNED_CONTEXT ( ( #6382 ) ) GLOBAL_UNIT_ASSIGNED_CONTEXT ( ( #4188, #8785, #3924 ) ) REPRESENTATION_CONTEXT ( 'NONE', 'WORKASPACE' ) );
#10512 = ORIENTED_EDGE ( 'NONE', *, *, #6967, .T. ) ;
#10513 = CARTESIAN_POINT ( 'NONE',  ( -17.22021356188092867, 2.144423844158112935, -18.41499999999999559 ) ) ;
#10514 = CARTESIAN_POINT ( 'NONE',  ( 0.5263157894736837372, 2.929999999999998384, 17.91499999999999915 ) ) ;
#10515 = CARTESIAN_POINT ( 'NONE',  ( -1.969052631578948276, 2.929999999999998384, -17.91499999999999204 ) ) ;
#10516 =( NAMED_UNIT ( * ) PLANE_ANGLE_UNIT ( ) SI_UNIT ( $, .RADIAN. ) );
#10517 = CARTESIAN_POINT ( 'NONE',  ( 16.76741953460292578, 11.42999999999999794, -18.41499999999999559 ) ) ;
#10518 = DIRECTION ( 'NONE',  ( -0.000000000000000000, 1.000000000000000000, -0.000000000000000000 ) ) ;
#10519 = EDGE_LOOP ( 'NONE', ( #12504, #3882, #12091, #12476 ) ) ;
#10520 = AXIS2_PLACEMENT_3D ( 'NONE', #8712, #1814, #2649 ) ;
#10521 = DIRECTION ( 'NONE',  ( 1.000000000000000000, 0.000000000000000000, 0.000000000000000000 ) ) ;
#10522 = ORIENTED_EDGE ( 'NONE', *, *, #1082, .F. ) ;
#10523 = SURFACE_STYLE_USAGE ( .BOTH. , #10711 ) ;
#10524 = SURFACE_SIDE_STYLE ('',( #3585 ) ) ;
#10525 = EDGE_CURVE ( 'NONE', #5610, #8596, #739, .T. ) ;
#10526 = AXIS2_PLACEMENT_3D ( 'NONE', #10825, #553, #8265 ) ;
#10527 = CARTESIAN_POINT ( 'NONE',  ( 17.88225732049663819, 2.177300702822913880, 10.88965143356243992 ) ) ;
#10528 = ADVANCED_FACE ( 'NONE', ( #1685 ), #6726, .F. ) ;
#10529 = CARTESIAN_POINT ( 'NONE',  ( 21.49389473684210117, 10.92999999999999794, -7.331931628739902784 ) ) ;
#10530 = ORIENTED_EDGE ( 'NONE', *, *, #227, .F. ) ;
#10531 = AXIS2_PLACEMENT_3D ( 'NONE', #5575, #9542, #3629 ) ;
#10532 = VERTEX_POINT ( 'NONE', #426 ) ;
#10533 = ORIENTED_EDGE ( 'NONE', *, *, #2646, .F. ) ;
#10534 = COLOUR_RGB ( '',0.2509803921568627416, 0.2509803921568627416, 0.2509803921568627416 ) ;
#10535 = VERTEX_POINT ( 'NONE', #6478 ) ;
#10536 = DIRECTION ( 'NONE',  ( 0.000000000000000000, 0.000000000000000000, 1.000000000000000000 ) ) ;
#10537 = VECTOR ( 'NONE', #8321, 1000.000000000000000 ) ;
#10538 = ADVANCED_FACE ( 'NONE', ( #4323 ), #12127, .T. ) ;
#10539 =( NAMED_UNIT ( * ) PLANE_ANGLE_UNIT ( ) SI_UNIT ( $, .RADIAN. ) );
#10540 = SURFACE_SIDE_STYLE ('',( #6648 ) ) ;
#10541 = AXIS2_PLACEMENT_3D ( 'NONE', #12631, #4046, #10807 ) ;
#10542 = CYLINDRICAL_SURFACE ( 'NONE', #6215, 0.5000000000000004441 ) ;
#10543 = ORIENTED_EDGE ( 'NONE', *, *, #6403, .F. ) ;
#10544 = CARTESIAN_POINT ( 'NONE',  ( -22.72021356188092511, 1.778000000000000025, 12.17921356188092652 ) ) ;
#10545 = DIRECTION ( 'NONE',  ( 0.000000000000000000, 0.000000000000000000, -1.000000000000000000 ) ) ;
#10546 = VERTEX_POINT ( 'NONE', #11728 ) ;
#10547 = COLOUR_RGB ( '',0.2509803921568627416, 0.2509803921568627416, 0.2509803921568627416 ) ;
#10548 = ADVANCED_FACE ( 'NONE', ( #5000 ), #2908, .T. ) ;
#10549 = SURFACE_SIDE_STYLE ('',( #3730 ) ) ;
#10550 = SURFACE_SIDE_STYLE ('',( #7596 ) ) ;
#10551 = LINE ( 'NONE', #3670, #1430 ) ;
#10552 = VECTOR ( 'NONE', #5126, 1000.000000000000000 ) ;
#10553 = EDGE_LOOP ( 'NONE', ( #11298, #1668, #8208, #392 ) ) ;
#10554 = CARTESIAN_POINT ( 'NONE',  ( 16.47452631578947546, 11.42999999999999972, 17.91499999999999915 ) ) ;
#10555 =( NAMED_UNIT ( * ) SI_UNIT ( $, .STERADIAN. ) SOLID_ANGLE_UNIT ( ) );
#10556 = FILL_AREA_STYLE ('',( #10503 ) ) ;
#10557 = CARTESIAN_POINT ( 'NONE',  ( -22.72021356188092511, 11.42999999999999972, -12.17921356188092652 ) ) ;
#10558 = ORIENTED_EDGE ( 'NONE', *, *, #11551, .T. ) ;
#10559 = SURFACE_STYLE_FILL_AREA ( #5438 ) ;
#10560 =( BOUNDED_CURVE ( )  B_SPLINE_CURVE ( 3, ( #6025, #11925, #14, #9025 ),
 .UNSPECIFIED., .F., .T. ) 
 B_SPLINE_CURVE_WITH_KNOTS ( ( 4, 4 ),
 ( 0.000000000000000000, 1.570796326794896558 ),
 .UNSPECIFIED. ) 
 CURVE ( )  GEOMETRIC_REPRESENTATION_ITEM ( )  RATIONAL_B_SPLINE_CURVE ( ( 1.000000000000000000, 0.8047378541243649375, 0.8047378541243649375, 1.000000000000000000 ) ) 
 REPRESENTATION_ITEM ( '' )  );
#10561 =( NAMED_UNIT ( * ) SI_UNIT ( $, .STERADIAN. ) SOLID_ANGLE_UNIT ( ) );
#10562 = PRESENTATION_LAYER_ASSIGNMENT (  '', '', ( #9728 ) ) ;
#10563 =( NAMED_UNIT ( * ) SI_UNIT ( $, .STERADIAN. ) SOLID_ANGLE_UNIT ( ) );
#10564 = ORIENTED_EDGE ( 'NONE', *, *, #7190, .T. ) ;
#10565 = LINE ( 'NONE', #4623, #1797 ) ;
#10566 = UNCERTAINTY_MEASURE_WITH_UNIT (LENGTH_MEASURE( 1.000000000000000082E-05 ), #10166, 'distance_accuracy_value', 'NONE');
#10567 = CARTESIAN_POINT ( 'NONE',  ( 28.25649070566043264, 0.2071067811865490993, -16.20732455659478077 ) ) ;
#10568 = ORIENTED_EDGE ( 'NONE', *, *, #317, .T. ) ;
#10569 = CARTESIAN_POINT ( 'NONE',  ( -15.97452631578947013, 10.92999999999999794, 17.91499999999999915 ) ) ;
#10570 = DIRECTION ( 'NONE',  ( 0.000000000000000000, 0.000000000000000000, -1.000000000000000000 ) ) ;
#10571 = AXIS2_PLACEMENT_3D ( 'NONE', #136, #8952, #10804 ) ;
#10572 = CARTESIAN_POINT ( 'NONE',  ( 28.95599999999999241, 1.570893218813450787, -6.972106780694378614 ) ) ;
#10573 = DIRECTION ( 'NONE',  ( -1.000000000000000000, 0.000000000000000000, 0.000000000000000000 ) ) ;
#10574 = FILL_AREA_STYLE_COLOUR ( '', #10497 ) ;
#10575 = SURFACE_STYLE_USAGE ( .BOTH. , #3819 ) ;
#10576 = CARTESIAN_POINT ( 'NONE',  ( -0.9976842105263138416, 11.42999999999999972, -18.41499999999999915 ) ) ;
#10577 = EDGE_CURVE ( 'NONE', #8876, #1994, #466, .T. ) ;
#10578 = AXIS2_PLACEMENT_3D ( 'NONE', #11612, #2860, #818 ) ;
#10579 = ORIENTED_EDGE ( 'NONE', *, *, #1489, .T. ) ;
#10580 = DIRECTION ( 'NONE',  ( 1.000000000000000000, 0.000000000000000000, 0.000000000000000000 ) ) ;
#10581 = STYLED_ITEM ( 'NONE', ( #5339 ), #2038 ) ;
#10582 =( LENGTH_UNIT ( ) NAMED_UNIT ( * ) SI_UNIT ( .MILLI., .METRE. ) );
#10583 = VERTEX_POINT ( 'NONE', #11921 ) ;
#10584 = PRESENTATION_STYLE_ASSIGNMENT (( #3826 ) ) ;
#10585 =( NAMED_UNIT ( * ) PLANE_ANGLE_UNIT ( ) SI_UNIT ( $, .RADIAN. ) );
#10586 = CARTESIAN_POINT ( 'NONE',  ( 40.19178643811905971, 1.778000000000000025, 7.179213561880927408 ) ) ;
#10587 = SURFACE_STYLE_USAGE ( .BOTH. , #8676 ) ;
#10588 = PRESENTATION_STYLE_ASSIGNMENT (( #3951 ) ) ;
#10589 =( GEOMETRIC_REPRESENTATION_CONTEXT ( 3 ) GLOBAL_UNCERTAINTY_ASSIGNED_CONTEXT ( ( #11368 ) ) GLOBAL_UNIT_ASSIGNED_CONTEXT ( ( #12456, #8523, #7741 ) ) REPRESENTATION_CONTEXT ( 'NONE', 'WORKASPACE' ) );
#10590 = ORIENTED_EDGE ( 'NONE', *, *, #3593, .T. ) ;
#10591 = ADVANCED_FACE ( 'NONE', ( #6916 ), #2067, .T. ) ;
#10592 = LINE ( 'NONE', #6825, #2250 ) ;
#10593 = ORIENTED_EDGE ( 'NONE', *, *, #11739, .T. ) ;
#10594 = DIRECTION ( 'NONE',  ( -0.000000000000000000, -0.000000000000000000, -1.000000000000000000 ) ) ;
#10595 = VECTOR ( 'NONE', #3605, 1000.000000000000000 ) ;
#10596 = CARTESIAN_POINT ( 'NONE',  ( 18.49852631578947282, 2.929999999999998384, -18.41499999999999915 ) ) ;
#10597 = EDGE_CURVE ( 'NONE', #4573, #5984, #9020, .T. ) ;
#10598 = EDGE_LOOP ( 'NONE', ( #1274, #4297, #1052, #12508 ) ) ;
#10599 = PLANE ( 'NONE',  #2550 ) ;
#10600 = DIRECTION ( 'NONE',  ( -0.000000000000000000, -0.000000000000000000, 1.000000000000000000 ) ) ;
#10601 = ORIENTED_EDGE ( 'NONE', *, *, #12131, .F. ) ;
#10602 = PRESENTATION_STYLE_ASSIGNMENT (( #12548 ) ) ;
#10603 = CARTESIAN_POINT ( 'NONE',  ( 19.96989473684211092, 2.824235734309079149, 8.003600270322774435 ) ) ;
#10604 = CIRCLE ( 'NONE', #9997, 0.5000000000000004441 ) ;
#10605 = ADVANCED_FACE ( 'NONE', ( #10997 ), #3424, .T. ) ;
#10606 = CARTESIAN_POINT ( 'NONE',  ( 24.84695402612799953, 1.778000000000000025, 12.07122582530905142 ) ) ;
#10607 = LINE ( 'NONE', #8623, #1124 ) ;
#10608 = ORIENTED_EDGE ( 'NONE', *, *, #3384, .F. ) ;
#10609 =( NAMED_UNIT ( * ) SI_UNIT ( $, .STERADIAN. ) SOLID_ANGLE_UNIT ( ) );
#10610 = ORIENTED_EDGE ( 'NONE', *, *, #3384, .T. ) ;
#10611 = CARTESIAN_POINT ( 'NONE',  ( -3.993052631578946521, 11.22289321881345536, 18.20789321881345302 ) ) ;
#10612 = FILL_AREA_STYLE ('',( #5750 ) ) ;
#10613 = EDGE_CURVE ( 'NONE', #6194, #6178, #335, .T. ) ;
#10614 = PRESENTATION_LAYER_ASSIGNMENT (  '', '', ( #11441 ) ) ;
#10615 = FACE_OUTER_BOUND ( 'NONE', #7578, .T. ) ;
#10616 = PRESENTATION_LAYER_ASSIGNMENT (  '', '', ( #9781 ) ) ;
#10617 = ORIENTED_EDGE ( 'NONE', *, *, #5062, .T. ) ;
#10618 = CARTESIAN_POINT ( 'NONE',  ( -18.96989473684209671, 2.929999999999998384, 8.872385971794113146 ) ) ;
#10619 = FACE_OUTER_BOUND ( 'NONE', #8323, .T. ) ;
#10620 = TOROIDAL_SURFACE ( 'NONE', #6952, 1.261999999999997124, 0.5000000000000000000 ) ;
#10621 = CARTESIAN_POINT ( 'NONE',  ( -23.62199999999999633, -0.0009999999999992653654, -13.08100000000000840 ) ) ;
#10622 = SURFACE_STYLE_USAGE ( .BOTH. , #12570 ) ;
#10623 = ORIENTED_EDGE ( 'NONE', *, *, #6058, .F. ) ;
#10624 = CARTESIAN_POINT ( 'NONE',  ( -10.48378947368420988, 11.43000000000000682, 18.41499999999999915 ) ) ;
#10625 = DIRECTION ( 'NONE',  ( -0.000000000000000000, -1.000000000000000000, -0.000000000000000000 ) ) ;
#10627 = ORIENTED_EDGE ( 'NONE', *, *, #2483, .T. ) ;
#10626 = AXIS2_PLACEMENT_3D ( 'NONE', #7172, #9520, #657 ) ;
#10628 =( GEOMETRIC_REPRESENTATION_CONTEXT ( 3 ) GLOBAL_UNCERTAINTY_ASSIGNED_CONTEXT ( ( #10199 ) ) GLOBAL_UNIT_ASSIGNED_CONTEXT ( ( #7067, #8212, #3131 ) ) REPRESENTATION_CONTEXT ( 'NONE', 'WORKASPACE' ) );
#10629 = CARTESIAN_POINT ( 'NONE',  ( -22.01123368217812981, 0.000000000000000000, -14.40881328482983648 ) ) ;
#10630 = ADVANCED_FACE ( 'NONE', ( #5364 ), #2257, .T. ) ;
#10631 =( NAMED_UNIT ( * ) SI_UNIT ( $, .STERADIAN. ) SOLID_ANGLE_UNIT ( ) );
#10632 = PRESENTATION_STYLE_ASSIGNMENT (( #1965 ) ) ;
#10633 = PRESENTATION_LAYER_ASSIGNMENT (  '', '', ( #1260 ) ) ;
#10634 = DIRECTION ( 'NONE',  ( 0.000000000000000000, -1.000000000000000000, 0.000000000000000000 ) ) ;
#10635 = FILL_AREA_STYLE ('',( #4882 ) ) ;
#10636 = CIRCLE ( 'NONE', #9397, 1.261999999999997124 ) ;
#10637 = ORIENTED_EDGE ( 'NONE', *, *, #9862, .F. ) ;
#10638 =( NAMED_UNIT ( * ) PLANE_ANGLE_UNIT ( ) SI_UNIT ( $, .RADIAN. ) );
#10639 = ORIENTED_EDGE ( 'NONE', *, *, #5689, .F. ) ;
#10640 = FACE_OUTER_BOUND ( 'NONE', #10598, .T. ) ;
#10641 = STYLED_ITEM ( 'NONE', ( #7250 ), #8588 ) ;
#10642 = DIRECTION ( 'NONE',  ( -0.000000000000000000, 1.000000000000000000, -0.000000000000000000 ) ) ;
#10643 = SURFACE_STYLE_FILL_AREA ( #6749 ) ;
#10644 = CARTESIAN_POINT ( 'NONE',  ( -17.72021356188093222, 2.344499298387705544, -18.05210280571556325 ) ) ;
#10645 = ORIENTED_EDGE ( 'NONE', *, *, #12536, .F. ) ;
#10646 = AXIS2_PLACEMENT_3D ( 'NONE', #206, #6787, #5889 ) ;
#10647 = PLANE ( 'NONE',  #7738 ) ;
#10648 = ORIENTED_EDGE ( 'NONE', *, *, #4501, .T. ) ;
#10649 = ORIENTED_EDGE ( 'NONE', *, *, #7416, .T. ) ;
#10650 = FILL_AREA_STYLE_COLOUR ( '', #8853 ) ;
#10651 = CARTESIAN_POINT ( 'NONE',  ( -22.39704597387198959, -0.0009999999999992653654, 14.09077417469095295 ) ) ;
#10652 = VERTEX_POINT ( 'NONE', #7225 ) ;
#10653 = SURFACE_SIDE_STYLE ('',( #2884 ) ) ;
#10654 = MECHANICAL_DESIGN_GEOMETRIC_PRESENTATION_REPRESENTATION (  '', ( #11077 ), #3140 ) ;
#10655 = ADVANCED_FACE ( 'NONE', ( #1303 ), #11129, .T. ) ;
#10656 =( NAMED_UNIT ( * ) SI_UNIT ( $, .STERADIAN. ) SOLID_ANGLE_UNIT ( ) );
#10657 = VECTOR ( 'NONE', #2934, 1000.000000000000000 ) ;
#10658 = LINE ( 'NONE', #9964, #11598 ) ;
#10659 = EDGE_CURVE ( 'NONE', #2112, #744, #6397, .T. ) ;
#10660 = CARTESIAN_POINT ( 'NONE',  ( -24.90151096696282451, 1.778000000000000025, -18.41499999999999559 ) ) ;
#10661 = SURFACE_STYLE_USAGE ( .BOTH. , #6767 ) ;
#10662 = ORIENTED_EDGE ( 'NONE', *, *, #12332, .T. ) ;
#10663 = SURFACE_SIDE_STYLE ('',( #11781 ) ) ;
#10664 = DIRECTION ( 'NONE',  ( 0.000000000000000000, 1.000000000000000000, 0.000000000000000000 ) ) ;
#10665 = ORIENTED_EDGE ( 'NONE', *, *, #874, .F. ) ;
#10666 = PRESENTATION_LAYER_ASSIGNMENT (  '', '', ( #10473 ) ) ;
#10667 = MECHANICAL_DESIGN_GEOMETRIC_PRESENTATION_REPRESENTATION (  '', ( #12120 ), #474 ) ;
#10668 =( LENGTH_UNIT ( ) NAMED_UNIT ( * ) SI_UNIT ( .MILLI., .METRE. ) );
#10669 = CARTESIAN_POINT ( 'NONE',  ( -4.964421052631579734, 10.92999999999999794, 0.000000000000000000 ) ) ;
#10670 = UNCERTAINTY_MEASURE_WITH_UNIT (LENGTH_MEASURE( 1.000000000000000082E-05 ), #9164, 'distance_accuracy_value', 'NONE');
#10671 = DIRECTION ( 'NONE',  ( -0.000000000000000000, -0.000000000000000000, 1.000000000000000000 ) ) ;
#10672 = CARTESIAN_POINT ( 'NONE',  ( -25.46063157894736406, 10.92999999999999794, -18.41499999999999915 ) ) ;
#10673 = VERTEX_POINT ( 'NONE', #11447 ) ;
#10674 = DIRECTION ( 'NONE',  ( 0.000000000000000000, 0.000000000000000000, -1.000000000000000000 ) ) ;
#10675 = LINE ( 'NONE', #6857, #2009 ) ;
#10676 =( GEOMETRIC_REPRESENTATION_CONTEXT ( 3 ) GLOBAL_UNCERTAINTY_ASSIGNED_CONTEXT ( ( #8319 ) ) GLOBAL_UNIT_ASSIGNED_CONTEXT ( ( #2450, #445, #11112 ) ) REPRESENTATION_CONTEXT ( 'NONE', 'WORKASPACE' ) );
#10677 = DIRECTION ( 'NONE',  ( 1.000000000000000000, 0.000000000000000000, 0.000000000000000000 ) ) ;
#10678 = DIRECTION ( 'NONE',  ( 4.081702296416016490E-16, -1.000000000000000000, 0.000000000000000000 ) ) ;
#10679 = TOROIDAL_SURFACE ( 'NONE', #10485, 1.261999999999997124, 0.5000000000000000000 ) ;
#10680 = PRESENTATION_LAYER_ASSIGNMENT (  '', '', ( #9651 ) ) ;
#10681 = CARTESIAN_POINT ( 'NONE',  ( -8.459789473684212524, 2.929999999999998384, -17.91499999999999204 ) ) ;
#10682 = EDGE_CURVE ( 'NONE', #10976, #12335, #9032, .T. ) ;
#10683 = CARTESIAN_POINT ( 'NONE',  ( -6.226421052631575748, 2.929999999999998384, 17.91499999999999915 ) ) ;
#10684 = ORIENTED_EDGE ( 'NONE', *, *, #4841, .F. ) ;
#10685 = DIRECTION ( 'NONE',  ( 0.000000000000000000, 0.000000000000000000, 1.000000000000000000 ) ) ;
#10686 = FILL_AREA_STYLE ('',( #6789 ) ) ;
#10687 = ORIENTED_EDGE ( 'NONE', *, *, #10470, .T. ) ;
#10688 = AXIS2_PLACEMENT_3D ( 'NONE', #6303, #7256, #1268 ) ;
#10690 = FACE_OUTER_BOUND ( 'NONE', #4854, .T. ) ;
#10689 = STYLED_ITEM ( 'NONE', ( #8394 ), #11296 ) ;
#10691 = VECTOR ( 'NONE', #8748, 999.9999999999998863 ) ;
#10692 = ORIENTED_EDGE ( 'NONE', *, *, #2254, .F. ) ;
#10693 = TOROIDAL_SURFACE ( 'NONE', #3379, 1.261999999999997124, 0.5000000000000000000 ) ;
#10694 = STYLED_ITEM ( 'NONE', ( #12014 ), #2896 ) ;
#10695 =( NAMED_UNIT ( * ) PLANE_ANGLE_UNIT ( ) SI_UNIT ( $, .RADIAN. ) );
#10696 = B_SPLINE_CURVE_WITH_KNOTS ( 'NONE', 3,
 ( #2505, #5467, #319, #3278, #10644, #7694 ),
 .UNSPECIFIED., .F., .F.,
 ( 4, 2, 4 ),
 ( -5.668342694074207370E-06, 0.0004012156502935291624, 0.0008080996432811325203 ),
 .UNSPECIFIED. ) ;
#10697 = DIRECTION ( 'NONE',  ( 0.000000000000000000, 0.000000000000000000, -1.000000000000000000 ) ) ;
#10698 = LINE ( 'NONE', #2137, #11151 ) ;
#10699 = EDGE_CURVE ( 'NONE', #5173, #8627, #5550, .T. ) ;
#10700 = VECTOR ( 'NONE', #7540, 999.9999999999998863 ) ;
#10701 = PRESENTATION_LAYER_ASSIGNMENT (  '', '', ( #4995 ) ) ;
#10702 = CARTESIAN_POINT ( 'NONE',  ( 25.23276631782185930, 0.5000000000000000000, 11.75318671517016789 ) ) ;
#10703 = LINE ( 'NONE', #5079, #379 ) ;
#10704 = PLANE ( 'NONE',  #6418 ) ;
#10705 = EDGE_CURVE ( 'NONE', #67, #6751, #8628, .T. ) ;
#10706 = ORIENTED_EDGE ( 'NONE', *, *, #10180, .F. ) ;
#10707 = EDGE_CURVE ( 'NONE', #575, #3526, #6528, .T. ) ;
#10708 =( NAMED_UNIT ( * ) PLANE_ANGLE_UNIT ( ) SI_UNIT ( $, .RADIAN. ) );
#10709 = SURFACE_STYLE_FILL_AREA ( #5717 ) ;
#10710 = DIRECTION ( 'NONE',  ( 1.000000000000000000, 0.000000000000000000, 0.000000000000000000 ) ) ;
#10711 = SURFACE_SIDE_STYLE ('',( #3704 ) ) ;
#10712 = PRESENTATION_LAYER_ASSIGNMENT (  '', '', ( #1957 ) ) ;
#10713 = FACE_OUTER_BOUND ( 'NONE', #4991, .T. ) ;
#10714 = CARTESIAN_POINT ( 'NONE',  ( 0.5263157894736838482, 11.22289321881345181, 18.20789321881345302 ) ) ;
#10715 = VERTEX_POINT ( 'NONE', #5489 ) ;
#10716 =( NAMED_UNIT ( * ) SI_UNIT ( $, .STERADIAN. ) SOLID_ANGLE_UNIT ( ) );
#10717 = ORIENTED_EDGE ( 'NONE', *, *, #11484, .T. ) ;
#10718 = CARTESIAN_POINT ( 'NONE',  ( 0.000000000000000000, 11.42999999999999972, 6.679213561880927408 ) ) ;
#10719 = CARTESIAN_POINT ( 'NONE',  ( -25.46063157894736406, 11.42999999999999972, 6.679213561880927408 ) ) ;
#10720 = ORIENTED_EDGE ( 'NONE', *, *, #9021, .T. ) ;
#10721 = LINE ( 'NONE', #1985, #11822 ) ;
#10722 = DIRECTION ( 'NONE',  ( 0.000000000000000000, 1.000000000000000000, 0.000000000000000000 ) ) ;
#10723 = ORIENTED_EDGE ( 'NONE', *, *, #3814, .F. ) ;
#10724 = DIRECTION ( 'NONE',  ( 0.000000000000000000, -0.000000000000000000, -1.000000000000000000 ) ) ;
#10725 = UNCERTAINTY_MEASURE_WITH_UNIT (LENGTH_MEASURE( 1.000000000000000082E-05 ), #405, 'distance_accuracy_value', 'NONE');
#10726 = FILL_AREA_STYLE_COLOUR ( '', #2765 ) ;
#10727 = FACE_OUTER_BOUND ( 'NONE', #11405, .T. ) ;
#10728 = CARTESIAN_POINT ( 'NONE',  ( 7.988421052631575314, 10.92999999999999794, -17.91499999999999204 ) ) ;
#10729 = FILL_AREA_STYLE_COLOUR ( '', #1106 ) ;
#10730 = ORIENTED_EDGE ( 'NONE', *, *, #1641, .T. ) ;
#10731 =( LENGTH_UNIT ( ) NAMED_UNIT ( * ) SI_UNIT ( .MILLI., .METRE. ) );
#10732 = FILL_AREA_STYLE_COLOUR ( '', #12040 ) ;
#10733 = ORIENTED_EDGE ( 'NONE', *, *, #3762, .T. ) ;
#10734 = EDGE_CURVE ( 'NONE', #524, #10532, #4916, .T. ) ;
#10735 = DIRECTION ( 'NONE',  ( 0.000000000000000000, 0.000000000000000000, 1.000000000000000000 ) ) ;
#10736 = CYLINDRICAL_SURFACE ( 'NONE', #7430, 0.5000000000000004441 ) ;
#10737 = CARTESIAN_POINT ( 'NONE',  ( -0.2356842105263115550, 2.929999999999998384, -17.91499999999999204 ) ) ;
#10738 = CARTESIAN_POINT ( 'NONE',  ( -7.488421052631577979, 11.43000000000000860, -17.91499999999999204 ) ) ;
#10739 =( GEOMETRIC_REPRESENTATION_CONTEXT ( 3 ) GLOBAL_UNCERTAINTY_ASSIGNED_CONTEXT ( ( #11224 ) ) GLOBAL_UNIT_ASSIGNED_CONTEXT ( ( #8141, #8267, #1767 ) ) REPRESENTATION_CONTEXT ( 'NONE', 'WORKASPACE' ) );
#10740 = CARTESIAN_POINT ( 'NONE',  ( -25.28732325865668784, 1.778000000000000025, 17.59696088986111562 ) ) ;
#10741 = VERTEX_POINT ( 'NONE', #7463 ) ;
#10742 = MECHANICAL_DESIGN_GEOMETRIC_PRESENTATION_REPRESENTATION (  '', ( #9307 ), #7460 ) ;
#10743 = CARTESIAN_POINT ( 'NONE',  ( -4.493052631578946077, 11.43000000000001037, -17.91499999999999204 ) ) ;
#10744 = PRESENTATION_STYLE_ASSIGNMENT (( #3164 ) ) ;
#10745 = CARTESIAN_POINT ( 'NONE',  ( 9.512421052631573559, 11.22289321881345536, -18.20789321881344591 ) ) ;
#10746 =( GEOMETRIC_REPRESENTATION_CONTEXT ( 3 ) GLOBAL_UNCERTAINTY_ASSIGNED_CONTEXT ( ( #1098 ) ) GLOBAL_UNIT_ASSIGNED_CONTEXT ( ( #373, #3823, #7559 ) ) REPRESENTATION_CONTEXT ( 'NONE', 'WORKASPACE' ) );
#10747 = ORIENTED_EDGE ( 'NONE', *, *, #6033, .T. ) ;
#10748 = PRESENTATION_STYLE_ASSIGNMENT (( #11 ) ) ;
#10749 = ORIENTED_EDGE ( 'NONE', *, *, #1156, .F. ) ;
#10750 = EDGE_CURVE ( 'NONE', #10902, #11695, #9334, .T. ) ;
#10751 = CARTESIAN_POINT ( 'NONE',  ( -28.95599999999999596, 11.42999999999999972, -18.41499999999999559 ) ) ;
#10752 = ORIENTED_EDGE ( 'NONE', *, *, #12575, .T. ) ;
#10753 = CIRCLE ( 'NONE', #1581, 0.5000000000000004441 ) ;
#10754 = DIRECTION ( 'NONE',  ( -0.000000000000000000, -0.000000000000000000, 1.000000000000000000 ) ) ;
#10755 = CARTESIAN_POINT ( 'NONE',  ( 28.95599999999999596, 11.42999999999999972, -6.679213561880927408 ) ) ;
#10756 = DIRECTION ( 'NONE',  ( 0.000000000000000000, -0.000000000000000000, -1.000000000000000000 ) ) ;
#10757 =( NAMED_UNIT ( * ) PLANE_ANGLE_UNIT ( ) SI_UNIT ( $, .RADIAN. ) );
#10758 = CARTESIAN_POINT ( 'NONE',  ( 18.49852631578947282, 1.778000000000000025, -9.500154623337630611 ) ) ;
#10759 = PLANE ( 'NONE',  #7228 ) ;
#10760 = PRESENTATION_LAYER_ASSIGNMENT (  '', '', ( #8921 ) ) ;
#10761 = EDGE_CURVE ( 'NONE', #4857, #531, #7517, .T. ) ;
#10762 = SURFACE_STYLE_FILL_AREA ( #945 ) ;
#10763 =( LENGTH_UNIT ( ) NAMED_UNIT ( * ) SI_UNIT ( .MILLI., .METRE. ) );
#10764 = LINE ( 'NONE', #6817, #10657 ) ;
#10765 = FILL_AREA_STYLE ('',( #6103 ) ) ;
#10766 = COLOUR_RGB ( '',0.2509803921568627416, 0.2509803921568627416, 0.2509803921568627416 ) ;
#10767 = CARTESIAN_POINT ( 'NONE',  ( -23.62199999999999633, 1.778000000000000025, -13.08100000000000840 ) ) ;
#10768 = DIRECTION ( 'NONE',  ( 1.000000000000000000, 0.000000000000000000, 0.000000000000000000 ) ) ;
#10769 = VECTOR ( 'NONE', #12518, 1000.000000000000000 ) ;
#10770 = DIRECTION ( 'NONE',  ( -0.000000000000000000, -1.000000000000000000, -0.000000000000000000 ) ) ;
#10771 = ORIENTED_EDGE ( 'NONE', *, *, #2063, .F. ) ;
#10772 = CIRCLE ( 'NONE', #3660, 0.5000000000000004441 ) ;
#10773 = ORIENTED_EDGE ( 'NONE', *, *, #7710, .F. ) ;
#10774 = DIRECTION ( 'NONE',  ( -1.000000000000000000, 0.000000000000000000, 0.000000000000000000 ) ) ;
#10775 = CARTESIAN_POINT ( 'NONE',  ( -25.16773836013391374, 11.42999999999999972, 6.972106780694380390 ) ) ;
#10776 = ORIENTED_EDGE ( 'NONE', *, *, #6477, .F. ) ;
#10777 = CARTESIAN_POINT ( 'NONE',  ( 21.88239523726927516, 11.42999999999999616, 6.854761206532913320 ) ) ;
#10778 =( NAMED_UNIT ( * ) SI_UNIT ( $, .STERADIAN. ) SOLID_ANGLE_UNIT ( ) );
#10779 = FILL_AREA_STYLE_COLOUR ( '', #2621 ) ;
#10780 = VERTEX_POINT ( 'NONE', #9516 ) ;
#10781 = DIRECTION ( 'NONE',  ( -0.000000000000000000, 1.000000000000000000, -0.000000000000000000 ) ) ;
#10782 = EDGE_CURVE ( 'NONE', #1598, #8340, #2770, .T. ) ;
#10783 = SURFACE_STYLE_USAGE ( .BOTH. , #10024 ) ;
#10784 = STYLED_ITEM ( 'NONE', ( #7056 ), #2199 ) ;
#10785 =( NAMED_UNIT ( * ) PLANE_ANGLE_UNIT ( ) SI_UNIT ( $, .RADIAN. ) );
#10786 = EDGE_CURVE ( 'NONE', #11695, #9019, #1496, .T. ) ;
#10787 =( NAMED_UNIT ( * ) SI_UNIT ( $, .STERADIAN. ) SOLID_ANGLE_UNIT ( ) );
#10788 = EDGE_CURVE ( 'NONE', #5748, #12349, #9578, .T. ) ;
#10789 = FILL_AREA_STYLE ('',( #6899 ) ) ;
#10790 = ORIENTED_EDGE ( 'NONE', *, *, #2992, .T. ) ;
#10791 = MECHANICAL_DESIGN_GEOMETRIC_PRESENTATION_REPRESENTATION (  '', ( #8787 ), #1221 ) ;
#10792 = SURFACE_STYLE_USAGE ( .BOTH. , #10663 ) ;
#10793 = PRESENTATION_LAYER_ASSIGNMENT (  '', '', ( #2230 ) ) ;
#10794 = CARTESIAN_POINT ( 'NONE',  ( 17.72021356188092867, 2.168174630207213127, 12.17921356188096382 ) ) ;
#10795 = ORIENTED_EDGE ( 'NONE', *, *, #10597, .T. ) ;
#10796 = SURFACE_SIDE_STYLE ('',( #12621 ) ) ;
#10797 = UNCERTAINTY_MEASURE_WITH_UNIT (LENGTH_MEASURE( 1.000000000000000082E-05 ), #5923, 'distance_accuracy_value', 'NONE');
#10798 = DIRECTION ( 'NONE',  ( 0.000000000000000000, 0.000000000000000000, 1.000000000000000000 ) ) ;
#10799 = DIRECTION ( 'NONE',  ( -0.000000000000000000, -1.000000000000000000, 0.000000000000000000 ) ) ;
#10800 =( NAMED_UNIT ( * ) PLANE_ANGLE_UNIT ( ) SI_UNIT ( $, .RADIAN. ) );
#10801 = ORIENTED_EDGE ( 'NONE', *, *, #3297, .T. ) ;
#10802 = DIRECTION ( 'NONE',  ( -0.000000000000000000, 1.000000000000000000, 0.000000000000000000 ) ) ;
#10803 = PRESENTATION_LAYER_ASSIGNMENT (  '', '', ( #7521 ) ) ;
#10804 = DIRECTION ( 'NONE',  ( -0.6360782202777646166, 0.000000000000000000, 0.7716245833877193316 ) ) ;
#10805 = DIRECTION ( 'NONE',  ( -0.6360782202777650607, 0.000000000000000000, 0.7716245833877191096 ) ) ;
#10806 = ADVANCED_FACE ( 'NONE', ( #725 ), #4728, .T. ) ;
#10807 = DIRECTION ( 'NONE',  ( 1.000000000000000000, 0.000000000000000000, 0.000000000000000000 ) ) ;
#10808 = CARTESIAN_POINT ( 'NONE',  ( -13.95052631578947278, 11.42999999999999972, -17.91499999999999204 ) ) ;
#10809 = FILL_AREA_STYLE ('',( #3102 ) ) ;
#10810 = ORIENTED_EDGE ( 'NONE', *, *, #3630, .T. ) ;
#10811 = COLOUR_RGB ( '',0.2509803921568627416, 0.2509803921568627416, 0.2509803921568627416 ) ;
#10812 = CARTESIAN_POINT ( 'NONE',  ( 17.51310678069438254, 1.570893218813452119, -18.41499999999999559 ) ) ;
#10813 = ORIENTED_EDGE ( 'NONE', *, *, #11096, .F. ) ;
#10814 = SURFACE_STYLE_FILL_AREA ( #7869 ) ;
#10815 =( BOUNDED_CURVE ( )  B_SPLINE_CURVE ( 3, ( #3461, #11293, #7325, #12025 ),
 .UNSPECIFIED., .F., .F. ) 
 B_SPLINE_CURVE_WITH_KNOTS ( ( 4, 4 ),
 ( 4.712388980384689674, 6.283185307179586232 ),
 .UNSPECIFIED. ) 
 CURVE ( )  GEOMETRIC_REPRESENTATION_ITEM ( )  RATIONAL_B_SPLINE_CURVE ( ( 1.000000000000000000, 0.8047378541243649375, 0.8047378541243649375, 1.000000000000000000 ) ) 
 REPRESENTATION_ITEM ( '' )  );
#10816 = UNCERTAINTY_MEASURE_WITH_UNIT (LENGTH_MEASURE( 1.000000000000000082E-05 ), #2339, 'distance_accuracy_value', 'NONE');
#10817 = AXIS2_PLACEMENT_3D ( 'NONE', #6068, #4858, #914 ) ;
#10818 = CARTESIAN_POINT ( 'NONE',  ( 18.99852631578947282, 11.42999999999999972, 0.000000000000000000 ) ) ;
#10819 = CARTESIAN_POINT ( 'NONE',  ( -4.200159412765493094, 11.42999999999999794, -18.41499999999999559 ) ) ;
#10820 = DIRECTION ( 'NONE',  ( -0.000000000000000000, 1.000000000000000000, -0.000000000000000000 ) ) ;
#10821 = EDGE_CURVE ( 'NONE', #6347, #5124, #3090, .T. ) ;
#10822 = LINE ( 'NONE', #5016, #9263 ) ;
#10823 = PRESENTATION_STYLE_ASSIGNMENT (( #2929 ) ) ;
#10824 = CARTESIAN_POINT ( 'NONE',  ( 28.95599999999999596, 11.42999999999999972, -6.679213561880927408 ) ) ;
#10825 = CARTESIAN_POINT ( 'NONE',  ( 24.90151096696282451, -0.0009999999999992653654, -17.91499999999999204 ) ) ;
#10826 = EDGE_CURVE ( 'NONE', #5188, #543, #7234, .T. ) ;
#10827 =( NAMED_UNIT ( * ) PLANE_ANGLE_UNIT ( ) SI_UNIT ( $, .RADIAN. ) );
#10828 = SURFACE_SIDE_STYLE ('',( #4951 ) ) ;
#10829 = AXIS2_PLACEMENT_3D ( 'NONE', #8568, #1745, #4546 ) ;
#10830 = CARTESIAN_POINT ( 'NONE',  ( -17.44589473684210645, 10.92999999999999794, -17.91499999999999204 ) ) ;
#10831 = AXIS2_PLACEMENT_3D ( 'NONE', #5523, #7492, #6496 ) ;
#10832 = EDGE_CURVE ( 'NONE', #3779, #1571, #1935, .T. ) ;
#10833 =( LENGTH_UNIT ( ) NAMED_UNIT ( * ) SI_UNIT ( .MILLI., .METRE. ) );
#10834 = UNCERTAINTY_MEASURE_WITH_UNIT (LENGTH_MEASURE( 1.000000000000000082E-05 ), #6262, 'distance_accuracy_value', 'NONE');
#10835 =( NAMED_UNIT ( * ) PLANE_ANGLE_UNIT ( ) SI_UNIT ( $, .RADIAN. ) );
#10836 = ORIENTED_EDGE ( 'NONE', *, *, #9300, .T. ) ;
#10837 = ORIENTED_EDGE ( 'NONE', *, *, #4392, .F. ) ;
#10838 = DIRECTION ( 'NONE',  ( -0.000000000000000000, -1.000000000000000000, -0.000000000000000000 ) ) ;
#10839 = CARTESIAN_POINT ( 'NONE',  ( -23.62199999999999633, 0.5000000000000000000, -13.08100000000000840 ) ) ;
#10840 = ORIENTED_EDGE ( 'NONE', *, *, #3916, .T. ) ;
#10841 = PRESENTATION_STYLE_ASSIGNMENT (( #1209 ) ) ;
#10842 = CARTESIAN_POINT ( 'NONE',  ( -13.95052631578947278, 11.42999999999999972, 18.41499999999999915 ) ) ;
#10843 = DIRECTION ( 'NONE',  ( 1.000000000000000000, 0.000000000000000000, 0.000000000000000000 ) ) ;
#10844 = ORIENTED_EDGE ( 'NONE', *, *, #10525, .F. ) ;
#10845 = DIRECTION ( 'NONE',  ( 0.000000000000000000, 1.000000000000000000, 0.000000000000000000 ) ) ;
#10846 = CARTESIAN_POINT ( 'NONE',  ( 8.750421052631576657, 2.929999999999998384, 17.91499999999999915 ) ) ;
#10847 = UNCERTAINTY_MEASURE_WITH_UNIT (LENGTH_MEASURE( 1.000000000000000082E-05 ), #8495, 'distance_accuracy_value', 'NONE');
#10848 = DIRECTION ( 'NONE',  ( -0.000000000000000000, 0.000000000000000000, 1.000000000000000000 ) ) ;
#10849 = COLOUR_RGB ( '',0.2509803921568627416, 0.2509803921568627416, 0.2509803921568627416 ) ;
#10850 = PLANE ( 'NONE',  #10068 ) ;
#10851 = CARTESIAN_POINT ( 'NONE',  ( 4.021684210526315972, 2.929999999999998384, 17.91499999999999915 ) ) ;
#10852 = CARTESIAN_POINT ( 'NONE',  ( -21.96526315789472505, 2.929999999999998384, 7.236537172765303616 ) ) ;
#10853 = DIRECTION ( 'NONE',  ( -0.000000000000000000, 0.000000000000000000, -1.000000000000000000 ) ) ;
#10854 = ORIENTED_EDGE ( 'NONE', *, *, #3319, .T. ) ;
#10855 = CARTESIAN_POINT ( 'NONE',  ( 7.017052631578944322, 11.42999999999999972, 18.41499999999999915 ) ) ;
#10856 = ORIENTED_EDGE ( 'NONE', *, *, #2605, .F. ) ;
#10857 = CARTESIAN_POINT ( 'NONE',  ( 23.72726315789473261, 2.929999999999998384, -18.41499999999999915 ) ) ;
#10858 = DIRECTION ( 'NONE',  ( -0.000000000000000000, -0.000000000000000000, 1.000000000000000000 ) ) ;
#10859 = AXIS2_PLACEMENT_3D ( 'NONE', #9467, #9530, #12389 ) ;
#10860 = EDGE_CURVE ( 'NONE', #2484, #2875, #8614, .T. ) ;
#10861 = ORIENTED_EDGE ( 'NONE', *, *, #9756, .F. ) ;
#10862 = COLOUR_RGB ( '',0.2509803921568627416, 0.2509803921568627416, 0.2509803921568627416 ) ;
#10863 = DIRECTION ( 'NONE',  ( -1.000000000000000000, -0.000000000000000000, -0.000000000000000000 ) ) ;
#10864 = LINE ( 'NONE', #8897, #7483 ) ;
#10865 = SURFACE_SIDE_STYLE ('',( #10992 ) ) ;
#10866 = CARTESIAN_POINT ( 'NONE',  ( -28.45599999999999596, 1.277999999999999581, 18.41499999999999915 ) ) ;
#10867 = CARTESIAN_POINT ( 'NONE',  ( 9.512421052631573559, 10.92999999999999794, -17.91499999999999204 ) ) ;
#10868 = AXIS2_PLACEMENT_3D ( 'NONE', #10544, #12305, #590 ) ;
#10869 = ORIENTED_EDGE ( 'NONE', *, *, #8557, .F. ) ;
#10870 = CIRCLE ( 'NONE', #4553, 0.5000000000000004441 ) ;
#10871 =( NAMED_UNIT ( * ) SI_UNIT ( $, .STERADIAN. ) SOLID_ANGLE_UNIT ( ) );
#10872 = ORIENTED_EDGE ( 'NONE', *, *, #862, .F. ) ;
#10873 = STYLED_ITEM ( 'NONE', ( #11946 ), #8525 ) ;
#10874 =( LENGTH_UNIT ( ) NAMED_UNIT ( * ) SI_UNIT ( .MILLI., .METRE. ) );
#10875 =( NAMED_UNIT ( * ) PLANE_ANGLE_UNIT ( ) SI_UNIT ( $, .RADIAN. ) );
#10876 = ORIENTED_EDGE ( 'NONE', *, *, #4736, .F. ) ;
#10877 = FILL_AREA_STYLE_COLOUR ( '', #1591 ) ;
#10878 = VECTOR ( 'NONE', #767, 1000.000000000000000 ) ;
#10879 = CYLINDRICAL_SURFACE ( 'NONE', #6037, 0.5000000000000004441 ) ;
#10880 = CARTESIAN_POINT ( 'NONE',  ( -2.469052631578948276, 11.22289321881345181, 18.20789321881345302 ) ) ;
#10881 = FILL_AREA_STYLE_COLOUR ( '', #7263 ) ;
#10882 = CARTESIAN_POINT ( 'NONE',  ( 22.39704597387198959, -0.0009999999999992653654, 14.09077417469095295 ) ) ;
#10883 = CIRCLE ( 'NONE', #12550, 4.999999999999999112 ) ;
#10884 = AXIS2_PLACEMENT_3D ( 'NONE', #9874, #6822, #10768 ) ;
#10885 = STYLED_ITEM ( 'NONE', ( #527 ), #4849 ) ;
#10886 = PRESENTATION_LAYER_ASSIGNMENT (  '', '', ( #1925 ) ) ;
#10887 = PRESENTATION_LAYER_ASSIGNMENT (  '', '', ( #2357 ) ) ;
#10888 =( BOUNDED_CURVE ( )  B_SPLINE_CURVE ( 3, ( #2102, #9891, #4218, #1147 ),
 .UNSPECIFIED., .F., .T. ) 
 B_SPLINE_CURVE_WITH_KNOTS ( ( 4, 4 ),
 ( 3.141592653589793116, 4.712388980384689674 ),
 .UNSPECIFIED. ) 
 CURVE ( )  GEOMETRIC_REPRESENTATION_ITEM ( )  RATIONAL_B_SPLINE_CURVE ( ( 1.000000000000000000, 0.8047378541243649375, 0.8047378541243649375, 1.000000000000000000 ) ) 
 REPRESENTATION_ITEM ( '' )  );
#10889 = PRESENTATION_STYLE_ASSIGNMENT (( #11874 ) ) ;
#10890 = EDGE_CURVE ( 'NONE', #12557, #12501, #5872, .T. ) ;
#10891 = SURFACE_SIDE_STYLE ('',( #3192 ) ) ;
#10892 = FILL_AREA_STYLE ('',( #6743 ) ) ;
#10893 = CARTESIAN_POINT ( 'NONE',  ( -28.95599999999999596, 11.42999999999999972, -18.41499999999999559 ) ) ;
#10894 = DIRECTION ( 'NONE',  ( 4.081702296416016490E-16, -1.000000000000000000, 0.000000000000000000 ) ) ;
#10895 = AXIS2_PLACEMENT_3D ( 'NONE', #4633, #1771, #12459 ) ;
#10896 =( GEOMETRIC_REPRESENTATION_CONTEXT ( 3 ) GLOBAL_UNCERTAINTY_ASSIGNED_CONTEXT ( ( #10057 ) ) GLOBAL_UNIT_ASSIGNED_CONTEXT ( ( #186, #10785, #6253 ) ) REPRESENTATION_CONTEXT ( 'NONE', 'WORKASPACE' ) );
#10898 = MECHANICAL_DESIGN_GEOMETRIC_PRESENTATION_REPRESENTATION (  '', ( #11952 ), #1735 ) ;
#10897 = CARTESIAN_POINT ( 'NONE',  ( -28.95599999999999596, 1.277999999999999581, 18.41499999999999915 ) ) ;
#10899 =( LENGTH_UNIT ( ) NAMED_UNIT ( * ) SI_UNIT ( .MILLI., .METRE. ) );
#10900 = CARTESIAN_POINT ( 'NONE',  ( -15.21252631578946790, 2.929999999999998384, -17.91499999999999204 ) ) ;
#10901 = CYLINDRICAL_SURFACE ( 'NONE', #9659, 0.5000000000000004441 ) ;
#10902 = VERTEX_POINT ( 'NONE', #11845 ) ;
#10903 = VERTEX_POINT ( 'NONE', #2963 ) ;
#10904 = VECTOR ( 'NONE', #4476, 1000.000000000000000 ) ;
#10905 = SURFACE_SIDE_STYLE ('',( #11887 ) ) ;
#10906 = STYLED_ITEM ( 'NONE', ( #2902 ), #2537 ) ;
#10907 = VERTEX_POINT ( 'NONE', #11648 ) ;
#10908 = FACE_OUTER_BOUND ( 'NONE', #147, .T. ) ;
#10909 = SURFACE_STYLE_USAGE ( .BOTH. , #3399 ) ;
#10910 = SURFACE_STYLE_USAGE ( .BOTH. , #11506 ) ;
#10911 = ORIENTED_EDGE ( 'NONE', *, *, #8691, .F. ) ;
#10913 = EDGE_CURVE ( 'NONE', #4226, #455, #7994, .T. ) ;
#10912 =( NAMED_UNIT ( * ) SI_UNIT ( $, .STERADIAN. ) SOLID_ANGLE_UNIT ( ) );
#10914 = MECHANICAL_DESIGN_GEOMETRIC_PRESENTATION_REPRESENTATION (  '', ( #12387 ), #9290 ) ;
#10915 = CARTESIAN_POINT ( 'NONE',  ( -18.96989473684210026, 10.92999999999999794, 8.872385971794111370 ) ) ;
#10916 = DIRECTION ( 'NONE',  ( -0.000000000000000000, -0.000000000000000000, 1.000000000000000000 ) ) ;
#10917 = PRESENTATION_LAYER_ASSIGNMENT (  '', '', ( #6435 ) ) ;
#10918 = SURFACE_STYLE_FILL_AREA ( #6901 ) ;
#10919 = ORIENTED_EDGE ( 'NONE', *, *, #10832, .T. ) ;
#10920 =( LENGTH_UNIT ( ) NAMED_UNIT ( * ) SI_UNIT ( .MILLI., .METRE. ) );
#10921 = ORIENTED_EDGE ( 'NONE', *, *, #8597, .F. ) ;
#10922 =( NAMED_UNIT ( * ) PLANE_ANGLE_UNIT ( ) SI_UNIT ( $, .RADIAN. ) );
#10923 =( NAMED_UNIT ( * ) PLANE_ANGLE_UNIT ( ) SI_UNIT ( $, .RADIAN. ) );
#10924 = FILL_AREA_STYLE_COLOUR ( '', #10247 ) ;
#10925 = DIRECTION ( 'NONE',  ( -0.000000000000000000, 1.000000000000000000, 0.000000000000000000 ) ) ;
#10926 =( GEOMETRIC_REPRESENTATION_CONTEXT ( 3 ) GLOBAL_UNCERTAINTY_ASSIGNED_CONTEXT ( ( #6120 ) ) GLOBAL_UNIT_ASSIGNED_CONTEXT ( ( #203, #8899, #4109 ) ) REPRESENTATION_CONTEXT ( 'NONE', 'WORKASPACE' ) );
#10927 = CARTESIAN_POINT ( 'NONE',  ( -24.96063157894735696, 2.929999999999998384, -7.179213561880927408 ) ) ;
#10928 = VERTEX_POINT ( 'NONE', #3976 ) ;
#10929 = ADVANCED_FACE ( 'NONE', ( #6769 ), #2890, .T. ) ;
#10930 = EDGE_CURVE ( 'NONE', #5984, #10652, #8409, .T. ) ;
#10931 = SURFACE_SIDE_STYLE ('',( #2903 ) ) ;
#10932 = DIRECTION ( 'NONE',  ( -0.000000000000000000, 1.000000000000000000, -0.000000000000000000 ) ) ;
#10933 = DIRECTION ( 'NONE',  ( -1.000000000000000000, 0.000000000000000000, 0.000000000000000000 ) ) ;
#10934 = PRESENTATION_LAYER_ASSIGNMENT (  '', '', ( #6036 ) ) ;
#10935 = AXIS2_PLACEMENT_3D ( 'NONE', #1218, #4341, #1408 ) ;
#10936 = ORIENTED_EDGE ( 'NONE', *, *, #576, .T. ) ;
#10937 = CARTESIAN_POINT ( 'NONE',  ( 1.497684210526323279, 2.929999999999998384, -17.91499999999999204 ) ) ;
#10938 = VERTEX_POINT ( 'NONE', #1706 ) ;
#10939 = STYLED_ITEM ( 'NONE', ( #11414 ), #1016 ) ;
#10940 = VERTEX_POINT ( 'NONE', #11624 ) ;
#10941 = PRESENTATION_LAYER_ASSIGNMENT (  '', '', ( #1569 ) ) ;
#10942 = DIRECTION ( 'NONE',  ( -0.000000000000000000, 1.000000000000000000, -0.000000000000000000 ) ) ;
#10943 = UNCERTAINTY_MEASURE_WITH_UNIT (LENGTH_MEASURE( 1.000000000000000082E-05 ), #5321, 'distance_accuracy_value', 'NONE');
#10944 = ADVANCED_FACE ( 'NONE', ( #8673 ), #885, .T. ) ;
#10945 = CARTESIAN_POINT ( 'NONE',  ( -18.96989473684209671, 2.929999999999998384, -8.872385971794111370 ) ) ;
#10946 = CARTESIAN_POINT ( 'NONE',  ( -17.72021356188092867, 1.778000000000000025, -29.65078643811905934 ) ) ;
#10947 = VECTOR ( 'NONE', #7299, 1000.000000000000000 ) ;
#10948 = FILL_AREA_STYLE_COLOUR ( '', #10111 ) ;
#10949 =( NAMED_UNIT ( * ) SI_UNIT ( $, .STERADIAN. ) SOLID_ANGLE_UNIT ( ) );
#10950 = CARTESIAN_POINT ( 'NONE',  ( -6.226421052631575748, 2.929999999999998384, -18.41499999999999559 ) ) ;
#10951 = DIRECTION ( 'NONE',  ( 0.000000000000000000, 0.000000000000000000, -1.000000000000000000 ) ) ;
#10952 = STYLED_ITEM ( 'NONE', ( #7664 ), #9746 ) ;
#10953 = DIRECTION ( 'NONE',  ( 0.000000000000000000, 0.000000000000000000, -1.000000000000000000 ) ) ;
#10954 = LINE ( 'NONE', #6097, #10404 ) ;
#10955 =( GEOMETRIC_REPRESENTATION_CONTEXT ( 3 ) GLOBAL_UNCERTAINTY_ASSIGNED_CONTEXT ( ( #6961 ) ) GLOBAL_UNIT_ASSIGNED_CONTEXT ( ( #3936, #10708, #9794 ) ) REPRESENTATION_CONTEXT ( 'NONE', 'WORKASPACE' ) );
#10956 = CARTESIAN_POINT ( 'NONE',  ( -26.43199999999999861, 11.42999999999999972, -18.41499999999999915 ) ) ;
#10957 = CARTESIAN_POINT ( 'NONE',  ( 24.98926315789472952, 11.42999999999999972, -6.679213561880927408 ) ) ;
#10958 = VECTOR ( 'NONE', #12240, 1000.000000000000000 ) ;
#10959 = CARTESIAN_POINT ( 'NONE',  ( 0.000000000000000000, 11.42999999999999972, 0.000000000000000000 ) ) ;
#10960 = PRESENTATION_STYLE_ASSIGNMENT (( #8735 ) ) ;
#10961 = DIRECTION ( 'NONE',  ( 0.000000000000000000, -1.000000000000000000, 0.000000000000000000 ) ) ;
#10962 = DIRECTION ( 'NONE',  ( 1.000000000000000000, 0.000000000000000000, 0.000000000000000000 ) ) ;
#10963 = EDGE_CURVE ( 'NONE', #3543, #4425, #5593, .T. ) ;
#10964 = DIRECTION ( 'NONE',  ( 4.081702296416016490E-16, -1.000000000000000000, 0.000000000000000000 ) ) ;
#10965 =( BOUNDED_CURVE ( )  B_SPLINE_CURVE ( 3, ( #9446, #11317, #7522, #9330 ),
 .UNSPECIFIED., .F., .F. ) 
 B_SPLINE_CURVE_WITH_KNOTS ( ( 4, 4 ),
 ( 4.712388980384689674, 6.283185307179586232 ),
 .UNSPECIFIED. ) 
 CURVE ( )  GEOMETRIC_REPRESENTATION_ITEM ( )  RATIONAL_B_SPLINE_CURVE ( ( 1.000000000000000000, 0.8047378541243649375, 0.8047378541243649375, 1.000000000000000000 ) ) 
 REPRESENTATION_ITEM ( '' )  );
#10966 = UNCERTAINTY_MEASURE_WITH_UNIT (LENGTH_MEASURE( 1.000000000000000082E-05 ), #10134, 'distance_accuracy_value', 'NONE');
#10967 = VERTEX_POINT ( 'NONE', #11357 ) ;
#10968 = VERTEX_POINT ( 'NONE', #8536 ) ;
#10969 = CARTESIAN_POINT ( 'NONE',  ( -7.959789473684211636, 2.929999999999998384, 18.41499999999999915 ) ) ;
#10970 = FILL_AREA_STYLE_COLOUR ( '', #84 ) ;
#10971 = EDGE_LOOP ( 'NONE', ( #8747, #3820, #8442, #4962 ) ) ;
#10972 = CARTESIAN_POINT ( 'NONE',  ( 21.58556087810841007, 11.22785096251559800, 7.215392989762500875 ) ) ;
#10973 = CARTESIAN_POINT ( 'NONE',  ( 28.77403911013887594, 0.000000000000000000, -16.04909413020573439 ) ) ;
#10974 = CARTESIAN_POINT ( 'NONE',  ( 28.45599999999999596, 10.92999999999999794, -7.179213561880927408 ) ) ;
#10975 = AXIS2_PLACEMENT_3D ( 'NONE', #8342, #12073, #6247 ) ;
#10976 = VERTEX_POINT ( 'NONE', #12470 ) ;
#10977 =( NAMED_UNIT ( * ) PLANE_ANGLE_UNIT ( ) SI_UNIT ( $, .RADIAN. ) );
#10978 = LINE ( 'NONE', #2103, #8856 ) ;
#10979 = MECHANICAL_DESIGN_GEOMETRIC_PRESENTATION_REPRESENTATION (  '', ( #3646 ), #5271 ) ;
#10980 = UNCERTAINTY_MEASURE_WITH_UNIT (LENGTH_MEASURE( 1.000000000000000082E-05 ), #2597, 'distance_accuracy_value', 'NONE');
#10981 = LINE ( 'NONE', #9071, #7618 ) ;
#10982 = CARTESIAN_POINT ( 'NONE',  ( 24.90151096696283872, 0.000000000000000000, 18.41499999999999915 ) ) ;
#10983 = EDGE_CURVE ( 'NONE', #3160, #10417, #2937, .T. ) ;
#10984 =( GEOMETRIC_REPRESENTATION_CONTEXT ( 3 ) GLOBAL_UNCERTAINTY_ASSIGNED_CONTEXT ( ( #3490 ) ) GLOBAL_UNIT_ASSIGNED_CONTEXT ( ( #2824, #7704, #8749 ) ) REPRESENTATION_CONTEXT ( 'NONE', 'WORKASPACE' ) );
#10985 = VERTEX_POINT ( 'NONE', #7564 ) ;
#10986 = ORIENTED_EDGE ( 'NONE', *, *, #3925, .F. ) ;
#10987 = CARTESIAN_POINT ( 'NONE',  ( -24.96063157894736406, 10.92999999999999794, -18.41499999999999915 ) ) ;
#10988 = MECHANICAL_DESIGN_GEOMETRIC_PRESENTATION_REPRESENTATION (  '', ( #805 ), #3863 ) ;
#10989 = ORIENTED_EDGE ( 'NONE', *, *, #8338, .T. ) ;
#10990 = SURFACE_STYLE_USAGE ( .BOTH. , #8950 ) ;
#10991 = LINE ( 'NONE', #1477, #7406 ) ;
#10992 = SURFACE_STYLE_FILL_AREA ( #4356 ) ;
#10993 = VECTOR ( 'NONE', #4022, 1000.000000000000000 ) ;
#10994 = AXIS2_PLACEMENT_3D ( 'NONE', #2332, #7158, #1366 ) ;
#10995 = CARTESIAN_POINT ( 'NONE',  ( -3.993052631578945633, 10.92999999999999794, 17.91499999999999915 ) ) ;
#10996 = ORIENTED_EDGE ( 'NONE', *, *, #8427, .T. ) ;
#10997 = FACE_OUTER_BOUND ( 'NONE', #11978, .T. ) ;
#10998 = ADVANCED_FACE ( 'NONE', ( #11488 ), #49, .F. ) ;
#10999 = VECTOR ( 'NONE', #1384, 1000.000000000000000 ) ;
#11000 = ORIENTED_EDGE ( 'NONE', *, *, #3698, .F. ) ;
#11001 = DIRECTION ( 'NONE',  ( 0.000000000000000000, 0.000000000000000000, 1.000000000000000000 ) ) ;
#11002 = SURFACE_STYLE_USAGE ( .BOTH. , #4240 ) ;
#11003 = VECTOR ( 'NONE', #5623, 1000.000000000000000 ) ;
#11004 = AXIS2_PLACEMENT_3D ( 'NONE', #1466, #2452, #1288 ) ;
#11005 = ORIENTED_EDGE ( 'NONE', *, *, #2047, .F. ) ;
#11006 = SURFACE_SIDE_STYLE ('',( #7100 ) ) ;
#11007 = CARTESIAN_POINT ( 'NONE',  ( -25.93199999999999505, 11.42999999999999972, 6.679213561880927408 ) ) ;
#11008 = UNCERTAINTY_MEASURE_WITH_UNIT (LENGTH_MEASURE( 1.000000000000000082E-05 ), #8663, 'distance_accuracy_value', 'NONE');
#11009 = CARTESIAN_POINT ( 'NONE',  ( 17.73652631578947592, 2.929999999999998384, 17.91499999999999915 ) ) ;
#11010 = LINE ( 'NONE', #8067, #5425 ) ;
#11011 = DIRECTION ( 'NONE',  ( 1.000000000000000000, 0.000000000000000000, 0.000000000000000000 ) ) ;
#11012 = CARTESIAN_POINT ( 'NONE',  ( -22.72021356188096419, 10.92999999999999794, 7.179213561880928296 ) ) ;
#11013 = DIRECTION ( 'NONE',  ( 0.000000000000000000, 1.000000000000000000, 0.000000000000000000 ) ) ;
#11014 =( NAMED_UNIT ( * ) SI_UNIT ( $, .STERADIAN. ) SOLID_ANGLE_UNIT ( ) );
#11015 = CARTESIAN_POINT ( 'NONE',  ( 22.72021356188096775, 11.36011660222229658, 6.934163965867163881 ) ) ;
#11016 = CARTESIAN_POINT ( 'NONE',  ( -25.93199999999999505, 11.42999999999999972, -6.679213561880927408 ) ) ;
#11017 = ADVANCED_FACE ( 'NONE', ( #4158 ), #8817, .F. ) ;
#11018 = ADVANCED_FACE ( 'NONE', ( #5043 ), #10850, .F. ) ;
#11019 =( GEOMETRIC_REPRESENTATION_CONTEXT ( 3 ) GLOBAL_UNCERTAINTY_ASSIGNED_CONTEXT ( ( #8934 ) ) GLOBAL_UNIT_ASSIGNED_CONTEXT ( ( #9583, #11385, #11450 ) ) REPRESENTATION_CONTEXT ( 'NONE', 'WORKASPACE' ) );
#11020 = COLOUR_RGB ( '',0.2509803921568627416, 0.2509803921568627416, 0.2509803921568627416 ) ;
#11021 = EDGE_CURVE ( 'NONE', #6144, #5195, #7017, .T. ) ;
#11022 =( NAMED_UNIT ( * ) PLANE_ANGLE_UNIT ( ) SI_UNIT ( $, .RADIAN. ) );
#11023 = CARTESIAN_POINT ( 'NONE',  ( -9.221789473684207650, 2.929999999999998384, -17.91499999999999204 ) ) ;
#11024 = CARTESIAN_POINT ( 'NONE',  ( 12.71489625487075692, 11.42999999999999972, -18.41499999999999559 ) ) ;
#11025 = CYLINDRICAL_SURFACE ( 'NONE', #339, 0.5000000000000004441 ) ;
#11026 = CARTESIAN_POINT ( 'NONE',  ( -24.90151096696282451, 11.42999999999999972, -17.91499999999999204 ) ) ;
#11027 =( LENGTH_UNIT ( ) NAMED_UNIT ( * ) SI_UNIT ( .MILLI., .METRE. ) );
#11028 =( NAMED_UNIT ( * ) PLANE_ANGLE_UNIT ( ) SI_UNIT ( $, .RADIAN. ) );
#11029 = CIRCLE ( 'NONE', #8372, 5.499999999999998224 ) ;
#11030 = ORIENTED_EDGE ( 'NONE', *, *, #6174, .F. ) ;
#11031 = ORIENTED_EDGE ( 'NONE', *, *, #1126, .F. ) ;
#11032 = EDGE_CURVE ( 'NONE', #6529, #10039, #7907, .T. ) ;
#11033 = CARTESIAN_POINT ( 'NONE',  ( 22.72021356188092511, 11.42999999999999972, 12.17921356188092652 ) ) ;
#11034 = CARTESIAN_POINT ( 'NONE',  ( -19.94126315789473125, 11.42999999999999972, 7.432906086359913012 ) ) ;
#11035 = SURFACE_STYLE_FILL_AREA ( #6309 ) ;
#11036 = ORIENTED_EDGE ( 'NONE', *, *, #5914, .T. ) ;
#11037 = MECHANICAL_DESIGN_GEOMETRIC_PRESENTATION_REPRESENTATION (  '', ( #2276 ), #6957 ) ;
#11038 =( NAMED_UNIT ( * ) SI_UNIT ( $, .STERADIAN. ) SOLID_ANGLE_UNIT ( ) );
#11039 = AXIS2_PLACEMENT_3D ( 'NONE', #7191, #2297, #4397 ) ;
#11040 = CARTESIAN_POINT ( 'NONE',  ( 9.255078768874749784, 0.000000000000000000, -7.629298182790471117 ) ) ;
#11041 =( LENGTH_UNIT ( ) NAMED_UNIT ( * ) SI_UNIT ( .MILLI., .METRE. ) );
#11042 = DIRECTION ( 'NONE',  ( 4.081702296416016490E-16, -1.000000000000000000, 0.000000000000000000 ) ) ;
#11043 = CARTESIAN_POINT ( 'NONE',  ( 19.46989473684210381, 11.42999999999999972, 7.742387270983274838 ) ) ;
#11044 =( NAMED_UNIT ( * ) PLANE_ANGLE_UNIT ( ) SI_UNIT ( $, .RADIAN. ) );
#11045 = EDGE_LOOP ( 'NONE', ( #12359, #2222, #6447, #2941, #1718, #11515, #11191, #8826 ) ) ;
#11046 = SURFACE_STYLE_FILL_AREA ( #7969 ) ;
#11047 = ORIENTED_EDGE ( 'NONE', *, *, #2803, .T. ) ;
#11048 =( GEOMETRIC_REPRESENTATION_CONTEXT ( 3 ) GLOBAL_UNCERTAINTY_ASSIGNED_CONTEXT ( ( #6368 ) ) GLOBAL_UNIT_ASSIGNED_CONTEXT ( ( #1419, #2404, #10226 ) ) REPRESENTATION_CONTEXT ( 'NONE', 'WORKASPACE' ) );
#11049 = PRESENTATION_LAYER_ASSIGNMENT (  '', '', ( #3915 ) ) ;
#11050 = CYLINDRICAL_SURFACE ( 'NONE', #11449, 0.5000000000000004441 ) ;
#11051 = SURFACE_SIDE_STYLE ('',( #12159 ) ) ;
#11052 = CARTESIAN_POINT ( 'NONE',  ( 22.46526315789473216, 11.42999999999999972, 6.685125803980871417 ) ) ;
#11053 = FILL_AREA_STYLE ('',( #8232 ) ) ;
#11054 =( LENGTH_UNIT ( ) NAMED_UNIT ( * ) SI_UNIT ( .MILLI., .METRE. ) );
#11055 = VERTEX_POINT ( 'NONE', #2172 ) ;
#11056 = CARTESIAN_POINT ( 'NONE',  ( -26.43199999999999861, 10.92999999999999794, -7.179213561880927408 ) ) ;
#11057 = PRESENTATION_LAYER_ASSIGNMENT (  '', '', ( #9412 ) ) ;
#11058 = EDGE_CURVE ( 'NONE', #4717, #8867, #6057, .T. ) ;
#11059 = CARTESIAN_POINT ( 'NONE',  ( -12.97915789473683823, 10.92999999999999794, -18.41499999999999915 ) ) ;
#11060 = DIRECTION ( 'NONE',  ( -0.000000000000000000, -1.000000000000000000, -0.000000000000000000 ) ) ;
#11061 = MECHANICAL_DESIGN_GEOMETRIC_PRESENTATION_REPRESENTATION (  '', ( #2915 ), #1677 ) ;
#11062 = FILL_AREA_STYLE_COLOUR ( '', #533 ) ;
#11063 = DIRECTION ( 'NONE',  ( 0.000000000000000000, 0.000000000000000000, -1.000000000000000000 ) ) ;
#11064 = ORIENTED_EDGE ( 'NONE', *, *, #5667, .T. ) ;
#11065 = FILL_AREA_STYLE_COLOUR ( '', #9628 ) ;
#11066 =( NAMED_UNIT ( * ) PLANE_ANGLE_UNIT ( ) SI_UNIT ( $, .RADIAN. ) );
#11067 = ORIENTED_EDGE ( 'NONE', *, *, #2386, .T. ) ;
#11068 = EDGE_CURVE ( 'NONE', #2889, #200, #2308, .T. ) ;
#11069 = LINE ( 'NONE', #4365, #8302 ) ;
#11070 = PLANE ( 'NONE',  #1627 ) ;
#11071 = ORIENTED_EDGE ( 'NONE', *, *, #12360, .T. ) ;
#11072 = SURFACE_SIDE_STYLE ('',( #4431 ) ) ;
#11073 = ADVANCED_FACE ( 'NONE', ( #12214 ), #10157, .F. ) ;
#11074 = EDGE_CURVE ( 'NONE', #8340, #8187, #7267, .T. ) ;
#11075 = CARTESIAN_POINT ( 'NONE',  ( 24.90151096696282451, 1.778000000000000025, -17.91499999999999204 ) ) ;
#11076 = CARTESIAN_POINT ( 'NONE',  ( -28.07018770830613974, 1.778000000000000025, -15.98132094865076169 ) ) ;
#11077 = STYLED_ITEM ( 'NONE', ( #5813 ), #10806 ) ;
#11078 = AXIS2_PLACEMENT_3D ( 'NONE', #5183, #11060, #6136 ) ;
#11079 = CARTESIAN_POINT ( 'NONE',  ( -28.95599999999999596, 11.42999999999999972, -18.41499999999999559 ) ) ;
#11080 = SURFACE_SIDE_STYLE ('',( #8132 ) ) ;
#11081 =( NAMED_UNIT ( * ) PLANE_ANGLE_UNIT ( ) SI_UNIT ( $, .RADIAN. ) );
#11082 = VECTOR ( 'NONE', #11900, 1000.000000000000000 ) ;
#11083 = DIRECTION ( 'NONE',  ( 0.000000000000000000, 0.000000000000000000, -1.000000000000000000 ) ) ;
#11084 = CARTESIAN_POINT ( 'NONE',  ( -10.95515789473684087, 11.42999999999999972, 0.000000000000000000 ) ) ;
#11085 = CARTESIAN_POINT ( 'NONE',  ( 3.521684210526315972, 2.929999999999998384, -17.91499999999999204 ) ) ;
#11086 = EDGE_CURVE ( 'NONE', #7580, #10309, #1350, .T. ) ;
#11087 = CARTESIAN_POINT ( 'NONE',  ( 10.01242105263157356, 11.42999999999999972, 17.91499999999999915 ) ) ;
#11088 = DIRECTION ( 'NONE',  ( 0.000000000000000000, -1.000000000000000000, 0.000000000000000000 ) ) ;
#11089 = MECHANICAL_DESIGN_GEOMETRIC_PRESENTATION_REPRESENTATION (  '', ( #1918 ), #9047 ) ;
#11090 = SURFACE_SIDE_STYLE ('',( #3197 ) ) ;
#11091 =( GEOMETRIC_REPRESENTATION_CONTEXT ( 3 ) GLOBAL_UNCERTAINTY_ASSIGNED_CONTEXT ( ( #4081 ) ) GLOBAL_UNIT_ASSIGNED_CONTEXT ( ( #7601, #9464, #9278 ) ) REPRESENTATION_CONTEXT ( 'NONE', 'WORKASPACE' ) );
#11092 = SURFACE_STYLE_USAGE ( .BOTH. , #9181 ) ;
#11093 = FILL_AREA_STYLE ('',( #10144 ) ) ;
#11094 = UNCERTAINTY_MEASURE_WITH_UNIT (LENGTH_MEASURE( 1.000000000000000082E-05 ), #5484, 'distance_accuracy_value', 'NONE');
#11095 = CARTESIAN_POINT ( 'NONE',  ( -19.01048822066893962, 11.13262311345095590, -8.766449791895817967 ) ) ;
#11096 = EDGE_CURVE ( 'NONE', #3845, #575, #2736, .T. ) ;
#11097 = ORIENTED_EDGE ( 'NONE', *, *, #357, .F. ) ;
#11098 = CIRCLE ( 'NONE', #10492, 0.7619999999999987894 ) ;
#11099 = EDGE_LOOP ( 'NONE', ( #8223, #2184, #8099, #5733 ) ) ;
#11100 = CARTESIAN_POINT ( 'NONE',  ( -18.95548324832481057, 2.762871025180167361, 8.888580556103153896 ) ) ;
#11101 = FILL_AREA_STYLE_COLOUR ( '', #10766 ) ;
#11102 = PLANE ( 'NONE',  #5893 ) ;
#11103 = VECTOR ( 'NONE', #9481, 1000.000000000000000 ) ;
#11104 = COLOUR_RGB ( '',0.2509803921568627416, 0.2509803921568627416, 0.2509803921568627416 ) ;
#11105 = ORIENTED_EDGE ( 'NONE', *, *, #4904, .T. ) ;
#11106 = STYLED_ITEM ( 'NONE', ( #1945 ), #9035 ) ;
#11107 = CIRCLE ( 'NONE', #3167, 1.587500000000002132 ) ;
#11108 = UNCERTAINTY_MEASURE_WITH_UNIT (LENGTH_MEASURE( 1.000000000000000082E-05 ), #3195, 'distance_accuracy_value', 'NONE');
#11109 = CARTESIAN_POINT ( 'NONE',  ( -11.45515789473683910, 11.22289321881345536, -18.20789321881344591 ) ) ;
#11110 = CARTESIAN_POINT ( 'NONE',  ( 15.50315789473683736, 10.92999999999999794, 17.91499999999999915 ) ) ;
#11111 = CARTESIAN_POINT ( 'NONE',  ( 25.96063157894737117, 1.777999999999994252, -7.179213561880927408 ) ) ;
#11112 =( NAMED_UNIT ( * ) SI_UNIT ( $, .STERADIAN. ) SOLID_ANGLE_UNIT ( ) );
#11113 = ORIENTED_EDGE ( 'NONE', *, *, #481, .T. ) ;
#11114 = AXIS2_PLACEMENT_3D ( 'NONE', #7709, #9696, #7772 ) ;
#11115 = ADVANCED_FACE ( 'NONE', ( #2447 ), #6188, .T. ) ;
#11116 = FILL_AREA_STYLE_COLOUR ( '', #11635 ) ;
#11117 = ORIENTED_EDGE ( 'NONE', *, *, #3698, .T. ) ;
#11118 = DIRECTION ( 'NONE',  ( 1.000000000000000000, -0.000000000000000000, -0.000000000000000000 ) ) ;
#11119 = CARTESIAN_POINT ( 'NONE',  ( -25.23276631782186286, 0.000000000000000000, 11.75318671517016433 ) ) ;
#11120 = FILL_AREA_STYLE ('',( #1541 ) ) ;
#11121 = FACE_OUTER_BOUND ( 'NONE', #3860, .T. ) ;
#11122 = SURFACE_SIDE_STYLE ('',( #12033 ) ) ;
#11123 = ORIENTED_EDGE ( 'NONE', *, *, #4823, .F. ) ;
#11124 = DIRECTION ( 'NONE',  ( -0.000000000000000000, 0.000000000000000000, 1.000000000000000000 ) ) ;
#11125 = VECTOR ( 'NONE', #2781, 1000.000000000000000 ) ;
#11126 = PRESENTATION_LAYER_ASSIGNMENT (  '', '', ( #7638 ) ) ;
#11127 = DIRECTION ( 'NONE',  ( -4.081702296416016490E-16, 1.000000000000000000, -0.000000000000000000 ) ) ;
#11128 = ORIENTED_EDGE ( 'NONE', *, *, #10141, .F. ) ;
#11129 = CYLINDRICAL_SURFACE ( 'NONE', #5967, 0.5000000000000000000 ) ;
#11130 = ADVANCED_FACE ( 'NONE', ( #8350 ), #12023, .T. ) ;
#11131 = FILL_AREA_STYLE_COLOUR ( '', #9762 ) ;
#11132 = ORIENTED_EDGE ( 'NONE', *, *, #1465, .T. ) ;
#11133 = CARTESIAN_POINT ( 'NONE',  ( -28.95599999999999596, 11.42999999999999972, -6.679213561880927408 ) ) ;
#11134 = CARTESIAN_POINT ( 'NONE',  ( -17.72021356188092867, 1.778000000000000025, -12.17921356188096382 ) ) ;
#11135 = ORIENTED_EDGE ( 'NONE', *, *, #9159, .F. ) ;
#11136 = LINE ( 'NONE', #7295, #5592 ) ;
#11137 = UNCERTAINTY_MEASURE_WITH_UNIT (LENGTH_MEASURE( 1.000000000000000082E-05 ), #845, 'distance_accuracy_value', 'NONE');
#11138 = DIRECTION ( 'NONE',  ( 0.7716245833877181104, 0.000000000000000000, 0.6360782202777660599 ) ) ;
#11139 = FILL_AREA_STYLE ('',( #5375 ) ) ;
#11140 = DIRECTION ( 'NONE',  ( -1.000000000000000000, -0.000000000000000000, -0.000000000000000000 ) ) ;
#11141 = DIRECTION ( 'NONE',  ( -0.000000000000000000, 1.000000000000000000, -0.000000000000000000 ) ) ;
#11142 =( GEOMETRIC_REPRESENTATION_CONTEXT ( 3 ) GLOBAL_UNCERTAINTY_ASSIGNED_CONTEXT ( ( #2304 ) ) GLOBAL_UNIT_ASSIGNED_CONTEXT ( ( #8587, #10516, #7677 ) ) REPRESENTATION_CONTEXT ( 'NONE', 'WORKASPACE' ) );
#11143 = EDGE_CURVE ( 'NONE', #7515, #5670, #9924, .T. ) ;
#11144 = DIRECTION ( 'NONE',  ( 1.000000000000000000, 0.000000000000000000, 0.000000000000000000 ) ) ;
#11145 = CARTESIAN_POINT ( 'NONE',  ( 24.90151096696283872, 1.277999999999999581, 18.41499999999999915 ) ) ;
#11146 = CARTESIAN_POINT ( 'NONE',  ( 1.997684210526318171, 10.92999999999999794, -18.41499999999999915 ) ) ;
#11147 = PRESENTATION_LAYER_ASSIGNMENT (  '', '', ( #4219 ) ) ;
#11148 = B_SPLINE_CURVE_WITH_KNOTS ( 'NONE', 3,
 ( #5396, #3326, #8337, #11095, #2374, #5277, #12270, #10145, #1392, #428 ),
 .UNSPECIFIED., .F., .F.,
 ( 4, 2, 2, 2, 4 ),
 ( 0.000000000000000000, 0.0001783040869319893094, 0.0003566081738639786188, 0.0007132163477279632006, 0.001426432695455927702 ),
 .UNSPECIFIED. ) ;
#11149 = SURFACE_STYLE_USAGE ( .BOTH. , #3442 ) ;
#11150 =( NAMED_UNIT ( * ) SI_UNIT ( $, .STERADIAN. ) SOLID_ANGLE_UNIT ( ) );
#11151 = VECTOR ( 'NONE', #3053, 1000.000000000000000 ) ;
#11152 = CARTESIAN_POINT ( 'NONE',  ( -22.09697838892466848, 11.27385604921099826, -7.085204432002694119 ) ) ;
#11153 = CARTESIAN_POINT ( 'NONE',  ( 12.50778947368420901, 11.22289321881345536, -18.20789321881344591 ) ) ;
#11154 = SURFACE_STYLE_FILL_AREA ( #423 ) ;
#11155 = EDGE_CURVE ( 'NONE', #11692, #4168, #11493, .T. ) ;
#11156 = AXIS2_PLACEMENT_3D ( 'NONE', #10062, #1439, #1249 ) ;
#11157 =( NAMED_UNIT ( * ) PLANE_ANGLE_UNIT ( ) SI_UNIT ( $, .RADIAN. ) );
#11158 = SURFACE_STYLE_FILL_AREA ( #12130 ) ;
#11159 = COLOUR_RGB ( '',0.2509803921568627416, 0.2509803921568627416, 0.2509803921568627416 ) ;
#11160 = ORIENTED_EDGE ( 'NONE', *, *, #10786, .F. ) ;
#11161 = EDGE_CURVE ( 'NONE', #1564, #12307, #7008, .T. ) ;
#11162 = ORIENTED_EDGE ( 'NONE', *, *, #9975, .T. ) ;
#11163 = CARTESIAN_POINT ( 'NONE',  ( 22.96526315789473216, 10.92999999999999794, -7.179213561880927408 ) ) ;
#11164 = PRESENTATION_LAYER_ASSIGNMENT (  '', '', ( #8917 ) ) ;
#11165 = CARTESIAN_POINT ( 'NONE',  ( -20.44126315789473480, 11.07307460703618496, 7.728777060123920961 ) ) ;
#11166 = CARTESIAN_POINT ( 'NONE',  ( 27.98463157894736497, 11.42999999999999972, 6.679213561880927408 ) ) ;
#11167 = CARTESIAN_POINT ( 'NONE',  ( -0.9976842105263138416, 11.42999999999999972, 17.91499999999999915 ) ) ;
#11168 = ORIENTED_EDGE ( 'NONE', *, *, #2831, .T. ) ;
#11169 = LINE ( 'NONE', #12146, #11281 ) ;
#11170 = CARTESIAN_POINT ( 'NONE',  ( -11.24805111355029119, 11.42999999999999972, -18.41499999999999559 ) ) ;
#11171 = PRESENTATION_LAYER_ASSIGNMENT (  '', '', ( #9332 ) ) ;
#11172 = DIRECTION ( 'NONE',  ( -1.000000000000000000, 0.000000000000000000, 0.000000000000000000 ) ) ;
#11173 = DIRECTION ( 'NONE',  ( -0.000000000000000000, -0.000000000000000000, -1.000000000000000000 ) ) ;
#11174 = SURFACE_STYLE_FILL_AREA ( #7269 ) ;
#11175 =( NAMED_UNIT ( * ) PLANE_ANGLE_UNIT ( ) SI_UNIT ( $, .RADIAN. ) );
#11176 = SURFACE_STYLE_FILL_AREA ( #8222 ) ;
#11177 = ORIENTED_EDGE ( 'NONE', *, *, #1258, .F. ) ;
#11178 = DIRECTION ( 'NONE',  ( -0.000000000000000000, -1.000000000000000000, -0.000000000000000000 ) ) ;
#11179 = ORIENTED_EDGE ( 'NONE', *, *, #4736, .T. ) ;
#11180 = AXIS2_PLACEMENT_3D ( 'NONE', #12378, #12314, #8812 ) ;
#11181 = PRESENTATION_LAYER_ASSIGNMENT (  '', '', ( #6284 ) ) ;
#11182 = ORIENTED_EDGE ( 'NONE', *, *, #7082, .T. ) ;
#11183 =( NAMED_UNIT ( * ) SI_UNIT ( $, .STERADIAN. ) SOLID_ANGLE_UNIT ( ) );
#11184 = ADVANCED_FACE ( 'NONE', ( #827 ), #9613, .F. ) ;
#11185 =( GEOMETRIC_REPRESENTATION_CONTEXT ( 3 ) GLOBAL_UNCERTAINTY_ASSIGNED_CONTEXT ( ( #8318 ) ) GLOBAL_UNIT_ASSIGNED_CONTEXT ( ( #640, #10351, #8490 ) ) REPRESENTATION_CONTEXT ( 'NONE', 'WORKASPACE' ) );
#11186 = LINE ( 'NONE', #12234, #4566 ) ;
#11187 = CARTESIAN_POINT ( 'NONE',  ( -22.72021356188092511, 10.92999999999999794, -12.17921356188092652 ) ) ;
#11188 = CARTESIAN_POINT ( 'NONE',  ( 7.988421052631575314, 11.22289321881344826, -18.20789321881344236 ) ) ;
#11189 = SURFACE_STYLE_USAGE ( .BOTH. , #4296 ) ;
#11190 = B_SPLINE_CURVE_WITH_KNOTS ( 'NONE', 3,
 ( #2819, #1076, #8746, #6830, #7700, #894, #3839, #7765 ),
 .UNSPECIFIED., .F., .F.,
 ( 4, 2, 2, 4 ),
 ( 0.000000000000000000, 0.0002536822796344746756, 0.0005073645592689493512, 0.001014729118537896968 ),
 .UNSPECIFIED. ) ;
#11191 = ORIENTED_EDGE ( 'NONE', *, *, #3593, .F. ) ;
#11192 =( LENGTH_UNIT ( ) NAMED_UNIT ( * ) SI_UNIT ( .MILLI., .METRE. ) );
#11193 = PRESENTATION_LAYER_ASSIGNMENT (  '', '', ( #8738 ) ) ;
#11194 = SURFACE_STYLE_FILL_AREA ( #7288 ) ;
#11195 = EDGE_LOOP ( 'NONE', ( #931, #4228, #4898, #9129 ) ) ;
#11196 = CARTESIAN_POINT ( 'NONE',  ( -28.45599999999999596, 0.1141877083061495907, 16.16328183851187816 ) ) ;
#11197 = STYLED_ITEM ( 'NONE', ( #1903 ), #2128 ) ;
#11198 = CARTESIAN_POINT ( 'NONE',  ( 3.521684210526315972, 11.42999999999999972, -18.41499999999999915 ) ) ;
#11199 = EDGE_LOOP ( 'NONE', ( #7952, #3981, #1601, #11962 ) ) ;
#11200 = CARTESIAN_POINT ( 'NONE',  ( 19.96989473684210736, 11.07073639877113358, -8.003600270322779764 ) ) ;
#11201 = PRESENTATION_STYLE_ASSIGNMENT (( #6339 ) ) ;
#11202 = ADVANCED_FACE ( 'NONE', ( #8606 ), #9427, .T. ) ;
#11203 =( GEOMETRIC_REPRESENTATION_CONTEXT ( 3 ) GLOBAL_UNCERTAINTY_ASSIGNED_CONTEXT ( ( #8033 ) ) GLOBAL_UNIT_ASSIGNED_CONTEXT ( ( #6343, #8070, #12184 ) ) REPRESENTATION_CONTEXT ( 'NONE', 'WORKASPACE' ) );
#11204 = DIRECTION ( 'NONE',  ( 0.000000000000000000, 0.000000000000000000, 1.000000000000000000 ) ) ;
#11205 = SURFACE_SIDE_STYLE ('',( #4247 ) ) ;
#11206 = LINE ( 'NONE', #1317, #5842 ) ;
#11207 = COLOUR_RGB ( '',0.2509803921568627416, 0.2509803921568627416, 0.2509803921568627416 ) ;
#11208 = STYLED_ITEM ( 'NONE', ( #3958 ), #3818 ) ;
#11209 = ORIENTED_EDGE ( 'NONE', *, *, #300, .T. ) ;
#11210 =( NAMED_UNIT ( * ) PLANE_ANGLE_UNIT ( ) SI_UNIT ( $, .RADIAN. ) );
#11211 = LINE ( 'NONE', #12328, #10999 ) ;
#11212 = SURFACE_STYLE_USAGE ( .BOTH. , #6234 ) ;
#11213 = MECHANICAL_DESIGN_GEOMETRIC_PRESENTATION_REPRESENTATION (  '', ( #7121 ), #9371 ) ;
#11214 = EDGE_CURVE ( 'NONE', #10117, #2625, #7825, .T. ) ;
#11215 = CARTESIAN_POINT ( 'NONE',  ( 17.82180685166208889, 2.171701827032095800, -11.14331404917386159 ) ) ;
#11216 = UNCERTAINTY_MEASURE_WITH_UNIT (LENGTH_MEASURE( 1.000000000000000082E-05 ), #4917, 'distance_accuracy_value', 'NONE');
#11217 = ORIENTED_EDGE ( 'NONE', *, *, #89, .T. ) ;
#11218 = CARTESIAN_POINT ( 'NONE',  ( 17.73652631578947592, 2.929999999999998384, -18.41499999999999915 ) ) ;
#11219 =( LENGTH_UNIT ( ) NAMED_UNIT ( * ) SI_UNIT ( .MILLI., .METRE. ) );
#11220 = CARTESIAN_POINT ( 'NONE',  ( 22.46526315789473216, 11.42999999999999972, -6.685125803980871417 ) ) ;
#11221 = DIRECTION ( 'NONE',  ( 0.000000000000000000, 1.000000000000000000, 0.000000000000000000 ) ) ;
#11222 = ORIENTED_EDGE ( 'NONE', *, *, #8667, .T. ) ;
#11223 =( LENGTH_UNIT ( ) NAMED_UNIT ( * ) SI_UNIT ( .MILLI., .METRE. ) );
#11224 = UNCERTAINTY_MEASURE_WITH_UNIT (LENGTH_MEASURE( 1.000000000000000082E-05 ), #8141, 'distance_accuracy_value', 'NONE');
#11225 = ADVANCED_FACE ( 'NONE', ( #11757 ), #1012, .T. ) ;
#11226 = CARTESIAN_POINT ( 'NONE',  ( 18.45849114429432802, 2.678628170038891643, 9.564145442632618455 ) ) ;
#11227 = PRESENTATION_LAYER_ASSIGNMENT (  '', '', ( #7536 ) ) ;
#11228 = CARTESIAN_POINT ( 'NONE',  ( 14.74115789473684224, 2.929999999999998384, -17.91499999999999204 ) ) ;
#11229 = LINE ( 'NONE', #7079, #9949 ) ;
#11230 =( NAMED_UNIT ( * ) PLANE_ANGLE_UNIT ( ) SI_UNIT ( $, .RADIAN. ) );
#11231 = DIRECTION ( 'NONE',  ( -1.000000000000000000, 0.000000000000000000, 0.000000000000000000 ) ) ;
#11232 = ORIENTED_EDGE ( 'NONE', *, *, #11389, .T. ) ;
#11233 = EDGE_LOOP ( 'NONE', ( #7544, #4054, #2037, #2293 ) ) ;
#11234 = DIRECTION ( 'NONE',  ( 0.000000000000000000, 0.000000000000000000, -1.000000000000000000 ) ) ;
#11235 = AXIS2_PLACEMENT_3D ( 'NONE', #6229, #6534, #9392 ) ;
#11236 = VECTOR ( 'NONE', #2242, 1000.000000000000000 ) ;
#11237 = FILL_AREA_STYLE_COLOUR ( '', #8619 ) ;
#11238 =( LENGTH_UNIT ( ) NAMED_UNIT ( * ) SI_UNIT ( .MILLI., .METRE. ) );
#11239 = DIRECTION ( 'NONE',  ( 0.000000000000000000, 0.000000000000000000, 1.000000000000000000 ) ) ;
#11240 = ORIENTED_EDGE ( 'NONE', *, *, #8798, .F. ) ;
#11241 = DIRECTION ( 'NONE',  ( -0.000000000000000000, -0.000000000000000000, 1.000000000000000000 ) ) ;
#11242 = ADVANCED_FACE ( 'NONE', ( #3000 ), #10679, .T. ) ;
#11243 = SURFACE_STYLE_FILL_AREA ( #6390 ) ;
#11244 = SURFACE_STYLE_FILL_AREA ( #2632 ) ;
#11245 = PRESENTATION_STYLE_ASSIGNMENT (( #9152 ) ) ;
#11246 = STYLED_ITEM ( 'NONE', ( #1107 ), #1495 ) ;
#11248 = ADVANCED_FACE ( 'NONE', ( #9801 ), #12343, .T. ) ;
#11247 = STYLED_ITEM ( 'NONE', ( #1640 ), #7916 ) ;
#11249 = CARTESIAN_POINT ( 'NONE',  ( 1.026315789473683848, 2.929999999999998384, 18.41499999999999915 ) ) ;
#11250 = ORIENTED_EDGE ( 'NONE', *, *, #8865, .F. ) ;
#11251 = DIRECTION ( 'NONE',  ( 0.000000000000000000, 0.000000000000000000, 1.000000000000000000 ) ) ;
#11252 = ORIENTED_EDGE ( 'NONE', *, *, #12267, .F. ) ;
#11253 = ADVANCED_FACE ( 'NONE', ( #3123 ), #3263, .F. ) ;
#11254 = DIRECTION ( 'NONE',  ( 0.000000000000000000, -1.000000000000000000, 0.000000000000000000 ) ) ;
#11255 = LINE ( 'NONE', #4183, #7937 ) ;
#11256 = STYLED_ITEM ( 'NONE', ( #2783 ), #10445 ) ;
#11257 = ORIENTED_EDGE ( 'NONE', *, *, #6281, .F. ) ;
#11258 = CARTESIAN_POINT ( 'NONE',  ( -15.97452631578947013, 11.42999999999999972, -17.91499999999999204 ) ) ;
#11259 = STYLED_ITEM ( 'NONE', ( #1692 ), #8688 ) ;
#11260 = UNCERTAINTY_MEASURE_WITH_UNIT (LENGTH_MEASURE( 1.000000000000000082E-05 ), #11698, 'distance_accuracy_value', 'NONE');
#11261 = UNCERTAINTY_MEASURE_WITH_UNIT (LENGTH_MEASURE( 1.000000000000000082E-05 ), #9180, 'distance_accuracy_value', 'NONE');
#11262 = FILL_AREA_STYLE ('',( #540 ) ) ;
#11263 =( NAMED_UNIT ( * ) PLANE_ANGLE_UNIT ( ) SI_UNIT ( $, .RADIAN. ) );
#11264 = EDGE_LOOP ( 'NONE', ( #2542, #4024, #5945, #10084 ) ) ;
#11265 = CARTESIAN_POINT ( 'NONE',  ( 1.997684210526318171, 11.42999999999999972, -17.91499999999999204 ) ) ;
#11266 =( GEOMETRIC_REPRESENTATION_CONTEXT ( 3 ) GLOBAL_UNCERTAINTY_ASSIGNED_CONTEXT ( ( #3449 ) ) GLOBAL_UNIT_ASSIGNED_CONTEXT ( ( #7305, #9584, #1505 ) ) REPRESENTATION_CONTEXT ( 'NONE', 'WORKASPACE' ) );
#11267 = DIRECTION ( 'NONE',  ( -0.000000000000000000, -1.000000000000000000, -0.000000000000000000 ) ) ;
#11268 = CARTESIAN_POINT ( 'NONE',  ( 10.98378947368421699, 2.929999999999998384, -17.91499999999999204 ) ) ;
#11269 = FILL_AREA_STYLE_COLOUR ( '', #4135 ) ;
#11270 = ORIENTED_EDGE ( 'NONE', *, *, #3084, .F. ) ;
#11271 =( NAMED_UNIT ( * ) PLANE_ANGLE_UNIT ( ) SI_UNIT ( $, .RADIAN. ) );
#11272 = PRESENTATION_LAYER_ASSIGNMENT (  '', '', ( #11910 ) ) ;
#11273 = CARTESIAN_POINT ( 'NONE',  ( -20.44126315789473480, 2.722939799021180551, 7.728777060123919185 ) ) ;
#11274 = FILL_AREA_STYLE_COLOUR ( '', #4130 ) ;
#11275 =( NAMED_UNIT ( * ) PLANE_ANGLE_UNIT ( ) SI_UNIT ( $, .RADIAN. ) );
#11276 = DIRECTION ( 'NONE',  ( 1.000000000000000000, 0.000000000000000000, 0.000000000000000000 ) ) ;
#11277 = CARTESIAN_POINT ( 'NONE',  ( 28.45599999999999596, 11.42999999999999972, -6.679213561880927408 ) ) ;
#11278 = CARTESIAN_POINT ( 'NONE',  ( -0.2356842105263115550, 2.929999999999998384, -18.41499999999999915 ) ) ;
#11279 = AXIS2_PLACEMENT_3D ( 'NONE', #7441, #10455, #763 ) ;
#11280 = VECTOR ( 'NONE', #5912, 1000.000000000000000 ) ;
#11281 = VECTOR ( 'NONE', #12210, 1000.000000000000000 ) ;
#11282 = ADVANCED_FACE ( 'NONE', ( #6301 ), #10255, .T. ) ;
#11283 = ORIENTED_EDGE ( 'NONE', *, *, #1231, .F. ) ;
#11284 = FACE_OUTER_BOUND ( 'NONE', #11045, .T. ) ;
#11285 = CARTESIAN_POINT ( 'NONE',  ( 22.72021356188096775, 11.36011660222229835, -6.934163965867162105 ) ) ;
#11286 = LINE ( 'NONE', #2495, #7708 ) ;
#11287 = ORIENTED_EDGE ( 'NONE', *, *, #7875, .T. ) ;
#11288 = FILL_AREA_STYLE_COLOUR ( '', #1909 ) ;
#11289 = COLOUR_RGB ( '',0.2509803921568627416, 0.2509803921568627416, 0.2509803921568627416 ) ;
#11290 = SURFACE_STYLE_FILL_AREA ( #5343 ) ;
#11291 = COLOUR_RGB ( '',0.2509803921568627416, 0.2509803921568627416, 0.2509803921568627416 ) ;
#11292 = PRESENTATION_STYLE_ASSIGNMENT (( #7442 ) ) ;
#11293 = CARTESIAN_POINT ( 'NONE',  ( -23.22952479776081347, 11.42999999999999972, 6.972106780694380390 ) ) ;
#11294 = EDGE_LOOP ( 'NONE', ( #830, #7977, #4465, #11803 ) ) ;
#11295 = EDGE_CURVE ( 'NONE', #9494, #8521, #11524, .T. ) ;
#11296 = ADVANCED_FACE ( 'NONE', ( #2733 ), #12266, .F. ) ;
#11297 = SURFACE_STYLE_USAGE ( .BOTH. , #3525 ) ;
#11298 = ORIENTED_EDGE ( 'NONE', *, *, #140, .T. ) ;
#11299 = MECHANICAL_DESIGN_GEOMETRIC_PRESENTATION_REPRESENTATION (  '', ( #2548 ), #5577 ) ;
#11300 = STYLED_ITEM ( 'NONE', ( #1726 ), #4820 ) ;
#11301 =( LENGTH_UNIT ( ) NAMED_UNIT ( * ) SI_UNIT ( .MILLI., .METRE. ) );
#11302 = PRESENTATION_STYLE_ASSIGNMENT (( #1789 ) ) ;
#11303 = MECHANICAL_DESIGN_GEOMETRIC_PRESENTATION_REPRESENTATION (  '', ( #508 ), #1936 ) ;
#11304 = EDGE_CURVE ( 'NONE', #7590, #3763, #11550, .T. ) ;
#11305 = STYLED_ITEM ( 'NONE', ( #1273 ), #2838 ) ;
#11306 = VERTEX_POINT ( 'NONE', #6679 ) ;
#11307 = LINE ( 'NONE', #7511, #3744 ) ;
#11308 =( NAMED_UNIT ( * ) PLANE_ANGLE_UNIT ( ) SI_UNIT ( $, .RADIAN. ) );
#11309 = LINE ( 'NONE', #10476, #12233 ) ;
#11310 = ORIENTED_EDGE ( 'NONE', *, *, #3624, .T. ) ;
#11311 = DIRECTION ( 'NONE',  ( -1.000000000000000000, 0.000000000000000000, 0.000000000000000000 ) ) ;
#11312 = DIRECTION ( 'NONE',  ( -0.000000000000000000, 1.000000000000000000, 0.000000000000000000 ) ) ;
#11313 = CIRCLE ( 'NONE', #3775, 0.7619999999999953477 ) ;
#11314 = STYLED_ITEM ( 'NONE', ( #649 ), #11623 ) ;
#11315 = STYLED_ITEM ( 'NONE', ( #9819 ), #5058 ) ;
#11316 = DIRECTION ( 'NONE',  ( -1.000000000000000000, -4.081702296416016490E-16, 0.000000000000000000 ) ) ;
#11317 = CARTESIAN_POINT ( 'NONE',  ( 24.69636993908127565, 11.42999999999999972, 6.972106780694380390 ) ) ;
#11318 = DIRECTION ( 'NONE',  ( 4.081702296416016490E-16, -1.000000000000000000, 0.000000000000000000 ) ) ;
#11319 = ORIENTED_EDGE ( 'NONE', *, *, #7941, .F. ) ;
#11320 =( LENGTH_UNIT ( ) NAMED_UNIT ( * ) SI_UNIT ( .MILLI., .METRE. ) );
#11321 = ORIENTED_EDGE ( 'NONE', *, *, #6130, .T. ) ;
#11322 = B_SPLINE_CURVE_WITH_KNOTS ( 'NONE', 3,
 ( #4938, #11200, #409, #8063, #2476, #10125 ),
 .UNSPECIFIED., .F., .F.,
 ( 4, 2, 4 ),
 ( 0.000000000000000000, 0.0004158407347407179228, 0.0008316814694814358457 ),
 .UNSPECIFIED. ) ;
#11323 = DIRECTION ( 'NONE',  ( 0.000000000000000000, 0.000000000000000000, -1.000000000000000000 ) ) ;
#11324 = EDGE_CURVE ( 'NONE', #581, #6576, #3696, .T. ) ;
#11326 = CARTESIAN_POINT ( 'NONE',  ( 17.73652631578947592, 2.929999999999998384, 17.91499999999999915 ) ) ;
#11325 = STYLED_ITEM ( 'NONE', ( #92 ), #11510 ) ;
#11327 = VECTOR ( 'NONE', #8574, 1000.000000000000000 ) ;
#11328 = SURFACE_STYLE_FILL_AREA ( #3671 ) ;
#11329 = ORIENTED_EDGE ( 'NONE', *, *, #2270, .F. ) ;
#11330 = VECTOR ( 'NONE', #259, 1000.000000000000000 ) ;
#11331 = CARTESIAN_POINT ( 'NONE',  ( -14.45052631578947278, 2.929999999999998384, 17.91499999999999915 ) ) ;
#11332 = EDGE_CURVE ( 'NONE', #836, #7337, #11348, .T. ) ;
#11333 = CARTESIAN_POINT ( 'NONE',  ( 0.000000000000000000, 11.42999999999999972, 0.000000000000000000 ) ) ;
#11334 = FACE_OUTER_BOUND ( 'NONE', #6243, .T. ) ;
#11335 = FILL_AREA_STYLE ('',( #6414 ) ) ;
#11336 = ORIENTED_EDGE ( 'NONE', *, *, #4876, .F. ) ;
#11337 = SURFACE_STYLE_USAGE ( .BOTH. , #4492 ) ;
#11338 =( GEOMETRIC_REPRESENTATION_CONTEXT ( 3 ) GLOBAL_UNCERTAINTY_ASSIGNED_CONTEXT ( ( #1027 ) ) GLOBAL_UNIT_ASSIGNED_CONTEXT ( ( #3100, #2007, #5825 ) ) REPRESENTATION_CONTEXT ( 'NONE', 'WORKASPACE' ) );
#11339 = DIRECTION ( 'NONE',  ( 0.000000000000000000, 0.000000000000000000, 1.000000000000000000 ) ) ;
#11340 = EDGE_LOOP ( 'NONE', ( #12049, #11446, #3872, #5496 ) ) ;
#11341 = DIRECTION ( 'NONE',  ( 0.000000000000000000, 0.000000000000000000, 1.000000000000000000 ) ) ;
#11342 = AXIS2_PLACEMENT_3D ( 'NONE', #9759, #11840, #1030 ) ;
#11343 = FACE_OUTER_BOUND ( 'NONE', #2453, .T. ) ;
#11344 = CARTESIAN_POINT ( 'NONE',  ( -21.28695521877320829, 2.166372588293404178, 7.387946990942539927 ) ) ;
#11345 = LINE ( 'NONE', #7615, #9414 ) ;
#11346 = DIRECTION ( 'NONE',  ( 0.000000000000000000, 0.000000000000000000, -1.000000000000000000 ) ) ;
#11347 = EDGE_CURVE ( 'NONE', #2451, #3845, #9544, .T. ) ;
#11348 = LINE ( 'NONE', #682, #10293 ) ;
#11349 = CARTESIAN_POINT ( 'NONE',  ( 16.97452631578947546, 11.22289321881344826, -18.20789321881344236 ) ) ;
#11350 = COLOUR_RGB ( '',0.2509803921568627416, 0.2509803921568627416, 0.2509803921568627416 ) ;
#11351 = VERTEX_POINT ( 'NONE', #751 ) ;
#11352 = SURFACE_STYLE_USAGE ( .BOTH. , #7436 ) ;
#11353 = CARTESIAN_POINT ( 'NONE',  ( -5.257314271445031828, 11.42999999999999972, -18.41499999999999559 ) ) ;
#11354 = VERTEX_POINT ( 'NONE', #8466 ) ;
#11355 = DIRECTION ( 'NONE',  ( 0.000000000000000000, -1.000000000000000000, 0.000000000000000000 ) ) ;
#11356 = COLOUR_RGB ( '',0.2509803921568627416, 0.2509803921568627416, 0.2509803921568627416 ) ;
#11357 = CARTESIAN_POINT ( 'NONE',  ( -17.72021356188092867, 2.344499298387705544, -12.17921356188096382 ) ) ;
#11358 = ADVANCED_FACE ( 'NONE', ( #11478 ), #6430, .T. ) ;
#11359 =( NAMED_UNIT ( * ) SI_UNIT ( $, .STERADIAN. ) SOLID_ANGLE_UNIT ( ) );
#11360 = AXIS2_PLACEMENT_3D ( 'NONE', #12206, #9191, #433 ) ;
#11361 = DIRECTION ( 'NONE',  ( 4.081702296416016490E-16, -1.000000000000000000, 0.000000000000000000 ) ) ;
#11362 = CARTESIAN_POINT ( 'NONE',  ( -17.66138589973440887, 2.316312818198107415, 18.18359593886702896 ) ) ;
#11363 = ORIENTED_EDGE ( 'NONE', *, *, #9730, .F. ) ;
#11364 = STYLED_ITEM ( 'NONE', ( #9018 ), #9809 ) ;
#11365 = EDGE_LOOP ( 'NONE', ( #10486, #709, #4970, #6692 ) ) ;
#11366 = FILL_AREA_STYLE_COLOUR ( '', #626 ) ;
#11367 = VERTEX_POINT ( 'NONE', #11743 ) ;
#11368 = UNCERTAINTY_MEASURE_WITH_UNIT (LENGTH_MEASURE( 1.000000000000000082E-05 ), #12456, 'distance_accuracy_value', 'NONE');
#11369 = CARTESIAN_POINT ( 'NONE',  ( 16.00315789473683736, 11.42999999999999972, -18.41499999999999559 ) ) ;
#11370 = SURFACE_STYLE_USAGE ( .BOTH. , #8421 ) ;
#11371 = AXIS2_PLACEMENT_3D ( 'NONE', #6811, #4949, #11747 ) ;
#11372 = DIRECTION ( 'NONE',  ( 4.081702296416016490E-16, -1.000000000000000000, 0.000000000000000000 ) ) ;
#11373 = EDGE_LOOP ( 'NONE', ( #12479, #11853, #5456, #5370 ) ) ;
#11374 = AXIS2_PLACEMENT_3D ( 'NONE', #12060, #7354, #4314 ) ;
#11375 = FACE_OUTER_BOUND ( 'NONE', #7479, .T. ) ;
#11376 = SURFACE_STYLE_USAGE ( .BOTH. , #8621 ) ;
#11377 = EDGE_CURVE ( 'NONE', #1072, #9693, #2960, .T. ) ;
#11378 = CARTESIAN_POINT ( 'NONE',  ( 13.00778947368420901, 2.929999999999998384, 18.41499999999999915 ) ) ;
#11379 =( NAMED_UNIT ( * ) PLANE_ANGLE_UNIT ( ) SI_UNIT ( $, .RADIAN. ) );
#11380 = EDGE_LOOP ( 'NONE', ( #2867, #12368, #7039, #1739 ) ) ;
#11381 = CARTESIAN_POINT ( 'NONE',  ( 6.724159412765492227, 11.42999999999999972, 18.41499999999999915 ) ) ;
#11382 = CARTESIAN_POINT ( 'NONE',  ( -25.28732325865668429, 0.5000000000000000000, -17.59696088986110851 ) ) ;
#11383 = ORIENTED_EDGE ( 'NONE', *, *, #9161, .T. ) ;
#11384 =( BOUNDED_CURVE ( )  B_SPLINE_CURVE ( 3, ( #4125, #6091, #285, #2269 ),
 .UNSPECIFIED., .F., .F. ) 
 B_SPLINE_CURVE_WITH_KNOTS ( ( 4, 4 ),
 ( 3.141592653589799777, 4.712388980384689674 ),
 .UNSPECIFIED. ) 
 CURVE ( )  GEOMETRIC_REPRESENTATION_ITEM ( )  RATIONAL_B_SPLINE_CURVE ( ( 1.000000000000000000, 0.8047378541243666028, 0.8047378541243666028, 1.000000000000000000 ) ) 
 REPRESENTATION_ITEM ( '' )  );
#11385 =( NAMED_UNIT ( * ) PLANE_ANGLE_UNIT ( ) SI_UNIT ( $, .RADIAN. ) );
#11386 = AXIS2_PLACEMENT_3D ( 'NONE', #9976, #11791, #3035 ) ;
#11387 = FILL_AREA_STYLE_COLOUR ( '', #4085 ) ;
#11388 = DIRECTION ( 'NONE',  ( 0.000000000000000000, 0.000000000000000000, -1.000000000000000000 ) ) ;
#11389 = EDGE_CURVE ( 'NONE', #2491, #6312, #8724, .T. ) ;
#11390 = ORIENTED_EDGE ( 'NONE', *, *, #11086, .T. ) ;
#11391 = DIRECTION ( 'NONE',  ( -0.6360782202777641725, -0.000000000000000000, -0.7716245833877199978 ) ) ;
#11392 =( LENGTH_UNIT ( ) NAMED_UNIT ( * ) SI_UNIT ( .MILLI., .METRE. ) );
#11393 = CIRCLE ( 'NONE', #4252, 4.999999999999998224 ) ;
#11394 = UNCERTAINTY_MEASURE_WITH_UNIT (LENGTH_MEASURE( 1.000000000000000082E-05 ), #8774, 'distance_accuracy_value', 'NONE');
#11395 = UNCERTAINTY_MEASURE_WITH_UNIT (LENGTH_MEASURE( 1.000000000000000082E-05 ), #7309, 'distance_accuracy_value', 'NONE');
#11396 = CARTESIAN_POINT ( 'NONE',  ( 2.759684210526320403, 2.929999999999998384, 17.91499999999999915 ) ) ;
#11397 =( GEOMETRIC_REPRESENTATION_CONTEXT ( 3 ) GLOBAL_UNCERTAINTY_ASSIGNED_CONTEXT ( ( #1280 ) ) GLOBAL_UNIT_ASSIGNED_CONTEXT ( ( #8850, #2142, #6804 ) ) REPRESENTATION_CONTEXT ( 'NONE', 'WORKASPACE' ) );
#11398 = FACE_OUTER_BOUND ( 'NONE', #8235, .T. ) ;
#11399 = ORIENTED_EDGE ( 'NONE', *, *, #5995, .F. ) ;
#11400 = EDGE_CURVE ( 'NONE', #3543, #7848, #7020, .T. ) ;
#11401 = CARTESIAN_POINT ( 'NONE',  ( -6.988421052631570873, 2.929999999999998384, -17.91499999999999204 ) ) ;
#11402 = EDGE_CURVE ( 'NONE', #9378, #1598, #7617, .T. ) ;
#11403 = DIRECTION ( 'NONE',  ( 0.000000000000000000, 0.000000000000000000, 1.000000000000000000 ) ) ;
#11404 = CIRCLE ( 'NONE', #11829, 0.5000000000000004441 ) ;
#11405 = EDGE_LOOP ( 'NONE', ( #4937, #8330, #8475, #5684 ) ) ;
#11406 = DIRECTION ( 'NONE',  ( -0.000000000000000000, -0.000000000000000000, -1.000000000000000000 ) ) ;
#11407 = PRESENTATION_LAYER_ASSIGNMENT (  '', '', ( #1029 ) ) ;
#11408 =( GEOMETRIC_REPRESENTATION_CONTEXT ( 3 ) GLOBAL_UNCERTAINTY_ASSIGNED_CONTEXT ( ( #7015 ) ) GLOBAL_UNIT_ASSIGNED_CONTEXT ( ( #1175, #4810, #10871 ) ) REPRESENTATION_CONTEXT ( 'NONE', 'WORKASPACE' ) );
#11409 = ORIENTED_EDGE ( 'NONE', *, *, #10750, .T. ) ;
#11410 = FACE_OUTER_BOUND ( 'NONE', #2509, .T. ) ;
#11411 = CARTESIAN_POINT ( 'NONE',  ( -28.45599999999999596, -0.0009999999999992653654, -16.16328183851187816 ) ) ;
#11412 = TOROIDAL_SURFACE ( 'NONE', #2640, 5.499999999999998224, 0.5000000000000000000 ) ;
#11413 = SURFACE_SIDE_STYLE ('',( #7484 ) ) ;
#11414 = PRESENTATION_STYLE_ASSIGNMENT (( #749 ) ) ;
#11415 =( NAMED_UNIT ( * ) PLANE_ANGLE_UNIT ( ) SI_UNIT ( $, .RADIAN. ) );
#11416 =( GEOMETRIC_REPRESENTATION_CONTEXT ( 3 ) GLOBAL_UNCERTAINTY_ASSIGNED_CONTEXT ( ( #3906 ) ) GLOBAL_UNIT_ASSIGNED_CONTEXT ( ( #1343, #7261, #1397 ) ) REPRESENTATION_CONTEXT ( 'NONE', 'WORKASPACE' ) );
#11417 = AXIS2_PLACEMENT_3D ( 'NONE', #5951, #11923, #6022 ) ;
#11418 = LINE ( 'NONE', #8396, #6616 ) ;
#11419 = AXIS2_PLACEMENT_3D ( 'NONE', #994, #3626, #809 ) ;
#11420 = ORIENTED_EDGE ( 'NONE', *, *, #8806, .F. ) ;
#11421 = EDGE_CURVE ( 'NONE', #978, #6861, #6874, .T. ) ;
#11422 = DIRECTION ( 'NONE',  ( 0.000000000000000000, 0.000000000000000000, -1.000000000000000000 ) ) ;
#11423 = COLOUR_RGB ( '',0.2509803921568627416, 0.2509803921568627416, 0.2509803921568627416 ) ;
#11424 = LINE ( 'NONE', #11167, #2848 ) ;
#11425 = AXIS2_PLACEMENT_3D ( 'NONE', #5172, #8100, #10103 ) ;
#11426 = ORIENTED_EDGE ( 'NONE', *, *, #6193, .T. ) ;
#11427 =( NAMED_UNIT ( * ) PLANE_ANGLE_UNIT ( ) SI_UNIT ( $, .RADIAN. ) );
#11428 = CARTESIAN_POINT ( 'NONE',  ( -26.43199999999999861, 2.929999999999998384, 7.179213561880927408 ) ) ;
#11429 = CARTESIAN_POINT ( 'NONE',  ( 18.43712169024992775, 2.625773446057578564, 9.599024106303010839 ) ) ;
#11430 = SURFACE_STYLE_USAGE ( .BOTH. , #8541 ) ;
#11431 = SURFACE_SIDE_STYLE ('',( #3521 ) ) ;
#11432 = CARTESIAN_POINT ( 'NONE',  ( 19.96989473684210736, 10.92999999999999794, 8.003600270322777988 ) ) ;
#11433 = ORIENTED_EDGE ( 'NONE', *, *, #3589, .F. ) ;
#11434 = ORIENTED_EDGE ( 'NONE', *, *, #8865, .T. ) ;
#11435 = CYLINDRICAL_SURFACE ( 'NONE', #6412, 0.5000000000000004441 ) ;
#11436 = ORIENTED_EDGE ( 'NONE', *, *, #11824, .T. ) ;
#11437 =( NAMED_UNIT ( * ) SI_UNIT ( $, .STERADIAN. ) SOLID_ANGLE_UNIT ( ) );
#11438 = FILL_AREA_STYLE ('',( #776 ) ) ;
#11439 = FILL_AREA_STYLE_COLOUR ( '', #4872 ) ;
#11440 = ORIENTED_EDGE ( 'NONE', *, *, #591, .T. ) ;
#11441 = STYLED_ITEM ( 'NONE', ( #2773 ), #7300 ) ;
#11442 =( NAMED_UNIT ( * ) PLANE_ANGLE_UNIT ( ) SI_UNIT ( $, .RADIAN. ) );
#11443 = PRESENTATION_STYLE_ASSIGNMENT (( #5679 ) ) ;
#11444 = PRESENTATION_STYLE_ASSIGNMENT (( #3539 ) ) ;
#11445 = LINE ( 'NONE', #8497, #4993 ) ;
#11446 = ORIENTED_EDGE ( 'NONE', *, *, #10256, .F. ) ;
#11447 = CARTESIAN_POINT ( 'NONE',  ( 4.493052631578946077, 11.42999999999999972, -18.41499999999999559 ) ) ;
#11448 = VERTEX_POINT ( 'NONE', #7747 ) ;
#11449 = AXIS2_PLACEMENT_3D ( 'NONE', #6636, #7386, #5412 ) ;
#11450 =( NAMED_UNIT ( * ) SI_UNIT ( $, .STERADIAN. ) SOLID_ANGLE_UNIT ( ) );
#11451 = LINE ( 'NONE', #9391, #11003 ) ;
#11452 = FILL_AREA_STYLE ('',( #3317 ) ) ;
#11453 = EDGE_LOOP ( 'NONE', ( #10919, #7763, #2754, #4181 ) ) ;
#11454 = SURFACE_STYLE_FILL_AREA ( #5498 ) ;
#11455 = MECHANICAL_DESIGN_GEOMETRIC_PRESENTATION_REPRESENTATION (  '', ( #1051 ), #1253 ) ;
#11456 = UNCERTAINTY_MEASURE_WITH_UNIT (LENGTH_MEASURE( 1.000000000000000082E-05 ), #6480, 'distance_accuracy_value', 'NONE');
#11457 = COLOUR_RGB ( '',0.2509803921568627416, 0.2509803921568627416, 0.2509803921568627416 ) ;
#11458 = DIRECTION ( 'NONE',  ( 0.000000000000000000, 0.000000000000000000, 1.000000000000000000 ) ) ;
#11459 =( LENGTH_UNIT ( ) NAMED_UNIT ( * ) SI_UNIT ( .MILLI., .METRE. ) );
#11460 =( NAMED_UNIT ( * ) SI_UNIT ( $, .STERADIAN. ) SOLID_ANGLE_UNIT ( ) );
#11461 = VERTEX_POINT ( 'NONE', #5841 ) ;
#11462 = PRESENTATION_STYLE_ASSIGNMENT (( #11337 ) ) ;
#11463 =( BOUNDED_CURVE ( )  B_SPLINE_CURVE ( 3, ( #3463, #9315, #8357, #12287 ),
 .UNSPECIFIED., .F., .T. ) 
 B_SPLINE_CURVE_WITH_KNOTS ( ( 4, 4 ),
 ( 3.141592653589793116, 4.712388980384689674 ),
 .UNSPECIFIED. ) 
 CURVE ( )  GEOMETRIC_REPRESENTATION_ITEM ( )  RATIONAL_B_SPLINE_CURVE ( ( 1.000000000000000000, 0.8047378541243649375, 0.8047378541243649375, 1.000000000000000000 ) ) 
 REPRESENTATION_ITEM ( '' )  );
#11464 = FACE_OUTER_BOUND ( 'NONE', #899, .T. ) ;
#11465 = ORIENTED_EDGE ( 'NONE', *, *, #12031, .F. ) ;
#11466 =( NAMED_UNIT ( * ) SI_UNIT ( $, .STERADIAN. ) SOLID_ANGLE_UNIT ( ) );
#11467 = DIRECTION ( 'NONE',  ( 1.000000000000000000, 0.000000000000000000, 0.000000000000000000 ) ) ;
#11468 = AXIS2_PLACEMENT_3D ( 'NONE', #6389, #7456, #9326 ) ;
#11469 = SURFACE_SIDE_STYLE ('',( #1821 ) ) ;
#11470 = VERTEX_POINT ( 'NONE', #4064 ) ;
#11471 = ADVANCED_FACE ( 'NONE', ( #1125 ), #3376, .T. ) ;
#11472 = DIRECTION ( 'NONE',  ( -0.000000000000000000, -0.000000000000000000, -1.000000000000000000 ) ) ;
#11473 = B_SPLINE_CURVE_WITH_KNOTS ( 'NONE', 3,
 ( #9105, #5421, #7998, #4539, #1319, #6394 ),
 .UNSPECIFIED., .F., .F.,
 ( 4, 2, 4 ),
 ( 0.000000000000000000, 0.0004226364154725330020, 0.0008452728309450660039 ),
 .UNSPECIFIED. ) ;
#11474 = CARTESIAN_POINT ( 'NONE',  ( 12.50778947368420901, 10.92999999999999794, 17.91499999999999915 ) ) ;
#11475 = CARTESIAN_POINT ( 'NONE',  ( -5.257314271445031828, 11.42999999999999972, 18.41499999999999915 ) ) ;
#11476 = FILL_AREA_STYLE ('',( #2668 ) ) ;
#11477 =( GEOMETRIC_REPRESENTATION_CONTEXT ( 3 ) GLOBAL_UNCERTAINTY_ASSIGNED_CONTEXT ( ( #236 ) ) GLOBAL_UNIT_ASSIGNED_CONTEXT ( ( #5115, #9971, #1940 ) ) REPRESENTATION_CONTEXT ( 'NONE', 'WORKASPACE' ) );
#11478 = FACE_OUTER_BOUND ( 'NONE', #9484, .T. ) ;
#11479 = PLANE ( 'NONE',  #10372 ) ;
#11480 = SURFACE_SIDE_STYLE ('',( #4506 ) ) ;
#11481 = VERTEX_POINT ( 'NONE', #5900 ) ;
#11482 = PRESENTATION_LAYER_ASSIGNMENT (  '', '', ( #9832 ) ) ;
#11483 = CARTESIAN_POINT ( 'NONE',  ( 13.00778947368420901, 11.42999999999999972, 0.000000000000000000 ) ) ;
#11484 = EDGE_CURVE ( 'NONE', #744, #11956, #5714, .T. ) ;
#11485 = VECTOR ( 'NONE', #7888, 1000.000000000000000 ) ;
#11486 = ORIENTED_EDGE ( 'NONE', *, *, #50, .T. ) ;
#11487 = EDGE_CURVE ( 'NONE', #12481, #9878, #1114, .T. ) ;
#11488 = FACE_OUTER_BOUND ( 'NONE', #12437, .T. ) ;
#11489 = CARTESIAN_POINT ( 'NONE',  ( -1.497684210526314175, 11.43000000000001037, 18.41499999999999915 ) ) ;
#11490 = FILL_AREA_STYLE ('',( #9425 ) ) ;
#11491 =( GEOMETRIC_REPRESENTATION_CONTEXT ( 3 ) GLOBAL_UNCERTAINTY_ASSIGNED_CONTEXT ( ( #11137 ) ) GLOBAL_UNIT_ASSIGNED_CONTEXT ( ( #845, #8499, #10300 ) ) REPRESENTATION_CONTEXT ( 'NONE', 'WORKASPACE' ) );
#11492 = AXIS2_PLACEMENT_3D ( 'NONE', #5461, #11355, #2385 ) ;
#11493 = LINE ( 'NONE', #1844, #5567 ) ;
#11494 = LINE ( 'NONE', #1846, #8816 ) ;
#11495 = DIRECTION ( 'NONE',  ( -0.7716245833877181104, 0.000000000000000000, -0.6360782202777660599 ) ) ;
#11496 = ORIENTED_EDGE ( 'NONE', *, *, #8557, .T. ) ;
#11497 = SURFACE_STYLE_FILL_AREA ( #3712 ) ;
#11498 = ORIENTED_EDGE ( 'NONE', *, *, #7766, .T. ) ;
#11499 = PRESENTATION_STYLE_ASSIGNMENT (( #1653 ) ) ;
#11500 = ORIENTED_EDGE ( 'NONE', *, *, #9930, .F. ) ;
#11501 = PLANE ( 'NONE',  #1108 ) ;
#11502 = UNCERTAINTY_MEASURE_WITH_UNIT (LENGTH_MEASURE( 1.000000000000000082E-05 ), #1445, 'distance_accuracy_value', 'NONE');
#11503 = COLOUR_RGB ( '',0.2509803921568627416, 0.2509803921568627416, 0.2509803921568627416 ) ;
#11504 = AXIS2_PLACEMENT_3D ( 'NONE', #12515, #1634, #7429 ) ;
#11505 = COLOUR_RGB ( '',0.2509803921568627416, 0.2509803921568627416, 0.2509803921568627416 ) ;
#11506 = SURFACE_SIDE_STYLE ('',( #7579 ) ) ;
#11507 = ORIENTED_EDGE ( 'NONE', *, *, #4143, .T. ) ;
#11508 = FACE_OUTER_BOUND ( 'NONE', #9636, .T. ) ;
#11509 = SURFACE_STYLE_USAGE ( .BOTH. , #7584 ) ;
#11510 = ADVANCED_FACE ( 'NONE', ( #8849 ), #1058, .T. ) ;
#11511 = DIRECTION ( 'NONE',  ( 0.000000000000000000, -1.000000000000000000, 0.000000000000000000 ) ) ;
#11512 = FACE_OUTER_BOUND ( 'NONE', #8506, .T. ) ;
#11513 = AXIS2_PLACEMENT_3D ( 'NONE', #12475, #7633, #11495 ) ;
#11514 = AXIS2_PLACEMENT_3D ( 'NONE', #4079, #2940, #35 ) ;
#11515 = ORIENTED_EDGE ( 'NONE', *, *, #5971, .F. ) ;
#11516 = MECHANICAL_DESIGN_GEOMETRIC_PRESENTATION_REPRESENTATION (  '', ( #9651 ), #71 ) ;
#11517 = DIRECTION ( 'NONE',  ( 0.000000000000000000, 0.000000000000000000, -1.000000000000000000 ) ) ;
#11518 = ORIENTED_EDGE ( 'NONE', *, *, #4947, .F. ) ;
#11519 = LINE ( 'NONE', #6653, #1638 ) ;
#11520 = SURFACE_STYLE_USAGE ( .BOTH. , #10550 ) ;
#11521 = CARTESIAN_POINT ( 'NONE',  ( 25.46063157894736761, 11.42999999999999972, 6.679213561880927408 ) ) ;
#11522 = ORIENTED_EDGE ( 'NONE', *, *, #1362, .T. ) ;
#11523 = AXIS2_PLACEMENT_3D ( 'NONE', #11278, #9483, #2735 ) ;
#11524 = CIRCLE ( 'NONE', #11948, 0.5000000000000004441 ) ;
#11525 = PRESENTATION_LAYER_ASSIGNMENT (  '', '', ( #9871 ) ) ;
#11526 = UNCERTAINTY_MEASURE_WITH_UNIT (LENGTH_MEASURE( 1.000000000000000082E-05 ), #828, 'distance_accuracy_value', 'NONE');
#11527 = AXIS2_PLACEMENT_3D ( 'NONE', #3870, #867, #5639 ) ;
#11528 = CYLINDRICAL_SURFACE ( 'NONE', #5178, 0.5000000000000004441 ) ;
#11529 = FILL_AREA_STYLE_COLOUR ( '', #757 ) ;
#11530 = EDGE_CURVE ( 'NONE', #10780, #2650, #1731, .T. ) ;
#11531 = CARTESIAN_POINT ( 'NONE',  ( 16.47452631578947546, 11.43000000000001748, -17.91499999999999204 ) ) ;
#11532 = ORIENTED_EDGE ( 'NONE', *, *, #7268, .T. ) ;
#11533 = CARTESIAN_POINT ( 'NONE',  ( -19.46989473684210381, 11.42999999999999972, 7.742387270983545733 ) ) ;
#11534 =( NAMED_UNIT ( * ) PLANE_ANGLE_UNIT ( ) SI_UNIT ( $, .RADIAN. ) );
#11535 = PRESENTATION_LAYER_ASSIGNMENT (  '', '', ( #7625 ) ) ;
#11536 = VERTEX_POINT ( 'NONE', #11249 ) ;
#11537 = VECTOR ( 'NONE', #9899, 1000.000000000000000 ) ;
#11538 = CIRCLE ( 'NONE', #11114, 0.5000000000000004441 ) ;
#11539 = LINE ( 'NONE', #5706, #359 ) ;
#11540 = CARTESIAN_POINT ( 'NONE',  ( 25.28732325865668429, -0.0009999999999992653654, -17.59696088986110851 ) ) ;
#11541 = ORIENTED_EDGE ( 'NONE', *, *, #8896, .T. ) ;
#11542 = CARTESIAN_POINT ( 'NONE',  ( 22.01123368217812981, 0.000000000000000000, -14.40881328482983825 ) ) ;
#11543 = SURFACE_STYLE_USAGE ( .BOTH. , #12509 ) ;
#11544 = CARTESIAN_POINT ( 'NONE',  ( 28.74889321881345694, 1.777999999999998026, -7.179213561880925631 ) ) ;
#11545 = LINE ( 'NONE', #12513, #7259 ) ;
#11546 = MECHANICAL_DESIGN_GEOMETRIC_PRESENTATION_REPRESENTATION (  '', ( #4395 ), #6024 ) ;
#11547 = EDGE_CURVE ( 'NONE', #9453, #5814, #3580, .T. ) ;
#11549 = AXIS2_PLACEMENT_3D ( 'NONE', #3093, #8943, #5817 ) ;
#11548 = PRESENTATION_STYLE_ASSIGNMENT (( #7485 ) ) ;
#11550 = LINE ( 'NONE', #9415, #11103 ) ;
#11551 = EDGE_CURVE ( 'NONE', #7185, #7188, #6157, .T. ) ;
#11552 = CARTESIAN_POINT ( 'NONE',  ( 18.45849114429432802, 2.678628170038890755, -9.564145442632620231 ) ) ;
#11553 = ORIENTED_EDGE ( 'NONE', *, *, #5773, .T. ) ;
#11554 = PRESENTATION_LAYER_ASSIGNMENT (  '', '', ( #6031 ) ) ;
#11555 =( LENGTH_UNIT ( ) NAMED_UNIT ( * ) SI_UNIT ( .MILLI., .METRE. ) );
#11556 = DIRECTION ( 'NONE',  ( 0.000000000000000000, -1.000000000000000000, 0.000000000000000000 ) ) ;
#11557 =( NAMED_UNIT ( * ) SI_UNIT ( $, .STERADIAN. ) SOLID_ANGLE_UNIT ( ) );
#11558 = ORIENTED_EDGE ( 'NONE', *, *, #12482, .F. ) ;
#11559 = EDGE_CURVE ( 'NONE', #10381, #4290, #7109, .T. ) ;
#11560 = FACE_OUTER_BOUND ( 'NONE', #6063, .T. ) ;
#11561 = FILL_AREA_STYLE_COLOUR ( '', #10060 ) ;
#11562 = DIRECTION ( 'NONE',  ( 0.000000000000000000, 0.000000000000000000, -1.000000000000000000 ) ) ;
#11563 = VECTOR ( 'NONE', #2363, 1000.000000000000000 ) ;
#11564 = VECTOR ( 'NONE', #318, 1000.000000000000000 ) ;
#11565 = EDGE_CURVE ( 'NONE', #12664, #8596, #588, .T. ) ;
#11566 = CARTESIAN_POINT ( 'NONE',  ( 0.000000000000000000, 11.42999999999999972, 0.000000000000000000 ) ) ;
#11567 = SURFACE_STYLE_FILL_AREA ( #5664 ) ;
#11568 = ORIENTED_EDGE ( 'NONE', *, *, #2192, .F. ) ;
#11569 = EDGE_CURVE ( 'NONE', #6603, #1017, #3784, .T. ) ;
#11570 = FILL_AREA_STYLE ('',( #223 ) ) ;
#11571 = ORIENTED_EDGE ( 'NONE', *, *, #5815, .T. ) ;
#11572 = CARTESIAN_POINT ( 'NONE',  ( -28.07018770830613619, 0.5000000000000000000, -15.98132094865076169 ) ) ;
#11573 = CARTESIAN_POINT ( 'NONE',  ( 4.493052631578946077, 11.43000000000001393, -17.91499999999999204 ) ) ;
#11574 = ORIENTED_EDGE ( 'NONE', *, *, #8946, .T. ) ;
#11575 = MECHANICAL_DESIGN_GEOMETRIC_PRESENTATION_REPRESENTATION (  '', ( #1569 ), #762 ) ;
#11576 = DIRECTION ( 'NONE',  ( 0.000000000000000000, 0.000000000000000000, -1.000000000000000000 ) ) ;
#11577 = SURFACE_STYLE_USAGE ( .BOTH. , #9813 ) ;
#11578 = EDGE_LOOP ( 'NONE', ( #2717, #7455, #2641, #9027 ) ) ;
#11579 = CARTESIAN_POINT ( 'NONE',  ( 0.000000000000000000, 11.42999999999999972, 0.000000000000000000 ) ) ;
#11580 = TOROIDAL_SURFACE ( 'NONE', #5526, 1.261999999999997124, 0.5000000000000000000 ) ;
#11581 = SURFACE_STYLE_USAGE ( .BOTH. , #3724 ) ;
#11582 = CARTESIAN_POINT ( 'NONE',  ( -12.97915789473683823, 11.42999999999999972, -17.91499999999999204 ) ) ;
#11583 = TOROIDAL_SURFACE ( 'NONE', #9721, 1.261999999999997124, 0.5000000000000000000 ) ;
#11584 = ORIENTED_EDGE ( 'NONE', *, *, #913, .T. ) ;
#11585 = DIRECTION ( 'NONE',  ( -4.081702296416016490E-16, 1.000000000000000000, -0.000000000000000000 ) ) ;
#11586 =( LENGTH_UNIT ( ) NAMED_UNIT ( * ) SI_UNIT ( .MILLI., .METRE. ) );
#11587 = EDGE_LOOP ( 'NONE', ( #1892, #3594, #7570, #7312 ) ) ;
#11588 = DIRECTION ( 'NONE',  ( -4.081702296416016490E-16, 1.000000000000000000, -0.000000000000000000 ) ) ;
#11589 = CARTESIAN_POINT ( 'NONE',  ( -21.28695521877320829, 2.166372588293404178, -7.387946990942539927 ) ) ;
#11590 = EDGE_CURVE ( 'NONE', #455, #8867, #718, .T. ) ;
#11591 = CARTESIAN_POINT ( 'NONE',  ( -24.90151096696282806, 0.000000000000000000, 18.41499999999999915 ) ) ;
#11592 = ORIENTED_EDGE ( 'NONE', *, *, #10035, .F. ) ;
#11593 = PLANE ( 'NONE',  #10104 ) ;
#11594 = SURFACE_SIDE_STYLE ('',( #7661 ) ) ;
#11595 = COLOUR_RGB ( '',0.2509803921568627416, 0.2509803921568627416, 0.2509803921568627416 ) ;
#11596 = DIRECTION ( 'NONE',  ( -1.000000000000000000, 0.000000000000000000, 0.000000000000000000 ) ) ;
#11597 = DIRECTION ( 'NONE',  ( 0.000000000000000000, 1.000000000000000000, -0.000000000000000000 ) ) ;
#11598 = VECTOR ( 'NONE', #967, 1000.000000000000000 ) ;
#11599 = SURFACE_STYLE_USAGE ( .BOTH. , #668 ) ;
#11600 = ORIENTED_EDGE ( 'NONE', *, *, #9905, .T. ) ;
#11601 = FILL_AREA_STYLE_COLOUR ( '', #2428 ) ;
#11602 = EDGE_CURVE ( 'NONE', #304, #303, #11473, .T. ) ;
#11603 = AXIS2_PLACEMENT_3D ( 'NONE', #8023, #1022, #4899 ) ;
#11604 = ORIENTED_EDGE ( 'NONE', *, *, #1491, .T. ) ;
#11605 = CARTESIAN_POINT ( 'NONE',  ( 18.49852631578947282, 10.92999999999999794, -18.41499999999999915 ) ) ;
#11606 = CIRCLE ( 'NONE', #5072, 1.261999999999995792 ) ;
#11607 = CARTESIAN_POINT ( 'NONE',  ( -4.964421052631579734, 11.42999999999999972, 18.41499999999999915 ) ) ;
#11608 = PRESENTATION_STYLE_ASSIGNMENT (( #8657 ) ) ;
#11609 = FACE_OUTER_BOUND ( 'NONE', #9155, .T. ) ;
#11610 = STYLED_ITEM ( 'NONE', ( #9377 ), #1785 ) ;
#11611 = DIRECTION ( 'NONE',  ( 0.000000000000000000, -1.000000000000000000, 0.000000000000000000 ) ) ;
#11612 = CARTESIAN_POINT ( 'NONE',  ( -20.44126315789473480, 11.42999999999999972, -18.41499999999999915 ) ) ;
#11613 = DIRECTION ( 'NONE',  ( 4.081702296416016490E-16, -1.000000000000000000, 0.000000000000000000 ) ) ;
#11614 = PRESENTATION_LAYER_ASSIGNMENT (  '', '', ( #7496 ) ) ;
#11615 = ORIENTED_EDGE ( 'NONE', *, *, #11709, .F. ) ;
#11616 =( NAMED_UNIT ( * ) PLANE_ANGLE_UNIT ( ) SI_UNIT ( $, .RADIAN. ) );
#11617 = PRESENTATION_LAYER_ASSIGNMENT (  '', '', ( #6507 ) ) ;
#11618 = CARTESIAN_POINT ( 'NONE',  ( 17.72021356188092867, 2.168174630207213127, -12.17921356188096382 ) ) ;
#11619 =( BOUNDED_CURVE ( )  B_SPLINE_CURVE ( 3, ( #3692, #11475, #871, #2730 ),
 .UNSPECIFIED., .F., .T. ) 
 B_SPLINE_CURVE_WITH_KNOTS ( ( 4, 4 ),
 ( 0.000000000000000000, 1.570796326794896558 ),
 .UNSPECIFIED. ) 
 CURVE ( )  GEOMETRIC_REPRESENTATION_ITEM ( )  RATIONAL_B_SPLINE_CURVE ( ( 1.000000000000000000, 0.8047378541243649375, 0.8047378541243649375, 1.000000000000000000 ) ) 
 REPRESENTATION_ITEM ( '' )  );
#11620 = SURFACE_STYLE_FILL_AREA ( #1007 ) ;
#11621 = ORIENTED_EDGE ( 'NONE', *, *, #6308, .T. ) ;
#11623 = ADVANCED_FACE ( 'NONE', ( #5201 ), #9932, .F. ) ;
#11622 = CARTESIAN_POINT ( 'NONE',  ( -18.96989473684210026, 10.92999999999999794, -8.872385971794111370 ) ) ;
#11624 = CARTESIAN_POINT ( 'NONE',  ( 18.99852631578947282, 11.42999999999999972, -8.129640245804257148 ) ) ;
#11625 = CARTESIAN_POINT ( 'NONE',  ( 21.10239247408668817, 2.233085622495479150, -7.445574536904139507 ) ) ;
#11626 = CIRCLE ( 'NONE', #3871, 2.087500000000002576 ) ;
#11627 = AXIS2_PLACEMENT_3D ( 'NONE', #6862, #11730, #8714 ) ;
#11628 = VECTOR ( 'NONE', #9866, 1000.000000000000000 ) ;
#11629 = LINE ( 'NONE', #2683, #9447 ) ;
#11630 = VERTEX_POINT ( 'NONE', #7050 ) ;
#11631 = FILL_AREA_STYLE ('',( #12660 ) ) ;
#11632 = VERTEX_POINT ( 'NONE', #6463 ) ;
#11633 = AXIS2_PLACEMENT_3D ( 'NONE', #7989, #1241, #12173 ) ;
#11634 = CARTESIAN_POINT ( 'NONE',  ( 11.74578947368421211, 2.929999999999998384, -17.91499999999999204 ) ) ;
#11635 = COLOUR_RGB ( '',0.2509803921568627416, 0.2509803921568627416, 0.2509803921568627416 ) ;
#11636 = SURFACE_STYLE_FILL_AREA ( #12605 ) ;
#11637 = EDGE_CURVE ( 'NONE', #6902, #5154, #91, .T. ) ;
#11638 = EDGE_LOOP ( 'NONE', ( #5367, #3401, #2524, #1981 ) ) ;
#11639 =( NAMED_UNIT ( * ) PLANE_ANGLE_UNIT ( ) SI_UNIT ( $, .RADIAN. ) );
#11640 = CARTESIAN_POINT ( 'NONE',  ( 13.97915789473684534, 2.929999999999998384, 17.91499999999999915 ) ) ;
#11641 = EDGE_LOOP ( 'NONE', ( #9363, #7641, #8649, #9753 ) ) ;
#11642 = EDGE_CURVE ( 'NONE', #3763, #10938, #3387, .T. ) ;
#11643 = CARTESIAN_POINT ( 'NONE',  ( 20.33750591723046597, 2.250035754816157585, 7.780547559569715332 ) ) ;
#11644 = VECTOR ( 'NONE', #11847, 1000.000000000000000 ) ;
#11645 = DIRECTION ( 'NONE',  ( 1.000000000000000000, 0.000000000000000000, 0.000000000000000000 ) ) ;
#11646 = FACE_OUTER_BOUND ( 'NONE', #7205, .T. ) ;
#11647 = VERTEX_POINT ( 'NONE', #2768 ) ;
#11648 = CARTESIAN_POINT ( 'NONE',  ( -16.47452631578946480, 2.929999999999998384, 18.41499999999999915 ) ) ;
#11649 = FILL_AREA_STYLE ('',( #10732 ) ) ;
#11650 = ORIENTED_EDGE ( 'NONE', *, *, #7240, .F. ) ;
#11651 = CARTESIAN_POINT ( 'NONE',  ( -21.96526315789472505, 2.929999999999998384, -7.236537172765303616 ) ) ;
#11652 = VECTOR ( 'NONE', #5816, 1000.000000000000000 ) ;
#11653 = DIRECTION ( 'NONE',  ( -1.000000000000000000, -4.081702296416016490E-16, 0.000000000000000000 ) ) ;
#11654 = AXIS2_PLACEMENT_3D ( 'NONE', #11854, #10802, #6912 ) ;
#11655 = SURFACE_SIDE_STYLE ('',( #131 ) ) ;
#11656 = VECTOR ( 'NONE', #2318, 1000.000000000000000 ) ;
#11657 = ORIENTED_EDGE ( 'NONE', *, *, #1362, .F. ) ;
#11658 = EDGE_CURVE ( 'NONE', #8563, #3743, #11445, .T. ) ;
#11659 = SURFACE_STYLE_USAGE ( .BOTH. , #8570 ) ;
#11660 = CARTESIAN_POINT ( 'NONE',  ( 14.74115789473684224, 2.929999999999998384, 17.91499999999999915 ) ) ;
#11661 = PRESENTATION_STYLE_ASSIGNMENT (( #6722 ) ) ;
#11662 = SURFACE_STYLE_FILL_AREA ( #1884 ) ;
#11663 = ORIENTED_EDGE ( 'NONE', *, *, #8470, .T. ) ;
#11664 = ADVANCED_FACE ( 'NONE', ( #6706 ), #10542, .T. ) ;
#11665 = LINE ( 'NONE', #9984, #4076 ) ;
#11666 = VERTEX_POINT ( 'NONE', #5683 ) ;
#11667 = CARTESIAN_POINT ( 'NONE',  ( -23.43663157894736671, 10.92999999999999794, -18.41499999999999915 ) ) ;
#11668 =( NAMED_UNIT ( * ) SI_UNIT ( $, .STERADIAN. ) SOLID_ANGLE_UNIT ( ) );
#11670 = ORIENTED_EDGE ( 'NONE', *, *, #3681, .T. ) ;
#11669 = PRESENTATION_LAYER_ASSIGNMENT (  '', '', ( #4504 ) ) ;
#11671 = SURFACE_STYLE_FILL_AREA ( #3873 ) ;
#11672 = PRESENTATION_LAYER_ASSIGNMENT (  '', '', ( #2277 ) ) ;
#11673 = CARTESIAN_POINT ( 'NONE',  ( 12.50778947368420901, 11.42999999999999972, -18.41499999999999915 ) ) ;
#11674 = LINE ( 'NONE', #4003, #6260 ) ;
#11675 = COLOUR_RGB ( '',0.2509803921568627416, 0.2509803921568627416, 0.2509803921568627416 ) ;
#11676 = CARTESIAN_POINT ( 'NONE',  ( -11.45515789473683910, 11.22289321881345536, 18.20789321881345302 ) ) ;
#11677 = DIRECTION ( 'NONE',  ( -1.000000000000000000, -4.081702296416016490E-16, 0.000000000000000000 ) ) ;
#11678 =( GEOMETRIC_REPRESENTATION_CONTEXT ( 3 ) GLOBAL_UNCERTAINTY_ASSIGNED_CONTEXT ( ( #5981 ) ) GLOBAL_UNIT_ASSIGNED_CONTEXT ( ( #5143, #3316, #2358 ) ) REPRESENTATION_CONTEXT ( 'NONE', 'WORKASPACE' ) );
#11679 = VECTOR ( 'NONE', #5514, 1000.000000000000000 ) ;
#11680 = VERTEX_POINT ( 'NONE', #9632 ) ;
#11681 = CARTESIAN_POINT ( 'NONE',  ( -11.45515789473684087, 11.42999999999999972, -18.41499999999999915 ) ) ;
#11682 = VECTOR ( 'NONE', #232, 999.9999999999998863 ) ;
#11683 = DIRECTION ( 'NONE',  ( -0.000000000000000000, -0.000000000000000000, 1.000000000000000000 ) ) ;
#11684 = CIRCLE ( 'NONE', #6570, 1.261999999999997568 ) ;
#11685 = SURFACE_STYLE_USAGE ( .BOTH. , #4886 ) ;
#11686 = CARTESIAN_POINT ( 'NONE',  ( -28.45599999999999952, 1.778000000000000025, -7.179213561880927408 ) ) ;
#11687 = CIRCLE ( 'NONE', #12096, 1.261999999999995792 ) ;
#11688 = DIRECTION ( 'NONE',  ( 0.000000000000000000, 1.000000000000000000, 0.000000000000000000 ) ) ;
#11689 = CYLINDRICAL_SURFACE ( 'NONE', #331, 0.5000000000000004441 ) ;
#11690 = EDGE_CURVE ( 'NONE', #9718, #6902, #7229, .T. ) ;
#11691 = FILL_AREA_STYLE_COLOUR ( '', #10849 ) ;
#11692 = VERTEX_POINT ( 'NONE', #843 ) ;
#11693 = ORIENTED_EDGE ( 'NONE', *, *, #6134, .F. ) ;
#11694 = DIRECTION ( 'NONE',  ( -0.000000000000000000, -0.000000000000000000, 1.000000000000000000 ) ) ;
#11695 = VERTEX_POINT ( 'NONE', #4725 ) ;
#11696 = DIRECTION ( 'NONE',  ( 1.000000000000000000, 0.000000000000000000, 0.000000000000000000 ) ) ;
#11697 = DIRECTION ( 'NONE',  ( -0.000000000000000000, -0.000000000000000000, 1.000000000000000000 ) ) ;
#11698 =( LENGTH_UNIT ( ) NAMED_UNIT ( * ) SI_UNIT ( .MILLI., .METRE. ) );
#11699 = EDGE_LOOP ( 'NONE', ( #6682, #3647, #3426, #3523 ) ) ;
#11700 =( NAMED_UNIT ( * ) PLANE_ANGLE_UNIT ( ) SI_UNIT ( $, .RADIAN. ) );
#11701 = FILL_AREA_STYLE ('',( #3901 ) ) ;
#11702 = MECHANICAL_DESIGN_GEOMETRIC_PRESENTATION_REPRESENTATION (  '', ( #9840 ), #11491 ) ;
#11703 = CARTESIAN_POINT ( 'NONE',  ( -28.95599999999999596, 11.42999999999999972, -18.41499999999999559 ) ) ;
#11704 = MECHANICAL_DESIGN_GEOMETRIC_PRESENTATION_REPRESENTATION (  '', ( #6591 ), #7189 ) ;
#11705 =( NAMED_UNIT ( * ) PLANE_ANGLE_UNIT ( ) SI_UNIT ( $, .RADIAN. ) );
#11706 = LINE ( 'NONE', #11842, #6608 ) ;
#11707 = ORIENTED_EDGE ( 'NONE', *, *, #4189, .T. ) ;
#11708 = CARTESIAN_POINT ( 'NONE',  ( 13.47915789473683823, 11.42999999999999972, -18.41499999999999559 ) ) ;
#11709 = EDGE_CURVE ( 'NONE', #11354, #9008, #2635, .T. ) ;
#11710 = CARTESIAN_POINT ( 'NONE',  ( -25.40151096696282096, 1.777999999999999581, 18.20789321881345302 ) ) ;
#11711 = ORIENTED_EDGE ( 'NONE', *, *, #11884, .F. ) ;
#11712 =( GEOMETRIC_REPRESENTATION_CONTEXT ( 3 ) GLOBAL_UNCERTAINTY_ASSIGNED_CONTEXT ( ( #539 ) ) GLOBAL_UNIT_ASSIGNED_CONTEXT ( ( #4975, #11705, #9895 ) ) REPRESENTATION_CONTEXT ( 'NONE', 'WORKASPACE' ) );
#11713 = COLOUR_RGB ( '',0.2509803921568627416, 0.2509803921568627416, 0.2509803921568627416 ) ;
#11714 = CIRCLE ( 'NONE', #7804, 0.5000000000000004441 ) ;
#11715 = CARTESIAN_POINT ( 'NONE',  ( -22.39704597387198959, -0.0009999999999992653654, -14.09077417469095295 ) ) ;
#11716 = FILL_AREA_STYLE_COLOUR ( '', #8671 ) ;
#11717 = UNCERTAINTY_MEASURE_WITH_UNIT (LENGTH_MEASURE( 1.000000000000000082E-05 ), #9190, 'distance_accuracy_value', 'NONE');
#11718 = CARTESIAN_POINT ( 'NONE',  ( -28.95599999999999596, -4.235164736271501695E-19, -15.66328183851187994 ) ) ;
#11719 = CARTESIAN_POINT ( 'NONE',  ( -0.9976842105263138416, 11.42999999999999972, -17.91499999999999204 ) ) ;
#11720 = ORIENTED_EDGE ( 'NONE', *, *, #11590, .F. ) ;
#11721 =( GEOMETRIC_REPRESENTATION_CONTEXT ( 3 ) GLOBAL_UNCERTAINTY_ASSIGNED_CONTEXT ( ( #664 ) ) GLOBAL_UNIT_ASSIGNED_CONTEXT ( ( #6691, #5726, #8608 ) ) REPRESENTATION_CONTEXT ( 'NONE', 'WORKASPACE' ) );
#11722 =( NAMED_UNIT ( * ) PLANE_ANGLE_UNIT ( ) SI_UNIT ( $, .RADIAN. ) );
#11723 = PRESENTATION_LAYER_ASSIGNMENT (  '', '', ( #2747 ) ) ;
#11724 = CARTESIAN_POINT ( 'NONE',  ( 16.47452631578948257, 2.929999999999998384, -18.41499999999999559 ) ) ;
#11725 = STYLED_ITEM ( 'NONE', ( #12246 ), #8981 ) ;
#11726 = FILL_AREA_STYLE_COLOUR ( '', #8911 ) ;
#11727 = ORIENTED_EDGE ( 'NONE', *, *, #2993, .T. ) ;
#11728 = CARTESIAN_POINT ( 'NONE',  ( 28.95599999999999596, 1.277999999999999581, 15.66328183851187994 ) ) ;
#11729 = EDGE_CURVE ( 'NONE', #8803, #8419, #12431, .T. ) ;
#11730 = DIRECTION ( 'NONE',  ( 0.000000000000000000, 0.000000000000000000, -1.000000000000000000 ) ) ;
#11731 = ORIENTED_EDGE ( 'NONE', *, *, #5613, .F. ) ;
#11732 = VECTOR ( 'NONE', #1518, 1000.000000000000000 ) ;
#11734 = FILL_AREA_STYLE_COLOUR ( '', #11423 ) ;
#11733 =( GEOMETRIC_REPRESENTATION_CONTEXT ( 3 ) GLOBAL_UNCERTAINTY_ASSIGNED_CONTEXT ( ( #11395 ) ) GLOBAL_UNIT_ASSIGNED_CONTEXT ( ( #7309, #12125, #12198 ) ) REPRESENTATION_CONTEXT ( 'NONE', 'WORKASPACE' ) );
#11735 = CIRCLE ( 'NONE', #6204, 0.5000000000000004441 ) ;
#11736 = ORIENTED_EDGE ( 'NONE', *, *, #7041, .F. ) ;
#11737 = VECTOR ( 'NONE', #8304, 1000.000000000000000 ) ;
#11738 = AXIS2_PLACEMENT_3D ( 'NONE', #5986, #9883, #3807 ) ;
#11739 = EDGE_CURVE ( 'NONE', #11632, #4717, #10607, .T. ) ;
#11740 = DIRECTION ( 'NONE',  ( 4.081702296416016490E-16, -1.000000000000000000, 0.000000000000000000 ) ) ;
#11741 = COLOUR_RGB ( '',0.2509803921568627416, 0.2509803921568627416, 0.2509803921568627416 ) ;
#11742 = AXIS2_PLACEMENT_3D ( 'NONE', #10950, #6585, #9514 ) ;
#11743 = CARTESIAN_POINT ( 'NONE',  ( -25.21955007710170449, -0.000000000000000000, -18.30081229169384827 ) ) ;
#11744 =( GEOMETRIC_REPRESENTATION_CONTEXT ( 3 ) GLOBAL_UNCERTAINTY_ASSIGNED_CONTEXT ( ( #8420 ) ) GLOBAL_UNIT_ASSIGNED_CONTEXT ( ( #279, #2135, #11930 ) ) REPRESENTATION_CONTEXT ( 'NONE', 'WORKASPACE' ) );
#11745 = CARTESIAN_POINT ( 'NONE',  ( 17.72021356188092867, 2.168174630207213127, 17.91499999999999915 ) ) ;
#11746 = DIRECTION ( 'NONE',  ( 1.000000000000000000, 0.000000000000000000, 0.000000000000000000 ) ) ;
#11747 = DIRECTION ( 'NONE',  ( -1.000000000000000000, 0.000000000000000000, 0.000000000000000000 ) ) ;
#11748 = AXIS2_PLACEMENT_3D ( 'NONE', #3864, #1752, #4615 ) ;
#11749 = EDGE_CURVE ( 'NONE', #11956, #3136, #3788, .T. ) ;
#11750 = SURFACE_STYLE_FILL_AREA ( #4826 ) ;
#11751 = ORIENTED_EDGE ( 'NONE', *, *, #2988, .T. ) ;
#11752 = FILL_AREA_STYLE ('',( #5908 ) ) ;
#11753 =( GEOMETRIC_REPRESENTATION_CONTEXT ( 3 ) GLOBAL_UNCERTAINTY_ASSIGNED_CONTEXT ( ( #2014 ) ) GLOBAL_UNIT_ASSIGNED_CONTEXT ( ( #7146, #4164, #2399 ) ) REPRESENTATION_CONTEXT ( 'NONE', 'WORKASPACE' ) );
#11754 = LINE ( 'NONE', #6993, #9630 ) ;
#11755 = CARTESIAN_POINT ( 'NONE',  ( 27.98463157894736497, 11.42999999999999972, 0.000000000000000000 ) ) ;
#11756 = CARTESIAN_POINT ( 'NONE',  ( -22.72021356188092511, 10.92999999999999794, 12.17921356188092652 ) ) ;
#11757 = FACE_OUTER_BOUND ( 'NONE', #1506, .T. ) ;
#11758 = DIRECTION ( 'NONE',  ( 0.000000000000000000, -1.000000000000000000, 0.000000000000000000 ) ) ;
#11759 =( NAMED_UNIT ( * ) SI_UNIT ( $, .STERADIAN. ) SOLID_ANGLE_UNIT ( ) );
#11760 = EDGE_LOOP ( 'NONE', ( #9299, #44, #8487, #8166 ) ) ;
#11761 = TOROIDAL_SURFACE ( 'NONE', #12171, 1.261999999999997124, 0.5000000000000000000 ) ;
#11762 = EDGE_LOOP ( 'NONE', ( #6950, #3452, #1604, #12295 ) ) ;
#11763 = SURFACE_STYLE_USAGE ( .BOTH. , #1142 ) ;
#11764 = DIRECTION ( 'NONE',  ( 0.000000000000000000, 0.000000000000000000, 1.000000000000000000 ) ) ;
#11765 = ORIENTED_EDGE ( 'NONE', *, *, #11690, .F. ) ;
#11766 = CARTESIAN_POINT ( 'NONE',  ( 10.48378947368421521, 2.929999999999998384, -18.41499999999999559 ) ) ;
#11767 = FILL_AREA_STYLE_COLOUR ( '', #9562 ) ;
#11768 = ADVANCED_FACE ( 'NONE', ( #4791 ), #7713, .F. ) ;
#11769 = ORIENTED_EDGE ( 'NONE', *, *, #3115, .T. ) ;
#11770 = PRESENTATION_STYLE_ASSIGNMENT (( #4093 ) ) ;
#11771 = COLOUR_RGB ( '',0.2509803921568627416, 0.2509803921568627416, 0.2509803921568627416 ) ;
#11772 = DIRECTION ( 'NONE',  ( 1.000000000000000000, 0.000000000000000000, 0.000000000000000000 ) ) ;
#11773 = UNCERTAINTY_MEASURE_WITH_UNIT (LENGTH_MEASURE( 1.000000000000000082E-05 ), #653, 'distance_accuracy_value', 'NONE');
#11774 = FILL_AREA_STYLE ('',( #3083 ) ) ;
#11775 = AXIS2_PLACEMENT_3D ( 'NONE', #679, #8389, #11346 ) ;
#11776 =( NAMED_UNIT ( * ) PLANE_ANGLE_UNIT ( ) SI_UNIT ( $, .RADIAN. ) );
#11777 = FACE_OUTER_BOUND ( 'NONE', #1353, .T. ) ;
#11778 = AXIS2_PLACEMENT_3D ( 'NONE', #1134, #6994, #5023 ) ;
#11779 = CARTESIAN_POINT ( 'NONE',  ( -12.21715789473683600, 2.929999999999998384, -17.91499999999999204 ) ) ;
#11780 = ORIENTED_EDGE ( 'NONE', *, *, #7459, .T. ) ;
#11781 = SURFACE_STYLE_FILL_AREA ( #7846 ) ;
#11782 = CARTESIAN_POINT ( 'NONE',  ( -7.488421052631577979, 11.42999999999999972, 0.000000000000000000 ) ) ;
#11783 = MECHANICAL_DESIGN_GEOMETRIC_PRESENTATION_REPRESENTATION (  '', ( #9915 ), #6869 ) ;
#11784 = ORIENTED_EDGE ( 'NONE', *, *, #5450, .F. ) ;
#11785 = CYLINDRICAL_SURFACE ( 'NONE', #6121, 0.7619999999999953477 ) ;
#11786 = DIRECTION ( 'NONE',  ( -0.000000000000000000, 0.000000000000000000, 1.000000000000000000 ) ) ;
#11787 = DIRECTION ( 'NONE',  ( -0.000000000000000000, 1.000000000000000000, 0.000000000000000000 ) ) ;
#11788 = PRESENTATION_STYLE_ASSIGNMENT (( #852 ) ) ;
#11789 = ORIENTED_EDGE ( 'NONE', *, *, #9400, .F. ) ;
#11790 = EDGE_CURVE ( 'NONE', #3103, #6887, #5870, .T. ) ;
#11791 = DIRECTION ( 'NONE',  ( 0.000000000000000000, -1.000000000000000000, 0.000000000000000000 ) ) ;
#11792 = CYLINDRICAL_SURFACE ( 'NONE', #2964, 0.5000000000000004441 ) ;
#11793 = LINE ( 'NONE', #6914, #5129 ) ;
#11794 = PRESENTATION_STYLE_ASSIGNMENT (( #7858 ) ) ;
#11795 = SURFACE_STYLE_FILL_AREA ( #2978 ) ;
#11796 = STYLED_ITEM ( 'NONE', ( #2425 ), #4131 ) ;
#11797 = ORIENTED_EDGE ( 'NONE', *, *, #10761, .F. ) ;
#11798 = VERTEX_POINT ( 'NONE', #3216 ) ;
#11799 = EDGE_CURVE ( 'NONE', #2156, #5748, #12364, .T. ) ;
#11800 =( GEOMETRIC_REPRESENTATION_CONTEXT ( 3 ) GLOBAL_UNCERTAINTY_ASSIGNED_CONTEXT ( ( #4210 ) ) GLOBAL_UNIT_ASSIGNED_CONTEXT ( ( #10374, #8380, #1816 ) ) REPRESENTATION_CONTEXT ( 'NONE', 'WORKASPACE' ) );
#11801 = CARTESIAN_POINT ( 'NONE',  ( 22.96526315789473216, 10.92999999999999794, 7.179213561880927408 ) ) ;
#11802 = EDGE_CURVE ( 'NONE', #10968, #8379, #8819, .T. ) ;
#11803 = ORIENTED_EDGE ( 'NONE', *, *, #9021, .F. ) ;
#11804 = CARTESIAN_POINT ( 'NONE',  ( -17.22021356188092867, 11.42999999999999972, 18.41499999999999915 ) ) ;
#11805 = VECTOR ( 'NONE', #6838, 1000.000000000000000 ) ;
#11806 = SURFACE_STYLE_FILL_AREA ( #7933 ) ;
#11807 = EDGE_CURVE ( 'NONE', #10346, #10147, #6491, .T. ) ;
#11808 = CARTESIAN_POINT ( 'NONE',  ( -2.469052631578947832, 11.22289321881345536, -18.20789321881344591 ) ) ;
#11809 = AXIS2_PLACEMENT_3D ( 'NONE', #8261, #12324, #12186 ) ;
#11810 =( LENGTH_UNIT ( ) NAMED_UNIT ( * ) SI_UNIT ( .MILLI., .METRE. ) );
#11811 = CARTESIAN_POINT ( 'NONE',  ( -24.19863157894736005, 2.929999999999998384, 7.179213561880927408 ) ) ;
#11812 = SURFACE_SIDE_STYLE ('',( #1000 ) ) ;
#11813 = CARTESIAN_POINT ( 'NONE',  ( -24.96063157894736406, 11.42999999999999972, -18.41499999999999915 ) ) ;
#11814 = MECHANICAL_DESIGN_GEOMETRIC_PRESENTATION_REPRESENTATION (  '', ( #4642 ), #5659 ) ;
#11815 =( BOUNDED_CURVE ( )  B_SPLINE_CURVE ( 3, ( #12486, #1862, #12429, #5546 ),
 .UNSPECIFIED., .F., .T. ) 
 B_SPLINE_CURVE_WITH_KNOTS ( ( 4, 4 ),
 ( 4.712388980384689674, 6.283185307179586232 ),
 .UNSPECIFIED. ) 
 CURVE ( )  GEOMETRIC_REPRESENTATION_ITEM ( )  RATIONAL_B_SPLINE_CURVE ( ( 1.000000000000000000, 0.8047378541243649375, 0.8047378541243649375, 1.000000000000000000 ) ) 
 REPRESENTATION_ITEM ( '' )  );
#11816 = COLOUR_RGB ( '',0.2509803921568627416, 0.2509803921568627416, 0.2509803921568627416 ) ;
#11817 = FILL_AREA_STYLE_COLOUR ( '', #8136 ) ;
#11818 = CYLINDRICAL_SURFACE ( 'NONE', #10526, 0.5000000000000004441 ) ;
#11819 = PLANE ( 'NONE',  #5363 ) ;
#11820 = CARTESIAN_POINT ( 'NONE',  ( -10.95515789473684087, 11.42999999999999972, -18.41499999999999559 ) ) ;
#11821 = SURFACE_STYLE_USAGE ( .BOTH. , #6937 ) ;
#11822 = VECTOR ( 'NONE', #5858, 1000.000000000000000 ) ;
#11823 = DIRECTION ( 'NONE',  ( -0.6360782202777650607, 0.000000000000000000, 0.7716245833877191096 ) ) ;
#11824 = EDGE_CURVE ( 'NONE', #12220, #543, #9825, .T. ) ;
#11825 =( LENGTH_UNIT ( ) NAMED_UNIT ( * ) SI_UNIT ( .MILLI., .METRE. ) );
#11826 = CYLINDRICAL_SURFACE ( 'NONE', #9062, 0.4999999999999997780 ) ;
#11827 = ORIENTED_EDGE ( 'NONE', *, *, #4518, .T. ) ;
#11828 = EDGE_CURVE ( 'NONE', #1564, #2328, #2053, .T. ) ;
#11829 = AXIS2_PLACEMENT_3D ( 'NONE', #759, #8534, #6813 ) ;
#11830 = ORIENTED_EDGE ( 'NONE', *, *, #4238, .T. ) ;
#11831 = DIRECTION ( 'NONE',  ( 0.000000000000000000, -1.000000000000000000, 0.000000000000000000 ) ) ;
#11832 = ORIENTED_EDGE ( 'NONE', *, *, #178, .F. ) ;
#11833 = SURFACE_STYLE_FILL_AREA ( #7901 ) ;
#11834 =( LENGTH_UNIT ( ) NAMED_UNIT ( * ) SI_UNIT ( .MILLI., .METRE. ) );
#11835 = FACE_OUTER_BOUND ( 'NONE', #8038, .T. ) ;
#11836 = COLOUR_RGB ( '',0.2509803921568627416, 0.2509803921568627416, 0.2509803921568627416 ) ;
#11837 = ORIENTED_EDGE ( 'NONE', *, *, #1103, .F. ) ;
#11838 = CARTESIAN_POINT ( 'NONE',  ( -15.21252631578946790, 2.929999999999998384, 17.91499999999999915 ) ) ;
#11839 = CARTESIAN_POINT ( 'NONE',  ( 7.988421052631575314, 11.42999999999999972, -17.91499999999999204 ) ) ;
#11840 = DIRECTION ( 'NONE',  ( -0.000000000000000000, -0.000000000000000000, 1.000000000000000000 ) ) ;
#11841 = CARTESIAN_POINT ( 'NONE',  ( -13.47915789473683290, 2.929999999999998384, -18.41499999999999559 ) ) ;
#11842 = CARTESIAN_POINT ( 'NONE',  ( -19.94126315789473125, 11.42999999999999972, 0.000000000000000000 ) ) ;
#11843 = EDGE_LOOP ( 'NONE', ( #5293, #8948, #5525, #8958 ) ) ;
#11844 = MECHANICAL_DESIGN_GEOMETRIC_PRESENTATION_REPRESENTATION (  '', ( #5283 ), #11416 ) ;
#11845 = CARTESIAN_POINT ( 'NONE',  ( -17.72021356188092867, 1.778000000000000025, 17.91500000000000270 ) ) ;
#11846 =( GEOMETRIC_REPRESENTATION_CONTEXT ( 3 ) GLOBAL_UNCERTAINTY_ASSIGNED_CONTEXT ( ( #1149 ) ) GLOBAL_UNIT_ASSIGNED_CONTEXT ( ( #464, #9022, #10049 ) ) REPRESENTATION_CONTEXT ( 'NONE', 'WORKASPACE' ) );
#11847 = DIRECTION ( 'NONE',  ( 4.081702296416016490E-16, -1.000000000000000000, 0.000000000000000000 ) ) ;
#11848 = ORIENTED_EDGE ( 'NONE', *, *, #2006, .F. ) ;
#11849 = DIRECTION ( 'NONE',  ( 0.000000000000000000, 0.000000000000000000, -1.000000000000000000 ) ) ;
#11850 = UNCERTAINTY_MEASURE_WITH_UNIT (LENGTH_MEASURE( 1.000000000000000082E-05 ), #10582, 'distance_accuracy_value', 'NONE');
#11851 =( NAMED_UNIT ( * ) SI_UNIT ( $, .STERADIAN. ) SOLID_ANGLE_UNIT ( ) );
#11852 = DIRECTION ( 'NONE',  ( 0.000000000000000000, 0.000000000000000000, 1.000000000000000000 ) ) ;
#11853 = ORIENTED_EDGE ( 'NONE', *, *, #341, .T. ) ;
#11854 = CARTESIAN_POINT ( 'NONE',  ( -10.95515789473684087, 11.42999999999999972, 17.91499999999999915 ) ) ;
#11855 = VECTOR ( 'NONE', #8185, 1000.000000000000000 ) ;
#11856 = PRESENTATION_STYLE_ASSIGNMENT (( #12565 ) ) ;
#11857 = VERTEX_POINT ( 'NONE', #9004 ) ;
#11858 =( NAMED_UNIT ( * ) PLANE_ANGLE_UNIT ( ) SI_UNIT ( $, .RADIAN. ) );
#11859 = EDGE_CURVE ( 'NONE', #303, #1072, #11706, .T. ) ;
#11860 = SURFACE_STYLE_FILL_AREA ( #9844 ) ;
#11861 = ORIENTED_EDGE ( 'NONE', *, *, #7481, .T. ) ;
#11862 = STYLED_ITEM ( 'NONE', ( #8565 ), #3315 ) ;
#11863 = CARTESIAN_POINT ( 'NONE',  ( -7.959789473684211636, 2.929999999999998384, 17.91499999999999915 ) ) ;
#11864 = ORIENTED_EDGE ( 'NONE', *, *, #251, .T. ) ;
#11865 = DIRECTION ( 'NONE',  ( -1.000000000000000000, -0.000000000000000000, -0.000000000000000000 ) ) ;
#11866 = UNCERTAINTY_MEASURE_WITH_UNIT (LENGTH_MEASURE( 1.000000000000000082E-05 ), #12608, 'distance_accuracy_value', 'NONE');
#11867 = MECHANICAL_DESIGN_GEOMETRIC_PRESENTATION_REPRESENTATION (  '', ( #7536 ), #7333 ) ;
#11868 = FILL_AREA_STYLE ('',( #6872 ) ) ;
#11869 = DIRECTION ( 'NONE',  ( 1.000000000000000000, 0.000000000000000000, 0.000000000000000000 ) ) ;
#11870 = SURFACE_STYLE_FILL_AREA ( #5964 ) ;
#11871 = DIRECTION ( 'NONE',  ( 0.000000000000000000, -0.000000000000000000, -1.000000000000000000 ) ) ;
#11872 = EDGE_CURVE ( 'NONE', #7504, #11876, #7019, .T. ) ;
#11873 = AXIS2_PLACEMENT_3D ( 'NONE', #11634, #10594, #1852 ) ;
#11874 = SURFACE_STYLE_USAGE ( .BOTH. , #1328 ) ;
#11875 = DIRECTION ( 'NONE',  ( 0.000000000000000000, 0.000000000000000000, -1.000000000000000000 ) ) ;
#11876 = VERTEX_POINT ( 'NONE', #4909 ) ;
#11877 = CARTESIAN_POINT ( 'NONE',  ( -11.45515789473684087, 2.929999999999998384, -17.91499999999999204 ) ) ;
#11878 = STYLED_ITEM ( 'NONE', ( #11788 ), #1629 ) ;
#11879 = CARTESIAN_POINT ( 'NONE',  ( 23.62199999999999633, -0.0009999999999992653654, -11.49350000000000627 ) ) ;
#11880 = CIRCLE ( 'NONE', #6346, 0.5000000000000004441 ) ;
#11881 =( BOUNDED_CURVE ( )  B_SPLINE_CURVE ( 3, ( #1395, #6113, #9060, #1340 ),
 .UNSPECIFIED., .F., .T. ) 
 B_SPLINE_CURVE_WITH_KNOTS ( ( 4, 4 ),
 ( 4.712388980384689674, 6.283185307179586232 ),
 .UNSPECIFIED. ) 
 CURVE ( )  GEOMETRIC_REPRESENTATION_ITEM ( )  RATIONAL_B_SPLINE_CURVE ( ( 1.000000000000000000, 0.8047378541243649375, 0.8047378541243649375, 1.000000000000000000 ) ) 
 REPRESENTATION_ITEM ( '' )  );
#11882 = UNCERTAINTY_MEASURE_WITH_UNIT (LENGTH_MEASURE( 1.000000000000000082E-05 ), #12265, 'distance_accuracy_value', 'NONE');
#11883 = ORIENTED_EDGE ( 'NONE', *, *, #8457, .F. ) ;
#11884 = EDGE_CURVE ( 'NONE', #8403, #11647, #9647, .T. ) ;
#11885 = ORIENTED_EDGE ( 'NONE', *, *, #227, .T. ) ;
#11886 = CIRCLE ( 'NONE', #7978, 0.5000000000000003331 ) ;
#11887 = SURFACE_STYLE_FILL_AREA ( #1452 ) ;
#11888 = EDGE_LOOP ( 'NONE', ( #8804, #12487, #6771, #8916 ) ) ;
#11889 = DIRECTION ( 'NONE',  ( 1.000000000000000000, 0.000000000000000000, 0.000000000000000000 ) ) ;
#11890 = COLOUR_RGB ( '',0.2509803921568627416, 0.2509803921568627416, 0.2509803921568627416 ) ;
#11891 = LINE ( 'NONE', #8155, #6096 ) ;
#11892 = SURFACE_STYLE_FILL_AREA ( #5992 ) ;
#11893 = VERTEX_POINT ( 'NONE', #1154 ) ;
#11894 = SURFACE_STYLE_FILL_AREA ( #7960 ) ;
#11895 = SURFACE_SIDE_STYLE ('',( #4094 ) ) ;
#11896 = ADVANCED_FACE ( 'NONE', ( #4978 ), #255, .T. ) ;
#11897 = UNCERTAINTY_MEASURE_WITH_UNIT (LENGTH_MEASURE( 1.000000000000000082E-05 ), #10920, 'distance_accuracy_value', 'NONE');
#11898 =( NAMED_UNIT ( * ) PLANE_ANGLE_UNIT ( ) SI_UNIT ( $, .RADIAN. ) );
#11899 = VECTOR ( 'NONE', #462, 1000.000000000000000 ) ;
#11900 = DIRECTION ( 'NONE',  ( -4.081702296416016490E-16, 1.000000000000000000, -0.000000000000000000 ) ) ;
#11901 = CARTESIAN_POINT ( 'NONE',  ( 0.000000000000000000, 11.42999999999999972, 0.000000000000000000 ) ) ;
#11902 =( NAMED_UNIT ( * ) PLANE_ANGLE_UNIT ( ) SI_UNIT ( $, .RADIAN. ) );
#11903 = PRESENTATION_STYLE_ASSIGNMENT (( #7911 ) ) ;
#11904 = ORIENTED_EDGE ( 'NONE', *, *, #695, .T. ) ;
#11905 = PRESENTATION_STYLE_ASSIGNMENT (( #9139 ) ) ;
#11906 = ORIENTED_EDGE ( 'NONE', *, *, #6495, .F. ) ;
#11907 = DIRECTION ( 'NONE',  ( 0.6360782202777646166, -0.000000000000000000, -0.7716245833877193316 ) ) ;
#11908 = CARTESIAN_POINT ( 'NONE',  ( -24.19863157894736005, 2.929999999999998384, -7.179213561880927408 ) ) ;
#11909 = FILL_AREA_STYLE ('',( #7723 ) ) ;
#11910 = STYLED_ITEM ( 'NONE', ( #7338 ), #10630 ) ;
#11911 = ORIENTED_EDGE ( 'NONE', *, *, #7963, .F. ) ;
#11912 =( LENGTH_UNIT ( ) NAMED_UNIT ( * ) SI_UNIT ( .MILLI., .METRE. ) );
#11913 = EDGE_CURVE ( 'NONE', #5855, #6958, #3408, .T. ) ;
#11914 = FILL_AREA_STYLE_COLOUR ( '', #7408 ) ;
#11915 = CARTESIAN_POINT ( 'NONE',  ( -13.47915789473683823, 10.92999999999999794, -18.41499999999999915 ) ) ;
#11916 = CARTESIAN_POINT ( 'NONE',  ( -19.36485741885148570, 11.42160386084373158, 7.953311483705104656 ) ) ;
#11917 = AXIS2_PLACEMENT_3D ( 'NONE', #11228, #11173, #4274 ) ;
#11918 = EDGE_LOOP ( 'NONE', ( #4600, #7257, #5888, #11883 ) ) ;
#11919 = PRESENTATION_LAYER_ASSIGNMENT (  '', '', ( #3357 ) ) ;
#11920 =( GEOMETRIC_REPRESENTATION_CONTEXT ( 3 ) GLOBAL_UNCERTAINTY_ASSIGNED_CONTEXT ( ( #3306 ) ) GLOBAL_UNIT_ASSIGNED_CONTEXT ( ( #12020, #10977, #11038 ) ) REPRESENTATION_CONTEXT ( 'NONE', 'WORKASPACE' ) );
#11921 = CARTESIAN_POINT ( 'NONE',  ( 6.517052631578944322, 2.929999999999998384, 17.91499999999999915 ) ) ;
#11922 = B_SPLINE_CURVE_WITH_KNOTS ( 'NONE', 3,
 ( #7237, #3308, #6283, #8192, #11996, #1494, #3248, #8257 ),
 .UNSPECIFIED., .F., .F.,
 ( 4, 2, 2, 4 ),
 ( -4.681724736842007022E-06, 0.0004379467747086171199, 0.0006592610244313468811, 0.0008805752741540766966 ),
 .UNSPECIFIED. ) ;
#11923 = DIRECTION ( 'NONE',  ( 0.000000000000000000, 1.000000000000000000, 0.000000000000000000 ) ) ;
#11924 = ORIENTED_EDGE ( 'NONE', *, *, #12642, .F. ) ;
#11925 = CARTESIAN_POINT ( 'NONE',  ( 9.719527833818121465, 11.42999999999999972, 18.41499999999999915 ) ) ;
#11926 = DIRECTION ( 'NONE',  ( 1.000000000000000000, 0.000000000000000000, 0.000000000000000000 ) ) ;
#11927 = ORIENTED_EDGE ( 'NONE', *, *, #638, .F. ) ;
#11928 =( NAMED_UNIT ( * ) SI_UNIT ( $, .STERADIAN. ) SOLID_ANGLE_UNIT ( ) );
#11929 = VECTOR ( 'NONE', #4028, 1000.000000000000000 ) ;
#11930 =( NAMED_UNIT ( * ) SI_UNIT ( $, .STERADIAN. ) SOLID_ANGLE_UNIT ( ) );
#11931 = ADVANCED_FACE ( 'NONE', ( #8098 ), #5292, .T. ) ;
#11932 = CIRCLE ( 'NONE', #10271, 0.5000000000000004441 ) ;
#11933 = DIRECTION ( 'NONE',  ( -1.000000000000000000, 0.000000000000000000, 0.000000000000000000 ) ) ;
#11934 =( LENGTH_UNIT ( ) NAMED_UNIT ( * ) SI_UNIT ( .MILLI., .METRE. ) );
#11935 = MECHANICAL_DESIGN_GEOMETRIC_PRESENTATION_REPRESENTATION (  '', ( #8020 ), #284 ) ;
#11936 = DIRECTION ( 'NONE',  ( 0.000000000000000000, 0.000000000000000000, 1.000000000000000000 ) ) ;
#11937 =( NAMED_UNIT ( * ) SI_UNIT ( $, .STERADIAN. ) SOLID_ANGLE_UNIT ( ) );
#11938 = PRESENTATION_LAYER_ASSIGNMENT (  '', '', ( #3163 ) ) ;
#11939 = VECTOR ( 'NONE', #10848, 1000.000000000000000 ) ;
#11940 = CIRCLE ( 'NONE', #9068, 1.261999999999997568 ) ;
#11941 = SURFACE_SIDE_STYLE ('',( #5019 ) ) ;
#11942 = LINE ( 'NONE', #10824, #4069 ) ;
#11943 = CARTESIAN_POINT ( 'NONE',  ( -22.46526315789473216, 11.42999999999999972, 6.685125803980871417 ) ) ;
#11944 = DIRECTION ( 'NONE',  ( -1.000000000000000000, -0.000000000000000000, -0.000000000000000000 ) ) ;
#11945 = ADVANCED_FACE ( 'NONE', ( #515 ), #5361, .T. ) ;
#11946 = PRESENTATION_STYLE_ASSIGNMENT (( #8918 ) ) ;
#11947 = PRESENTATION_STYLE_ASSIGNMENT (( #11821 ) ) ;
#11948 = AXIS2_PLACEMENT_3D ( 'NONE', #9293, #8334, #2669 ) ;
#11949 = PRESENTATION_LAYER_ASSIGNMENT (  '', '', ( #3776 ) ) ;
#11950 = EDGE_CURVE ( 'NONE', #11351, #12044, #10815, .T. ) ;
#11952 = STYLED_ITEM ( 'NONE', ( #9100 ), #2490 ) ;
#11951 = DIRECTION ( 'NONE',  ( 0.000000000000000000, 0.000000000000000000, -1.000000000000000000 ) ) ;
#11953 = SURFACE_STYLE_USAGE ( .BOTH. , #8012 ) ;
#11954 = LINE ( 'NONE', #7124, #4127 ) ;
#11955 = FACE_OUTER_BOUND ( 'NONE', #2396, .T. ) ;
#11956 = VERTEX_POINT ( 'NONE', #10339 ) ;
#11957 = EDGE_LOOP ( 'NONE', ( #11486, #10795, #9373, #7293, #7011, #601, #5220, #4497, #4214, #2814, #4513 ) ) ;
#11958 = AXIS2_PLACEMENT_3D ( 'NONE', #10586, #4769, #11011 ) ;
#11959 = DIRECTION ( 'NONE',  ( -0.7716245833877194427, 0.000000000000000000, 0.6360782202777647276 ) ) ;
#11960 = ORIENTED_EDGE ( 'NONE', *, *, #6547, .T. ) ;
#11961 = DIRECTION ( 'NONE',  ( 4.081702296416016490E-16, -1.000000000000000000, 0.000000000000000000 ) ) ;
#11962 = ORIENTED_EDGE ( 'NONE', *, *, #12433, .F. ) ;
#11963 = FILL_AREA_STYLE_COLOUR ( '', #8843 ) ;
#11964 = CARTESIAN_POINT ( 'NONE',  ( 25.28732325865669139, 0.5000000000000000000, 17.59696088986112272 ) ) ;
#11965 = EDGE_CURVE ( 'NONE', #337, #6894, #8430, .T. ) ;
#11966 = PLANE ( 'NONE',  #6421 ) ;
#11967 =( BOUNDED_CURVE ( )  B_SPLINE_CURVE ( 3, ( #933, #4629, #9477, #11474 ),
 .UNSPECIFIED., .F., .T. ) 
 B_SPLINE_CURVE_WITH_KNOTS ( ( 4, 4 ),
 ( 0.000000000000000000, 1.570796326794896558 ),
 .UNSPECIFIED. ) 
 CURVE ( )  GEOMETRIC_REPRESENTATION_ITEM ( )  RATIONAL_B_SPLINE_CURVE ( ( 1.000000000000000000, 0.8047378541243649375, 0.8047378541243649375, 1.000000000000000000 ) ) 
 REPRESENTATION_ITEM ( '' )  );
#11968 = EDGE_CURVE ( 'NONE', #4226, #408, #10696, .T. ) ;
#11969 = AXIS2_PLACEMENT_3D ( 'NONE', #10229, #10115, #7221 ) ;
#11970 =( NAMED_UNIT ( * ) SI_UNIT ( $, .STERADIAN. ) SOLID_ANGLE_UNIT ( ) );
#11971 = LINE ( 'NONE', #1462, #4850 ) ;
#11972 = SURFACE_SIDE_STYLE ('',( #2052 ) ) ;
#11973 = AXIS2_PLACEMENT_3D ( 'NONE', #1654, #8486, #4650 ) ;
#11974 = VERTEX_POINT ( 'NONE', #700 ) ;
#11975 = ORIENTED_EDGE ( 'NONE', *, *, #12294, .F. ) ;
#11976 = SURFACE_STYLE_USAGE ( .BOTH. , #12032 ) ;
#11977 = PRESENTATION_LAYER_ASSIGNMENT (  '', '', ( #4213 ) ) ;
#11978 = EDGE_LOOP ( 'NONE', ( #1538, #10464, #2259, #5256 ) ) ;
#11979 = FACE_OUTER_BOUND ( 'NONE', #12271, .T. ) ;
#11980 = CARTESIAN_POINT ( 'NONE',  ( -22.72021356188096419, 11.42999999999999972, -6.679213561880929184 ) ) ;
#11981 =( NAMED_UNIT ( * ) SI_UNIT ( $, .STERADIAN. ) SOLID_ANGLE_UNIT ( ) );
#11982 =( GEOMETRIC_REPRESENTATION_CONTEXT ( 3 ) GLOBAL_UNCERTAINTY_ASSIGNED_CONTEXT ( ( #7297 ) ) GLOBAL_UNIT_ASSIGNED_CONTEXT ( ( #444, #11902, #3342 ) ) REPRESENTATION_CONTEXT ( 'NONE', 'WORKASPACE' ) );
#11983 = ADVANCED_FACE ( 'NONE', ( #629 ), #829, .T. ) ;
#11984 = ORIENTED_EDGE ( 'NONE', *, *, #6943, .T. ) ;
#11985 = SURFACE_STYLE_USAGE ( .BOTH. , #4298 ) ;
#11986 = ORIENTED_EDGE ( 'NONE', *, *, #10003, .F. ) ;
#11987 = EDGE_CURVE ( 'NONE', #1077, #4792, #12410, .T. ) ;
#11988 = PRESENTATION_LAYER_ASSIGNMENT (  '', '', ( #8493 ) ) ;
#11989 = CARTESIAN_POINT ( 'NONE',  ( -28.95599999999999596, 1.277999999999999581, 15.66328183851187994 ) ) ;
#11990 = CARTESIAN_POINT ( 'NONE',  ( -5.464421052631580622, 11.42999999999999972, 17.91499999999999915 ) ) ;
#11991 = EDGE_LOOP ( 'NONE', ( #3617, #10376, #5362, #6667 ) ) ;
#11992 = CARTESIAN_POINT ( 'NONE',  ( -0.2356842105263115550, 2.929999999999998384, 17.91499999999999915 ) ) ;
#11993 = MECHANICAL_DESIGN_GEOMETRIC_PRESENTATION_REPRESENTATION (  '', ( #8709 ), #137 ) ;
#11994 = UNCERTAINTY_MEASURE_WITH_UNIT (LENGTH_MEASURE( 1.000000000000000082E-05 ), #11223, 'distance_accuracy_value', 'NONE');
#11995 = CARTESIAN_POINT ( 'NONE',  ( -18.48311021029156720, 2.212267969787138355, -9.519833133171065498 ) ) ;
#11996 = CARTESIAN_POINT ( 'NONE',  ( 17.64493095586457372, 2.097309804934493371, -18.18773007070951309 ) ) ;
#11997 = SURFACE_STYLE_USAGE ( .BOTH. , #9993 ) ;
#11998 = DIRECTION ( 'NONE',  ( -1.000000000000000000, 0.000000000000000000, 0.000000000000000000 ) ) ;
#11999 = PRESENTATION_LAYER_ASSIGNMENT (  '', '', ( #10952 ) ) ;
#12000 = CARTESIAN_POINT ( 'NONE',  ( -10.95515789473684087, 11.42999999999999972, 18.41499999999999915 ) ) ;
#12001 = MECHANICAL_DESIGN_GEOMETRIC_PRESENTATION_REPRESENTATION (  '', ( #4628 ), #6673 ) ;
#12002 =( NAMED_UNIT ( * ) SI_UNIT ( $, .STERADIAN. ) SOLID_ANGLE_UNIT ( ) );
#12003 = DIRECTION ( 'NONE',  ( 0.000000000000000000, 0.000000000000000000, 1.000000000000000000 ) ) ;
#12004 = CARTESIAN_POINT ( 'NONE',  ( -22.35239745226924057, 11.42999999999999972, -6.803385279610941971 ) ) ;
#12005 = PRESENTATION_LAYER_ASSIGNMENT (  '', '', ( #4834 ) ) ;
#12006 = CARTESIAN_POINT ( 'NONE',  ( -18.20789473684209980, 2.929999999999998384, -18.41499999999999915 ) ) ;
#12007 = MECHANICAL_DESIGN_GEOMETRIC_PRESENTATION_REPRESENTATION (  '', ( #9332 ), #5650 ) ;
#12008 = LINE ( 'NONE', #10013, #1476 ) ;
#12009 = UNCERTAINTY_MEASURE_WITH_UNIT (LENGTH_MEASURE( 1.000000000000000082E-05 ), #4359, 'distance_accuracy_value', 'NONE');
#12010 = EDGE_LOOP ( 'NONE', ( #3106, #8501, #7528, #3441 ) ) ;
#12011 = STYLED_ITEM ( 'NONE', ( #5406 ), #5846 ) ;
#12012 = VERTEX_POINT ( 'NONE', #9615 ) ;
#12013 = CARTESIAN_POINT ( 'NONE',  ( 18.52030057044978406, 11.07768849190562044, -9.426107789370094636 ) ) ;
#12014 = PRESENTATION_STYLE_ASSIGNMENT (( #6181 ) ) ;
#12015 = EDGE_CURVE ( 'NONE', #4241, #632, #6423, .T. ) ;
#12016 = AXIS2_PLACEMENT_3D ( 'NONE', #10169, #2246, #8048 ) ;
#12017 = CARTESIAN_POINT ( 'NONE',  ( 21.77198514869589019, 11.39457363355326791, 6.985692099636398922 ) ) ;
#12018 = DIRECTION ( 'NONE',  ( 4.081702296416016490E-16, -1.000000000000000000, 0.000000000000000000 ) ) ;
#12019 = ORIENTED_EDGE ( 'NONE', *, *, #4454, .F. ) ;
#12020 =( LENGTH_UNIT ( ) NAMED_UNIT ( * ) SI_UNIT ( .MILLI., .METRE. ) );
#12021 =( LENGTH_UNIT ( ) NAMED_UNIT ( * ) SI_UNIT ( .MILLI., .METRE. ) );
#12022 = UNCERTAINTY_MEASURE_WITH_UNIT (LENGTH_MEASURE( 1.000000000000000082E-05 ), #336, 'distance_accuracy_value', 'NONE');
#12023 = CYLINDRICAL_SURFACE ( 'NONE', #1514, 0.5000000000000004441 ) ;
#12024 = STYLED_ITEM ( 'NONE', ( #6131 ), #1714 ) ;
#12025 = CARTESIAN_POINT ( 'NONE',  ( -23.43663157894736671, 10.92999999999999794, 7.179213561880927408 ) ) ;
#12026 = VERTEX_POINT ( 'NONE', #11432 ) ;
#12027 = ORIENTED_EDGE ( 'NONE', *, *, #9116, .T. ) ;
#12028 = STYLED_ITEM ( 'NONE', ( #10190 ), #6796 ) ;
#12029 = CARTESIAN_POINT ( 'NONE',  ( 10.01242105263157356, 11.42999999999999972, 18.41499999999999915 ) ) ;
#12030 = CARTESIAN_POINT ( 'NONE',  ( -26.43199999999999861, 10.92999999999999794, -7.179213561880927408 ) ) ;
#12031 = EDGE_CURVE ( 'NONE', #9008, #5727, #11629, .T. ) ;
#12032 = SURFACE_SIDE_STYLE ('',( #5297 ) ) ;
#12033 = SURFACE_STYLE_FILL_AREA ( #8233 ) ;
#12034 = ORIENTED_EDGE ( 'NONE', *, *, #10160, .T. ) ;
#12035 = PRESENTATION_LAYER_ASSIGNMENT (  '', '', ( #2221 ) ) ;
#12036 = CARTESIAN_POINT ( 'NONE',  ( -28.95599999999999596, 11.42999999999999972, -18.41499999999999559 ) ) ;
#12037 = DIRECTION ( 'NONE',  ( 0.000000000000000000, 0.000000000000000000, 1.000000000000000000 ) ) ;
#12038 = DIRECTION ( 'NONE',  ( 0.000000000000000000, 0.000000000000000000, 1.000000000000000000 ) ) ;
#12039 = MECHANICAL_DESIGN_GEOMETRIC_PRESENTATION_REPRESENTATION (  '', ( #8757 ), #6718 ) ;
#12040 = COLOUR_RGB ( '',0.2509803921568627416, 0.2509803921568627416, 0.2509803921568627416 ) ;
#12041 = DIRECTION ( 'NONE',  ( 1.000000000000000000, 0.000000000000000000, 0.000000000000000000 ) ) ;
#12042 = CARTESIAN_POINT ( 'NONE',  ( -19.08535712782148153, 11.25736168656814762, 8.578554618961696576 ) ) ;
#12043 = ORIENTED_EDGE ( 'NONE', *, *, #6602, .T. ) ;
#12044 = VERTEX_POINT ( 'NONE', #6568 ) ;
#12045 = LINE ( 'NONE', #4301, #1238 ) ;
#12046 = EDGE_CURVE ( 'NONE', #5, #1564, #7427, .T. ) ;
#12047 = FILL_AREA_STYLE_COLOUR ( '', #6729 ) ;
#12048 = MECHANICAL_DESIGN_GEOMETRIC_PRESENTATION_REPRESENTATION (  '', ( #2240 ), #3486 ) ;
#12049 = ORIENTED_EDGE ( 'NONE', *, *, #11950, .T. ) ;
#12050 = SURFACE_STYLE_USAGE ( .BOTH. , #410 ) ;
#12051 = UNCERTAINTY_MEASURE_WITH_UNIT (LENGTH_MEASURE( 1.000000000000000082E-05 ), #8802, 'distance_accuracy_value', 'NONE');
#12052 = SURFACE_SIDE_STYLE ('',( #1315 ) ) ;
#12053 = EDGE_CURVE ( 'NONE', #836, #9966, #8412, .T. ) ;
#12054 = CARTESIAN_POINT ( 'NONE',  ( -16.47452631578947191, 11.42999999999999972, 17.91499999999999915 ) ) ;
#12055 = CARTESIAN_POINT ( 'NONE',  ( 16.00315789473683736, 10.92999999999999794, 0.000000000000000000 ) ) ;
#12056 =( GEOMETRIC_REPRESENTATION_CONTEXT ( 3 ) GLOBAL_UNCERTAINTY_ASSIGNED_CONTEXT ( ( #2897 ) ) GLOBAL_UNIT_ASSIGNED_CONTEXT ( ( #2457, #9144, #12228 ) ) REPRESENTATION_CONTEXT ( 'NONE', 'WORKASPACE' ) );
#12057 = AXIS2_PLACEMENT_3D ( 'NONE', #4835, #9618, #8974 ) ;
#12058 = DIRECTION ( 'NONE',  ( -0.000000000000000000, -1.000000000000000000, -0.000000000000000000 ) ) ;
#12059 = CARTESIAN_POINT ( 'NONE',  ( 22.46526315789473216, 11.42999999999999972, 6.685125803980871417 ) ) ;
#12060 = CARTESIAN_POINT ( 'NONE',  ( 0.000000000000000000, 10.92999999999999794, 6.679213561880927408 ) ) ;
#12061 = SURFACE_STYLE_FILL_AREA ( #11452 ) ;
#12062 = CYLINDRICAL_SURFACE ( 'NONE', #1998, 0.5000000000000004441 ) ;
#12063 = CARTESIAN_POINT ( 'NONE',  ( -22.46526315789473216, 11.42999999999999972, -6.685125803980871417 ) ) ;
#12064 = DIRECTION ( 'NONE',  ( 0.6360782202777650607, 0.000000000000000000, -0.7716245833877191096 ) ) ;
#12065 = FACE_OUTER_BOUND ( 'NONE', #6659, .T. ) ;
#12066 = EDGE_CURVE ( 'NONE', #1675, #6312, #2872, .T. ) ;
#12067 = FILL_AREA_STYLE_COLOUR ( '', #6617 ) ;
#12068 = SURFACE_SIDE_STYLE ('',( #6108 ) ) ;
#12069 = CARTESIAN_POINT ( 'NONE',  ( -28.45599999999999596, 11.42999999999999972, -7.179213561880927408 ) ) ;
#12070 = VERTEX_POINT ( 'NONE', #5530 ) ;
#12071 = ORIENTED_EDGE ( 'NONE', *, *, #2314, .F. ) ;
#12072 = FACE_OUTER_BOUND ( 'NONE', #1582, .T. ) ;
#12073 = DIRECTION ( 'NONE',  ( -0.000000000000000000, 1.000000000000000000, 0.000000000000000000 ) ) ;
#12074 = EDGE_CURVE ( 'NONE', #4569, #1858, #9431, .T. ) ;
#12075 = FILL_AREA_STYLE_COLOUR ( '', #2644 ) ;
#12076 = CARTESIAN_POINT ( 'NONE',  ( -25.44555368504572712, 6.645721639929662738E-16, 18.11450929433956958 ) ) ;
#12077 = EDGE_LOOP ( 'NONE', ( #4532, #7369, #8768, #1425 ) ) ;
#12078 =( GEOMETRIC_REPRESENTATION_CONTEXT ( 3 ) GLOBAL_UNCERTAINTY_ASSIGNED_CONTEXT ( ( #7409 ) ) GLOBAL_UNIT_ASSIGNED_CONTEXT ( ( #6909, #10800, #133 ) ) REPRESENTATION_CONTEXT ( 'NONE', 'WORKASPACE' ) );
#12079 = SURFACE_STYLE_USAGE ( .BOTH. , #9364 ) ;
#12080 = CARTESIAN_POINT ( 'NONE',  ( -9.221789473684207650, 2.929999999999998384, 17.91499999999999915 ) ) ;
#12081 = B_SPLINE_CURVE_WITH_KNOTS ( 'NONE', 3,
 ( #2345, #7103, #3431, #8256, #12181, #346, #411, #8066, #11995, #3247, #5313, #471, #5134, #7045, #4308, #3307, #7298, #10945 ),
 .UNSPECIFIED., .F., .F.,
 ( 4, 2, 2, 2, 2, 2, 2, 2, 4 ),
 ( 0.000000000000000000, 0.0009871280741117365899, 0.001974256148223473180, 0.002467820185279339957, 0.002961384222335206300, 0.003208166240863136870, 0.003454948259391067873, 0.003701730277918998009, 0.003948512296446929012 ),
 .UNSPECIFIED. ) ;
#12082 =( NAMED_UNIT ( * ) PLANE_ANGLE_UNIT ( ) SI_UNIT ( $, .RADIAN. ) );
#12083 = SURFACE_STYLE_USAGE ( .BOTH. , #3215 ) ;
#12084 = EDGE_LOOP ( 'NONE', ( #5854, #2127, #3555, #7142 ) ) ;
#12085 = CIRCLE ( 'NONE', #8186, 0.5000000000000004441 ) ;
#12086 = SURFACE_STYLE_USAGE ( .BOTH. , #3149 ) ;
#12087 = ORIENTED_EDGE ( 'NONE', *, *, #3825, .T. ) ;
#12088 = CARTESIAN_POINT ( 'NONE',  ( -22.72021356188092511, 11.42999999999999972, 12.17921356188092652 ) ) ;
#12089 = SURFACE_STYLE_USAGE ( .BOTH. , #8046 ) ;
#12090 = DIRECTION ( 'NONE',  ( 0.000000000000000000, -1.000000000000000000, -0.000000000000000000 ) ) ;
#12091 = ORIENTED_EDGE ( 'NONE', *, *, #6513, .T. ) ;
#12092 = PLANE ( 'NONE',  #11468 ) ;
#12093 = PRESENTATION_LAYER_ASSIGNMENT (  '', '', ( #1063 ) ) ;
#12094 = EDGE_CURVE ( 'NONE', #9335, #6861, #10401, .T. ) ;
#12095 =( NAMED_UNIT ( * ) SI_UNIT ( $, .STERADIAN. ) SOLID_ANGLE_UNIT ( ) );
#12096 = AXIS2_PLACEMENT_3D ( 'NONE', #3752, #1575, #4690 ) ;
#12097 = FACE_OUTER_BOUND ( 'NONE', #5796, .T. ) ;
#12098 = DIRECTION ( 'NONE',  ( 1.000000000000000000, 0.000000000000000000, -0.000000000000000000 ) ) ;
#12099 = EDGE_LOOP ( 'NONE', ( #5471, #11789, #11906, #1116, #9012, #2609 ) ) ;
#12100 = CARTESIAN_POINT ( 'NONE',  ( 13.47915789473683823, 11.42999999999999972, 18.41499999999999915 ) ) ;
#12101 = ORIENTED_EDGE ( 'NONE', *, *, #4302, .F. ) ;
#12102 = AXIS2_PLACEMENT_3D ( 'NONE', #10048, #403, #1482 ) ;
#12103 = DIRECTION ( 'NONE',  ( 0.000000000000000000, -0.000000000000000000, -1.000000000000000000 ) ) ;
#12104 = MECHANICAL_DESIGN_GEOMETRIC_PRESENTATION_REPRESENTATION (  '', ( #10451 ), #4342 ) ;
#12105 = EDGE_CURVE ( 'NONE', #2970, #8246, #4967, .T. ) ;
#12106 = ORIENTED_EDGE ( 'NONE', *, *, #9283, .T. ) ;
#12107 = CYLINDRICAL_SURFACE ( 'NONE', #11180, 0.5000000000000004441 ) ;
#12108 = LINE ( 'NONE', #9225, #9051 ) ;
#12109 = CARTESIAN_POINT ( 'NONE',  ( -24.96063157894736051, 1.778000000000006464, -7.179213561880927408 ) ) ;
#12110 = MECHANICAL_DESIGN_GEOMETRIC_PRESENTATION_REPRESENTATION (  '', ( #11910 ), #5553 ) ;
#12111 = VECTOR ( 'NONE', #4077, 1000.000000000000000 ) ;
#12112 = EDGE_CURVE ( 'NONE', #1717, #3543, #2751, .T. ) ;
#12113 = DIRECTION ( 'NONE',  ( -0.000000000000000000, 1.000000000000000000, -0.000000000000000000 ) ) ;
#12114 = VECTOR ( 'NONE', #10671, 1000.000000000000000 ) ;
#12115 = PLANE ( 'NONE',  #9347 ) ;
#12116 = CARTESIAN_POINT ( 'NONE',  ( 22.55365238037493469, 11.42999999999999972, 6.769532222981273328 ) ) ;
#12117 = AXIS2_PLACEMENT_3D ( 'NONE', #6440, #5227, #12149 ) ;
#12118 = DIRECTION ( 'NONE',  ( 1.000000000000000000, 0.000000000000000000, 0.000000000000000000 ) ) ;
#12119 = STYLED_ITEM ( 'NONE', ( #9365 ), #10998 ) ;
#12120 = STYLED_ITEM ( 'NONE', ( #12331 ), #9489 ) ;
#12121 = MECHANICAL_DESIGN_GEOMETRIC_PRESENTATION_REPRESENTATION (  '', ( #270 ), #9842 ) ;
#12122 = PRESENTATION_STYLE_ASSIGNMENT (( #5275 ) ) ;
#12123 = CARTESIAN_POINT ( 'NONE',  ( 21.99389473684210117, 11.42999999999999972, -6.727382588309368749 ) ) ;
#12124 = MECHANICAL_DESIGN_GEOMETRIC_PRESENTATION_REPRESENTATION (  '', ( #3755 ), #6805 ) ;
#12125 =( NAMED_UNIT ( * ) PLANE_ANGLE_UNIT ( ) SI_UNIT ( $, .RADIAN. ) );
#12126 = CIRCLE ( 'NONE', #6197, 0.5000000000000004441 ) ;
#12127 = CYLINDRICAL_SURFACE ( 'NONE', #1073, 0.5000000000000004441 ) ;
#12128 = DIRECTION ( 'NONE',  ( 0.000000000000000000, 1.000000000000000000, -0.000000000000000000 ) ) ;
#12129 = UNCERTAINTY_MEASURE_WITH_UNIT (LENGTH_MEASURE( 1.000000000000000082E-05 ), #4722, 'distance_accuracy_value', 'NONE');
#12130 = FILL_AREA_STYLE ('',( #5153 ) ) ;
#12131 = EDGE_CURVE ( 'NONE', #9335, #4700, #722, .T. ) ;
#12132 = ORIENTED_EDGE ( 'NONE', *, *, #9274, .F. ) ;
#12133 = COLOUR_RGB ( '',0.2509803921568627416, 0.2509803921568627416, 0.2509803921568627416 ) ;
#12134 = EDGE_LOOP ( 'NONE', ( #8150, #8979, #9515, #11711 ) ) ;
#12135 = ADVANCED_FACE ( 'NONE', ( #4016 ), #11826, .T. ) ;
#12136 = ADVANCED_FACE ( 'NONE', ( #9947 ), #10901, .T. ) ;
#12137 = CARTESIAN_POINT ( 'NONE',  ( 0.000000000000000000, 10.92999999999999794, 6.679213561880927408 ) ) ;
#12138 = CARTESIAN_POINT ( 'NONE',  ( -18.96989473684210026, 2.845581073188678811, 8.872385971794054527 ) ) ;
#12139 = DIRECTION ( 'NONE',  ( 1.040834085586084572E-14, 0.000000000000000000, -1.000000000000000000 ) ) ;
#12140 = DIRECTION ( 'NONE',  ( 0.000000000000000000, 0.000000000000000000, -1.000000000000000000 ) ) ;
#12141 = VECTOR ( 'NONE', #876, 1000.000000000000000 ) ;
#12142 = MECHANICAL_DESIGN_GEOMETRIC_PRESENTATION_REPRESENTATION (  '', ( #10885 ), #7823 ) ;
#12143 = FACE_OUTER_BOUND ( 'NONE', #7539, .T. ) ;
#12144 = ORIENTED_EDGE ( 'NONE', *, *, #12066, .T. ) ;
#12145 = MECHANICAL_DESIGN_GEOMETRIC_PRESENTATION_REPRESENTATION (  '', ( #11106 ), #5792 ) ;
#12146 = CARTESIAN_POINT ( 'NONE',  ( -8.459789473684212524, 2.929999999999998384, -18.41499999999999915 ) ) ;
#12147 = VECTOR ( 'NONE', #1722, 1000.000000000000000 ) ;
#12148 = UNCERTAINTY_MEASURE_WITH_UNIT (LENGTH_MEASURE( 1.000000000000000082E-05 ), #4220, 'distance_accuracy_value', 'NONE');
#12149 = DIRECTION ( 'NONE',  ( 1.000000000000000000, 0.000000000000000000, 0.000000000000000000 ) ) ;
#12150 = FILL_AREA_STYLE_COLOUR ( '', #6450 ) ;
#12151 = SURFACE_STYLE_USAGE ( .BOTH. , #3522 ) ;
#12152 = COLOUR_RGB ( '',0.2509803921568627416, 0.2509803921568627416, 0.2509803921568627416 ) ;
#12153 = EDGE_LOOP ( 'NONE', ( #2100, #7606, #8168, #11426, #1015, #342, #1887, #778, #2256, #9734, #9952 ) ) ;
#12155 = PRESENTATION_LAYER_ASSIGNMENT (  '', '', ( #721 ) ) ;
#12154 = CARTESIAN_POINT ( 'NONE',  ( 16.00315789473683736, 2.929999999999998384, -17.91499999999999204 ) ) ;
#12156 = ORIENTED_EDGE ( 'NONE', *, *, #11347, .F. ) ;
#12157 = ADVANCED_FACE ( 'NONE', ( #11955 ), #4892, .T. ) ;
#12158 = DIRECTION ( 'NONE',  ( -1.000000000000000000, -4.081702296416016490E-16, 0.000000000000000000 ) ) ;
#12159 = SURFACE_STYLE_FILL_AREA ( #2316 ) ;
#12160 = FACE_OUTER_BOUND ( 'NONE', #6445, .T. ) ;
#12161 =( NAMED_UNIT ( * ) SI_UNIT ( $, .STERADIAN. ) SOLID_ANGLE_UNIT ( ) );
#12162 = ORIENTED_EDGE ( 'NONE', *, *, #9454, .F. ) ;
#12163 = CARTESIAN_POINT ( 'NONE',  ( -20.44126315789473480, 2.929999999999998384, -7.728777060123920073 ) ) ;
#12164 =( GEOMETRIC_REPRESENTATION_CONTEXT ( 3 ) GLOBAL_UNCERTAINTY_ASSIGNED_CONTEXT ( ( #10980 ) ) GLOBAL_UNIT_ASSIGNED_CONTEXT ( ( #2597, #9465, #3738 ) ) REPRESENTATION_CONTEXT ( 'NONE', 'WORKASPACE' ) );
#12165 = LINE ( 'NONE', #2405, #3377 ) ;
#12166 = DIRECTION ( 'NONE',  ( 1.000000000000000000, 0.000000000000000000, 0.000000000000000000 ) ) ;
#12167 = FILL_AREA_STYLE ('',( #5360 ) ) ;
#12168 = VERTEX_POINT ( 'NONE', #302 ) ;
#12169 = CARTESIAN_POINT ( 'NONE',  ( -13.47915789473683290, 2.929999999999998384, 18.41499999999999915 ) ) ;
#12170 = ORIENTED_EDGE ( 'NONE', *, *, #8984, .F. ) ;
#12171 = AXIS2_PLACEMENT_3D ( 'NONE', #1234, #8954, #10933 ) ;
#12172 = CARTESIAN_POINT ( 'NONE',  ( -28.45599999999999596, 10.92999999999999794, -7.179213561880927408 ) ) ;
#12173 = DIRECTION ( 'NONE',  ( -1.000000000000000000, 0.000000000000000000, 0.000000000000000000 ) ) ;
#12174 = ORIENTED_EDGE ( 'NONE', *, *, #7943, .T. ) ;
#12175 = EDGE_CURVE ( 'NONE', #6481, #127, #9298, .T. ) ;
#12176 = FILL_AREA_STYLE ('',( #8253 ) ) ;
#12177 = CARTESIAN_POINT ( 'NONE',  ( 17.22021356188092867, 1.277999999999999581, 18.41499999999999915 ) ) ;
#12178 = UNCERTAINTY_MEASURE_WITH_UNIT (LENGTH_MEASURE( 1.000000000000000082E-05 ), #5698, 'distance_accuracy_value', 'NONE');
#12179 = UNCERTAINTY_MEASURE_WITH_UNIT (LENGTH_MEASURE( 1.000000000000000082E-05 ), #23, 'distance_accuracy_value', 'NONE');
#12180 = AXIS2_PLACEMENT_3D ( 'NONE', #1930, #3971, #7842 ) ;
#12181 = CARTESIAN_POINT ( 'NONE',  ( -17.97828902089817404, 2.192271861629095042, -10.55982037861818412 ) ) ;
#12182 = CARTESIAN_POINT ( 'NONE',  ( 16.47452631578947546, 11.43000000000001748, 18.41499999999999915 ) ) ;
#12183 = FACE_OUTER_BOUND ( 'NONE', #971, .T. ) ;
#12184 =( NAMED_UNIT ( * ) SI_UNIT ( $, .STERADIAN. ) SOLID_ANGLE_UNIT ( ) );
#12185 = LINE ( 'NONE', #3436, #10291 ) ;
#12186 = DIRECTION ( 'NONE',  ( -1.000000000000000000, 0.000000000000000000, 0.000000000000000000 ) ) ;
#12187 = PRESENTATION_LAYER_ASSIGNMENT (  '', '', ( #4021 ) ) ;
#12188 = ORIENTED_EDGE ( 'NONE', *, *, #2829, .F. ) ;
#12189 = ADVANCED_FACE ( 'NONE', ( #4263 ), #12200, .T. ) ;
#12190 =( NAMED_UNIT ( * ) SI_UNIT ( $, .STERADIAN. ) SOLID_ANGLE_UNIT ( ) );
#12191 = CARTESIAN_POINT ( 'NONE',  ( 13.97915789473684001, 10.92999999999999794, 17.91499999999999915 ) ) ;
#12192 = PRESENTATION_LAYER_ASSIGNMENT (  '', '', ( #7874 ) ) ;
#12193 = CARTESIAN_POINT ( 'NONE',  ( 40.19178643811905971, 1.778000000000000025, -7.179213561880927408 ) ) ;
#12194 = CARTESIAN_POINT ( 'NONE',  ( 21.49389473684210117, 2.929999999999998384, 7.331931628739901008 ) ) ;
#12195 = SURFACE_STYLE_USAGE ( .BOTH. , #10140 ) ;
#12196 = CYLINDRICAL_SURFACE ( 'NONE', #8842, 0.7619999999999953477 ) ;
#12197 = COLOUR_RGB ( '',0.2509803921568627416, 0.2509803921568627416, 0.2509803921568627416 ) ;
#12198 =( NAMED_UNIT ( * ) SI_UNIT ( $, .STERADIAN. ) SOLID_ANGLE_UNIT ( ) );
#12199 = CARTESIAN_POINT ( 'NONE',  ( 17.72021356188092867, 2.168174630207213127, -12.17921356188096382 ) ) ;
#12200 = CYLINDRICAL_SURFACE ( 'NONE', #10496, 0.5000000000000004441 ) ;
#12201 = ORIENTED_EDGE ( 'NONE', *, *, #8896, .F. ) ;
#12202 = CARTESIAN_POINT ( 'NONE',  ( 16.47452631578948257, 2.929999999999998384, 18.41499999999999915 ) ) ;
#12203 = CIRCLE ( 'NONE', #6677, 1.587500000000002132 ) ;
#12204 = EDGE_CURVE ( 'NONE', #4582, #4020, #559, .T. ) ;
#12205 = VECTOR ( 'NONE', #1665, 1000.000000000000000 ) ;
#12206 = CARTESIAN_POINT ( 'NONE',  ( -14.45052631578947278, 11.42999999999999972, -18.41499999999999915 ) ) ;
#12207 = CARTESIAN_POINT ( 'NONE',  ( 24.98926315789472952, 11.42999999999999972, 0.000000000000000000 ) ) ;
#12208 = FILL_AREA_STYLE_COLOUR ( '', #6911 ) ;
#12209 = VERTEX_POINT ( 'NONE', #7368 ) ;
#12210 = DIRECTION ( 'NONE',  ( -0.000000000000000000, -0.000000000000000000, 1.000000000000000000 ) ) ;
#12211 = SURFACE_STYLE_FILL_AREA ( #1460 ) ;
#12212 = MECHANICAL_DESIGN_GEOMETRIC_PRESENTATION_REPRESENTATION (  '', ( #149 ), #7478 ) ;
#12213 = EDGE_CURVE ( 'NONE', #4616, #7827, #11148, .T. ) ;
#12214 = FACE_OUTER_BOUND ( 'NONE', #8962, .T. ) ;
#12215 = EDGE_CURVE ( 'NONE', #3097, #833, #8207, .T. ) ;
#12216 = PRESENTATION_LAYER_ASSIGNMENT (  '', '', ( #12011 ) ) ;
#12217 = CARTESIAN_POINT ( 'NONE',  ( -20.44126315789473480, 10.92999999999999794, -18.41499999999999915 ) ) ;
#12218 = CARTESIAN_POINT ( 'NONE',  ( -8.459789473684212524, 11.22289321881345536, 18.20789321881345302 ) ) ;
#12219 = DIRECTION ( 'NONE',  ( -0.000000000000000000, -0.000000000000000000, -1.000000000000000000 ) ) ;
#12220 = VERTEX_POINT ( 'NONE', #3507 ) ;
#12221 = FILL_AREA_STYLE ('',( #631 ) ) ;
#12222 = VERTEX_POINT ( 'NONE', #6110 ) ;
#12223 = CARTESIAN_POINT ( 'NONE',  ( 24.98926315789472952, 11.42999999999999972, 6.679213561880927408 ) ) ;
#12224 = AXIS2_PLACEMENT_3D ( 'NONE', #109, #8089, #6833 ) ;
#12225 =( NAMED_UNIT ( * ) PLANE_ANGLE_UNIT ( ) SI_UNIT ( $, .RADIAN. ) );
#12226 =( BOUNDED_CURVE ( )  B_SPLINE_CURVE ( 3, ( #1356, #2510, #1290, #9969 ),
 .UNSPECIFIED., .F., .T. ) 
 B_SPLINE_CURVE_WITH_KNOTS ( ( 4, 4 ),
 ( 4.712388980384689674, 6.283185307179586232 ),
 .UNSPECIFIED. ) 
 CURVE ( )  GEOMETRIC_REPRESENTATION_ITEM ( )  RATIONAL_B_SPLINE_CURVE ( ( 1.000000000000000000, 0.8047378541243649375, 0.8047378541243649375, 1.000000000000000000 ) ) 
 REPRESENTATION_ITEM ( '' )  );
#12227 =( NAMED_UNIT ( * ) SI_UNIT ( $, .STERADIAN. ) SOLID_ANGLE_UNIT ( ) );
#12228 =( NAMED_UNIT ( * ) SI_UNIT ( $, .STERADIAN. ) SOLID_ANGLE_UNIT ( ) );
#12229 = DIRECTION ( 'NONE',  ( 0.000000000000000000, 1.000000000000000000, 0.000000000000000000 ) ) ;
#12230 = MECHANICAL_DESIGN_GEOMETRIC_PRESENTATION_REPRESENTATION (  '', ( #1969 ), #6897 ) ;
#12231 = ORIENTED_EDGE ( 'NONE', *, *, #5689, .T. ) ;
#12232 = LINE ( 'NONE', #7391, #9406 ) ;
#12233 = VECTOR ( 'NONE', #4654, 1000.000000000000000 ) ;
#12234 = CARTESIAN_POINT ( 'NONE',  ( 22.72021356188096419, 1.778000000000000025, -7.179213561880928296 ) ) ;
#12235 = DIRECTION ( 'NONE',  ( -0.000000000000000000, 1.000000000000000000, 0.000000000000000000 ) ) ;
#12236 = ORIENTED_EDGE ( 'NONE', *, *, #12591, .T. ) ;
#12237 = FILL_AREA_STYLE ('',( #8308 ) ) ;
#12238 = AXIS2_PLACEMENT_3D ( 'NONE', #9731, #4945, #4881 ) ;
#12239 = ORIENTED_EDGE ( 'NONE', *, *, #4819, .T. ) ;
#12240 = DIRECTION ( 'NONE',  ( 0.000000000000000000, 0.000000000000000000, 1.000000000000000000 ) ) ;
#12241 = MECHANICAL_DESIGN_GEOMETRIC_PRESENTATION_REPRESENTATION (  '', ( #10581 ), #1005 ) ;
#12242 = FILL_AREA_STYLE_COLOUR ( '', #2655 ) ;
#12243 = VERTEX_POINT ( 'NONE', #9239 ) ;
#12244 = FILL_AREA_STYLE ('',( #7345 ) ) ;
#12245 = AXIS2_PLACEMENT_3D ( 'NONE', #12253, #6158, #11144 ) ;
#12246 = PRESENTATION_STYLE_ASSIGNMENT (( #8377 ) ) ;
#12247 = DIRECTION ( 'NONE',  ( 0.000000000000000000, 0.000000000000000000, -1.000000000000000000 ) ) ;
#12248 = ADVANCED_FACE ( 'NONE', ( #2219 ), #10014, .F. ) ;
#12249 = DIRECTION ( 'NONE',  ( -1.000000000000000000, 0.000000000000000000, 0.000000000000000000 ) ) ;
#12250 = ORIENTED_EDGE ( 'NONE', *, *, #5594, .T. ) ;
#12251 = DIRECTION ( 'NONE',  ( 0.000000000000000000, -1.000000000000000000, -0.000000000000000000 ) ) ;
#12252 = PRESENTATION_LAYER_ASSIGNMENT (  '', '', ( #1623 ) ) ;
#12253 = CARTESIAN_POINT ( 'NONE',  ( -12.21715789473683600, 2.929999999999998384, -17.91499999999999204 ) ) ;
#12254 = PRODUCT_RELATED_PRODUCT_CATEGORY ( 'part', '', ( #9287 ) ) ;
#12255 =( GEOMETRIC_REPRESENTATION_CONTEXT ( 3 ) GLOBAL_UNCERTAINTY_ASSIGNED_CONTEXT ( ( #11773 ) ) GLOBAL_UNIT_ASSIGNED_CONTEXT ( ( #653, #9517, #4542 ) ) REPRESENTATION_CONTEXT ( 'NONE', 'WORKASPACE' ) );
#12256 = FACE_OUTER_BOUND ( 'NONE', #9548, .T. ) ;
#12257 = ORIENTED_EDGE ( 'NONE', *, *, #12131, .T. ) ;
#12258 = DIRECTION ( 'NONE',  ( 0.000000000000000000, -1.000000000000000000, 0.000000000000000000 ) ) ;
#12259 = CARTESIAN_POINT ( 'NONE',  ( -40.19178643811905971, 10.92999999999999794, 6.679213561880927408 ) ) ;
#12260 = FILL_AREA_STYLE ('',( #11274 ) ) ;
#12261 =( NAMED_UNIT ( * ) SI_UNIT ( $, .STERADIAN. ) SOLID_ANGLE_UNIT ( ) );
#12262 = STYLED_ITEM ( 'NONE', ( #7342 ), #3246 ) ;
#12263 = STYLED_ITEM ( 'NONE', ( #7384 ), #6671 ) ;
#12264 = ADVANCED_FACE ( 'NONE', ( #9604 ), #1834, .F. ) ;
#12265 =( LENGTH_UNIT ( ) NAMED_UNIT ( * ) SI_UNIT ( .MILLI., .METRE. ) );
#12266 = CYLINDRICAL_SURFACE ( 'NONE', #10895, 0.7619999999999987894 ) ;
#12267 = EDGE_CURVE ( 'NONE', #9966, #5795, #10446, .T. ) ;
#12268 = CARTESIAN_POINT ( 'NONE',  ( 17.88225732049663819, 2.177300702822913880, -10.88965143356244525 ) ) ;
#12269 = UNCERTAINTY_MEASURE_WITH_UNIT (LENGTH_MEASURE( 1.000000000000000082E-05 ), #856, 'distance_accuracy_value', 'NONE');
#12270 = CARTESIAN_POINT ( 'NONE',  ( -19.12766983125100495, 11.29886119217895590, -8.476897905992485605 ) ) ;
#12271 = EDGE_LOOP ( 'NONE', ( #1371, #2893, #11670, #5708 ) ) ;
#12272 = COLOUR_RGB ( '',0.2509803921568627416, 0.2509803921568627416, 0.2509803921568627416 ) ;
#12273 = COLOUR_RGB ( '',0.2509803921568627416, 0.2509803921568627416, 0.2509803921568627416 ) ;
#12274 = COLOUR_RGB ( '',0.2509803921568627416, 0.2509803921568627416, 0.2509803921568627416 ) ;
#12275 = CARTESIAN_POINT ( 'NONE',  ( -23.22952479776081347, 11.42999999999999972, -6.972106780694380390 ) ) ;
#12276 = DIRECTION ( 'NONE',  ( 1.000000000000000000, 0.000000000000000000, 0.000000000000000000 ) ) ;
#12277 = CARTESIAN_POINT ( 'NONE',  ( -17.22021356188092867, 11.42999999999999972, 17.91499999999999915 ) ) ;
#12278 = ORIENTED_EDGE ( 'NONE', *, *, #3025, .F. ) ;
#12279 = FACE_OUTER_BOUND ( 'NONE', #5056, .T. ) ;
#12280 = CARTESIAN_POINT ( 'NONE',  ( -0.9976842105263136196, 10.92999999999999794, -17.91499999999999204 ) ) ;
#12281 = VECTOR ( 'NONE', #6694, 1000.000000000000000 ) ;
#12282 = CARTESIAN_POINT ( 'NONE',  ( 25.96063157894737117, 11.42999999999999972, 6.679213561880927408 ) ) ;
#12283 = FILL_AREA_STYLE ('',( #9311 ) ) ;
#12284 = EDGE_CURVE ( 'NONE', #1206, #9916, #11418, .T. ) ;
#12285 = DIRECTION ( 'NONE',  ( 4.081702296416016490E-16, -1.000000000000000000, 0.000000000000000000 ) ) ;
#12286 = ORIENTED_EDGE ( 'NONE', *, *, #9199, .F. ) ;
#12287 = CARTESIAN_POINT ( 'NONE',  ( 24.90151096696283872, 1.277999999999999581, 18.41499999999999915 ) ) ;
#12288 = ORIENTED_EDGE ( 'NONE', *, *, #12496, .F. ) ;
#12289 = CARTESIAN_POINT ( 'NONE',  ( -25.28732325865668784, 0.5000000000000000000, 17.59696088986111562 ) ) ;
#12290 = COLOUR_RGB ( '',0.2509803921568627416, 0.2509803921568627416, 0.2509803921568627416 ) ;
#12291 = UNCERTAINTY_MEASURE_WITH_UNIT (LENGTH_MEASURE( 1.000000000000000082E-05 ), #2792, 'distance_accuracy_value', 'NONE');
#12292 =( GEOMETRIC_REPRESENTATION_CONTEXT ( 3 ) GLOBAL_UNCERTAINTY_ASSIGNED_CONTEXT ( ( #9053 ) ) GLOBAL_UNIT_ASSIGNED_CONTEXT ( ( #11555, #7624, #2025 ) ) REPRESENTATION_CONTEXT ( 'NONE', 'WORKASPACE' ) );
#12293 = DIRECTION ( 'NONE',  ( -0.000000000000000000, -0.000000000000000000, 1.000000000000000000 ) ) ;
#12294 = EDGE_CURVE ( 'NONE', #5124, #957, #4695, .T. ) ;
#12295 = ORIENTED_EDGE ( 'NONE', *, *, #12112, .T. ) ;
#12296 = LINE ( 'NONE', #1361, #6148 ) ;
#12297 =( LENGTH_UNIT ( ) NAMED_UNIT ( * ) SI_UNIT ( .MILLI., .METRE. ) );
#12298 = FILL_AREA_STYLE ('',( #9444 ) ) ;
#12299 =( NAMED_UNIT ( * ) SI_UNIT ( $, .STERADIAN. ) SOLID_ANGLE_UNIT ( ) );
#12300 = COLOUR_RGB ( '',0.2509803921568627416, 0.2509803921568627416, 0.2509803921568627416 ) ;
#12301 =( NAMED_UNIT ( * ) SI_UNIT ( $, .STERADIAN. ) SOLID_ANGLE_UNIT ( ) );
#12302 = CIRCLE ( 'NONE', #5327, 0.5000000000000004441 ) ;
#12303 = VECTOR ( 'NONE', #2799, 1000.000000000000000 ) ;
#12304 = ORIENTED_EDGE ( 'NONE', *, *, #4281, .T. ) ;
#12305 = DIRECTION ( 'NONE',  ( 0.000000000000000000, 1.000000000000000000, 0.000000000000000000 ) ) ;
#12306 = DIRECTION ( 'NONE',  ( -0.000000000000000000, -1.000000000000000000, -0.000000000000000000 ) ) ;
#12307 = VERTEX_POINT ( 'NONE', #616 ) ;
#12308 =( BOUNDED_CURVE ( )  B_SPLINE_CURVE ( 3, ( #12430, #10358, #5615, #5487 ),
 .UNSPECIFIED., .F., .F. ) 
 B_SPLINE_CURVE_WITH_KNOTS ( ( 4, 4 ),
 ( 4.712388980384689674, 6.283185307179579127 ),
 .UNSPECIFIED. ) 
 CURVE ( )  GEOMETRIC_REPRESENTATION_ITEM ( )  RATIONAL_B_SPLINE_CURVE ( ( 1.000000000000000000, 0.8047378541243649375, 0.8047378541243649375, 1.000000000000000000 ) ) 
 REPRESENTATION_ITEM ( '' )  );
#12309 = FILL_AREA_STYLE ('',( #4480 ) ) ;
#12310 = EDGE_CURVE ( 'NONE', #10332, #4364, #10883, .T. ) ;
#12311 = AXIS2_PLACEMENT_3D ( 'NONE', #2218, #2288, #9875 ) ;
#12312 = DIRECTION ( 'NONE',  ( 0.000000000000000000, 0.000000000000000000, 1.000000000000000000 ) ) ;
#12313 = VERTEX_POINT ( 'NONE', #8593 ) ;
#12314 = DIRECTION ( 'NONE',  ( -0.000000000000000000, 1.000000000000000000, 0.000000000000000000 ) ) ;
#12315 = PRESENTATION_LAYER_ASSIGNMENT (  '', '', ( #10641 ) ) ;
#12316 = UNCERTAINTY_MEASURE_WITH_UNIT (LENGTH_MEASURE( 1.000000000000000082E-05 ), #3144, 'distance_accuracy_value', 'NONE');
#12317 = DIRECTION ( 'NONE',  ( -0.000000000000000000, 1.000000000000000000, -0.000000000000000000 ) ) ;
#12318 = LINE ( 'NONE', #5629, #10030 ) ;
#12319 = ORIENTED_EDGE ( 'NONE', *, *, #6381, .F. ) ;
#12320 =( LENGTH_UNIT ( ) NAMED_UNIT ( * ) SI_UNIT ( .MILLI., .METRE. ) );
#12321 = VECTOR ( 'NONE', #3619, 1000.000000000000000 ) ;
#12322 = SURFACE_STYLE_USAGE ( .BOTH. , #2719 ) ;
#12323 = VECTOR ( 'NONE', #2001, 1000.000000000000000 ) ;
#12324 = DIRECTION ( 'NONE',  ( 0.000000000000000000, 0.000000000000000000, -1.000000000000000000 ) ) ;
#12325 = EDGE_CURVE ( 'NONE', #524, #11055, #4634, .T. ) ;
#12326 = EDGE_LOOP ( 'NONE', ( #12444, #5687, #2407, #9626 ) ) ;
#12327 = CARTESIAN_POINT ( 'NONE',  ( 7.017052631578944322, 11.42999999999999972, 17.91499999999999915 ) ) ;
#12328 = CARTESIAN_POINT ( 'NONE',  ( -7.959789473684211636, 11.42999999999999972, 18.41499999999999915 ) ) ;
#12329 = DIRECTION ( 'NONE',  ( 1.000000000000000000, 0.000000000000000000, 0.000000000000000000 ) ) ;
#12330 =( NAMED_UNIT ( * ) PLANE_ANGLE_UNIT ( ) SI_UNIT ( $, .RADIAN. ) );
#12331 = PRESENTATION_STYLE_ASSIGNMENT (( #8526 ) ) ;
#12332 = EDGE_CURVE ( 'NONE', #8990, #7337, #1513, .T. ) ;
#12333 = VECTOR ( 'NONE', #11823, 999.9999999999998863 ) ;
#12334 = PRESENTATION_LAYER_ASSIGNMENT (  '', '', ( #5165 ) ) ;
#12335 = VERTEX_POINT ( 'NONE', #12590 ) ;
#12336 = CARTESIAN_POINT ( 'NONE',  ( 28.95599999999999952, 11.42999999999999972, 6.972106780694380390 ) ) ;
#12337 =( NAMED_UNIT ( * ) SI_UNIT ( $, .STERADIAN. ) SOLID_ANGLE_UNIT ( ) );
#12338 = PRESENTATION_STYLE_ASSIGNMENT (( #4400 ) ) ;
#12339 = ORIENTED_EDGE ( 'NONE', *, *, #9820, .F. ) ;
#12341 = EDGE_CURVE ( 'NONE', #8687, #3470, #716, .T. ) ;
#12340 = FILL_AREA_STYLE ('',( #11288 ) ) ;
#12342 = DIRECTION ( 'NONE',  ( -0.000000000000000000, 0.000000000000000000, 1.000000000000000000 ) ) ;
#12343 = TOROIDAL_SURFACE ( 'NONE', #4163, 1.261999999999997124, 0.5000000000000000000 ) ;
#12344 = AXIS2_PLACEMENT_3D ( 'NONE', #11023, #2283, #4256 ) ;
#12345 = VECTOR ( 'NONE', #7236, 1000.000000000000000 ) ;
#12346 = LINE ( 'NONE', #2615, #12563 ) ;
#12347 = CARTESIAN_POINT ( 'NONE',  ( -4.493052631578940748, 2.929999999999998384, -17.91499999999999204 ) ) ;
#12348 = CARTESIAN_POINT ( 'NONE',  ( 4.993052631578953182, 2.929999999999998384, -18.41499999999999915 ) ) ;
#12349 = VERTEX_POINT ( 'NONE', #12462 ) ;
#12350 = SURFACE_STYLE_USAGE ( .BOTH. , #7328 ) ;
#12351 = ORIENTED_EDGE ( 'NONE', *, *, #8538, .T. ) ;
#12352 = AXIS2_PLACEMENT_3D ( 'NONE', #7151, #8113, #12037 ) ;
#12353 = CYLINDRICAL_SURFACE ( 'NONE', #8792, 0.7619999999999953477 ) ;
#12354 = SURFACE_SIDE_STYLE ('',( #3592 ) ) ;
#12355 = AXIS2_PLACEMENT_3D ( 'NONE', #11187, #7392, #3420 ) ;
#12356 = STYLED_ITEM ( 'NONE', ( #3714 ), #2763 ) ;
#12357 = ORIENTED_EDGE ( 'NONE', *, *, #10141, .T. ) ;
#12358 = CARTESIAN_POINT ( 'NONE',  ( -0.9976842105263068472, 2.929999999999998384, -17.91499999999999204 ) ) ;
#12359 = ORIENTED_EDGE ( 'NONE', *, *, #3410, .T. ) ;
#12360 = EDGE_CURVE ( 'NONE', #8246, #3160, #10099, .T. ) ;
#12361 = CARTESIAN_POINT ( 'NONE',  ( -28.95599999999999596, 11.42999999999999972, -18.41499999999999559 ) ) ;
#12362 = EDGE_CURVE ( 'NONE', #531, #10260, #6876, .T. ) ;
#12363 = FILL_AREA_STYLE_COLOUR ( '', #11104 ) ;
#12364 = CIRCLE ( 'NONE', #4389, 1.261999999999997124 ) ;
#12365 =( GEOMETRIC_REPRESENTATION_CONTEXT ( 3 ) GLOBAL_UNCERTAINTY_ASSIGNED_CONTEXT ( ( #10428 ) ) GLOBAL_UNIT_ASSIGNED_CONTEXT ( ( #11810, #7995, #4193 ) ) REPRESENTATION_CONTEXT ( 'NONE', 'WORKASPACE' ) );
#12366 = CARTESIAN_POINT ( 'NONE',  ( -28.45599999999999596, 1.277999999999999581, 18.41499999999999915 ) ) ;
#12367 = SURFACE_SIDE_STYLE ('',( #1187 ) ) ;
#12368 = ORIENTED_EDGE ( 'NONE', *, *, #11859, .F. ) ;
#12369 = SURFACE_STYLE_USAGE ( .BOTH. , #9214 ) ;
#12370 = LINE ( 'NONE', #4478, #10595 ) ;
#12371 = ORIENTED_EDGE ( 'NONE', *, *, #12175, .T. ) ;
#12372 = PRESENTATION_STYLE_ASSIGNMENT (( #9519 ) ) ;
#12373 = CARTESIAN_POINT ( 'NONE',  ( 25.96063157894736051, 11.22289321881345536, 7.179213561880926520 ) ) ;
#12374 = AXIS2_PLACEMENT_3D ( 'NONE', #8129, #12249, #3493 ) ;
#12375 = CARTESIAN_POINT ( 'NONE',  ( -7.488421052631577979, 11.42999999999999972, 18.41499999999999915 ) ) ;
#12376 = ORIENTED_EDGE ( 'NONE', *, *, #5145, .T. ) ;
#12377 = TOROIDAL_SURFACE ( 'NONE', #2982, 2.087500000000002132, 0.5000000000000000000 ) ;
#12378 = CARTESIAN_POINT ( 'NONE',  ( 13.00778947368420901, 11.42999999999999972, 17.91499999999999915 ) ) ;
#12379 = FILL_AREA_STYLE_COLOUR ( '', #4576 ) ;
#12380 = CIRCLE ( 'NONE', #6401, 4.999999999999999112 ) ;
#12381 = UNCERTAINTY_MEASURE_WITH_UNIT (LENGTH_MEASURE( 1.000000000000000082E-05 ), #9104, 'distance_accuracy_value', 'NONE');
#12382 = PRESENTATION_STYLE_ASSIGNMENT (( #1493 ) ) ;
#12383 = PRESENTATION_STYLE_ASSIGNMENT (( #9399 ) ) ;
#12384 = DIRECTION ( 'NONE',  ( 0.000000000000000000, -1.000000000000000000, 0.000000000000000000 ) ) ;
#12385 = ORIENTED_EDGE ( 'NONE', *, *, #2918, .F. ) ;
#12386 = SURFACE_SIDE_STYLE ('',( #10559 ) ) ;
#12387 = STYLED_ITEM ( 'NONE', ( #11245 ), #5521 ) ;
#12388 = EDGE_CURVE ( 'NONE', #320, #11692, #11313, .T. ) ;
#12389 = DIRECTION ( 'NONE',  ( -1.000000000000000000, 0.000000000000000000, 0.000000000000000000 ) ) ;
#12390 = DIRECTION ( 'NONE',  ( -1.000000000000000000, -0.000000000000000000, -0.000000000000000000 ) ) ;
#12391 = ORIENTED_EDGE ( 'NONE', *, *, #11161, .F. ) ;
#12392 = CARTESIAN_POINT ( 'NONE',  ( -28.45599999999999596, 1.778000000000000025, 16.16328183851187816 ) ) ;
#12393 = ORIENTED_EDGE ( 'NONE', *, *, #4430, .F. ) ;
#12394 = STYLED_ITEM ( 'NONE', ( #6038 ), #26 ) ;
#12395 = SURFACE_STYLE_FILL_AREA ( #807 ) ;
#12396 = STYLED_ITEM ( 'NONE', ( #4788 ), #5637 ) ;
#12397 = FILL_AREA_STYLE_COLOUR ( '', #30 ) ;
#12398 = CARTESIAN_POINT ( 'NONE',  ( 24.98926315789472952, 10.92999999999999794, 0.000000000000000000 ) ) ;
#12399 =( GEOMETRIC_REPRESENTATION_CONTEXT ( 3 ) GLOBAL_UNCERTAINTY_ASSIGNED_CONTEXT ( ( #4325 ) ) GLOBAL_UNIT_ASSIGNED_CONTEXT ( ( #8305, #9823, #3849 ) ) REPRESENTATION_CONTEXT ( 'NONE', 'WORKASPACE' ) );
#12400 = ORIENTED_EDGE ( 'NONE', *, *, #879, .F. ) ;
#12401 = DIRECTION ( 'NONE',  ( 4.081702296416016490E-16, -1.000000000000000000, 0.000000000000000000 ) ) ;
#12402 = EDGE_LOOP ( 'NONE', ( #10730, #2496, #11433, #9533 ) ) ;
#12403 = SURFACE_STYLE_USAGE ( .BOTH. , #5719 ) ;
#12404 = FILL_AREA_STYLE ('',( #11561 ) ) ;
#12405 = DIRECTION ( 'NONE',  ( 0.000000000000000000, -1.000000000000000000, 0.000000000000000000 ) ) ;
#12406 = PLANE ( 'NONE',  #8250 ) ;
#12407 =( GEOMETRIC_REPRESENTATION_CONTEXT ( 3 ) GLOBAL_UNCERTAINTY_ASSIGNED_CONTEXT ( ( #9768 ) ) GLOBAL_UNIT_ASSIGNED_CONTEXT ( ( #5989, #8874, #3010 ) ) REPRESENTATION_CONTEXT ( 'NONE', 'WORKASPACE' ) );
#12408 = CARTESIAN_POINT ( 'NONE',  ( 28.45599999999999952, 1.778000000000000025, 7.179213561880927408 ) ) ;
#12409 = DIRECTION ( 'NONE',  ( 0.000000000000000000, 0.000000000000000000, -1.000000000000000000 ) ) ;
#12410 = LINE ( 'NONE', #7569, #2340 ) ;
#12411 = ORIENTED_EDGE ( 'NONE', *, *, #7324, .F. ) ;
#12412 = ADVANCED_FACE ( 'NONE', ( #6930 ), #10759, .F. ) ;
#12413 = DIRECTION ( 'NONE',  ( 0.000000000000000000, 1.000000000000000000, 0.000000000000000000 ) ) ;
#12414 = COLOUR_RGB ( '',0.2509803921568627416, 0.2509803921568627416, 0.2509803921568627416 ) ;
#12415 = ORIENTED_EDGE ( 'NONE', *, *, #9265, .F. ) ;
#12416 = CARTESIAN_POINT ( 'NONE',  ( 19.96989473684210736, 10.92999999999999794, 8.003600270322777988 ) ) ;
#12417 = ORIENTED_EDGE ( 'NONE', *, *, #2074, .T. ) ;
#12418 = DIRECTION ( 'NONE',  ( -0.000000000000000000, -0.000000000000000000, 1.000000000000000000 ) ) ;
#12419 = UNCERTAINTY_MEASURE_WITH_UNIT (LENGTH_MEASURE( 1.000000000000000082E-05 ), #2742, 'distance_accuracy_value', 'NONE');
#12420 = LINE ( 'NONE', #4652, #9846 ) ;
#12421 = SURFACE_SIDE_STYLE ('',( #5415 ) ) ;
#12422 = STYLED_ITEM ( 'NONE', ( #3690 ), #4170 ) ;
#12423 = CARTESIAN_POINT ( 'NONE',  ( -28.45599999999999596, 11.42999999999999972, 15.66328183851187994 ) ) ;
#12424 = ORIENTED_EDGE ( 'NONE', *, *, #1780, .F. ) ;
#12425 =( LENGTH_UNIT ( ) NAMED_UNIT ( * ) SI_UNIT ( .MILLI., .METRE. ) );
#12426 = VECTOR ( 'NONE', #3806, 1000.000000000000000 ) ;
#12427 = PRESENTATION_STYLE_ASSIGNMENT (( #3536 ) ) ;
#12428 =( NAMED_UNIT ( * ) PLANE_ANGLE_UNIT ( ) SI_UNIT ( $, .RADIAN. ) );
#12429 = CARTESIAN_POINT ( 'NONE',  ( 25.40151096696282096, 1.777999999999999581, -18.20789321881344591 ) ) ;
#12430 = CARTESIAN_POINT ( 'NONE',  ( -28.95599999999999596, 1.277999999999999581, -6.679213561880927408 ) ) ;
#12431 = LINE ( 'NONE', #6526, #5798 ) ;
#12432 = ORIENTED_EDGE ( 'NONE', *, *, #9862, .T. ) ;
#12433 = EDGE_CURVE ( 'NONE', #320, #6887, #5080, .T. ) ;
#12434 = ORIENTED_EDGE ( 'NONE', *, *, #11859, .T. ) ;
#12435 = SURFACE_STYLE_USAGE ( .BOTH. , #10549 ) ;
#12436 = CARTESIAN_POINT ( 'NONE',  ( 25.96063157894736761, 10.92999999999999794, 7.179213561880927408 ) ) ;
#12437 = EDGE_LOOP ( 'NONE', ( #755, #1463, #7382, #4734 ) ) ;
#12438 = PRESENTATION_STYLE_ASSIGNMENT (( #8752 ) ) ;
#12439 = UNCERTAINTY_MEASURE_WITH_UNIT (LENGTH_MEASURE( 1.000000000000000082E-05 ), #11459, 'distance_accuracy_value', 'NONE');
#12440 = UNCERTAINTY_MEASURE_WITH_UNIT (LENGTH_MEASURE( 1.000000000000000082E-05 ), #6629, 'distance_accuracy_value', 'NONE');
#12441 = CARTESIAN_POINT ( 'NONE',  ( -20.44126315789473480, 10.92999999999999794, 7.728777060123920073 ) ) ;
#12442 = CIRCLE ( 'NONE', #7917, 1.587500000000002132 ) ;
#12443 = SURFACE_STYLE_FILL_AREA ( #798 ) ;
#12444 = ORIENTED_EDGE ( 'NONE', *, *, #1565, .F. ) ;
#12445 = FILL_AREA_STYLE ('',( #3740 ) ) ;
#12446 = SURFACE_STYLE_USAGE ( .BOTH. , #801 ) ;
#12447 = ADVANCED_FACE ( 'NONE', ( #158 ), #10704, .F. ) ;
#12449 = AXIS2_PLACEMENT_3D ( 'NONE', #5402, #9362, #3456 ) ;
#12448 = FACE_OUTER_BOUND ( 'NONE', #10453, .T. ) ;
#12450 = EDGE_LOOP ( 'NONE', ( #4742, #6400, #8354, #7818 ) ) ;
#12451 = FILL_AREA_STYLE ('',( #5765 ) ) ;
#12452 = EDGE_CURVE ( 'NONE', #3743, #8682, #10822, .T. ) ;
#12453 = CARTESIAN_POINT ( 'NONE',  ( -16.94589473684210290, 11.42999999999999972, 18.41499999999999915 ) ) ;
#12454 = ORIENTED_EDGE ( 'NONE', *, *, #10707, .F. ) ;
#12455 = CARTESIAN_POINT ( 'NONE',  ( 16.97452631578947546, 10.92999999999999794, -17.91499999999999204 ) ) ;
#12456 =( LENGTH_UNIT ( ) NAMED_UNIT ( * ) SI_UNIT ( .MILLI., .METRE. ) );
#12457 = CARTESIAN_POINT ( 'NONE',  ( -20.99479586645405504, 2.171624019199871913, 7.481895912006028659 ) ) ;
#12458 = COLOUR_RGB ( '',0.2509803921568627416, 0.2509803921568627416, 0.2509803921568627416 ) ;
#12459 = DIRECTION ( 'NONE',  ( 1.000000000000000000, 0.000000000000000000, 0.000000000000000000 ) ) ;
#12460 = VECTOR ( 'NONE', #979, 1000.000000000000000 ) ;
#12461 = STYLED_ITEM ( 'NONE', ( #3237 ), #6327 ) ;
#12462 = CARTESIAN_POINT ( 'NONE',  ( 1.026315789473684292, 11.42999999999999972, -18.41499999999999559 ) ) ;
#12463 = ORIENTED_EDGE ( 'NONE', *, *, #6558, .T. ) ;
#12464 = FILL_AREA_STYLE_COLOUR ( '', #7758 ) ;
#12465 = PRESENTATION_LAYER_ASSIGNMENT (  '', '', ( #7726 ) ) ;
#12466 = CARTESIAN_POINT ( 'NONE',  ( 9.512421052631573559, 10.92999999999999794, 17.91499999999999915 ) ) ;
#12467 = MECHANICAL_DESIGN_GEOMETRIC_PRESENTATION_REPRESENTATION (  '', ( #5705 ), #407 ) ;
#12468 = EDGE_LOOP ( 'NONE', ( #12106, #7343, #10029, #10436 ) ) ;
#12469 = DIRECTION ( 'NONE',  ( -0.6360782202777650607, 0.000000000000000000, -0.7716245833877191096 ) ) ;
#12470 = CARTESIAN_POINT ( 'NONE',  ( -12.97915789473683112, 2.929999999999998384, 17.91499999999999915 ) ) ;
#12471 = DIRECTION ( 'NONE',  ( -4.081702296416016490E-16, 1.000000000000000000, 0.000000000000000000 ) ) ;
#12472 = DIRECTION ( 'NONE',  ( -0.000000000000000000, -0.000000000000000000, 1.000000000000000000 ) ) ;
#12473 = PRESENTATION_STYLE_ASSIGNMENT (( #11430 ) ) ;
#12474 = PRESENTATION_STYLE_ASSIGNMENT (( #8352 ) ) ;
#12475 = CARTESIAN_POINT ( 'NONE',  ( 25.23276631782185930, 0.5000000000000000000, -11.75318671517016789 ) ) ;
#12476 = ORIENTED_EDGE ( 'NONE', *, *, #2493, .T. ) ;
#12477 =( GEOMETRIC_REPRESENTATION_CONTEXT ( 3 ) GLOBAL_UNCERTAINTY_ASSIGNED_CONTEXT ( ( #8890 ) ) GLOBAL_UNIT_ASSIGNED_CONTEXT ( ( #7597, #2775, #2590 ) ) REPRESENTATION_CONTEXT ( 'NONE', 'WORKASPACE' ) );
#12478 = COLOUR_RGB ( '',0.2509803921568627416, 0.2509803921568627416, 0.2509803921568627416 ) ;
#12479 = ORIENTED_EDGE ( 'NONE', *, *, #9039, .T. ) ;
#12480 =( LENGTH_UNIT ( ) NAMED_UNIT ( * ) SI_UNIT ( .MILLI., .METRE. ) );
#12481 = VERTEX_POINT ( 'NONE', #8973 ) ;
#12482 = EDGE_CURVE ( 'NONE', #10902, #4241, #12647, .T. ) ;
#12483 = ORIENTED_EDGE ( 'NONE', *, *, #5773, .F. ) ;
#12484 =( NAMED_UNIT ( * ) PLANE_ANGLE_UNIT ( ) SI_UNIT ( $, .RADIAN. ) );
#12485 = CARTESIAN_POINT ( 'NONE',  ( -28.95599999999999596, 0.000000000000000000, 18.41499999999999915 ) ) ;
#12486 = CARTESIAN_POINT ( 'NONE',  ( 24.90151096696282451, 1.277999999999999581, -18.41499999999999559 ) ) ;
#12487 = ORIENTED_EDGE ( 'NONE', *, *, #6748, .F. ) ;
#12488 = DIRECTION ( 'NONE',  ( 0.000000000000000000, 0.000000000000000000, -1.000000000000000000 ) ) ;
#12489 = CYLINDRICAL_SURFACE ( 'NONE', #8961, 0.5000000000000004441 ) ;
#12490 = ORIENTED_EDGE ( 'NONE', *, *, #2738, .F. ) ;
#12491 = DIRECTION ( 'NONE',  ( 1.000000000000000000, 0.000000000000000000, 0.000000000000000000 ) ) ;
#12492 = FILL_AREA_STYLE_COLOUR ( '', #3120 ) ;
#12493 = CARTESIAN_POINT ( 'NONE',  ( -22.39704597387198604, 1.778000000000000025, 14.09077417469095650 ) ) ;
#12494 = EDGE_LOOP ( 'NONE', ( #5604, #8811, #7781, #1650 ) ) ;
#12495 =( NAMED_UNIT ( * ) SI_UNIT ( $, .STERADIAN. ) SOLID_ANGLE_UNIT ( ) );
#12496 = EDGE_CURVE ( 'NONE', #6846, #8990, #6095, .T. ) ;
#12497 = UNCERTAINTY_MEASURE_WITH_UNIT (LENGTH_MEASURE( 1.000000000000000082E-05 ), #6918, 'distance_accuracy_value', 'NONE');
#12498 = COLOUR_RGB ( '',0.2509803921568627416, 0.2509803921568627416, 0.2509803921568627416 ) ;
#12499 = CARTESIAN_POINT ( 'NONE',  ( -4.964421052631579734, 11.42999999999999972, 0.000000000000000000 ) ) ;
#12500 = SURFACE_STYLE_USAGE ( .BOTH. , #3616 ) ;
#12501 = VERTEX_POINT ( 'NONE', #5380 ) ;
#12502 = SURFACE_SIDE_STYLE ('',( #5633 ) ) ;
#12503 = PRESENTATION_STYLE_ASSIGNMENT (( #10622 ) ) ;
#12504 = ORIENTED_EDGE ( 'NONE', *, *, #4947, .T. ) ;
#12505 = PRESENTATION_STYLE_ASSIGNMENT (( #8581 ) ) ;
#12506 = STYLED_ITEM ( 'NONE', ( #10602 ), #560 ) ;
#12507 = FILL_AREA_STYLE_COLOUR ( '', #8355 ) ;
#12508 = ORIENTED_EDGE ( 'NONE', *, *, #5691, .F. ) ;
#12509 = SURFACE_SIDE_STYLE ('',( #870 ) ) ;
#12510 = SURFACE_STYLE_USAGE ( .BOTH. , #4564 ) ;
#12511 = EDGE_CURVE ( 'NONE', #8293, #6509, #2017, .T. ) ;
#12512 = PRESENTATION_STYLE_ASSIGNMENT (( #5711 ) ) ;
#12513 = CARTESIAN_POINT ( 'NONE',  ( 0.000000000000000000, 11.42999999999999972, -6.679213561880927408 ) ) ;
#12514 = AXIS2_PLACEMENT_3D ( 'NONE', #173, #3198, #8083 ) ;
#12515 = CARTESIAN_POINT ( 'NONE',  ( 0.000000000000000000, 11.42999999999999972, 0.000000000000000000 ) ) ;
#12516 =( GEOMETRIC_REPRESENTATION_CONTEXT ( 3 ) GLOBAL_UNCERTAINTY_ASSIGNED_CONTEXT ( ( #10966 ) ) GLOBAL_UNIT_ASSIGNED_CONTEXT ( ( #10134, #4132, #12002 ) ) REPRESENTATION_CONTEXT ( 'NONE', 'WORKASPACE' ) );
#12517 =( LENGTH_UNIT ( ) NAMED_UNIT ( * ) SI_UNIT ( .MILLI., .METRE. ) );
#12518 = DIRECTION ( 'NONE',  ( -4.081702296416016490E-16, 1.000000000000000000, -0.000000000000000000 ) ) ;
#12519 = FILL_AREA_STYLE_COLOUR ( '', #1321 ) ;
#12520 = ORIENTED_EDGE ( 'NONE', *, *, #7779, .T. ) ;
#12521 = CARTESIAN_POINT ( 'NONE',  ( -4.493052631578940748, 2.929999999999998384, 17.91499999999999915 ) ) ;
#12522 = SURFACE_STYLE_USAGE ( .BOTH. , #6498 ) ;
#12523 = VECTOR ( 'NONE', #6040, 1000.000000000000000 ) ;
#12524 =( NAMED_UNIT ( * ) PLANE_ANGLE_UNIT ( ) SI_UNIT ( $, .RADIAN. ) );
#12525 = EDGE_LOOP ( 'NONE', ( #275, #10662, #3457, #5411, #6699, #11383, #9845, #12600, #1271, #7476 ) ) ;
#12526 = LINE ( 'NONE', #7562, #10270 ) ;
#12527 =( NAMED_UNIT ( * ) SI_UNIT ( $, .STERADIAN. ) SOLID_ANGLE_UNIT ( ) );
#12528 = CARTESIAN_POINT ( 'NONE',  ( 20.33750591723046597, 2.250035754816157585, -7.780547559569715332 ) ) ;
#12529 = FILL_AREA_STYLE ('',( #10948 ) ) ;
#12530 = EDGE_CURVE ( 'NONE', #5531, #2328, #4313, .T. ) ;
#12531 =( LENGTH_UNIT ( ) NAMED_UNIT ( * ) SI_UNIT ( .MILLI., .METRE. ) );
#12532 = FACE_OUTER_BOUND ( 'NONE', #8244, .T. ) ;
#12533 =( GEOMETRIC_REPRESENTATION_CONTEXT ( 3 ) GLOBAL_UNCERTAINTY_ASSIGNED_CONTEXT ( ( #2035 ) ) GLOBAL_UNIT_ASSIGNED_CONTEXT ( ( #8860, #10827, #168 ) ) REPRESENTATION_CONTEXT ( 'NONE', 'WORKASPACE' ) );
#12534 = CARTESIAN_POINT ( 'NONE',  ( -17.34770176268130371, 2.188995081794236519, 18.41499999999999915 ) ) ;
#12535 = ORIENTED_EDGE ( 'NONE', *, *, #5127, .F. ) ;
#12536 = EDGE_CURVE ( 'NONE', #6529, #10299, #3385, .T. ) ;
#12537 = EDGE_LOOP ( 'NONE', ( #2817, #11399, #2654, #9616 ) ) ;
#12538 = PRESENTATION_STYLE_ASSIGNMENT (( #2877 ) ) ;
#12539 = ORIENTED_EDGE ( 'NONE', *, *, #7245, .T. ) ;
#12540 = STYLED_ITEM ( 'NONE', ( #9683 ), #12135 ) ;
#12541 = FILL_AREA_STYLE_COLOUR ( '', #8026 ) ;
#12542 = DIRECTION ( 'NONE',  ( 0.000000000000000000, 0.000000000000000000, -1.000000000000000000 ) ) ;
#12543 = VECTOR ( 'NONE', #9490, 1000.000000000000000 ) ;
#12544 = STYLED_ITEM ( 'NONE', ( #7509 ), #4774 ) ;
#12545 = FILL_AREA_STYLE_COLOUR ( '', #10172 ) ;
#12546 = VERTEX_POINT ( 'NONE', #1322 ) ;
#12547 = B_SPLINE_CURVE_WITH_KNOTS ( 'NONE', 3,
 ( #10018, #9188, #2158, #306, #12013, #5221, #4215, #501, #9951, #3269, #7129, #9124 ),
 .UNSPECIFIED., .F., .F.,
 ( 4, 2, 2, 2, 2, 4 ),
 ( 0.000000000000000000, 0.0001020624466158141688, 0.0002041248932316283376, 0.0004082497864632561330, 0.0008164995729265168197, 0.001632999145853038410 ),
 .UNSPECIFIED. ) ;
#12548 = SURFACE_STYLE_USAGE ( .BOTH. , #10653 ) ;
#12549 = CARTESIAN_POINT ( 'NONE',  ( 22.72021356188096419, 1.778000000000000025, 7.179213561880928296 ) ) ;
#12550 = AXIS2_PLACEMENT_3D ( 'NONE', #6622, #10518, #5581 ) ;
#12551 = DIRECTION ( 'NONE',  ( 0.000000000000000000, -0.000000000000000000, -1.000000000000000000 ) ) ;
#12552 = VERTEX_POINT ( 'NONE', #11145 ) ;
#12553 =( GEOMETRIC_REPRESENTATION_CONTEXT ( 3 ) GLOBAL_UNCERTAINTY_ASSIGNED_CONTEXT ( ( #214 ) ) GLOBAL_UNIT_ASSIGNED_CONTEXT ( ( #12297, #2828, #5544 ) ) REPRESENTATION_CONTEXT ( 'NONE', 'WORKASPACE' ) );
#12554 = SURFACE_SIDE_STYLE ('',( #3541 ) ) ;
#12555 = COLOUR_RGB ( '',0.2509803921568627416, 0.2509803921568627416, 0.2509803921568627416 ) ;
#12556 = PRESENTATION_STYLE_ASSIGNMENT (( #1611 ) ) ;
#12557 = VERTEX_POINT ( 'NONE', #3253 ) ;
#12558 = LINE ( 'NONE', #3792, #4493 ) ;
#12559 = CARTESIAN_POINT ( 'NONE',  ( 16.00315789473683736, 2.929999999999998384, -18.41499999999999559 ) ) ;
#12560 = ORIENTED_EDGE ( 'NONE', *, *, #6724, .F. ) ;
#12561 = COLOUR_RGB ( '',0.2509803921568627416, 0.2509803921568627416, 0.2509803921568627416 ) ;
#12562 = VECTOR ( 'NONE', #7810, 1000.000000000000000 ) ;
#12563 = VECTOR ( 'NONE', #4517, 1000.000000000000000 ) ;
#12564 = COLOUR_RGB ( '',0.2509803921568627416, 0.2509803921568627416, 0.2509803921568627416 ) ;
#12565 = SURFACE_STYLE_USAGE ( .BOTH. , #4043 ) ;
#12566 = FILL_AREA_STYLE ('',( #1881 ) ) ;
#12567 = FILL_AREA_STYLE_COLOUR ( '', #12585 ) ;
#12568 = DIRECTION ( 'NONE',  ( 0.000000000000000000, -1.000000000000000000, 0.000000000000000000 ) ) ;
#12569 = PRESENTATION_STYLE_ASSIGNMENT (( #6544 ) ) ;
#12570 = SURFACE_SIDE_STYLE ('',( #3742 ) ) ;
#12571 = ORIENTED_EDGE ( 'NONE', *, *, #2900, .F. ) ;
#12572 = AXIS2_PLACEMENT_3D ( 'NONE', #12676, #9576, #7461 ) ;
#12573 = MECHANICAL_DESIGN_GEOMETRIC_PRESENTATION_REPRESENTATION (  '', ( #7635 ), #12164 ) ;
#12574 = DIRECTION ( 'NONE',  ( -1.000000000000000000, 0.000000000000000000, 0.000000000000000000 ) ) ;
#12575 = EDGE_CURVE ( 'NONE', #8990, #4931, #1522, .T. ) ;
#12576 = AXIS2_PLACEMENT_3D ( 'NONE', #389, #2687, #11234 ) ;
#12577 = SURFACE_SIDE_STYLE ('',( #2723 ) ) ;
#12578 = ORIENTED_EDGE ( 'NONE', *, *, #6885, .T. ) ;
#12579 = CARTESIAN_POINT ( 'NONE',  ( -17.72021356188092867, 2.344499298387705544, 17.91499999999999915 ) ) ;
#12580 = PRESENTATION_STYLE_ASSIGNMENT (( #6799 ) ) ;
#12581 = FILL_AREA_STYLE_COLOUR ( '', #235 ) ;
#12582 =( NAMED_UNIT ( * ) SI_UNIT ( $, .STERADIAN. ) SOLID_ANGLE_UNIT ( ) );
#12583 = ADVANCED_FACE ( 'NONE', ( #8001 ), #7052, .F. ) ;
#12584 = CARTESIAN_POINT ( 'NONE',  ( 1.497684210526323279, 2.929999999999998384, 18.41499999999999915 ) ) ;
#12585 = COLOUR_RGB ( '',0.2509803921568627416, 0.2509803921568627416, 0.2509803921568627416 ) ;
#12587 = VECTOR ( 'NONE', #8296, 999.9999999999998863 ) ;
#12586 = FILL_AREA_STYLE ('',( #5515 ) ) ;
#12588 = DIRECTION ( 'NONE',  ( 0.7716245833877181104, 0.000000000000000000, -0.6360782202777660599 ) ) ;
#12589 = CARTESIAN_POINT ( 'NONE',  ( 18.04372848218765668, 2.227560972991888821, -10.39056089136360228 ) ) ;
#12590 = CARTESIAN_POINT ( 'NONE',  ( -11.45515789473684087, 2.929999999999998384, 17.91499999999999915 ) ) ;
#12591 = EDGE_CURVE ( 'NONE', #4332, #11798, #10186, .T. ) ;
#12592 = ORIENTED_EDGE ( 'NONE', *, *, #11074, .F. ) ;
#12593 = CARTESIAN_POINT ( 'NONE',  ( -28.95599999999999596, 11.42999999999999972, -18.41499999999999559 ) ) ;
#12594 = ORIENTED_EDGE ( 'NONE', *, *, #2605, .T. ) ;
#12595 = LINE ( 'NONE', #3885, #5777 ) ;
#12596 =( LENGTH_UNIT ( ) NAMED_UNIT ( * ) SI_UNIT ( .MILLI., .METRE. ) );
#12597 = DIRECTION ( 'NONE',  ( -0.000000000000000000, -0.000000000000000000, 1.000000000000000000 ) ) ;
#12598 = LINE ( 'NONE', #7826, #6973 ) ;
#12599 = DIRECTION ( 'NONE',  ( 1.000000000000000000, 0.000000000000000000, 0.000000000000000000 ) ) ;
#12600 = ORIENTED_EDGE ( 'NONE', *, *, #8827, .F. ) ;
#12601 =( GEOMETRIC_REPRESENTATION_CONTEXT ( 3 ) GLOBAL_UNCERTAINTY_ASSIGNED_CONTEXT ( ( #8285 ) ) GLOBAL_UNIT_ASSIGNED_CONTEXT ( ( #4449, #11275, #12261 ) ) REPRESENTATION_CONTEXT ( 'NONE', 'WORKASPACE' ) );
#12602 = EDGE_CURVE ( 'NONE', #10535, #1717, #6832, .T. ) ;
#12603 = CARTESIAN_POINT ( 'NONE',  ( -12.21715789473683600, 2.929999999999998384, -18.41499999999999559 ) ) ;
#12604 = ORIENTED_EDGE ( 'NONE', *, *, #10832, .F. ) ;
#12605 = FILL_AREA_STYLE ('',( #4778 ) ) ;
#12606 = VERTEX_POINT ( 'NONE', #5318 ) ;
#12607 = MECHANICAL_DESIGN_GEOMETRIC_PRESENTATION_REPRESENTATION (  '', ( #4021 ), #7061 ) ;
#12608 =( LENGTH_UNIT ( ) NAMED_UNIT ( * ) SI_UNIT ( .MILLI., .METRE. ) );
#12609 = LINE ( 'NONE', #8809, #10993 ) ;
#12610 = ORIENTED_EDGE ( 'NONE', *, *, #8951, .T. ) ;
#12611 = PRESENTATION_STYLE_ASSIGNMENT (( #8492 ) ) ;
#12612 = EDGE_CURVE ( 'NONE', #6586, #9487, #480, .T. ) ;
#12613 = AXIS2_PLACEMENT_3D ( 'NONE', #1895, #997, #5009 ) ;
#12614 = CARTESIAN_POINT ( 'NONE',  ( 20.07250415985878433, 2.534910637373454456, 7.937527444765656526 ) ) ;
#12615 = CARTESIAN_POINT ( 'NONE',  ( -25.46063157894736406, 11.42999999999999972, -6.679213561880927408 ) ) ;
#12616 = FILL_AREA_STYLE_COLOUR ( '', #7031 ) ;
#12617 = ORIENTED_EDGE ( 'NONE', *, *, #5450, .T. ) ;
#12618 = FILL_AREA_STYLE_COLOUR ( '', #6370 ) ;
#12619 = ORIENTED_EDGE ( 'NONE', *, *, #10094, .T. ) ;
#12620 =( GEOMETRIC_REPRESENTATION_CONTEXT ( 3 ) GLOBAL_UNCERTAINTY_ASSIGNED_CONTEXT ( ( #5052 ) ) GLOBAL_UNIT_ASSIGNED_CONTEXT ( ( #3257, #11271, #7115 ) ) REPRESENTATION_CONTEXT ( 'NONE', 'WORKASPACE' ) );
#12621 = SURFACE_STYLE_FILL_AREA ( #6906 ) ;
#12622 =( LENGTH_UNIT ( ) NAMED_UNIT ( * ) SI_UNIT ( .MILLI., .METRE. ) );
#12623 = EDGE_CURVE ( 'NONE', #12, #6902, #12185, .T. ) ;
#12624 = SURFACE_SIDE_STYLE ('',( #3499 ) ) ;
#12625 = VECTOR ( 'NONE', #8645, 1000.000000000000000 ) ;
#12626 = VERTEX_POINT ( 'NONE', #7304 ) ;
#12627 = CARTESIAN_POINT ( 'NONE',  ( 18.49852631578947992, 10.96468504500358065, 9.500154623337634163 ) ) ;
#12628 = DIRECTION ( 'NONE',  ( -0.000000000000000000, 1.000000000000000000, 0.000000000000000000 ) ) ;
#12629 =( GEOMETRIC_REPRESENTATION_CONTEXT ( 3 ) GLOBAL_UNCERTAINTY_ASSIGNED_CONTEXT ( ( #7872 ) ) GLOBAL_UNIT_ASSIGNED_CONTEXT ( ( #9409, #3563, #2659 ) ) REPRESENTATION_CONTEXT ( 'NONE', 'WORKASPACE' ) );
#12630 =( LENGTH_UNIT ( ) NAMED_UNIT ( * ) SI_UNIT ( .MILLI., .METRE. ) );
#12631 = CARTESIAN_POINT ( 'NONE',  ( -0.2356842105263115550, 2.929999999999998384, -17.91499999999999204 ) ) ;
#12632 =( NAMED_UNIT ( * ) SI_UNIT ( $, .STERADIAN. ) SOLID_ANGLE_UNIT ( ) );
#12633 = STYLED_ITEM ( 'NONE', ( #316 ), #5781 ) ;
#12634 = DIRECTION ( 'NONE',  ( -0.000000000000000000, 0.000000000000000000, -1.000000000000000000 ) ) ;
#12635 = EDGE_LOOP ( 'NONE', ( #1220, #11434, #5130, #10317 ) ) ;
#12636 = SURFACE_STYLE_FILL_AREA ( #4560 ) ;
#12637 = FILL_AREA_STYLE_COLOUR ( '', #5373 ) ;
#12638 = STYLED_ITEM ( 'NONE', ( #3579 ), #4008 ) ;
#12639 = ORIENTED_EDGE ( 'NONE', *, *, #3747, .F. ) ;
#12640 = PRESENTATION_STYLE_ASSIGNMENT (( #6028 ) ) ;
#12641 = DIRECTION ( 'NONE',  ( 0.000000000000000000, 1.000000000000000000, 0.000000000000000000 ) ) ;
#12642 = EDGE_CURVE ( 'NONE', #7736, #1994, #5141, .T. ) ;
#12643 = MECHANICAL_DESIGN_GEOMETRIC_PRESENTATION_REPRESENTATION (  '', ( #9547 ), #3856 ) ;
#12644 = CARTESIAN_POINT ( 'NONE',  ( -1.969052631578948276, 11.42999999999999972, 17.91499999999999915 ) ) ;
#12645 =( GEOMETRIC_REPRESENTATION_CONTEXT ( 3 ) GLOBAL_UNCERTAINTY_ASSIGNED_CONTEXT ( ( #11260 ) ) GLOBAL_UNIT_ASSIGNED_CONTEXT ( ( #11698, #898, #8551 ) ) REPRESENTATION_CONTEXT ( 'NONE', 'WORKASPACE' ) );
#12646 = CARTESIAN_POINT ( 'NONE',  ( 13.47915789473683823, 11.43000000000001570, 18.41499999999999915 ) ) ;
#12647 = LINE ( 'NONE', #3881, #2971 ) ;
#12648 = MECHANICAL_DESIGN_GEOMETRIC_PRESENTATION_REPRESENTATION (  '', ( #1002 ), #3055 ) ;
#12649 = ORIENTED_EDGE ( 'NONE', *, *, #5651, .T. ) ;
#12650 = CARTESIAN_POINT ( 'NONE',  ( 8.750421052631576657, 2.929999999999998384, 17.91499999999999915 ) ) ;
#12651 = LINE ( 'NONE', #9486, #4257 ) ;
#12652 = ORIENTED_EDGE ( 'NONE', *, *, #2013, .F. ) ;
#12653 =( LENGTH_UNIT ( ) NAMED_UNIT ( * ) SI_UNIT ( .MILLI., .METRE. ) );
#12654 = FACE_OUTER_BOUND ( 'NONE', #431, .T. ) ;
#12655 = MECHANICAL_DESIGN_GEOMETRIC_PRESENTATION_REPRESENTATION (  '', ( #4474 ), #11846 ) ;
#12656 = EDGE_CURVE ( 'NONE', #2292, #1155, #8071, .T. ) ;
#12657 = CYLINDRICAL_SURFACE ( 'NONE', #7571, 0.5000000000000004441 ) ;
#12658 = CARTESIAN_POINT ( 'NONE',  ( -10.48378947368420988, 11.43000000000000682, -17.91499999999999204 ) ) ;
#12659 = VERTEX_POINT ( 'NONE', #7353 ) ;
#12660 = FILL_AREA_STYLE_COLOUR ( '', #12478 ) ;
#12661 = ORIENTED_EDGE ( 'NONE', *, *, #8766, .F. ) ;
#12662 = AXIS2_PLACEMENT_3D ( 'NONE', #6904, #10664, #7847 ) ;
#12663 =( NAMED_UNIT ( * ) SI_UNIT ( $, .STERADIAN. ) SOLID_ANGLE_UNIT ( ) );
#12664 = VERTEX_POINT ( 'NONE', #671 ) ;
#12665 = SURFACE_SIDE_STYLE ('',( #8488 ) ) ;
#12666 = FILL_AREA_STYLE ('',( #11767 ) ) ;
#12667 = SURFACE_STYLE_FILL_AREA ( #4783 ) ;
#12668 = ORIENTED_EDGE ( 'NONE', *, *, #774, .T. ) ;
#12669 =( NAMED_UNIT ( * ) PLANE_ANGLE_UNIT ( ) SI_UNIT ( $, .RADIAN. ) );
#12670 = CARTESIAN_POINT ( 'NONE',  ( 16.00315789473683736, 11.42999999999999972, 18.41499999999999915 ) ) ;
#12671 = EDGE_CURVE ( 'NONE', #12481, #9198, #4622, .T. ) ;
#12672 = CARTESIAN_POINT ( 'NONE',  ( 20.52071330459870424, 2.173109063810175989, 7.684095263436666379 ) ) ;
#12673 = AXIS2_PLACEMENT_3D ( 'NONE', #7028, #5879, #9642 ) ;
#12674 = PRESENTATION_LAYER_ASSIGNMENT (  '', '', ( #2667 ) ) ;
#12675 = SURFACE_STYLE_USAGE ( .BOTH. , #1087 ) ;
#12676 = CARTESIAN_POINT ( 'NONE',  ( -7.488421052631572650, 2.929999999999998384, -17.91499999999999204 ) ) ;
#12677 = ORIENTED_EDGE ( 'NONE', *, *, #7529, .F. ) ;
#12678 = CARTESIAN_POINT ( 'NONE',  ( -13.47915789473683823, 11.43000000000000682, 18.41499999999999915 ) ) ;
#12679 =( LENGTH_UNIT ( ) NAMED_UNIT ( * ) SI_UNIT ( .MILLI., .METRE. ) );
#12680 = ORIENTED_EDGE ( 'NONE', *, *, #5162, .T. ) ;
#12681 = DIRECTION ( 'NONE',  ( -1.000000000000000000, 0.000000000000000000, 0.000000000000000000 ) ) ;
ENDSEC;
END-ISO-10303-21;
