ISO-10303-21;
HEADER;
FILE_DESCRIPTION(('Creo Elements/Direct Modeling STEP Export'),'2;1');
FILE_NAME(
'C:/Temp/JobServerData/JobServer Files/fc7b40bc-72c7-4996-ae64-7a88bf7a0
aab/work/output/model.stp','2024-01-31T13:34:03',(''),(''),
'Creo Elements/Direct Modeling STEP processor for AP214 (Solid Model)',
'Creo Elements/Direct Modeling 20.1D  10-Oct-2020 (C) Parametric Technol
ogy GmbH','');
FILE_SCHEMA(('AUTOMOTIVE_DESIGN { 1 0 10303 214 1 1 1 1 }'));
ENDSEC;
DATA;
#10=CARTESIAN_POINT('',(-7.105427357601E-15,17.5,0.749999999999716));
#20=DIRECTION('',(-1.,-1.10933564796705E-31,3.33066907387547E-16));
#30=DIRECTION('',(1.10933564796705E-31,-1.,0.));
#40=AXIS2_PLACEMENT_3D('',#10,#20,#30);
#50=PLANE('',#40);
#60=CARTESIAN_POINT('',(-2.85882428840978E-15,17.5,13.4999999999997));
#70=DIRECTION('',(0.,-1.,-3.33066907387547E-16));
#80=VECTOR('',#70,1.);
#90=LINE('',#60,#80);
#100=CARTESIAN_POINT('',(-2.85882428840978E-15,2.75,13.4999999999997));
#110=VERTEX_POINT('',#100);
#120=CARTESIAN_POINT('',(-2.85882428840978E-15,-7.105427357601E-15,
13.4999999999997));
#130=VERTEX_POINT('',#120);
#140=EDGE_CURVE('',#110,#130,#90,.T.);
#150=ORIENTED_EDGE('',*,*,#140,.T.);
#160=CARTESIAN_POINT('',(-3.27515792264421E-15,2.75,12.2499999999997));
#170=DIRECTION('',(-1.,-1.10933564796705E-31,3.33066907387547E-16));
#180=DIRECTION('',(0.,-1.,-3.33066907387547E-16));
#190=AXIS2_PLACEMENT_3D('',#160,#170,#180);
#200=CIRCLE('',#190,1.25);
#210=CARTESIAN_POINT('',(-3.27515792264421E-15,4.,12.2499999999997));
#220=VERTEX_POINT('',#210);
#230=EDGE_CURVE('',#110,#220,#200,.T.);
#240=ORIENTED_EDGE('',*,*,#230,.F.);
#250=CARTESIAN_POINT('',(-2.28874184049488E-14,4.00000000000002,
-46.6338460000003));
#260=DIRECTION('',(3.33066907387547E-16,-3.33066907387547E-16,1.));
#270=VECTOR('',#260,1.);
#280=LINE('',#250,#270);
#290=CARTESIAN_POINT('',(-7.35522753814166E-15,4.,-2.88769008705003E-13)
);
#300=VERTEX_POINT('',#290);
#310=EDGE_CURVE('',#300,#220,#280,.T.);
#320=ORIENTED_EDGE('',*,*,#310,.T.);
#330=CARTESIAN_POINT('',(-7.35522753814166E-15,68.616923,
-2.67230682027275E-13));
#340=DIRECTION('',(0.,-1.,-3.33066907387547E-16));
#350=VECTOR('',#340,1.);
#360=LINE('',#330,#350);
#370=CARTESIAN_POINT('',(-7.35522753814166E-15,31.,-2.79887224508002E-13
));
#380=VERTEX_POINT('',#370);
#390=EDGE_CURVE('',#380,#300,#360,.T.);
#400=ORIENTED_EDGE('',*,*,#390,.T.);
#410=CARTESIAN_POINT('',(-2.28874184049488E-14,31.,-46.6338460000003));
#420=DIRECTION('',(-3.33066907387547E-16,3.33066907387547E-16,-1.));
#430=VECTOR('',#420,1.);
#440=LINE('',#410,#430);
#450=CARTESIAN_POINT('',(-3.27515792264421E-15,31.,12.2499999999997));
#460=VERTEX_POINT('',#450);
#470=EDGE_CURVE('',#460,#380,#440,.T.);
#480=ORIENTED_EDGE('',*,*,#470,.T.);
#490=CARTESIAN_POINT('',(-3.27515792264421E-15,32.25,12.2499999999997));
#500=DIRECTION('',(-1.,-1.10933564796705E-31,3.33066907387547E-16));
#510=DIRECTION('',(0.,-1.,-3.33066907387547E-16));
#520=AXIS2_PLACEMENT_3D('',#490,#500,#510);
#530=CIRCLE('',#520,1.25);
#540=CARTESIAN_POINT('',(-2.85882428840978E-15,32.25,13.4999999999997));
#550=VERTEX_POINT('',#540);
#560=EDGE_CURVE('',#460,#550,#530,.T.);
#570=ORIENTED_EDGE('',*,*,#560,.F.);
#580=CARTESIAN_POINT('',(-2.85882428840978E-15,17.5,13.4999999999997));
#590=DIRECTION('',(0.,-1.,-3.33066907387547E-16));
#600=VECTOR('',#590,1.);
#610=LINE('',#580,#600);
#620=CARTESIAN_POINT('',(-2.85882428840978E-15,35.,13.4999999999997));
#630=VERTEX_POINT('',#620);
#640=EDGE_CURVE('',#630,#550,#610,.T.);
#650=ORIENTED_EDGE('',*,*,#640,.T.);
#660=CARTESIAN_POINT('',(-7.105427357601E-15,35.,0.749999999999716));
#670=DIRECTION('',(-3.33066907387547E-16,3.33066907387547E-16,-1.));
#680=VECTOR('',#670,1.);
#690=LINE('',#660,#680);
#700=CARTESIAN_POINT('',(-2.35922392732846E-15,35.,14.9999999999997));
#710=VERTEX_POINT('',#700);
#720=EDGE_CURVE('',#710,#630,#690,.T.);
#730=ORIENTED_EDGE('',*,*,#720,.T.);
#740=CARTESIAN_POINT('',(-2.35922392732846E-15,68.616923,
14.9999999999997));
#750=DIRECTION('',(0.,1.,3.33066907387547E-16));
#760=VECTOR('',#750,1.);
#770=LINE('',#740,#760);
#780=CARTESIAN_POINT('',(-2.35922392732846E-15,32.25,14.9999999999997));
#790=VERTEX_POINT('',#780);
#800=EDGE_CURVE('',#790,#710,#770,.T.);
#810=ORIENTED_EDGE('',*,*,#800,.T.);
#820=CARTESIAN_POINT('',(-3.27515792264421E-15,32.25,12.2499999999997));
#830=DIRECTION('',(-1.,-1.10933564796705E-31,3.33066907387547E-16));
#840=DIRECTION('',(0.,-1.,-3.33066907387547E-16));
#850=AXIS2_PLACEMENT_3D('',#820,#830,#840);
#860=CIRCLE('',#850,2.75);
#870=CARTESIAN_POINT('',(-3.27515792264421E-15,29.5,12.2499999999997));
#880=VERTEX_POINT('',#870);
#890=EDGE_CURVE('',#880,#790,#860,.T.);
#900=ORIENTED_EDGE('',*,*,#890,.T.);
#910=CARTESIAN_POINT('',(-2.28874184049488E-14,29.5,-46.6338460000003));
#920=DIRECTION('',(3.33066907387547E-16,-3.33066907387547E-16,1.));
#930=VECTOR('',#920,1.);
#940=LINE('',#910,#930);
#950=CARTESIAN_POINT('',(-6.85562717706034E-15,29.5,1.49999999999972));
#960=VERTEX_POINT('',#950);
#970=EDGE_CURVE('',#960,#880,#940,.T.);
#980=ORIENTED_EDGE('',*,*,#970,.T.);
#990=CARTESIAN_POINT('',(-6.85562717706034E-15,68.616923,
1.49999999999973));
#1000=DIRECTION('',(0.,1.,3.33066907387547E-16));
#1010=VECTOR('',#1000,1.);
#1020=LINE('',#990,#1010);
#1030=CARTESIAN_POINT('',(-6.85562717706034E-15,5.5,1.49999999999971));
#1040=VERTEX_POINT('',#1030);
#1050=EDGE_CURVE('',#1040,#960,#1020,.T.);
#1060=ORIENTED_EDGE('',*,*,#1050,.T.);
#1070=CARTESIAN_POINT('',(-2.28874184049488E-14,5.50000000000002,
-46.6338460000003));
#1080=DIRECTION('',(-3.33066907387547E-16,3.33066907387547E-16,-1.));
#1090=VECTOR('',#1080,1.);
#1100=LINE('',#1070,#1090);
#1110=CARTESIAN_POINT('',(-3.27515792264421E-15,5.5,12.2499999999997));
#1120=VERTEX_POINT('',#1110);
#1130=EDGE_CURVE('',#1120,#1040,#1100,.T.);
#1140=ORIENTED_EDGE('',*,*,#1130,.T.);
#1150=CARTESIAN_POINT('',(-3.27515792264421E-15,2.75,12.2499999999997));
#1160=DIRECTION('',(-1.,-1.10933564796705E-31,3.33066907387547E-16));
#1170=DIRECTION('',(0.,-1.,-3.33066907387547E-16));
#1180=AXIS2_PLACEMENT_3D('',#1150,#1160,#1170);
#1190=CIRCLE('',#1180,2.75);
#1200=CARTESIAN_POINT('',(-2.35922392732846E-15,2.75,14.9999999999997));
#1210=VERTEX_POINT('',#1200);
#1220=EDGE_CURVE('',#1210,#1120,#1190,.T.);
#1230=ORIENTED_EDGE('',*,*,#1220,.T.);
#1240=CARTESIAN_POINT('',(-2.35922392732846E-15,68.616923,
14.9999999999997));
#1250=DIRECTION('',(0.,1.,3.33066907387547E-16));
#1260=VECTOR('',#1250,1.);
#1270=LINE('',#1240,#1260);
#1280=CARTESIAN_POINT('',(-2.35922392732846E-15,-3.5527136788005E-15,
14.9999999999997));
#1290=VERTEX_POINT('',#1280);
#1300=EDGE_CURVE('',#1290,#1210,#1270,.T.);
#1310=ORIENTED_EDGE('',*,*,#1300,.T.);
#1320=CARTESIAN_POINT('',(-7.105427357601E-15,0.,0.749999999999716));
#1330=DIRECTION('',(3.33066907387547E-16,-3.33066907387547E-16,1.));
#1340=VECTOR('',#1330,1.);
#1350=LINE('',#1320,#1340);
#1360=EDGE_CURVE('',#130,#1290,#1350,.T.);
#1370=ORIENTED_EDGE('',*,*,#1360,.T.);
#1380=EDGE_LOOP('',(#1370,#1310,#1230,#1140,#1060,#980,#900,#810,#730,
#650,#570,#480,#400,#320,#240,#150));
#1390=FACE_OUTER_BOUND('',#1380,.T.);
#1400=ADVANCED_FACE('',(#1390),#50,.T.);
#1410=COLOUR_RGB('',0.823529481887817,0.823529481887817,
0.784313797950745);
#1420=FILL_AREA_STYLE_COLOUR('',#1410);
#1430=FILL_AREA_STYLE('',(#1420));
#1440=SURFACE_STYLE_FILL_AREA(#1430);
#1450=SURFACE_SIDE_STYLE('',(#1440));
#1460=SURFACE_STYLE_USAGE(.BOTH.,#1450);
#1470=PRESENTATION_STYLE_ASSIGNMENT((#1460));
#1480=CARTESIAN_POINT('',(500.,17.5,0.749999999999549));
#1490=DIRECTION('',(-1.,-1.10933564796705E-31,3.33066907387547E-16));
#1500=DIRECTION('',(1.10933564796705E-31,-1.,0.));
#1510=AXIS2_PLACEMENT_3D('',#1480,#1490,#1500);
#1520=PLANE('',#1510);
#1530=CARTESIAN_POINT('',(500.,0.,0.749999999999549));
#1540=DIRECTION('',(3.33066907387547E-16,-3.33066907387547E-16,1.));
#1550=VECTOR('',#1540,1.);
#1560=LINE('',#1530,#1550);
#1570=CARTESIAN_POINT('',(500.,-7.105427357601E-15,13.4999999999995));
#1580=VERTEX_POINT('',#1570);
#1590=CARTESIAN_POINT('',(500.,-3.5527136788005E-15,14.9999999999995));
#1600=VERTEX_POINT('',#1590);
#1610=EDGE_CURVE('',#1580,#1600,#1560,.T.);
#1620=ORIENTED_EDGE('',*,*,#1610,.F.);
#1630=CARTESIAN_POINT('',(500.,68.616923,14.9999999999996));
#1640=DIRECTION('',(0.,1.,3.33066907387547E-16));
#1650=VECTOR('',#1640,1.);
#1660=LINE('',#1630,#1650);
#1670=CARTESIAN_POINT('',(500.,2.75,14.9999999999995));
#1680=VERTEX_POINT('',#1670);
#1690=EDGE_CURVE('',#1600,#1680,#1660,.T.);
#1700=ORIENTED_EDGE('',*,*,#1690,.F.);
#1710=CARTESIAN_POINT('',(500.,2.75,12.2499999999995));
#1720=DIRECTION('',(-1.,-1.10933564796705E-31,3.33066907387547E-16));
#1730=DIRECTION('',(0.,-1.,-3.33066907387547E-16));
#1740=AXIS2_PLACEMENT_3D('',#1710,#1720,#1730);
#1750=CIRCLE('',#1740,2.75);
#1760=CARTESIAN_POINT('',(500.,5.5,12.2499999999995));
#1770=VERTEX_POINT('',#1760);
#1780=EDGE_CURVE('',#1680,#1770,#1750,.T.);
#1790=ORIENTED_EDGE('',*,*,#1780,.F.);
#1800=CARTESIAN_POINT('',(500.,5.50000000000002,-46.6338460000005));
#1810=DIRECTION('',(-3.33066907387547E-16,3.33066907387547E-16,-1.));
#1820=VECTOR('',#1810,1.);
#1830=LINE('',#1800,#1820);
#1840=CARTESIAN_POINT('',(500.,5.5,1.49999999999955));
#1850=VERTEX_POINT('',#1840);
#1860=EDGE_CURVE('',#1770,#1850,#1830,.T.);
#1870=ORIENTED_EDGE('',*,*,#1860,.F.);
#1880=CARTESIAN_POINT('',(500.,68.616923,1.49999999999957));
#1890=DIRECTION('',(0.,1.,3.33066907387547E-16));
#1900=VECTOR('',#1890,1.);
#1910=LINE('',#1880,#1900);
#1920=CARTESIAN_POINT('',(500.,29.5,1.49999999999955));
#1930=VERTEX_POINT('',#1920);
#1940=EDGE_CURVE('',#1850,#1930,#1910,.T.);
#1950=ORIENTED_EDGE('',*,*,#1940,.F.);
#1960=CARTESIAN_POINT('',(500.,29.5,-46.6338460000004));
#1970=DIRECTION('',(3.33066907387547E-16,-3.33066907387547E-16,1.));
#1980=VECTOR('',#1970,1.);
#1990=LINE('',#1960,#1980);
#2000=CARTESIAN_POINT('',(500.,29.5,12.2499999999996));
#2010=VERTEX_POINT('',#2000);
#2020=EDGE_CURVE('',#1930,#2010,#1990,.T.);
#2030=ORIENTED_EDGE('',*,*,#2020,.F.);
#2040=CARTESIAN_POINT('',(500.,32.25,12.2499999999996));
#2050=DIRECTION('',(-1.,-1.10933564796705E-31,3.33066907387547E-16));
#2060=DIRECTION('',(0.,-1.,-3.33066907387547E-16));
#2070=AXIS2_PLACEMENT_3D('',#2040,#2050,#2060);
#2080=CIRCLE('',#2070,2.75);
#2090=CARTESIAN_POINT('',(500.,32.25,14.9999999999996));
#2100=VERTEX_POINT('',#2090);
#2110=EDGE_CURVE('',#2010,#2100,#2080,.T.);
#2120=ORIENTED_EDGE('',*,*,#2110,.F.);
#2130=CARTESIAN_POINT('',(500.,68.616923,14.9999999999996));
#2140=DIRECTION('',(0.,1.,3.33066907387547E-16));
#2150=VECTOR('',#2140,1.);
#2160=LINE('',#2130,#2150);
#2170=CARTESIAN_POINT('',(500.,35.,14.9999999999996));
#2180=VERTEX_POINT('',#2170);
#2190=EDGE_CURVE('',#2100,#2180,#2160,.T.);
#2200=ORIENTED_EDGE('',*,*,#2190,.F.);
#2210=CARTESIAN_POINT('',(500.,35.,0.749999999999549));
#2220=DIRECTION('',(-3.33066907387547E-16,3.33066907387547E-16,-1.));
#2230=VECTOR('',#2220,1.);
#2240=LINE('',#2210,#2230);
#2250=CARTESIAN_POINT('',(500.,35.,13.4999999999996));
#2260=VERTEX_POINT('',#2250);
#2270=EDGE_CURVE('',#2180,#2260,#2240,.T.);
#2280=ORIENTED_EDGE('',*,*,#2270,.F.);
#2290=CARTESIAN_POINT('',(500.,17.5,13.4999999999995));
#2300=DIRECTION('',(0.,-1.,-3.33066907387547E-16));
#2310=VECTOR('',#2300,1.);
#2320=LINE('',#2290,#2310);
#2330=CARTESIAN_POINT('',(500.,32.25,13.4999999999996));
#2340=VERTEX_POINT('',#2330);
#2350=EDGE_CURVE('',#2260,#2340,#2320,.T.);
#2360=ORIENTED_EDGE('',*,*,#2350,.F.);
#2370=CARTESIAN_POINT('',(500.,32.25,12.2499999999996));
#2380=DIRECTION('',(-1.,-1.10933564796705E-31,3.33066907387547E-16));
#2390=DIRECTION('',(0.,-1.,-3.33066907387547E-16));
#2400=AXIS2_PLACEMENT_3D('',#2370,#2380,#2390);
#2410=CIRCLE('',#2400,1.25);
#2420=CARTESIAN_POINT('',(500.,31.,12.2499999999996));
#2430=VERTEX_POINT('',#2420);
#2440=EDGE_CURVE('',#2430,#2340,#2410,.T.);
#2450=ORIENTED_EDGE('',*,*,#2440,.T.);
#2460=CARTESIAN_POINT('',(500.,31.,-46.6338460000004));
#2470=DIRECTION('',(-3.33066907387547E-16,3.33066907387547E-16,-1.));
#2480=VECTOR('',#2470,1.);
#2490=LINE('',#2460,#2480);
#2500=CARTESIAN_POINT('',(500.,31.,-4.46420678201775E-13));
#2510=VERTEX_POINT('',#2500);
#2520=EDGE_CURVE('',#2430,#2510,#2490,.T.);
#2530=ORIENTED_EDGE('',*,*,#2520,.F.);
#2540=CARTESIAN_POINT('',(500.,68.616923,-4.33764135721049E-13));
#2550=DIRECTION('',(0.,-1.,-3.33066907387547E-16));
#2560=VECTOR('',#2550,1.);
#2570=LINE('',#2540,#2560);
#2580=CARTESIAN_POINT('',(500.,4.,-4.55302462398777E-13));
#2590=VERTEX_POINT('',#2580);
#2600=EDGE_CURVE('',#2510,#2590,#2570,.T.);
#2610=ORIENTED_EDGE('',*,*,#2600,.F.);
#2620=CARTESIAN_POINT('',(500.,4.00000000000002,-46.6338460000005));
#2630=DIRECTION('',(3.33066907387547E-16,-3.33066907387547E-16,1.));
#2640=VECTOR('',#2630,1.);
#2650=LINE('',#2620,#2640);
#2660=CARTESIAN_POINT('',(500.,4.,12.2499999999995));
#2670=VERTEX_POINT('',#2660);
#2680=EDGE_CURVE('',#2590,#2670,#2650,.T.);
#2690=ORIENTED_EDGE('',*,*,#2680,.F.);
#2700=CARTESIAN_POINT('',(500.,2.75,12.2499999999995));
#2710=DIRECTION('',(-1.,-1.10933564796705E-31,3.33066907387547E-16));
#2720=DIRECTION('',(0.,-1.,-3.33066907387547E-16));
#2730=AXIS2_PLACEMENT_3D('',#2700,#2710,#2720);
#2740=CIRCLE('',#2730,1.25);
#2750=CARTESIAN_POINT('',(500.,2.75,13.4999999999995));
#2760=VERTEX_POINT('',#2750);
#2770=EDGE_CURVE('',#2760,#2670,#2740,.T.);
#2780=ORIENTED_EDGE('',*,*,#2770,.T.);
#2790=CARTESIAN_POINT('',(500.,17.5,13.4999999999995));
#2800=DIRECTION('',(0.,-1.,-3.33066907387547E-16));
#2810=VECTOR('',#2800,1.);
#2820=LINE('',#2790,#2810);
#2830=EDGE_CURVE('',#2760,#1580,#2820,.T.);
#2840=ORIENTED_EDGE('',*,*,#2830,.F.);
#2850=EDGE_LOOP('',(#2840,#2780,#2690,#2610,#2530,#2450,#2360,#2280,
#2200,#2120,#2030,#1950,#1870,#1790,#1700,#1620));
#2860=FACE_OUTER_BOUND('',#2850,.T.);
#2870=ADVANCED_FACE('',(#2860),#1520,.F.);
#2880=COLOUR_RGB('',0.823529481887817,0.823529481887817,
0.784313797950745);
#2890=FILL_AREA_STYLE_COLOUR('',#2880);
#2900=FILL_AREA_STYLE('',(#2890));
#2910=SURFACE_STYLE_FILL_AREA(#2900);
#2920=SURFACE_SIDE_STYLE('',(#2910));
#2930=SURFACE_STYLE_USAGE(.BOTH.,#2920);
#2940=PRESENTATION_STYLE_ASSIGNMENT((#2930));
#2950=CARTESIAN_POINT('',(-2.69229083471601E-15,35.,13.9999999999997));
#2960=DIRECTION('',(0.,-1.,-3.33066907387547E-16));
#2970=DIRECTION('',(-3.33066907387547E-16,3.33066907387547E-16,-1.));
#2980=AXIS2_PLACEMENT_3D('',#2950,#2960,#2970);
#2990=PLANE('',#2980);
#3000=CARTESIAN_POINT('',(-2.85882428840978E-15,35.,13.4999999999997));
#3010=DIRECTION('',(-1.,-1.10933564796705E-31,3.33066907387547E-16));
#3020=VECTOR('',#3010,1.);
#3030=LINE('',#3000,#3020);
#3040=EDGE_CURVE('',#2260,#630,#3030,.T.);
#3050=ORIENTED_EDGE('',*,*,#3040,.T.);
#3060=ORIENTED_EDGE('',*,*,#2270,.T.);
#3070=CARTESIAN_POINT('',(-2.35922392732846E-15,35.,14.9999999999997));
#3080=DIRECTION('',(1.,1.10933564796705E-31,-3.33066907387547E-16));
#3090=VECTOR('',#3080,1.);
#3100=LINE('',#3070,#3090);
#3110=EDGE_CURVE('',#710,#2180,#3100,.T.);
#3120=ORIENTED_EDGE('',*,*,#3110,.T.);
#3130=ORIENTED_EDGE('',*,*,#720,.F.);
#3140=EDGE_LOOP('',(#3130,#3120,#3060,#3050));
#3150=FACE_OUTER_BOUND('',#3140,.T.);
#3160=ADVANCED_FACE('',(#3150),#2990,.F.);
#3170=COLOUR_RGB('',0.823529481887817,0.823529481887817,
0.784313797950745);
#3180=FILL_AREA_STYLE_COLOUR('',#3170);
#3190=FILL_AREA_STYLE('',(#3180));
#3200=SURFACE_STYLE_FILL_AREA(#3190);
#3210=SURFACE_SIDE_STYLE('',(#3200));
#3220=SURFACE_STYLE_USAGE(.BOTH.,#3210);
#3230=PRESENTATION_STYLE_ASSIGNMENT((#3220));
#3240=CARTESIAN_POINT('',(141.9,20.6,-3.30624416733372E-13));
#3250=DIRECTION('',(0.,-1.,-3.33066907387547E-16));
#3260=DIRECTION('',(1.,1.10933564796705E-31,-3.33066907387547E-16));
#3270=AXIS2_PLACEMENT_3D('',#3240,#3250,#3260);
#3280=PLANE('',#3270);
#3290=CARTESIAN_POINT('',(133.1,20.6,-3.27626814566884E-13));
#3300=DIRECTION('',(3.33066907387547E-16,-3.33066907387547E-16,1.));
#3310=VECTOR('',#3300,1.);
#3320=LINE('',#3290,#3310);
#3330=CARTESIAN_POINT('',(133.1,20.6,-3.27626814566884E-13));
#3340=VERTEX_POINT('',#3330);
#3350=CARTESIAN_POINT('',(133.1,20.6,1.49999999999967));
#3360=VERTEX_POINT('',#3350);
#3370=EDGE_CURVE('',#3340,#3360,#3320,.T.);
#3380=ORIENTED_EDGE('',*,*,#3370,.F.);
#3390=CARTESIAN_POINT('',(-6.85562717706034E-15,20.6,1.49999999999972));
#3400=DIRECTION('',(-1.,-1.10933564796705E-31,3.33066907387547E-16));
#3410=VECTOR('',#3400,1.);
#3420=LINE('',#3390,#3410);
#3430=CARTESIAN_POINT('',(141.9,20.6,1.49999999999967));
#3440=VERTEX_POINT('',#3430);
#3450=EDGE_CURVE('',#3440,#3360,#3420,.T.);
#3460=ORIENTED_EDGE('',*,*,#3450,.T.);
#3470=CARTESIAN_POINT('',(141.9,20.6,-3.30624416733372E-13));
#3480=DIRECTION('',(3.33066907387547E-16,-3.33066907387547E-16,1.));
#3490=VECTOR('',#3480,1.);
#3500=LINE('',#3470,#3490);
#3510=CARTESIAN_POINT('',(141.9,20.6,-3.30624416733372E-13));
#3520=VERTEX_POINT('',#3510);
#3530=EDGE_CURVE('',#3520,#3440,#3500,.T.);
#3540=ORIENTED_EDGE('',*,*,#3530,.T.);
#3550=CARTESIAN_POINT('',(-7.35522753814166E-15,20.6,
-2.83439938186802E-13));
#3560=DIRECTION('',(1.,1.10933564796705E-31,-3.33066907387547E-16));
#3570=VECTOR('',#3560,1.);
#3580=LINE('',#3550,#3570);
#3590=EDGE_CURVE('',#3340,#3520,#3580,.T.);
#3600=ORIENTED_EDGE('',*,*,#3590,.T.);
#3610=EDGE_LOOP('',(#3600,#3540,#3460,#3380));
#3620=FACE_OUTER_BOUND('',#3610,.T.);
#3630=ADVANCED_FACE('',(#3620),#3280,.T.);
#3640=COLOUR_RGB('',0.823529481887817,0.823529481887817,
0.784313797950745);
#3650=FILL_AREA_STYLE_COLOUR('',#3640);
#3660=FILL_AREA_STYLE('',(#3650));
#3670=SURFACE_STYLE_FILL_AREA(#3660);
#3680=SURFACE_SIDE_STYLE('',(#3670));
#3690=SURFACE_STYLE_USAGE(.BOTH.,#3680);
#3700=PRESENTATION_STYLE_ASSIGNMENT((#3690));
#3710=CARTESIAN_POINT('',(-2.85882428840978E-15,32.25,13.4999999999997))
;
#3720=DIRECTION('',(3.33066907387547E-16,-3.33066907387547E-16,1.));
#3730=DIRECTION('',(0.,-1.,-3.33066907387547E-16));
#3740=AXIS2_PLACEMENT_3D('',#3710,#3720,#3730);
#3750=PLANE('',#3740);
#3760=ORIENTED_EDGE('',*,*,#640,.F.);
#3770=CARTESIAN_POINT('',(-2.85882428840978E-15,32.25,13.4999999999997))
;
#3780=DIRECTION('',(1.,1.10933564796705E-31,-3.33066907387547E-16));
#3790=VECTOR('',#3780,1.);
#3800=LINE('',#3770,#3790);
#3810=EDGE_CURVE('',#550,#2340,#3800,.T.);
#3820=ORIENTED_EDGE('',*,*,#3810,.F.);
#3830=ORIENTED_EDGE('',*,*,#2350,.T.);
#3840=ORIENTED_EDGE('',*,*,#3040,.F.);
#3850=EDGE_LOOP('',(#3840,#3830,#3820,#3760));
#3860=FACE_OUTER_BOUND('',#3850,.T.);
#3870=ADVANCED_FACE('',(#3860),#3750,.F.);
#3880=COLOUR_RGB('',0.823529481887817,0.823529481887817,
0.784313797950745);
#3890=FILL_AREA_STYLE_COLOUR('',#3880);
#3900=FILL_AREA_STYLE('',(#3890));
#3910=SURFACE_STYLE_FILL_AREA(#3900);
#3920=SURFACE_SIDE_STYLE('',(#3910));
#3930=SURFACE_STYLE_USAGE(.BOTH.,#3920);
#3940=PRESENTATION_STYLE_ASSIGNMENT((#3930));
#3950=CARTESIAN_POINT('',(-3.27515792264421E-15,32.25,12.2499999999997))
;
#3960=DIRECTION('',(-1.,-1.10933564796705E-31,3.33066907387547E-16));
#3970=DIRECTION('',(0.,-1.,-3.33066907387547E-16));
#3980=AXIS2_PLACEMENT_3D('',#3950,#3960,#3970);
#3990=CYLINDRICAL_SURFACE('',#3980,1.25);
#4000=ORIENTED_EDGE('',*,*,#560,.T.);
#4010=CARTESIAN_POINT('',(-3.27515792264421E-15,31.,12.2499999999997));
#4020=DIRECTION('',(1.,1.10933564796705E-31,-3.33066907387547E-16));
#4030=VECTOR('',#4020,1.);
#4040=LINE('',#4010,#4030);
#4050=EDGE_CURVE('',#460,#2430,#4040,.T.);
#4060=ORIENTED_EDGE('',*,*,#4050,.F.);
#4070=ORIENTED_EDGE('',*,*,#2440,.F.);
#4080=ORIENTED_EDGE('',*,*,#3810,.T.);
#4090=EDGE_LOOP('',(#4080,#4070,#4060,#4000));
#4100=FACE_OUTER_BOUND('',#4090,.T.);
#4110=ADVANCED_FACE('',(#4100),#3990,.F.);
#4120=COLOUR_RGB('',0.823529481887817,0.823529481887817,
0.784313797950745);
#4130=FILL_AREA_STYLE_COLOUR('',#4120);
#4140=FILL_AREA_STYLE('',(#4130));
#4150=SURFACE_STYLE_FILL_AREA(#4140);
#4160=SURFACE_SIDE_STYLE('',(#4150));
#4170=SURFACE_STYLE_USAGE(.BOTH.,#4160);
#4180=PRESENTATION_STYLE_ASSIGNMENT((#4170));
#4190=CARTESIAN_POINT('',(-6.43929354282591E-15,31.,2.74999999999972));
#4200=DIRECTION('',(0.,-1.,-3.33066907387547E-16));
#4210=DIRECTION('',(-3.33066907387547E-16,3.33066907387547E-16,-1.));
#4220=AXIS2_PLACEMENT_3D('',#4190,#4200,#4210);
#4230=PLANE('',#4220);
#4240=ORIENTED_EDGE('',*,*,#470,.F.);
#4250=CARTESIAN_POINT('',(-7.35522753814166E-15,31.,
-2.79998246810464E-13));
#4260=DIRECTION('',(-1.,-1.10933564796705E-31,3.33066907387547E-16));
#4270=VECTOR('',#4260,1.);
#4280=LINE('',#4250,#4270);
#4290=EDGE_CURVE('',#2510,#380,#4280,.T.);
#4300=ORIENTED_EDGE('',*,*,#4290,.T.);
#4310=ORIENTED_EDGE('',*,*,#2520,.T.);
#4320=ORIENTED_EDGE('',*,*,#4050,.T.);
#4330=EDGE_LOOP('',(#4320,#4310,#4300,#4240));
#4340=FACE_OUTER_BOUND('',#4330,.T.);
#4350=ADVANCED_FACE('',(#4340),#4230,.F.);
#4360=COLOUR_RGB('',0.823529481887817,0.823529481887817,
0.784313797950745);
#4370=FILL_AREA_STYLE_COLOUR('',#4360);
#4380=FILL_AREA_STYLE('',(#4370));
#4390=SURFACE_STYLE_FILL_AREA(#4380);
#4400=SURFACE_SIDE_STYLE('',(#4390));
#4410=SURFACE_STYLE_USAGE(.BOTH.,#4400);
#4420=PRESENTATION_STYLE_ASSIGNMENT((#4410));
#4430=CARTESIAN_POINT('',(208.1,17.5,-3.53606033343112E-13));
#4440=DIRECTION('',(3.33066907387547E-16,-3.33066907387547E-16,1.));
#4450=DIRECTION('',(1.,1.10933564796705E-31,-3.33066907387547E-16));
#4460=AXIS2_PLACEMENT_3D('',#4430,#4440,#4450);
#4470=CYLINDRICAL_SURFACE('',#4460,3.1);
#4480=CARTESIAN_POINT('',(208.1,14.4,-3.54605234065275E-13));
#4490=DIRECTION('',(3.33066907387547E-16,-3.33066907387547E-16,1.));
#4500=VECTOR('',#4490,1.);
#4510=LINE('',#4480,#4500);
#4520=CARTESIAN_POINT('',(208.1,14.4,-3.54605234065275E-13));
#4530=VERTEX_POINT('',#4520);
#4540=CARTESIAN_POINT('',(208.1,14.4,1.49999999999965));
#4550=VERTEX_POINT('',#4540);
#4560=EDGE_CURVE('',#4530,#4550,#4510,.T.);
#4570=ORIENTED_EDGE('',*,*,#4560,.F.);
#4580=CARTESIAN_POINT('',(208.1,17.5,1.49999999999965));
#4590=DIRECTION('',(3.33066907387547E-16,-3.33066907387547E-16,1.));
#4600=DIRECTION('',(1.,1.10933564796705E-31,-3.33066907387547E-16));
#4610=AXIS2_PLACEMENT_3D('',#4580,#4590,#4600);
#4620=CIRCLE('',#4610,3.1);
#4630=CARTESIAN_POINT('',(208.1,20.6,1.49999999999965));
#4640=VERTEX_POINT('',#4630);
#4650=EDGE_CURVE('',#4640,#4550,#4620,.T.);
#4660=ORIENTED_EDGE('',*,*,#4650,.T.);
#4670=CARTESIAN_POINT('',(208.1,20.6,-3.5260683262095E-13));
#4680=DIRECTION('',(3.33066907387547E-16,-3.33066907387547E-16,1.));
#4690=VECTOR('',#4680,1.);
#4700=LINE('',#4670,#4690);
#4710=CARTESIAN_POINT('',(208.1,20.6,-3.5260683262095E-13));
#4720=VERTEX_POINT('',#4710);
#4730=EDGE_CURVE('',#4720,#4640,#4700,.T.);
#4740=ORIENTED_EDGE('',*,*,#4730,.T.);
#4750=CARTESIAN_POINT('',(208.1,17.5,-3.53606033343112E-13));
#4760=DIRECTION('',(3.33066907387547E-16,-3.33066907387547E-16,1.));
#4770=DIRECTION('',(1.,1.10933564796705E-31,-3.33066907387547E-16));
#4780=AXIS2_PLACEMENT_3D('',#4750,#4760,#4770);
#4790=CIRCLE('',#4780,3.1);
#4800=EDGE_CURVE('',#4720,#4530,#4790,.T.);
#4810=ORIENTED_EDGE('',*,*,#4800,.F.);
#4820=EDGE_LOOP('',(#4810,#4740,#4660,#4570));
#4830=FACE_OUTER_BOUND('',#4820,.T.);
#4840=ADVANCED_FACE('',(#4830),#4470,.F.);
#4850=COLOUR_RGB('',0.823529481887817,0.823529481887817,
0.784313797950745);
#4860=FILL_AREA_STYLE_COLOUR('',#4850);
#4870=FILL_AREA_STYLE('',(#4860));
#4880=SURFACE_STYLE_FILL_AREA(#4870);
#4890=SURFACE_SIDE_STYLE('',(#4880));
#4900=SURFACE_STYLE_USAGE(.BOTH.,#4890);
#4910=PRESENTATION_STYLE_ASSIGNMENT((#4900));
#4920=CARTESIAN_POINT('',(-7.35522753814166E-15,6.75,
-2.87880830285303E-13));
#4930=DIRECTION('',(3.33066907387547E-16,-3.33066907387547E-16,1.));
#4940=DIRECTION('',(0.,-1.,-3.33066907387547E-16));
#4950=AXIS2_PLACEMENT_3D('',#4920,#4930,#4940);
#4960=PLANE('',#4950);
#4970=CARTESIAN_POINT('',(-7.35522753814166E-15,14.4,
-2.85438339631128E-13));
#4980=DIRECTION('',(-1.,-1.10933564796705E-31,3.33066907387547E-16));
#4990=VECTOR('',#4980,1.);
#5000=LINE('',#4970,#4990);
#5010=CARTESIAN_POINT('',(191.9,14.4,-3.49276163547074E-13));
#5020=VERTEX_POINT('',#5010);
#5030=CARTESIAN_POINT('',(183.1,14.4,-3.46389583683049E-13));
#5040=VERTEX_POINT('',#5030);
#5050=EDGE_CURVE('',#5020,#5040,#5000,.T.);
#5060=ORIENTED_EDGE('',*,*,#5050,.F.);
#5070=CARTESIAN_POINT('',(183.1,17.5,-3.45279360658424E-13));
#5080=DIRECTION('',(3.33066907387547E-16,-3.33066907387547E-16,1.));
#5090=DIRECTION('',(1.,1.10933564796705E-31,-3.33066907387547E-16));
#5100=AXIS2_PLACEMENT_3D('',#5070,#5080,#5090);
#5110=CIRCLE('',#5100,3.1);
#5120=CARTESIAN_POINT('',(183.1,20.6,-3.44391182238724E-13));
#5130=VERTEX_POINT('',#5120);
#5140=EDGE_CURVE('',#5130,#5040,#5110,.T.);
#5150=ORIENTED_EDGE('',*,*,#5140,.T.);
#5160=CARTESIAN_POINT('',(-7.35522753814166E-15,20.6,
-2.83439938186802E-13));
#5170=DIRECTION('',(1.,1.10933564796705E-31,-3.33066907387547E-16));
#5180=VECTOR('',#5170,1.);
#5190=LINE('',#5160,#5180);
#5200=CARTESIAN_POINT('',(191.9,20.6,-3.47277762102749E-13));
#5210=VERTEX_POINT('',#5200);
#5220=EDGE_CURVE('',#5130,#5210,#5190,.T.);
#5230=ORIENTED_EDGE('',*,*,#5220,.F.);
#5240=CARTESIAN_POINT('',(191.9,17.5,-3.48276962824912E-13));
#5250=DIRECTION('',(3.33066907387547E-16,-3.33066907387547E-16,1.));
#5260=DIRECTION('',(1.,1.10933564796705E-31,-3.33066907387547E-16));
#5270=AXIS2_PLACEMENT_3D('',#5240,#5250,#5260);
#5280=CIRCLE('',#5270,3.1);
#5290=EDGE_CURVE('',#5020,#5210,#5280,.T.);
#5300=ORIENTED_EDGE('',*,*,#5290,.T.);
#5310=EDGE_LOOP('',(#5300,#5230,#5150,#5060));
#5320=FACE_BOUND('',#5310,.T.);
#5330=CARTESIAN_POINT('',(441.9,17.5,-4.31543689671798E-13));
#5340=DIRECTION('',(3.33066907387547E-16,-3.33066907387547E-16,1.));
#5350=DIRECTION('',(1.,1.10933564796705E-31,-3.33066907387547E-16));
#5360=AXIS2_PLACEMENT_3D('',#5330,#5340,#5350);
#5370=CIRCLE('',#5360,3.1);
#5380=CARTESIAN_POINT('',(441.9,14.4,-4.32653912696424E-13));
#5390=VERTEX_POINT('',#5380);
#5400=CARTESIAN_POINT('',(441.9,20.6,-4.30655511252098E-13));
#5410=VERTEX_POINT('',#5400);
#5420=EDGE_CURVE('',#5390,#5410,#5370,.T.);
#5430=ORIENTED_EDGE('',*,*,#5420,.T.);
#5440=CARTESIAN_POINT('',(-7.35522753814166E-15,14.4,
-2.85438339631128E-13));
#5450=DIRECTION('',(-1.,-1.10933564796705E-31,3.33066907387547E-16));
#5460=VECTOR('',#5450,1.);
#5470=LINE('',#5440,#5460);
#5480=CARTESIAN_POINT('',(433.1,14.4,-4.29545288227473E-13));
#5490=VERTEX_POINT('',#5480);
#5500=EDGE_CURVE('',#5390,#5490,#5470,.T.);
#5510=ORIENTED_EDGE('',*,*,#5500,.F.);
#5520=CARTESIAN_POINT('',(433.1,17.5,-4.2854608750531E-13));
#5530=DIRECTION('',(3.33066907387547E-16,-3.33066907387547E-16,1.));
#5540=DIRECTION('',(1.,1.10933564796705E-31,-3.33066907387547E-16));
#5550=AXIS2_PLACEMENT_3D('',#5520,#5530,#5540);
#5560=CIRCLE('',#5550,3.1);
#5570=CARTESIAN_POINT('',(433.1,20.6,-4.2765790908561E-13));
#5580=VERTEX_POINT('',#5570);
#5590=EDGE_CURVE('',#5580,#5490,#5560,.T.);
#5600=ORIENTED_EDGE('',*,*,#5590,.T.);
#5610=CARTESIAN_POINT('',(-7.35522753814166E-15,20.6,
-2.83439938186802E-13));
#5620=DIRECTION('',(1.,1.10933564796705E-31,-3.33066907387547E-16));
#5630=VECTOR('',#5620,1.);
#5640=LINE('',#5610,#5630);
#5650=EDGE_CURVE('',#5580,#5410,#5640,.T.);
#5660=ORIENTED_EDGE('',*,*,#5650,.F.);
#5670=EDGE_LOOP('',(#5660,#5600,#5510,#5430));
#5680=FACE_BOUND('',#5670,.T.);
#5690=CARTESIAN_POINT('',(-7.35522753814166E-15,14.4,
-2.85438339631128E-13));
#5700=DIRECTION('',(-1.,-1.10933564796705E-31,3.33066907387547E-16));
#5710=VECTOR('',#5700,1.);
#5720=LINE('',#5690,#5710);
#5730=CARTESIAN_POINT('',(416.9,14.4,-4.24327240011735E-13));
#5740=VERTEX_POINT('',#5730);
#5750=CARTESIAN_POINT('',(408.1,14.4,-4.21329637845247E-13));
#5760=VERTEX_POINT('',#5750);
#5770=EDGE_CURVE('',#5740,#5760,#5720,.T.);
#5780=ORIENTED_EDGE('',*,*,#5770,.F.);
#5790=CARTESIAN_POINT('',(408.1,17.5,-4.20219414820622E-13));
#5800=DIRECTION('',(3.33066907387547E-16,-3.33066907387547E-16,1.));
#5810=DIRECTION('',(1.,1.10933564796705E-31,-3.33066907387547E-16));
#5820=AXIS2_PLACEMENT_3D('',#5790,#5800,#5810);
#5830=CIRCLE('',#5820,3.1);
#5840=CARTESIAN_POINT('',(408.1,20.6,-4.19331236400922E-13));
#5850=VERTEX_POINT('',#5840);
#5860=EDGE_CURVE('',#5850,#5760,#5830,.T.);
#5870=ORIENTED_EDGE('',*,*,#5860,.T.);
#5880=CARTESIAN_POINT('',(-7.35522753814166E-15,20.6,
-2.83439938186802E-13));
#5890=DIRECTION('',(1.,1.10933564796705E-31,-3.33066907387547E-16));
#5900=VECTOR('',#5890,1.);
#5910=LINE('',#5880,#5900);
#5920=CARTESIAN_POINT('',(416.9,20.6,-4.2232883856741E-13));
#5930=VERTEX_POINT('',#5920);
#5940=EDGE_CURVE('',#5850,#5930,#5910,.T.);
#5950=ORIENTED_EDGE('',*,*,#5940,.F.);
#5960=CARTESIAN_POINT('',(416.9,17.5,-4.2321701698711E-13));
#5970=DIRECTION('',(3.33066907387547E-16,-3.33066907387547E-16,1.));
#5980=DIRECTION('',(1.,1.10933564796705E-31,-3.33066907387547E-16));
#5990=AXIS2_PLACEMENT_3D('',#5960,#5970,#5980);
#6000=CIRCLE('',#5990,3.1);
#6010=EDGE_CURVE('',#5740,#5930,#6000,.T.);
#6020=ORIENTED_EDGE('',*,*,#6010,.T.);
#6030=EDGE_LOOP('',(#6020,#5950,#5870,#5780));
#6040=FACE_BOUND('',#6030,.T.);
#6050=CARTESIAN_POINT('',(-7.35522753814166E-15,14.4,
-2.85438339631128E-13));
#6060=DIRECTION('',(-1.,-1.10933564796705E-31,3.33066907387547E-16));
#6070=VECTOR('',#6060,1.);
#6080=LINE('',#6050,#6070);
#6090=CARTESIAN_POINT('',(466.9,14.4,-4.40980585381112E-13));
#6100=VERTEX_POINT('',#6090);
#6110=CARTESIAN_POINT('',(458.1,14.4,-4.37871960912162E-13));
#6120=VERTEX_POINT('',#6110);
#6130=EDGE_CURVE('',#6100,#6120,#6080,.T.);
#6140=ORIENTED_EDGE('',*,*,#6130,.F.);
#6150=CARTESIAN_POINT('',(458.1,17.5,-4.36872760189999E-13));
#6160=DIRECTION('',(3.33066907387547E-16,-3.33066907387547E-16,1.));
#6170=DIRECTION('',(1.,1.10933564796705E-31,-3.33066907387547E-16));
#6180=AXIS2_PLACEMENT_3D('',#6150,#6160,#6170);
#6190=CIRCLE('',#6180,3.1);
#6200=CARTESIAN_POINT('',(458.1,20.6,-4.35873559467836E-13));
#6210=VERTEX_POINT('',#6200);
#6220=EDGE_CURVE('',#6210,#6120,#6190,.T.);
#6230=ORIENTED_EDGE('',*,*,#6220,.T.);
#6240=CARTESIAN_POINT('',(-7.35522753814166E-15,20.6,
-2.83439938186802E-13));
#6250=DIRECTION('',(1.,1.10933564796705E-31,-3.33066907387547E-16));
#6260=VECTOR('',#6250,1.);
#6270=LINE('',#6240,#6260);
#6280=CARTESIAN_POINT('',(466.9,20.6,-4.38982183936787E-13));
#6290=VERTEX_POINT('',#6280);
#6300=EDGE_CURVE('',#6210,#6290,#6270,.T.);
#6310=ORIENTED_EDGE('',*,*,#6300,.F.);
#6320=CARTESIAN_POINT('',(466.9,17.5,-4.39870362356487E-13));
#6330=DIRECTION('',(3.33066907387547E-16,-3.33066907387547E-16,1.));
#6340=DIRECTION('',(1.,1.10933564796705E-31,-3.33066907387547E-16));
#6350=AXIS2_PLACEMENT_3D('',#6320,#6330,#6340);
#6360=CIRCLE('',#6350,3.1);
#6370=EDGE_CURVE('',#6100,#6290,#6360,.T.);
#6380=ORIENTED_EDGE('',*,*,#6370,.T.);
#6390=EDGE_LOOP('',(#6380,#6310,#6230,#6140));
#6400=FACE_BOUND('',#6390,.T.);
#6410=CARTESIAN_POINT('',(-7.35522753814166E-15,14.4,
-2.85438339631128E-13));
#6420=DIRECTION('',(-1.,-1.10933564796705E-31,3.33066907387547E-16));
#6430=VECTOR('',#6420,1.);
#6440=LINE('',#6410,#6430);
#6450=CARTESIAN_POINT('',(366.9,14.4,-4.07562872339895E-13));
#6460=VERTEX_POINT('',#6450);
#6470=CARTESIAN_POINT('',(358.1,14.4,-4.04565270173407E-13));
#6480=VERTEX_POINT('',#6470);
#6490=EDGE_CURVE('',#6460,#6480,#6440,.T.);
#6500=ORIENTED_EDGE('',*,*,#6490,.F.);
#6510=CARTESIAN_POINT('',(358.1,17.5,-4.03566069451244E-13));
#6520=DIRECTION('',(3.33066907387547E-16,-3.33066907387547E-16,1.));
#6530=DIRECTION('',(1.,1.10933564796705E-31,-3.33066907387547E-16));
#6540=AXIS2_PLACEMENT_3D('',#6510,#6520,#6530);
#6550=CIRCLE('',#6540,3.1);
#6560=CARTESIAN_POINT('',(358.1,20.6,-4.02566868729082E-13));
#6570=VERTEX_POINT('',#6560);
#6580=EDGE_CURVE('',#6570,#6480,#6550,.T.);
#6590=ORIENTED_EDGE('',*,*,#6580,.T.);
#6600=CARTESIAN_POINT('',(-7.35522753814166E-15,20.6,
-2.83439938186802E-13));
#6610=DIRECTION('',(1.,1.10933564796705E-31,-3.33066907387547E-16));
#6620=VECTOR('',#6610,1.);
#6630=LINE('',#6600,#6620);
#6640=CARTESIAN_POINT('',(366.9,20.6,-4.0556447089557E-13));
#6650=VERTEX_POINT('',#6640);
#6660=EDGE_CURVE('',#6570,#6650,#6630,.T.);
#6670=ORIENTED_EDGE('',*,*,#6660,.F.);
#6680=CARTESIAN_POINT('',(366.9,17.5,-4.06563671617732E-13));
#6690=DIRECTION('',(3.33066907387547E-16,-3.33066907387547E-16,1.));
#6700=DIRECTION('',(1.,1.10933564796705E-31,-3.33066907387547E-16));
#6710=AXIS2_PLACEMENT_3D('',#6680,#6690,#6700);
#6720=CIRCLE('',#6710,3.1);
#6730=EDGE_CURVE('',#6460,#6650,#6720,.T.);
#6740=ORIENTED_EDGE('',*,*,#6730,.T.);
#6750=EDGE_LOOP('',(#6740,#6670,#6590,#6500));
#6760=FACE_BOUND('',#6750,.T.);
#6770=CARTESIAN_POINT('',(-7.35522753814166E-15,14.4,
-2.85438339631128E-13));
#6780=DIRECTION('',(-1.,-1.10933564796705E-31,3.33066907387547E-16));
#6790=VECTOR('',#6780,1.);
#6800=LINE('',#6770,#6790);
#6810=CARTESIAN_POINT('',(491.9,14.4,-4.49196235763338E-13));
#6820=VERTEX_POINT('',#6810);
#6830=CARTESIAN_POINT('',(483.1,14.4,-4.4619863359685E-13));
#6840=VERTEX_POINT('',#6830);
#6850=EDGE_CURVE('',#6820,#6840,#6800,.T.);
#6860=ORIENTED_EDGE('',*,*,#6850,.F.);
#6870=CARTESIAN_POINT('',(483.1,17.5,-4.45199432874688E-13));
#6880=DIRECTION('',(3.33066907387547E-16,-3.33066907387547E-16,1.));
#6890=DIRECTION('',(1.,1.10933564796705E-31,-3.33066907387547E-16));
#6900=AXIS2_PLACEMENT_3D('',#6870,#6880,#6890);
#6910=CIRCLE('',#6900,3.1);
#6920=CARTESIAN_POINT('',(483.1,20.6,-4.44311254454988E-13));
#6930=VERTEX_POINT('',#6920);
#6940=EDGE_CURVE('',#6930,#6840,#6910,.T.);
#6950=ORIENTED_EDGE('',*,*,#6940,.T.);
#6960=CARTESIAN_POINT('',(-7.35522753814166E-15,20.6,
-2.83439938186802E-13));
#6970=DIRECTION('',(1.,1.10933564796705E-31,-3.33066907387547E-16));
#6980=VECTOR('',#6970,1.);
#6990=LINE('',#6960,#6980);
#7000=CARTESIAN_POINT('',(491.9,20.6,-4.47308856621476E-13));
#7010=VERTEX_POINT('',#7000);
#7020=EDGE_CURVE('',#6930,#7010,#6990,.T.);
#7030=ORIENTED_EDGE('',*,*,#7020,.F.);
#7040=CARTESIAN_POINT('',(491.9,17.5,-4.48197035041176E-13));
#7050=DIRECTION('',(3.33066907387547E-16,-3.33066907387547E-16,1.));
#7060=DIRECTION('',(1.,1.10933564796705E-31,-3.33066907387547E-16));
#7070=AXIS2_PLACEMENT_3D('',#7040,#7050,#7060);
#7080=CIRCLE('',#7070,3.1);
#7090=EDGE_CURVE('',#6820,#7010,#7080,.T.);
#7100=ORIENTED_EDGE('',*,*,#7090,.T.);
#7110=EDGE_LOOP('',(#7100,#7030,#6950,#6860));
#7120=FACE_BOUND('',#7110,.T.);
#7130=CARTESIAN_POINT('',(216.9,17.5,-3.566036355096E-13));
#7140=DIRECTION('',(3.33066907387547E-16,-3.33066907387547E-16,1.));
#7150=DIRECTION('',(1.,1.10933564796705E-31,-3.33066907387547E-16));
#7160=AXIS2_PLACEMENT_3D('',#7130,#7140,#7150);
#7170=CIRCLE('',#7160,3.1);
#7180=CARTESIAN_POINT('',(216.9,14.4,-3.57713858534225E-13));
#7190=VERTEX_POINT('',#7180);
#7200=CARTESIAN_POINT('',(216.9,20.6,-3.557154570899E-13));
#7210=VERTEX_POINT('',#7200);
#7220=EDGE_CURVE('',#7190,#7210,#7170,.T.);
#7230=ORIENTED_EDGE('',*,*,#7220,.T.);
#7240=CARTESIAN_POINT('',(-7.35522753814166E-15,14.4,
-2.85438339631128E-13));
#7250=DIRECTION('',(-1.,-1.10933564796705E-31,3.33066907387547E-16));
#7260=VECTOR('',#7250,1.);
#7270=LINE('',#7240,#7260);
#7280=EDGE_CURVE('',#7190,#4530,#7270,.T.);
#7290=ORIENTED_EDGE('',*,*,#7280,.F.);
#7300=ORIENTED_EDGE('',*,*,#4800,.T.);
#7310=CARTESIAN_POINT('',(-7.35522753814166E-15,20.6,
-2.83439938186802E-13));
#7320=DIRECTION('',(1.,1.10933564796705E-31,-3.33066907387547E-16));
#7330=VECTOR('',#7320,1.);
#7340=LINE('',#7310,#7330);
#7350=EDGE_CURVE('',#4720,#7210,#7340,.T.);
#7360=ORIENTED_EDGE('',*,*,#7350,.F.);
#7370=EDGE_LOOP('',(#7360,#7300,#7290,#7230));
#7380=FACE_BOUND('',#7370,.T.);
#7390=CARTESIAN_POINT('',(316.9,17.5,-3.89910326248355E-13));
#7400=DIRECTION('',(3.33066907387547E-16,-3.33066907387547E-16,1.));
#7410=DIRECTION('',(1.,1.10933564796705E-31,-3.33066907387547E-16));
#7420=AXIS2_PLACEMENT_3D('',#7390,#7400,#7410);
#7430=CIRCLE('',#7420,3.1);
#7440=CARTESIAN_POINT('',(316.9,14.4,-3.90909526970518E-13));
#7450=VERTEX_POINT('',#7440);
#7460=CARTESIAN_POINT('',(316.9,20.6,-3.88911125526192E-13));
#7470=VERTEX_POINT('',#7460);
#7480=EDGE_CURVE('',#7450,#7470,#7430,.T.);
#7490=ORIENTED_EDGE('',*,*,#7480,.T.);
#7500=CARTESIAN_POINT('',(-7.35522753814166E-15,14.4,
-2.85438339631128E-13));
#7510=DIRECTION('',(-1.,-1.10933564796705E-31,3.33066907387547E-16));
#7520=VECTOR('',#7510,1.);
#7530=LINE('',#7500,#7520);
#7540=CARTESIAN_POINT('',(308.1,14.4,-3.88022947106492E-13));
#7550=VERTEX_POINT('',#7540);
#7560=EDGE_CURVE('',#7450,#7550,#7530,.T.);
#7570=ORIENTED_EDGE('',*,*,#7560,.F.);
#7580=CARTESIAN_POINT('',(308.1,17.5,-3.86912724081867E-13));
#7590=DIRECTION('',(3.33066907387547E-16,-3.33066907387547E-16,1.));
#7600=DIRECTION('',(1.,1.10933564796705E-31,-3.33066907387547E-16));
#7610=AXIS2_PLACEMENT_3D('',#7580,#7590,#7600);
#7620=CIRCLE('',#7610,3.1);
#7630=CARTESIAN_POINT('',(308.1,20.6,-3.86024545662167E-13));
#7640=VERTEX_POINT('',#7630);
#7650=EDGE_CURVE('',#7640,#7550,#7620,.T.);
#7660=ORIENTED_EDGE('',*,*,#7650,.T.);
#7670=CARTESIAN_POINT('',(-7.35522753814166E-15,20.6,
-2.83439938186802E-13));
#7680=DIRECTION('',(1.,1.10933564796705E-31,-3.33066907387547E-16));
#7690=VECTOR('',#7680,1.);
#7700=LINE('',#7670,#7690);
#7710=EDGE_CURVE('',#7640,#7470,#7700,.T.);
#7720=ORIENTED_EDGE('',*,*,#7710,.F.);
#7730=EDGE_LOOP('',(#7720,#7660,#7570,#7490));
#7740=FACE_BOUND('',#7730,.T.);
#7750=CARTESIAN_POINT('',(241.9,17.5,-3.64930308194289E-13));
#7760=DIRECTION('',(3.33066907387547E-16,-3.33066907387547E-16,1.));
#7770=DIRECTION('',(1.,1.10933564796705E-31,-3.33066907387547E-16));
#7780=AXIS2_PLACEMENT_3D('',#7750,#7760,#7770);
#7790=CIRCLE('',#7780,3.1);
#7800=CARTESIAN_POINT('',(241.9,14.4,-3.65929508916452E-13));
#7810=VERTEX_POINT('',#7800);
#7820=CARTESIAN_POINT('',(241.9,20.6,-3.63931107472126E-13));
#7830=VERTEX_POINT('',#7820);
#7840=EDGE_CURVE('',#7810,#7830,#7790,.T.);
#7850=ORIENTED_EDGE('',*,*,#7840,.T.);
#7860=CARTESIAN_POINT('',(-7.35522753814166E-15,14.4,
-2.85438339631128E-13));
#7870=DIRECTION('',(-1.,-1.10933564796705E-31,3.33066907387547E-16));
#7880=VECTOR('',#7870,1.);
#7890=LINE('',#7860,#7880);
#7900=CARTESIAN_POINT('',(233.1,14.4,-3.62931906749964E-13));
#7910=VERTEX_POINT('',#7900);
#7920=EDGE_CURVE('',#7810,#7910,#7890,.T.);
#7930=ORIENTED_EDGE('',*,*,#7920,.F.);
#7940=CARTESIAN_POINT('',(233.1,17.5,-3.61932706027801E-13));
#7950=DIRECTION('',(3.33066907387547E-16,-3.33066907387547E-16,1.));
#7960=DIRECTION('',(1.,1.10933564796705E-31,-3.33066907387547E-16));
#7970=AXIS2_PLACEMENT_3D('',#7940,#7950,#7960);
#7980=CIRCLE('',#7970,3.1);
#7990=CARTESIAN_POINT('',(233.1,20.6,-3.60933505305638E-13));
#8000=VERTEX_POINT('',#7990);
#8010=EDGE_CURVE('',#8000,#7910,#7980,.T.);
#8020=ORIENTED_EDGE('',*,*,#8010,.T.);
#8030=CARTESIAN_POINT('',(-7.35522753814166E-15,20.6,
-2.83439938186802E-13));
#8040=DIRECTION('',(1.,1.10933564796705E-31,-3.33066907387547E-16));
#8050=VECTOR('',#8040,1.);
#8060=LINE('',#8030,#8050);
#8070=EDGE_CURVE('',#8000,#7830,#8060,.T.);
#8080=ORIENTED_EDGE('',*,*,#8070,.F.);
#8090=EDGE_LOOP('',(#8080,#8020,#7930,#7850));
#8100=FACE_BOUND('',#8090,.T.);
#8110=CARTESIAN_POINT('',(166.9,17.5,-3.39950290140223E-13));
#8120=DIRECTION('',(3.33066907387547E-16,-3.33066907387547E-16,1.));
#8130=DIRECTION('',(1.,1.10933564796705E-31,-3.33066907387547E-16));
#8140=AXIS2_PLACEMENT_3D('',#8110,#8120,#8130);
#8150=CIRCLE('',#8140,3.1);
#8160=CARTESIAN_POINT('',(166.9,14.4,-3.41060513164848E-13));
#8170=VERTEX_POINT('',#8160);
#8180=CARTESIAN_POINT('',(166.9,20.6,-3.39062111720523E-13));
#8190=VERTEX_POINT('',#8180);
#8200=EDGE_CURVE('',#8170,#8190,#8150,.T.);
#8210=ORIENTED_EDGE('',*,*,#8200,.T.);
#8220=CARTESIAN_POINT('',(-7.35522753814166E-15,14.4,
-2.85438339631128E-13));
#8230=DIRECTION('',(-1.,-1.10933564796705E-31,3.33066907387547E-16));
#8240=VECTOR('',#8230,1.);
#8250=LINE('',#8220,#8240);
#8260=CARTESIAN_POINT('',(158.1,14.4,-3.3806291099836E-13));
#8270=VERTEX_POINT('',#8260);
#8280=EDGE_CURVE('',#8170,#8270,#8250,.T.);
#8290=ORIENTED_EDGE('',*,*,#8280,.F.);
#8300=CARTESIAN_POINT('',(158.1,17.5,-3.36952687973735E-13));
#8310=DIRECTION('',(3.33066907387547E-16,-3.33066907387547E-16,1.));
#8320=DIRECTION('',(1.,1.10933564796705E-31,-3.33066907387547E-16));
#8330=AXIS2_PLACEMENT_3D('',#8300,#8310,#8320);
#8340=CIRCLE('',#8330,3.1);
#8350=CARTESIAN_POINT('',(158.1,20.6,-3.36064509554035E-13));
#8360=VERTEX_POINT('',#8350);
#8370=EDGE_CURVE('',#8360,#8270,#8340,.T.);
#8380=ORIENTED_EDGE('',*,*,#8370,.T.);
#8390=CARTESIAN_POINT('',(-7.35522753814166E-15,20.6,
-2.83439938186802E-13));
#8400=DIRECTION('',(1.,1.10933564796705E-31,-3.33066907387547E-16));
#8410=VECTOR('',#8400,1.);
#8420=LINE('',#8390,#8410);
#8430=EDGE_CURVE('',#8360,#8190,#8420,.T.);
#8440=ORIENTED_EDGE('',*,*,#8430,.F.);
#8450=EDGE_LOOP('',(#8440,#8380,#8290,#8210));
#8460=FACE_BOUND('',#8450,.T.);
#8470=CARTESIAN_POINT('',(66.9,17.5,-3.06643599401468E-13));
#8480=DIRECTION('',(3.33066907387547E-16,-3.33066907387547E-16,1.));
#8490=DIRECTION('',(1.,1.10933564796705E-31,-3.33066907387547E-16));
#8500=AXIS2_PLACEMENT_3D('',#8470,#8480,#8490);
#8510=CIRCLE('',#8500,3.1);
#8520=CARTESIAN_POINT('',(66.9,14.4,-3.07642800123631E-13));
#8530=VERTEX_POINT('',#8520);
#8540=CARTESIAN_POINT('',(66.9,20.6,-3.05644398679306E-13));
#8550=VERTEX_POINT('',#8540);
#8560=EDGE_CURVE('',#8530,#8550,#8510,.T.);
#8570=ORIENTED_EDGE('',*,*,#8560,.T.);
#8580=CARTESIAN_POINT('',(-7.35522753814166E-15,14.4,
-2.85438339631128E-13));
#8590=DIRECTION('',(-1.,-1.10933564796705E-31,3.33066907387547E-16));
#8600=VECTOR('',#8590,1.);
#8610=LINE('',#8580,#8600);
#8620=CARTESIAN_POINT('',(58.1,14.4,-3.04645197957143E-13));
#8630=VERTEX_POINT('',#8620);
#8640=EDGE_CURVE('',#8530,#8630,#8610,.T.);
#8650=ORIENTED_EDGE('',*,*,#8640,.F.);
#8660=CARTESIAN_POINT('',(58.1,17.5,-3.0364599723498E-13));
#8670=DIRECTION('',(3.33066907387547E-16,-3.33066907387547E-16,1.));
#8680=DIRECTION('',(1.,1.10933564796705E-31,-3.33066907387547E-16));
#8690=AXIS2_PLACEMENT_3D('',#8660,#8670,#8680);
#8700=CIRCLE('',#8690,3.1);
#8710=CARTESIAN_POINT('',(58.1,20.6,-3.02646796512818E-13));
#8720=VERTEX_POINT('',#8710);
#8730=EDGE_CURVE('',#8720,#8630,#8700,.T.);
#8740=ORIENTED_EDGE('',*,*,#8730,.T.);
#8750=CARTESIAN_POINT('',(-7.35522753814166E-15,20.6,
-2.83439938186802E-13));
#8760=DIRECTION('',(1.,1.10933564796705E-31,-3.33066907387547E-16));
#8770=VECTOR('',#8760,1.);
#8780=LINE('',#8750,#8770);
#8790=EDGE_CURVE('',#8720,#8550,#8780,.T.);
#8800=ORIENTED_EDGE('',*,*,#8790,.F.);
#8810=EDGE_LOOP('',(#8800,#8740,#8650,#8570));
#8820=FACE_BOUND('',#8810,.T.);
#8830=CARTESIAN_POINT('',(291.9,17.5,-3.81583653563666E-13));
#8840=DIRECTION('',(3.33066907387547E-16,-3.33066907387547E-16,1.));
#8850=DIRECTION('',(1.,1.10933564796705E-31,-3.33066907387547E-16));
#8860=AXIS2_PLACEMENT_3D('',#8830,#8840,#8850);
#8870=CIRCLE('',#8860,3.1);
#8880=CARTESIAN_POINT('',(291.9,14.4,-3.82582854285829E-13));
#8890=VERTEX_POINT('',#8880);
#8900=CARTESIAN_POINT('',(291.9,20.6,-3.80584452841504E-13));
#8910=VERTEX_POINT('',#8900);
#8920=EDGE_CURVE('',#8890,#8910,#8870,.T.);
#8930=ORIENTED_EDGE('',*,*,#8920,.T.);
#8940=CARTESIAN_POINT('',(-7.35522753814166E-15,14.4,
-2.85438339631128E-13));
#8950=DIRECTION('',(-1.,-1.10933564796705E-31,3.33066907387547E-16));
#8960=VECTOR('',#8950,1.);
#8970=LINE('',#8940,#8960);
#8980=CARTESIAN_POINT('',(283.1,14.4,-3.79696274421804E-13));
#8990=VERTEX_POINT('',#8980);
#9000=EDGE_CURVE('',#8890,#8990,#8970,.T.);
#9010=ORIENTED_EDGE('',*,*,#9000,.F.);
#9020=CARTESIAN_POINT('',(283.1,17.5,-3.78586051397178E-13));
#9030=DIRECTION('',(3.33066907387547E-16,-3.33066907387547E-16,1.));
#9040=DIRECTION('',(1.,1.10933564796705E-31,-3.33066907387547E-16));
#9050=AXIS2_PLACEMENT_3D('',#9020,#9030,#9040);
#9060=CIRCLE('',#9050,3.1);
#9070=CARTESIAN_POINT('',(283.1,20.6,-3.77586850675016E-13));
#9080=VERTEX_POINT('',#9070);
#9090=EDGE_CURVE('',#9080,#8990,#9060,.T.);
#9100=ORIENTED_EDGE('',*,*,#9090,.T.);
#9110=CARTESIAN_POINT('',(-7.35522753814166E-15,20.6,
-2.83439938186802E-13));
#9120=DIRECTION('',(1.,1.10933564796705E-31,-3.33066907387547E-16));
#9130=VECTOR('',#9120,1.);
#9140=LINE('',#9110,#9130);
#9150=EDGE_CURVE('',#9080,#8910,#9140,.T.);
#9160=ORIENTED_EDGE('',*,*,#9150,.F.);
#9170=EDGE_LOOP('',(#9160,#9100,#9010,#8930));
#9180=FACE_BOUND('',#9170,.T.);
#9190=CARTESIAN_POINT('',(-7.35522753814166E-15,14.4,
-2.85438339631128E-13));
#9200=DIRECTION('',(-1.,-1.10933564796705E-31,3.33066907387547E-16));
#9210=VECTOR('',#9200,1.);
#9220=LINE('',#9190,#9210);
#9230=CARTESIAN_POINT('',(391.9,14.4,-4.15889545024584E-13));
#9240=VERTEX_POINT('',#9230);
#9250=CARTESIAN_POINT('',(383.1,14.4,-4.12891942858096E-13));
#9260=VERTEX_POINT('',#9250);
#9270=EDGE_CURVE('',#9240,#9260,#9220,.T.);
#9280=ORIENTED_EDGE('',*,*,#9270,.F.);
#9290=CARTESIAN_POINT('',(383.1,17.5,-4.11892742135933E-13));
#9300=DIRECTION('',(3.33066907387547E-16,-3.33066907387547E-16,1.));
#9310=DIRECTION('',(1.,1.10933564796705E-31,-3.33066907387547E-16));
#9320=AXIS2_PLACEMENT_3D('',#9290,#9300,#9310);
#9330=CIRCLE('',#9320,3.1);
#9340=CARTESIAN_POINT('',(383.1,20.6,-4.1089354141377E-13));
#9350=VERTEX_POINT('',#9340);
#9360=EDGE_CURVE('',#9350,#9260,#9330,.T.);
#9370=ORIENTED_EDGE('',*,*,#9360,.T.);
#9380=CARTESIAN_POINT('',(-7.35522753814166E-15,20.6,
-2.83439938186802E-13));
#9390=DIRECTION('',(1.,1.10933564796705E-31,-3.33066907387547E-16));
#9400=VECTOR('',#9390,1.);
#9410=LINE('',#9380,#9400);
#9420=CARTESIAN_POINT('',(391.9,20.6,-4.13891143580258E-13));
#9430=VERTEX_POINT('',#9420);
#9440=EDGE_CURVE('',#9350,#9430,#9410,.T.);
#9450=ORIENTED_EDGE('',*,*,#9440,.F.);
#9460=CARTESIAN_POINT('',(391.9,17.5,-4.14890344302421E-13));
#9470=DIRECTION('',(3.33066907387547E-16,-3.33066907387547E-16,1.));
#9480=DIRECTION('',(1.,1.10933564796705E-31,-3.33066907387547E-16));
#9490=AXIS2_PLACEMENT_3D('',#9460,#9470,#9480);
#9500=CIRCLE('',#9490,3.1);
#9510=EDGE_CURVE('',#9240,#9430,#9500,.T.);
#9520=ORIENTED_EDGE('',*,*,#9510,.T.);
#9530=EDGE_LOOP('',(#9520,#9450,#9370,#9280));
#9540=FACE_BOUND('',#9530,.T.);
#9550=CARTESIAN_POINT('',(16.9,17.5,-2.89990254032091E-13));
#9560=DIRECTION('',(3.33066907387547E-16,-3.33066907387547E-16,1.));
#9570=DIRECTION('',(1.,1.10933564796705E-31,-3.33066907387547E-16));
#9580=AXIS2_PLACEMENT_3D('',#9550,#9560,#9570);
#9590=CIRCLE('',#9580,3.1);
#9600=CARTESIAN_POINT('',(16.9,14.4,-2.91100477056716E-13));
#9610=VERTEX_POINT('',#9600);
#9620=CARTESIAN_POINT('',(16.9,20.6,-2.89102075612391E-13));
#9630=VERTEX_POINT('',#9620);
#9640=EDGE_CURVE('',#9610,#9630,#9590,.T.);
#9650=ORIENTED_EDGE('',*,*,#9640,.T.);
#9660=CARTESIAN_POINT('',(-7.35522753814166E-15,14.4,
-2.85438339631128E-13));
#9670=DIRECTION('',(-1.,-1.10933564796705E-31,3.33066907387547E-16));
#9680=VECTOR('',#9670,1.);
#9690=LINE('',#9660,#9680);
#9700=CARTESIAN_POINT('',(8.10000000000002,14.4,-2.88102874890228E-13));
#9710=VERTEX_POINT('',#9700);
#9720=EDGE_CURVE('',#9610,#9710,#9690,.T.);
#9730=ORIENTED_EDGE('',*,*,#9720,.F.);
#9740=CARTESIAN_POINT('',(8.10000000000002,17.5,-2.86992651865603E-13));
#9750=DIRECTION('',(3.33066907387547E-16,-3.33066907387547E-16,1.));
#9760=DIRECTION('',(1.,1.10933564796705E-31,-3.33066907387547E-16));
#9770=AXIS2_PLACEMENT_3D('',#9740,#9750,#9760);
#9780=CIRCLE('',#9770,3.1);
#9790=CARTESIAN_POINT('',(8.10000000000002,20.6,-2.86104473445903E-13));
#9800=VERTEX_POINT('',#9790);
#9810=EDGE_CURVE('',#9800,#9710,#9780,.T.);
#9820=ORIENTED_EDGE('',*,*,#9810,.T.);
#9830=CARTESIAN_POINT('',(-7.35522753814166E-15,20.6,
-2.83439938186802E-13));
#9840=DIRECTION('',(1.,1.10933564796705E-31,-3.33066907387547E-16));
#9850=VECTOR('',#9840,1.);
#9860=LINE('',#9830,#9850);
#9870=EDGE_CURVE('',#9800,#9630,#9860,.T.);
#9880=ORIENTED_EDGE('',*,*,#9870,.F.);
#9890=EDGE_LOOP('',(#9880,#9820,#9730,#9650));
#9900=FACE_BOUND('',#9890,.T.);
#9910=CARTESIAN_POINT('',(-7.35522753814166E-15,14.4,
-2.85438339631128E-13));
#9920=DIRECTION('',(-1.,-1.10933564796705E-31,3.33066907387547E-16));
#9930=VECTOR('',#9920,1.);
#9940=LINE('',#9910,#9930);
#9950=CARTESIAN_POINT('',(141.9,14.4,-3.32622818177697E-13));
#9960=VERTEX_POINT('',#9950);
#9970=CARTESIAN_POINT('',(133.1,14.4,-3.29625216011209E-13));
#9980=VERTEX_POINT('',#9970);
#9990=EDGE_CURVE('',#9960,#9980,#9940,.T.);
#10000=ORIENTED_EDGE('',*,*,#9990,.F.);
#10010=CARTESIAN_POINT('',(133.1,17.5,-3.28626015289046E-13));
#10020=DIRECTION('',(3.33066907387547E-16,-3.33066907387547E-16,1.));
#10030=DIRECTION('',(1.,1.10933564796705E-31,-3.33066907387547E-16));
#10040=AXIS2_PLACEMENT_3D('',#10010,#10020,#10030);
#10050=CIRCLE('',#10040,3.1);
#10060=EDGE_CURVE('',#3340,#9980,#10050,.T.);
#10070=ORIENTED_EDGE('',*,*,#10060,.T.);
#10080=ORIENTED_EDGE('',*,*,#3590,.F.);
#10090=CARTESIAN_POINT('',(141.9,17.5,-3.31623617455534E-13));
#10100=DIRECTION('',(3.33066907387547E-16,-3.33066907387547E-16,1.));
#10110=DIRECTION('',(1.,1.10933564796705E-31,-3.33066907387547E-16));
#10120=AXIS2_PLACEMENT_3D('',#10090,#10100,#10110);
#10130=CIRCLE('',#10120,3.1);
#10140=EDGE_CURVE('',#9960,#3520,#10130,.T.);
#10150=ORIENTED_EDGE('',*,*,#10140,.T.);
#10160=EDGE_LOOP('',(#10150,#10080,#10070,#10000));
#10170=FACE_BOUND('',#10160,.T.);
#10180=CARTESIAN_POINT('',(266.9,17.5,-3.73256980878978E-13));
#10190=DIRECTION('',(3.33066907387547E-16,-3.33066907387547E-16,1.));
#10200=DIRECTION('',(1.,1.10933564796705E-31,-3.33066907387547E-16));
#10210=AXIS2_PLACEMENT_3D('',#10180,#10190,#10200);
#10220=CIRCLE('',#10210,3.1);
#10230=CARTESIAN_POINT('',(266.9,14.4,-3.7425618160114E-13));
#10240=VERTEX_POINT('',#10230);
#10250=CARTESIAN_POINT('',(266.9,20.6,-3.72368802459278E-13));
#10260=VERTEX_POINT('',#10250);
#10270=EDGE_CURVE('',#10240,#10260,#10220,.T.);
#10280=ORIENTED_EDGE('',*,*,#10270,.T.);
#10290=CARTESIAN_POINT('',(-7.35522753814166E-15,14.4,
-2.85438339631128E-13));
#10300=DIRECTION('',(-1.,-1.10933564796705E-31,3.33066907387547E-16));
#10310=VECTOR('',#10300,1.);
#10320=LINE('',#10290,#10310);
#10330=CARTESIAN_POINT('',(258.1,14.4,-3.71258579434652E-13));
#10340=VERTEX_POINT('',#10330);
#10350=EDGE_CURVE('',#10240,#10340,#10320,.T.);
#10360=ORIENTED_EDGE('',*,*,#10350,.F.);
#10370=CARTESIAN_POINT('',(258.1,17.5,-3.7025937871249E-13));
#10380=DIRECTION('',(3.33066907387547E-16,-3.33066907387547E-16,1.));
#10390=DIRECTION('',(1.,1.10933564796705E-31,-3.33066907387547E-16));
#10400=AXIS2_PLACEMENT_3D('',#10370,#10380,#10390);
#10410=CIRCLE('',#10400,3.1);
#10420=CARTESIAN_POINT('',(258.1,20.6,-3.69260177990327E-13));
#10430=VERTEX_POINT('',#10420);
#10440=EDGE_CURVE('',#10430,#10340,#10410,.T.);
#10450=ORIENTED_EDGE('',*,*,#10440,.T.);
#10460=CARTESIAN_POINT('',(-7.35522753814166E-15,20.6,
-2.83439938186802E-13));
#10470=DIRECTION('',(1.,1.10933564796705E-31,-3.33066907387547E-16));
#10480=VECTOR('',#10470,1.);
#10490=LINE('',#10460,#10480);
#10500=EDGE_CURVE('',#10430,#10260,#10490,.T.);
#10510=ORIENTED_EDGE('',*,*,#10500,.F.);
#10520=EDGE_LOOP('',(#10510,#10450,#10360,#10280));
#10530=FACE_BOUND('',#10520,.T.);
#10540=CARTESIAN_POINT('',(-7.35522753814166E-15,14.4,
-2.85438339631128E-13));
#10550=DIRECTION('',(-1.,-1.10933564796705E-31,3.33066907387547E-16));
#10560=VECTOR('',#10550,1.);
#10570=LINE('',#10540,#10560);
#10580=CARTESIAN_POINT('',(341.9,14.4,-3.99236199655206E-13));
#10590=VERTEX_POINT('',#10580);
#10600=CARTESIAN_POINT('',(333.1,14.4,-3.96238597488718E-13));
#10610=VERTEX_POINT('',#10600);
#10620=EDGE_CURVE('',#10590,#10610,#10570,.T.);
#10630=ORIENTED_EDGE('',*,*,#10620,.F.);
#10640=CARTESIAN_POINT('',(333.1,17.5,-3.95239396766556E-13));
#10650=DIRECTION('',(3.33066907387547E-16,-3.33066907387547E-16,1.));
#10660=DIRECTION('',(1.,1.10933564796705E-31,-3.33066907387547E-16));
#10670=AXIS2_PLACEMENT_3D('',#10640,#10650,#10660);
#10680=CIRCLE('',#10670,3.1);
#10690=CARTESIAN_POINT('',(333.1,20.6,-3.94240196044393E-13));
#10700=VERTEX_POINT('',#10690);
#10710=EDGE_CURVE('',#10700,#10610,#10680,.T.);
#10720=ORIENTED_EDGE('',*,*,#10710,.T.);
#10730=CARTESIAN_POINT('',(-7.35522753814166E-15,20.6,
-2.83439938186802E-13));
#10740=DIRECTION('',(1.,1.10933564796705E-31,-3.33066907387547E-16));
#10750=VECTOR('',#10740,1.);
#10760=LINE('',#10730,#10750);
#10770=CARTESIAN_POINT('',(341.9,20.6,-3.97348820513344E-13));
#10780=VERTEX_POINT('',#10770);
#10790=EDGE_CURVE('',#10700,#10780,#10760,.T.);
#10800=ORIENTED_EDGE('',*,*,#10790,.F.);
#10810=CARTESIAN_POINT('',(341.9,17.5,-3.98236998933044E-13));
#10820=DIRECTION('',(3.33066907387547E-16,-3.33066907387547E-16,1.));
#10830=DIRECTION('',(1.,1.10933564796705E-31,-3.33066907387547E-16));
#10840=AXIS2_PLACEMENT_3D('',#10810,#10820,#10830);
#10850=CIRCLE('',#10840,3.1);
#10860=EDGE_CURVE('',#10590,#10780,#10850,.T.);
#10870=ORIENTED_EDGE('',*,*,#10860,.T.);
#10880=EDGE_LOOP('',(#10870,#10800,#10720,#10630));
#10890=FACE_BOUND('',#10880,.T.);
#10900=CARTESIAN_POINT('',(41.9,17.5,-2.9831692671678E-13));
#10910=DIRECTION('',(3.33066907387547E-16,-3.33066907387547E-16,1.));
#10920=DIRECTION('',(1.,1.10933564796705E-31,-3.33066907387547E-16));
#10930=AXIS2_PLACEMENT_3D('',#10900,#10910,#10920);
#10940=CIRCLE('',#10930,3.1);
#10950=CARTESIAN_POINT('',(41.9,14.4,-2.99316127438942E-13));
#10960=VERTEX_POINT('',#10950);
#10970=CARTESIAN_POINT('',(41.9,20.6,-2.97428748297079E-13));
#10980=VERTEX_POINT('',#10970);
#10990=EDGE_CURVE('',#10960,#10980,#10940,.T.);
#11000=ORIENTED_EDGE('',*,*,#10990,.T.);
#11010=CARTESIAN_POINT('',(-7.35522753814166E-15,14.4,
-2.85438339631128E-13));
#11020=DIRECTION('',(-1.,-1.10933564796705E-31,3.33066907387547E-16));
#11030=VECTOR('',#11020,1.);
#11040=LINE('',#11010,#11030);
#11050=CARTESIAN_POINT('',(33.1,14.4,-2.96318525272454E-13));
#11060=VERTEX_POINT('',#11050);
#11070=EDGE_CURVE('',#10960,#11060,#11040,.T.);
#11080=ORIENTED_EDGE('',*,*,#11070,.F.);
#11090=CARTESIAN_POINT('',(33.1,17.5,-2.95319324550292E-13));
#11100=DIRECTION('',(3.33066907387547E-16,-3.33066907387547E-16,1.));
#11110=DIRECTION('',(1.,1.10933564796705E-31,-3.33066907387547E-16));
#11120=AXIS2_PLACEMENT_3D('',#11090,#11100,#11110);
#11130=CIRCLE('',#11120,3.1);
#11140=CARTESIAN_POINT('',(33.1,20.6,-2.94431146130592E-13));
#11150=VERTEX_POINT('',#11140);
#11160=EDGE_CURVE('',#11150,#11060,#11130,.T.);
#11170=ORIENTED_EDGE('',*,*,#11160,.T.);
#11180=CARTESIAN_POINT('',(-7.35522753814166E-15,20.6,
-2.83439938186802E-13));
#11190=DIRECTION('',(1.,1.10933564796705E-31,-3.33066907387547E-16));
#11200=VECTOR('',#11190,1.);
#11210=LINE('',#11180,#11200);
#11220=EDGE_CURVE('',#11150,#10980,#11210,.T.);
#11230=ORIENTED_EDGE('',*,*,#11220,.F.);
#11240=EDGE_LOOP('',(#11230,#11170,#11080,#11000));
#11250=FACE_BOUND('',#11240,.T.);
#11260=CARTESIAN_POINT('',(-7.35522753814166E-15,14.4,
-2.85438339631128E-13));
#11270=DIRECTION('',(-1.,-1.10933564796705E-31,3.33066907387547E-16));
#11280=VECTOR('',#11270,1.);
#11290=LINE('',#11260,#11280);
#11300=CARTESIAN_POINT('',(91.9,14.4,-3.1596947280832E-13));
#11310=VERTEX_POINT('',#11300);
#11320=CARTESIAN_POINT('',(83.1,14.4,-3.13082892944294E-13));
#11330=VERTEX_POINT('',#11320);
#11340=EDGE_CURVE('',#11310,#11330,#11290,.T.);
#11350=ORIENTED_EDGE('',*,*,#11340,.F.);
#11360=CARTESIAN_POINT('',(83.1,17.5,-3.11972669919669E-13));
#11370=DIRECTION('',(3.33066907387547E-16,-3.33066907387547E-16,1.));
#11380=DIRECTION('',(1.,1.10933564796705E-31,-3.33066907387547E-16));
#11390=AXIS2_PLACEMENT_3D('',#11360,#11370,#11380);
#11400=CIRCLE('',#11390,3.1);
#11410=CARTESIAN_POINT('',(83.1,20.6,-3.11084491499969E-13));
#11420=VERTEX_POINT('',#11410);
#11430=EDGE_CURVE('',#11420,#11330,#11400,.T.);
#11440=ORIENTED_EDGE('',*,*,#11430,.T.);
#11450=CARTESIAN_POINT('',(-7.35522753814166E-15,20.6,
-2.83439938186802E-13));
#11460=DIRECTION('',(1.,1.10933564796705E-31,-3.33066907387547E-16));
#11470=VECTOR('',#11460,1.);
#11480=LINE('',#11450,#11470);
#11490=CARTESIAN_POINT('',(91.9,20.6,-3.13971071363994E-13));
#11500=VERTEX_POINT('',#11490);
#11510=EDGE_CURVE('',#11420,#11500,#11480,.T.);
#11520=ORIENTED_EDGE('',*,*,#11510,.F.);
#11530=CARTESIAN_POINT('',(91.9,17.5,-3.14970272086157E-13));
#11540=DIRECTION('',(3.33066907387547E-16,-3.33066907387547E-16,1.));
#11550=DIRECTION('',(1.,1.10933564796705E-31,-3.33066907387547E-16));
#11560=AXIS2_PLACEMENT_3D('',#11530,#11540,#11550);
#11570=CIRCLE('',#11560,3.1);
#11580=EDGE_CURVE('',#11310,#11500,#11570,.T.);
#11590=ORIENTED_EDGE('',*,*,#11580,.T.);
#11600=EDGE_LOOP('',(#11590,#11520,#11440,#11350));
#11610=FACE_BOUND('',#11600,.T.);
#11620=CARTESIAN_POINT('',(116.9,17.5,-3.23296944770846E-13));
#11630=DIRECTION('',(3.33066907387547E-16,-3.33066907387547E-16,1.));
#11640=DIRECTION('',(1.,1.10933564796705E-31,-3.33066907387547E-16));
#11650=AXIS2_PLACEMENT_3D('',#11620,#11630,#11640);
#11660=CIRCLE('',#11650,3.1);
#11670=CARTESIAN_POINT('',(116.9,14.4,-3.24407167795471E-13));
#11680=VERTEX_POINT('',#11670);
#11690=CARTESIAN_POINT('',(116.9,20.6,-3.22408766351145E-13));
#11700=VERTEX_POINT('',#11690);
#11710=EDGE_CURVE('',#11680,#11700,#11660,.T.);
#11720=ORIENTED_EDGE('',*,*,#11710,.T.);
#11730=CARTESIAN_POINT('',(-7.35522753814166E-15,14.4,
-2.85438339631128E-13));
#11740=DIRECTION('',(-1.,-1.10933564796705E-31,3.33066907387547E-16));
#11750=VECTOR('',#11740,1.);
#11760=LINE('',#11730,#11750);
#11770=CARTESIAN_POINT('',(108.1,14.4,-3.21409565628983E-13));
#11780=VERTEX_POINT('',#11770);
#11790=EDGE_CURVE('',#11680,#11780,#11760,.T.);
#11800=ORIENTED_EDGE('',*,*,#11790,.F.);
#11810=CARTESIAN_POINT('',(108.1,17.5,-3.20299342604358E-13));
#11820=DIRECTION('',(3.33066907387547E-16,-3.33066907387547E-16,1.));
#11830=DIRECTION('',(1.,1.10933564796705E-31,-3.33066907387547E-16));
#11840=AXIS2_PLACEMENT_3D('',#11810,#11820,#11830);
#11850=CIRCLE('',#11840,3.1);
#11860=CARTESIAN_POINT('',(108.1,20.6,-3.19411164184658E-13));
#11870=VERTEX_POINT('',#11860);
#11880=EDGE_CURVE('',#11870,#11780,#11850,.T.);
#11890=ORIENTED_EDGE('',*,*,#11880,.T.);
#11900=CARTESIAN_POINT('',(-7.35522753814166E-15,20.6,
-2.83439938186802E-13));
#11910=DIRECTION('',(1.,1.10933564796705E-31,-3.33066907387547E-16));
#11920=VECTOR('',#11910,1.);
#11930=LINE('',#11900,#11920);
#11940=EDGE_CURVE('',#11870,#11700,#11930,.T.);
#11950=ORIENTED_EDGE('',*,*,#11940,.F.);
#11960=EDGE_LOOP('',(#11950,#11890,#11800,#11720));
#11970=FACE_BOUND('',#11960,.T.);
#11980=ORIENTED_EDGE('',*,*,#390,.F.);
#11990=CARTESIAN_POINT('',(-7.35522753814166E-15,4.,
-2.88880031007466E-13));
#12000=DIRECTION('',(-1.,-1.10933564796705E-31,3.33066907387547E-16));
#12010=VECTOR('',#12000,1.);
#12020=LINE('',#11990,#12010);
#12030=EDGE_CURVE('',#2590,#300,#12020,.T.);
#12040=ORIENTED_EDGE('',*,*,#12030,.T.);
#12050=ORIENTED_EDGE('',*,*,#2600,.T.);
#12060=ORIENTED_EDGE('',*,*,#4290,.F.);
#12070=EDGE_LOOP('',(#12060,#12050,#12040,#11980));
#12080=FACE_OUTER_BOUND('',#12070,.T.);
#12090=ADVANCED_FACE('',(#5320,#5680,#6040,#6400,#6760,#7120,#7380,#7740
,#8100,#8460,#8820,#9180,#9540,#9900,#10170,#10530,#10890,#11250,#11610,
#11970,#12080),#4960,.F.);
#12100=COLOUR_RGB('',0.823529481887817,0.823529481887817,
0.784313797950745);
#12110=FILL_AREA_STYLE_COLOUR('',#12100);
#12120=FILL_AREA_STYLE('',(#12110));
#12130=SURFACE_STYLE_FILL_AREA(#12120);
#12140=SURFACE_SIDE_STYLE('',(#12130));
#12150=SURFACE_STYLE_USAGE(.BOTH.,#12140);
#12160=PRESENTATION_STYLE_ASSIGNMENT((#12150));
#12170=CARTESIAN_POINT('',(216.9,20.6,-3.55604434787438E-13));
#12180=DIRECTION('',(0.,-1.,-3.33066907387547E-16));
#12190=DIRECTION('',(1.,1.10933564796705E-31,-3.33066907387547E-16));
#12200=AXIS2_PLACEMENT_3D('',#12170,#12180,#12190);
#12210=PLANE('',#12200);
#12220=ORIENTED_EDGE('',*,*,#4730,.F.);
#12230=CARTESIAN_POINT('',(-6.85562717706034E-15,20.6,1.49999999999972))
;
#12240=DIRECTION('',(-1.,-1.10933564796705E-31,3.33066907387547E-16));
#12250=VECTOR('',#12240,1.);
#12260=LINE('',#12230,#12250);
#12270=CARTESIAN_POINT('',(216.9,20.6,1.49999999999964));
#12280=VERTEX_POINT('',#12270);
#12290=EDGE_CURVE('',#12280,#4640,#12260,.T.);
#12300=ORIENTED_EDGE('',*,*,#12290,.T.);
#12310=CARTESIAN_POINT('',(216.9,20.6,-3.55604434787438E-13));
#12320=DIRECTION('',(3.33066907387547E-16,-3.33066907387547E-16,1.));
#12330=VECTOR('',#12320,1.);
#12340=LINE('',#12310,#12330);
#12350=EDGE_CURVE('',#7210,#12280,#12340,.T.);
#12360=ORIENTED_EDGE('',*,*,#12350,.T.);
#12370=ORIENTED_EDGE('',*,*,#7350,.T.);
#12380=EDGE_LOOP('',(#12370,#12360,#12300,#12220));
#12390=FACE_OUTER_BOUND('',#12380,.T.);
#12400=ADVANCED_FACE('',(#12390),#12210,.T.);
#12410=COLOUR_RGB('',0.823529481887817,0.823529481887817,
0.784313797950745);
#12420=FILL_AREA_STYLE_COLOUR('',#12410);
#12430=FILL_AREA_STYLE('',(#12420));
#12440=SURFACE_STYLE_FILL_AREA(#12430);
#12450=SURFACE_SIDE_STYLE('',(#12440));
#12460=SURFACE_STYLE_USAGE(.BOTH.,#12450);
#12470=PRESENTATION_STYLE_ASSIGNMENT((#12460));
#12480=CARTESIAN_POINT('',(-3.27515792264421E-15,4.,12.2499999999997));
#12490=DIRECTION('',(0.,1.,3.33066907387547E-16));
#12500=DIRECTION('',(3.33066907387547E-16,-3.33066907387547E-16,1.));
#12510=AXIS2_PLACEMENT_3D('',#12480,#12490,#12500);
#12520=PLANE('',#12510);
#12530=ORIENTED_EDGE('',*,*,#310,.F.);
#12540=CARTESIAN_POINT('',(-3.27515792264421E-15,4.,12.2499999999997));
#12550=DIRECTION('',(1.,1.10933564796705E-31,-3.33066907387547E-16));
#12560=VECTOR('',#12550,1.);
#12570=LINE('',#12540,#12560);
#12580=EDGE_CURVE('',#220,#2670,#12570,.T.);
#12590=ORIENTED_EDGE('',*,*,#12580,.F.);
#12600=ORIENTED_EDGE('',*,*,#2680,.T.);
#12610=ORIENTED_EDGE('',*,*,#12030,.F.);
#12620=EDGE_LOOP('',(#12610,#12600,#12590,#12530));
#12630=FACE_OUTER_BOUND('',#12620,.T.);
#12640=ADVANCED_FACE('',(#12630),#12520,.F.);
#12650=COLOUR_RGB('',0.823529481887817,0.823529481887817,
0.784313797950745);
#12660=FILL_AREA_STYLE_COLOUR('',#12650);
#12670=FILL_AREA_STYLE('',(#12660));
#12680=SURFACE_STYLE_FILL_AREA(#12670);
#12690=SURFACE_SIDE_STYLE('',(#12680));
#12700=SURFACE_STYLE_USAGE(.BOTH.,#12690);
#12710=PRESENTATION_STYLE_ASSIGNMENT((#12700));
#12720=CARTESIAN_POINT('',(-3.27515792264421E-15,2.75,12.2499999999997))
;
#12730=DIRECTION('',(-1.,-1.10933564796705E-31,3.33066907387547E-16));
#12740=DIRECTION('',(0.,-1.,-3.33066907387547E-16));
#12750=AXIS2_PLACEMENT_3D('',#12720,#12730,#12740);
#12760=CYLINDRICAL_SURFACE('',#12750,1.25);
#12770=ORIENTED_EDGE('',*,*,#230,.T.);
#12780=CARTESIAN_POINT('',(-2.85882428840978E-15,2.75,13.4999999999997))
;
#12790=DIRECTION('',(1.,1.10933564796705E-31,-3.33066907387547E-16));
#12800=VECTOR('',#12790,1.);
#12810=LINE('',#12780,#12800);
#12820=EDGE_CURVE('',#110,#2760,#12810,.T.);
#12830=ORIENTED_EDGE('',*,*,#12820,.F.);
#12840=ORIENTED_EDGE('',*,*,#2770,.F.);
#12850=ORIENTED_EDGE('',*,*,#12580,.T.);
#12860=EDGE_LOOP('',(#12850,#12840,#12830,#12770));
#12870=FACE_OUTER_BOUND('',#12860,.T.);
#12880=ADVANCED_FACE('',(#12870),#12760,.F.);
#12890=COLOUR_RGB('',0.823529481887817,0.823529481887817,
0.784313797950745);
#12900=FILL_AREA_STYLE_COLOUR('',#12890);
#12910=FILL_AREA_STYLE('',(#12900));
#12920=SURFACE_STYLE_FILL_AREA(#12910);
#12930=SURFACE_SIDE_STYLE('',(#12920));
#12940=SURFACE_STYLE_USAGE(.BOTH.,#12930);
#12950=PRESENTATION_STYLE_ASSIGNMENT((#12940));
#12960=CARTESIAN_POINT('',(-2.85882428840978E-15,1.86602540378444,
13.4999999999997));
#12970=DIRECTION('',(3.33066907387547E-16,-3.33066907387547E-16,1.));
#12980=DIRECTION('',(0.,-1.,-3.33066907387547E-16));
#12990=AXIS2_PLACEMENT_3D('',#12960,#12970,#12980);
#13000=PLANE('',#12990);
#13010=CARTESIAN_POINT('',(-2.85882428840978E-15,-7.105427357601E-15,
13.4999999999997));
#13020=DIRECTION('',(-1.,-1.10933564796705E-31,3.33066907387547E-16));
#13030=VECTOR('',#13020,1.);
#13040=LINE('',#13010,#13030);
#13050=EDGE_CURVE('',#1580,#130,#13040,.T.);
#13060=ORIENTED_EDGE('',*,*,#13050,.T.);
#13070=ORIENTED_EDGE('',*,*,#2830,.T.);
#13080=ORIENTED_EDGE('',*,*,#12820,.T.);
#13090=ORIENTED_EDGE('',*,*,#140,.F.);
#13100=EDGE_LOOP('',(#13090,#13080,#13070,#13060));
#13110=FACE_OUTER_BOUND('',#13100,.T.);
#13120=ADVANCED_FACE('',(#13110),#13000,.F.);
#13130=COLOUR_RGB('',0.823529481887817,0.823529481887817,
0.784313797950745);
#13140=FILL_AREA_STYLE_COLOUR('',#13130);
#13150=FILL_AREA_STYLE('',(#13140));
#13160=SURFACE_STYLE_FILL_AREA(#13150);
#13170=SURFACE_SIDE_STYLE('',(#13160));
#13180=SURFACE_STYLE_USAGE(.BOTH.,#13170);
#13190=PRESENTATION_STYLE_ASSIGNMENT((#13180));
#13200=CARTESIAN_POINT('',(141.9,17.5,-3.31623617455534E-13));
#13210=DIRECTION('',(3.33066907387547E-16,-3.33066907387547E-16,1.));
#13220=DIRECTION('',(1.,1.10933564796705E-31,-3.33066907387547E-16));
#13230=AXIS2_PLACEMENT_3D('',#13200,#13210,#13220);
#13240=CYLINDRICAL_SURFACE('',#13230,3.1);
#13250=ORIENTED_EDGE('',*,*,#3530,.F.);
#13260=CARTESIAN_POINT('',(141.9,17.5,1.49999999999967));
#13270=DIRECTION('',(3.33066907387547E-16,-3.33066907387547E-16,1.));
#13280=DIRECTION('',(1.,1.10933564796705E-31,-3.33066907387547E-16));
#13290=AXIS2_PLACEMENT_3D('',#13260,#13270,#13280);
#13300=CIRCLE('',#13290,3.1);
#13310=CARTESIAN_POINT('',(141.9,14.4,1.49999999999967));
#13320=VERTEX_POINT('',#13310);
#13330=EDGE_CURVE('',#13320,#3440,#13300,.T.);
#13340=ORIENTED_EDGE('',*,*,#13330,.T.);
#13350=CARTESIAN_POINT('',(141.9,14.4,-3.32622818177697E-13));
#13360=DIRECTION('',(3.33066907387547E-16,-3.33066907387547E-16,1.));
#13370=VECTOR('',#13360,1.);
#13380=LINE('',#13350,#13370);
#13390=EDGE_CURVE('',#9960,#13320,#13380,.T.);
#13400=ORIENTED_EDGE('',*,*,#13390,.T.);
#13410=ORIENTED_EDGE('',*,*,#10140,.F.);
#13420=EDGE_LOOP('',(#13410,#13400,#13340,#13250));
#13430=FACE_OUTER_BOUND('',#13420,.T.);
#13440=ADVANCED_FACE('',(#13430),#13240,.F.);
#13450=COLOUR_RGB('',0.823529481887817,0.823529481887817,
0.784313797950745);
#13460=FILL_AREA_STYLE_COLOUR('',#13450);
#13470=FILL_AREA_STYLE('',(#13460));
#13480=SURFACE_STYLE_FILL_AREA(#13470);
#13490=SURFACE_SIDE_STYLE('',(#13480));
#13500=SURFACE_STYLE_USAGE(.BOTH.,#13490);
#13510=PRESENTATION_STYLE_ASSIGNMENT((#13500));
#13520=CARTESIAN_POINT('',(-2.35922392732846E-15,-3.5527136788005E-15,
14.9999999999997));
#13530=DIRECTION('',(0.,1.,3.33066907387547E-16));
#13540=DIRECTION('',(3.33066907387547E-16,-3.33066907387547E-16,1.));
#13550=AXIS2_PLACEMENT_3D('',#13520,#13530,#13540);
#13560=PLANE('',#13550);
#13570=ORIENTED_EDGE('',*,*,#1360,.F.);
#13580=CARTESIAN_POINT('',(-2.35922392732846E-15,-3.5527136788005E-15,
14.9999999999997));
#13590=DIRECTION('',(1.,1.10933564796705E-31,-3.33066907387547E-16));
#13600=VECTOR('',#13590,1.);
#13610=LINE('',#13580,#13600);
#13620=EDGE_CURVE('',#1290,#1600,#13610,.T.);
#13630=ORIENTED_EDGE('',*,*,#13620,.F.);
#13640=ORIENTED_EDGE('',*,*,#1610,.T.);
#13650=ORIENTED_EDGE('',*,*,#13050,.F.);
#13660=EDGE_LOOP('',(#13650,#13640,#13630,#13570));
#13670=FACE_OUTER_BOUND('',#13660,.T.);
#13680=ADVANCED_FACE('',(#13670),#13560,.F.);
#13690=COLOUR_RGB('',0.823529481887817,0.823529481887817,
0.784313797950745);
#13700=FILL_AREA_STYLE_COLOUR('',#13690);
#13710=FILL_AREA_STYLE('',(#13700));
#13720=SURFACE_STYLE_FILL_AREA(#13710);
#13730=SURFACE_SIDE_STYLE('',(#13720));
#13740=SURFACE_STYLE_USAGE(.BOTH.,#13730);
#13750=PRESENTATION_STYLE_ASSIGNMENT((#13740));
#13760=CARTESIAN_POINT('',(-2.35922392732846E-15,2.75,14.9999999999997))
;
#13770=DIRECTION('',(-3.33066907387547E-16,3.33066907387547E-16,-1.));
#13780=DIRECTION('',(0.,1.,3.33066907387547E-16));
#13790=AXIS2_PLACEMENT_3D('',#13760,#13770,#13780);
#13800=PLANE('',#13790);
#13810=ORIENTED_EDGE('',*,*,#1300,.F.);
#13820=CARTESIAN_POINT('',(-2.35922392732846E-15,2.75,14.9999999999997))
;
#13830=DIRECTION('',(1.,1.10933564796705E-31,-3.33066907387547E-16));
#13840=VECTOR('',#13830,1.);
#13850=LINE('',#13820,#13840);
#13860=EDGE_CURVE('',#1210,#1680,#13850,.T.);
#13870=ORIENTED_EDGE('',*,*,#13860,.F.);
#13880=ORIENTED_EDGE('',*,*,#1690,.T.);
#13890=ORIENTED_EDGE('',*,*,#13620,.T.);
#13900=EDGE_LOOP('',(#13890,#13880,#13870,#13810));
#13910=FACE_OUTER_BOUND('',#13900,.T.);
#13920=ADVANCED_FACE('',(#13910),#13800,.F.);
#13930=COLOUR_RGB('',0.823529481887817,0.823529481887817,
0.784313797950745);
#13940=FILL_AREA_STYLE_COLOUR('',#13930);
#13950=FILL_AREA_STYLE('',(#13940));
#13960=SURFACE_STYLE_FILL_AREA(#13950);
#13970=SURFACE_SIDE_STYLE('',(#13960));
#13980=SURFACE_STYLE_USAGE(.BOTH.,#13970);
#13990=PRESENTATION_STYLE_ASSIGNMENT((#13980));
#14000=CARTESIAN_POINT('',(-3.27515792264421E-15,2.75,12.2499999999997))
;
#14010=DIRECTION('',(-1.,-1.10933564796705E-31,3.33066907387547E-16));
#14020=DIRECTION('',(0.,-1.,-3.33066907387547E-16));
#14030=AXIS2_PLACEMENT_3D('',#14000,#14010,#14020);
#14040=CYLINDRICAL_SURFACE('',#14030,2.75);
#14050=ORIENTED_EDGE('',*,*,#1220,.F.);
#14060=CARTESIAN_POINT('',(-3.27515792264421E-15,5.5,12.2499999999997));
#14070=DIRECTION('',(1.,1.10933564796705E-31,-3.33066907387547E-16));
#14080=VECTOR('',#14070,1.);
#14090=LINE('',#14060,#14080);
#14100=EDGE_CURVE('',#1120,#1770,#14090,.T.);
#14110=ORIENTED_EDGE('',*,*,#14100,.F.);
#14120=ORIENTED_EDGE('',*,*,#1780,.T.);
#14130=ORIENTED_EDGE('',*,*,#13860,.T.);
#14140=EDGE_LOOP('',(#14130,#14120,#14110,#14050));
#14150=FACE_OUTER_BOUND('',#14140,.T.);
#14160=ADVANCED_FACE('',(#14150),#14040,.T.);
#14170=COLOUR_RGB('',0.823529481887817,0.823529481887817,
0.784313797950745);
#14180=FILL_AREA_STYLE_COLOUR('',#14170);
#14190=FILL_AREA_STYLE('',(#14180));
#14200=SURFACE_STYLE_FILL_AREA(#14190);
#14210=SURFACE_SIDE_STYLE('',(#14200));
#14220=SURFACE_STYLE_USAGE(.BOTH.,#14210);
#14230=PRESENTATION_STYLE_ASSIGNMENT((#14220));
#14240=CARTESIAN_POINT('',(-6.43929354282591E-15,5.5,2.74999999999971));
#14250=DIRECTION('',(0.,-1.,-3.33066907387547E-16));
#14260=DIRECTION('',(-3.33066907387547E-16,3.33066907387547E-16,-1.));
#14270=AXIS2_PLACEMENT_3D('',#14240,#14250,#14260);
#14280=PLANE('',#14270);
#14290=ORIENTED_EDGE('',*,*,#1130,.F.);
#14300=CARTESIAN_POINT('',(-6.85562717706034E-15,5.5,1.49999999999971));
#14310=DIRECTION('',(1.,1.10933564796705E-31,-3.33066907387547E-16));
#14320=VECTOR('',#14310,1.);
#14330=LINE('',#14300,#14320);
#14340=EDGE_CURVE('',#1040,#1850,#14330,.T.);
#14350=ORIENTED_EDGE('',*,*,#14340,.F.);
#14360=ORIENTED_EDGE('',*,*,#1860,.T.);
#14370=ORIENTED_EDGE('',*,*,#14100,.T.);
#14380=EDGE_LOOP('',(#14370,#14360,#14350,#14290));
#14390=FACE_OUTER_BOUND('',#14380,.T.);
#14400=ADVANCED_FACE('',(#14390),#14280,.F.);
#14410=COLOUR_RGB('',0.823529481887817,0.823529481887817,
0.784313797950745);
#14420=FILL_AREA_STYLE_COLOUR('',#14410);
#14430=FILL_AREA_STYLE('',(#14420));
#14440=SURFACE_STYLE_FILL_AREA(#14430);
#14450=SURFACE_SIDE_STYLE('',(#14440));
#14460=SURFACE_STYLE_USAGE(.BOTH.,#14450);
#14470=PRESENTATION_STYLE_ASSIGNMENT((#14460));
#14480=CARTESIAN_POINT('',(216.9,17.5,-3.566036355096E-13));
#14490=DIRECTION('',(3.33066907387547E-16,-3.33066907387547E-16,1.));
#14500=DIRECTION('',(1.,1.10933564796705E-31,-3.33066907387547E-16));
#14510=AXIS2_PLACEMENT_3D('',#14480,#14490,#14500);
#14520=CYLINDRICAL_SURFACE('',#14510,3.1);
#14530=ORIENTED_EDGE('',*,*,#12350,.F.);
#14540=CARTESIAN_POINT('',(216.9,17.5,1.49999999999964));
#14550=DIRECTION('',(3.33066907387547E-16,-3.33066907387547E-16,1.));
#14560=DIRECTION('',(1.,1.10933564796705E-31,-3.33066907387547E-16));
#14570=AXIS2_PLACEMENT_3D('',#14540,#14550,#14560);
#14580=CIRCLE('',#14570,3.1);
#14590=CARTESIAN_POINT('',(216.9,14.4,1.49999999999964));
#14600=VERTEX_POINT('',#14590);
#14610=EDGE_CURVE('',#14600,#12280,#14580,.T.);
#14620=ORIENTED_EDGE('',*,*,#14610,.T.);
#14630=CARTESIAN_POINT('',(216.9,14.4,-3.57602836231763E-13));
#14640=DIRECTION('',(3.33066907387547E-16,-3.33066907387547E-16,1.));
#14650=VECTOR('',#14640,1.);
#14660=LINE('',#14630,#14650);
#14670=EDGE_CURVE('',#7190,#14600,#14660,.T.);
#14680=ORIENTED_EDGE('',*,*,#14670,.T.);
#14690=ORIENTED_EDGE('',*,*,#7220,.F.);
#14700=EDGE_LOOP('',(#14690,#14680,#14620,#14530));
#14710=FACE_OUTER_BOUND('',#14700,.T.);
#14720=ADVANCED_FACE('',(#14710),#14520,.F.);
#14730=COLOUR_RGB('',0.823529481887817,0.823529481887817,
0.784313797950745);
#14740=FILL_AREA_STYLE_COLOUR('',#14730);
#14750=FILL_AREA_STYLE('',(#14740));
#14760=SURFACE_STYLE_FILL_AREA(#14750);
#14770=SURFACE_SIDE_STYLE('',(#14760));
#14780=SURFACE_STYLE_USAGE(.BOTH.,#14770);
#14790=PRESENTATION_STYLE_ASSIGNMENT((#14780));
#14800=CARTESIAN_POINT('',(-6.85562717706034E-15,28.25,1.49999999999972)
);
#14810=DIRECTION('',(-3.33066907387547E-16,3.33066907387547E-16,-1.));
#14820=DIRECTION('',(0.,1.,3.33066907387547E-16));
#14830=AXIS2_PLACEMENT_3D('',#14800,#14810,#14820);
#14840=PLANE('',#14830);
#14850=CARTESIAN_POINT('',(183.1,17.5,1.49999999999965));
#14860=DIRECTION('',(3.33066907387547E-16,-3.33066907387547E-16,1.));
#14870=DIRECTION('',(1.,1.10933564796705E-31,-3.33066907387547E-16));
#14880=AXIS2_PLACEMENT_3D('',#14850,#14860,#14870);
#14890=CIRCLE('',#14880,3.1);
#14900=CARTESIAN_POINT('',(183.1,20.6,1.49999999999966));
#14910=VERTEX_POINT('',#14900);
#14920=CARTESIAN_POINT('',(183.1,14.4,1.49999999999965));
#14930=VERTEX_POINT('',#14920);
#14940=EDGE_CURVE('',#14910,#14930,#14890,.T.);
#14950=ORIENTED_EDGE('',*,*,#14940,.F.);
#14960=CARTESIAN_POINT('',(-6.85562717706034E-15,14.4,1.49999999999971))
;
#14970=DIRECTION('',(1.,1.10933564796705E-31,-3.33066907387547E-16));
#14980=VECTOR('',#14970,1.);
#14990=LINE('',#14960,#14980);
#15000=CARTESIAN_POINT('',(191.9,14.4,1.49999999999965));
#15010=VERTEX_POINT('',#15000);
#15020=EDGE_CURVE('',#14930,#15010,#14990,.T.);
#15030=ORIENTED_EDGE('',*,*,#15020,.F.);
#15040=CARTESIAN_POINT('',(191.9,17.5,1.49999999999965));
#15050=DIRECTION('',(3.33066907387547E-16,-3.33066907387547E-16,1.));
#15060=DIRECTION('',(1.,1.10933564796705E-31,-3.33066907387547E-16));
#15070=AXIS2_PLACEMENT_3D('',#15040,#15050,#15060);
#15080=CIRCLE('',#15070,3.1);
#15090=CARTESIAN_POINT('',(191.9,20.6,1.49999999999965));
#15100=VERTEX_POINT('',#15090);
#15110=EDGE_CURVE('',#15010,#15100,#15080,.T.);
#15120=ORIENTED_EDGE('',*,*,#15110,.F.);
#15130=CARTESIAN_POINT('',(-6.85562717706034E-15,20.6,1.49999999999972))
;
#15140=DIRECTION('',(-1.,-1.10933564796705E-31,3.33066907387547E-16));
#15150=VECTOR('',#15140,1.);
#15160=LINE('',#15130,#15150);
#15170=EDGE_CURVE('',#15100,#14910,#15160,.T.);
#15180=ORIENTED_EDGE('',*,*,#15170,.F.);
#15190=EDGE_LOOP('',(#15180,#15120,#15030,#14950));
#15200=FACE_BOUND('',#15190,.T.);
#15210=CARTESIAN_POINT('',(-6.85562717706034E-15,20.6,1.49999999999972))
;
#15220=DIRECTION('',(-1.,-1.10933564796705E-31,3.33066907387547E-16));
#15230=VECTOR('',#15220,1.);
#15240=LINE('',#15210,#15230);
#15250=CARTESIAN_POINT('',(241.9,20.6,1.49999999999964));
#15260=VERTEX_POINT('',#15250);
#15270=CARTESIAN_POINT('',(233.1,20.6,1.49999999999964));
#15280=VERTEX_POINT('',#15270);
#15290=EDGE_CURVE('',#15260,#15280,#15240,.T.);
#15300=ORIENTED_EDGE('',*,*,#15290,.F.);
#15310=CARTESIAN_POINT('',(233.1,17.5,1.49999999999964));
#15320=DIRECTION('',(3.33066907387547E-16,-3.33066907387547E-16,1.));
#15330=DIRECTION('',(1.,1.10933564796705E-31,-3.33066907387547E-16));
#15340=AXIS2_PLACEMENT_3D('',#15310,#15320,#15330);
#15350=CIRCLE('',#15340,3.1);
#15360=CARTESIAN_POINT('',(233.1,14.4,1.49999999999964));
#15370=VERTEX_POINT('',#15360);
#15380=EDGE_CURVE('',#15280,#15370,#15350,.T.);
#15390=ORIENTED_EDGE('',*,*,#15380,.F.);
#15400=CARTESIAN_POINT('',(-6.85562717706034E-15,14.4,1.49999999999971))
;
#15410=DIRECTION('',(1.,1.10933564796705E-31,-3.33066907387547E-16));
#15420=VECTOR('',#15410,1.);
#15430=LINE('',#15400,#15420);
#15440=CARTESIAN_POINT('',(241.9,14.4,1.49999999999963));
#15450=VERTEX_POINT('',#15440);
#15460=EDGE_CURVE('',#15370,#15450,#15430,.T.);
#15470=ORIENTED_EDGE('',*,*,#15460,.F.);
#15480=CARTESIAN_POINT('',(241.9,17.5,1.49999999999964));
#15490=DIRECTION('',(3.33066907387547E-16,-3.33066907387547E-16,1.));
#15500=DIRECTION('',(1.,1.10933564796705E-31,-3.33066907387547E-16));
#15510=AXIS2_PLACEMENT_3D('',#15480,#15490,#15500);
#15520=CIRCLE('',#15510,3.1);
#15530=EDGE_CURVE('',#15450,#15260,#15520,.T.);
#15540=ORIENTED_EDGE('',*,*,#15530,.F.);
#15550=EDGE_LOOP('',(#15540,#15470,#15390,#15300));
#15560=FACE_BOUND('',#15550,.T.);
#15570=CARTESIAN_POINT('',(483.1,17.5,1.49999999999955));
#15580=DIRECTION('',(3.33066907387547E-16,-3.33066907387547E-16,1.));
#15590=DIRECTION('',(1.,1.10933564796705E-31,-3.33066907387547E-16));
#15600=AXIS2_PLACEMENT_3D('',#15570,#15580,#15590);
#15610=CIRCLE('',#15600,3.1);
#15620=CARTESIAN_POINT('',(483.1,20.6,1.49999999999956));
#15630=VERTEX_POINT('',#15620);
#15640=CARTESIAN_POINT('',(483.1,14.4,1.49999999999955));
#15650=VERTEX_POINT('',#15640);
#15660=EDGE_CURVE('',#15630,#15650,#15610,.T.);
#15670=ORIENTED_EDGE('',*,*,#15660,.F.);
#15680=CARTESIAN_POINT('',(-6.85562717706034E-15,14.4,1.49999999999971))
;
#15690=DIRECTION('',(1.,1.10933564796705E-31,-3.33066907387547E-16));
#15700=VECTOR('',#15690,1.);
#15710=LINE('',#15680,#15700);
#15720=CARTESIAN_POINT('',(491.9,14.4,1.49999999999955));
#15730=VERTEX_POINT('',#15720);
#15740=EDGE_CURVE('',#15650,#15730,#15710,.T.);
#15750=ORIENTED_EDGE('',*,*,#15740,.F.);
#15760=CARTESIAN_POINT('',(491.9,17.5,1.49999999999955));
#15770=DIRECTION('',(3.33066907387547E-16,-3.33066907387547E-16,1.));
#15780=DIRECTION('',(1.,1.10933564796705E-31,-3.33066907387547E-16));
#15790=AXIS2_PLACEMENT_3D('',#15760,#15770,#15780);
#15800=CIRCLE('',#15790,3.1);
#15810=CARTESIAN_POINT('',(491.9,20.6,1.49999999999955));
#15820=VERTEX_POINT('',#15810);
#15830=EDGE_CURVE('',#15730,#15820,#15800,.T.);
#15840=ORIENTED_EDGE('',*,*,#15830,.F.);
#15850=CARTESIAN_POINT('',(-6.85562717706034E-15,20.6,1.49999999999972))
;
#15860=DIRECTION('',(-1.,-1.10933564796705E-31,3.33066907387547E-16));
#15870=VECTOR('',#15860,1.);
#15880=LINE('',#15850,#15870);
#15890=EDGE_CURVE('',#15820,#15630,#15880,.T.);
#15900=ORIENTED_EDGE('',*,*,#15890,.F.);
#15910=EDGE_LOOP('',(#15900,#15840,#15750,#15670));
#15920=FACE_BOUND('',#15910,.T.);
#15930=CARTESIAN_POINT('',(-6.85562717706034E-15,20.6,1.49999999999972))
;
#15940=DIRECTION('',(-1.,-1.10933564796705E-31,3.33066907387547E-16));
#15950=VECTOR('',#15940,1.);
#15960=LINE('',#15930,#15950);
#15970=CARTESIAN_POINT('',(66.9,20.6,1.49999999999969));
#15980=VERTEX_POINT('',#15970);
#15990=CARTESIAN_POINT('',(58.1,20.6,1.4999999999997));
#16000=VERTEX_POINT('',#15990);
#16010=EDGE_CURVE('',#15980,#16000,#15960,.T.);
#16020=ORIENTED_EDGE('',*,*,#16010,.F.);
#16030=CARTESIAN_POINT('',(58.1,17.5,1.4999999999997));
#16040=DIRECTION('',(3.33066907387547E-16,-3.33066907387547E-16,1.));
#16050=DIRECTION('',(1.,1.10933564796705E-31,-3.33066907387547E-16));
#16060=AXIS2_PLACEMENT_3D('',#16030,#16040,#16050);
#16070=CIRCLE('',#16060,3.1);
#16080=CARTESIAN_POINT('',(58.1,14.4,1.4999999999997));
#16090=VERTEX_POINT('',#16080);
#16100=EDGE_CURVE('',#16000,#16090,#16070,.T.);
#16110=ORIENTED_EDGE('',*,*,#16100,.F.);
#16120=CARTESIAN_POINT('',(-6.85562717706034E-15,14.4,1.49999999999971))
;
#16130=DIRECTION('',(1.,1.10933564796705E-31,-3.33066907387547E-16));
#16140=VECTOR('',#16130,1.);
#16150=LINE('',#16120,#16140);
#16160=CARTESIAN_POINT('',(66.9,14.4,1.49999999999969));
#16170=VERTEX_POINT('',#16160);
#16180=EDGE_CURVE('',#16090,#16170,#16150,.T.);
#16190=ORIENTED_EDGE('',*,*,#16180,.F.);
#16200=CARTESIAN_POINT('',(66.9,17.5,1.49999999999969));
#16210=DIRECTION('',(3.33066907387547E-16,-3.33066907387547E-16,1.));
#16220=DIRECTION('',(1.,1.10933564796705E-31,-3.33066907387547E-16));
#16230=AXIS2_PLACEMENT_3D('',#16200,#16210,#16220);
#16240=CIRCLE('',#16230,3.1);
#16250=EDGE_CURVE('',#16170,#15980,#16240,.T.);
#16260=ORIENTED_EDGE('',*,*,#16250,.F.);
#16270=EDGE_LOOP('',(#16260,#16190,#16110,#16020));
#16280=FACE_BOUND('',#16270,.T.);
#16290=CARTESIAN_POINT('',(-6.85562717706034E-15,20.6,1.49999999999972))
;
#16300=DIRECTION('',(-1.,-1.10933564796705E-31,3.33066907387547E-16));
#16310=VECTOR('',#16300,1.);
#16320=LINE('',#16290,#16310);
#16330=CARTESIAN_POINT('',(16.9,20.6,1.49999999999971));
#16340=VERTEX_POINT('',#16330);
#16350=CARTESIAN_POINT('',(8.10000000000002,20.6,1.49999999999971));
#16360=VERTEX_POINT('',#16350);
#16370=EDGE_CURVE('',#16340,#16360,#16320,.T.);
#16380=ORIENTED_EDGE('',*,*,#16370,.F.);
#16390=CARTESIAN_POINT('',(8.10000000000002,17.5,1.49999999999971));
#16400=DIRECTION('',(3.33066907387547E-16,-3.33066907387547E-16,1.));
#16410=DIRECTION('',(1.,1.10933564796705E-31,-3.33066907387547E-16));
#16420=AXIS2_PLACEMENT_3D('',#16390,#16400,#16410);
#16430=CIRCLE('',#16420,3.1);
#16440=CARTESIAN_POINT('',(8.10000000000002,14.4,1.49999999999971));
#16450=VERTEX_POINT('',#16440);
#16460=EDGE_CURVE('',#16360,#16450,#16430,.T.);
#16470=ORIENTED_EDGE('',*,*,#16460,.F.);
#16480=CARTESIAN_POINT('',(-6.85562717706034E-15,14.4,1.49999999999971))
;
#16490=DIRECTION('',(1.,1.10933564796705E-31,-3.33066907387547E-16));
#16500=VECTOR('',#16490,1.);
#16510=LINE('',#16480,#16500);
#16520=CARTESIAN_POINT('',(16.9,14.4,1.49999999999971));
#16530=VERTEX_POINT('',#16520);
#16540=EDGE_CURVE('',#16450,#16530,#16510,.T.);
#16550=ORIENTED_EDGE('',*,*,#16540,.F.);
#16560=CARTESIAN_POINT('',(16.9,17.5,1.49999999999971));
#16570=DIRECTION('',(3.33066907387547E-16,-3.33066907387547E-16,1.));
#16580=DIRECTION('',(1.,1.10933564796705E-31,-3.33066907387547E-16));
#16590=AXIS2_PLACEMENT_3D('',#16560,#16570,#16580);
#16600=CIRCLE('',#16590,3.1);
#16610=EDGE_CURVE('',#16530,#16340,#16600,.T.);
#16620=ORIENTED_EDGE('',*,*,#16610,.F.);
#16630=EDGE_LOOP('',(#16620,#16550,#16470,#16380));
#16640=FACE_BOUND('',#16630,.T.);
#16650=CARTESIAN_POINT('',(316.9,17.5,1.49999999999961));
#16660=DIRECTION('',(3.33066907387547E-16,-3.33066907387547E-16,1.));
#16670=DIRECTION('',(1.,1.10933564796705E-31,-3.33066907387547E-16));
#16680=AXIS2_PLACEMENT_3D('',#16650,#16660,#16670);
#16690=CIRCLE('',#16680,3.1);
#16700=CARTESIAN_POINT('',(316.9,14.4,1.49999999999961));
#16710=VERTEX_POINT('',#16700);
#16720=CARTESIAN_POINT('',(316.9,20.6,1.49999999999961));
#16730=VERTEX_POINT('',#16720);
#16740=EDGE_CURVE('',#16710,#16730,#16690,.T.);
#16750=ORIENTED_EDGE('',*,*,#16740,.F.);
#16760=CARTESIAN_POINT('',(-6.85562717706034E-15,20.6,1.49999999999972))
;
#16770=DIRECTION('',(-1.,-1.10933564796705E-31,3.33066907387547E-16));
#16780=VECTOR('',#16770,1.);
#16790=LINE('',#16760,#16780);
#16800=CARTESIAN_POINT('',(308.1,20.6,1.49999999999961));
#16810=VERTEX_POINT('',#16800);
#16820=EDGE_CURVE('',#16730,#16810,#16790,.T.);
#16830=ORIENTED_EDGE('',*,*,#16820,.F.);
#16840=CARTESIAN_POINT('',(308.1,17.5,1.49999999999961));
#16850=DIRECTION('',(3.33066907387547E-16,-3.33066907387547E-16,1.));
#16860=DIRECTION('',(1.,1.10933564796705E-31,-3.33066907387547E-16));
#16870=AXIS2_PLACEMENT_3D('',#16840,#16850,#16860);
#16880=CIRCLE('',#16870,3.1);
#16890=CARTESIAN_POINT('',(308.1,14.4,1.49999999999961));
#16900=VERTEX_POINT('',#16890);
#16910=EDGE_CURVE('',#16810,#16900,#16880,.T.);
#16920=ORIENTED_EDGE('',*,*,#16910,.F.);
#16930=CARTESIAN_POINT('',(-6.85562717706034E-15,14.4,1.49999999999971))
;
#16940=DIRECTION('',(1.,1.10933564796705E-31,-3.33066907387547E-16));
#16950=VECTOR('',#16940,1.);
#16960=LINE('',#16930,#16950);
#16970=EDGE_CURVE('',#16900,#16710,#16960,.T.);
#16980=ORIENTED_EDGE('',*,*,#16970,.F.);
#16990=EDGE_LOOP('',(#16980,#16920,#16830,#16750));
#17000=FACE_BOUND('',#16990,.T.);
#17010=CARTESIAN_POINT('',(408.1,17.5,1.49999999999958));
#17020=DIRECTION('',(3.33066907387547E-16,-3.33066907387547E-16,1.));
#17030=DIRECTION('',(1.,1.10933564796705E-31,-3.33066907387547E-16));
#17040=AXIS2_PLACEMENT_3D('',#17010,#17020,#17030);
#17050=CIRCLE('',#17040,3.1);
#17060=CARTESIAN_POINT('',(408.1,20.6,1.49999999999958));
#17070=VERTEX_POINT('',#17060);
#17080=CARTESIAN_POINT('',(408.1,14.4,1.49999999999958));
#17090=VERTEX_POINT('',#17080);
#17100=EDGE_CURVE('',#17070,#17090,#17050,.T.);
#17110=ORIENTED_EDGE('',*,*,#17100,.F.);
#17120=CARTESIAN_POINT('',(-6.85562717706034E-15,14.4,1.49999999999971))
;
#17130=DIRECTION('',(1.,1.10933564796705E-31,-3.33066907387547E-16));
#17140=VECTOR('',#17130,1.);
#17150=LINE('',#17120,#17140);
#17160=CARTESIAN_POINT('',(416.9,14.4,1.49999999999958));
#17170=VERTEX_POINT('',#17160);
#17180=EDGE_CURVE('',#17090,#17170,#17150,.T.);
#17190=ORIENTED_EDGE('',*,*,#17180,.F.);
#17200=CARTESIAN_POINT('',(416.9,17.5,1.49999999999958));
#17210=DIRECTION('',(3.33066907387547E-16,-3.33066907387547E-16,1.));
#17220=DIRECTION('',(1.,1.10933564796705E-31,-3.33066907387547E-16));
#17230=AXIS2_PLACEMENT_3D('',#17200,#17210,#17220);
#17240=CIRCLE('',#17230,3.1);
#17250=CARTESIAN_POINT('',(416.9,20.6,1.49999999999958));
#17260=VERTEX_POINT('',#17250);
#17270=EDGE_CURVE('',#17170,#17260,#17240,.T.);
#17280=ORIENTED_EDGE('',*,*,#17270,.F.);
#17290=CARTESIAN_POINT('',(-6.85562717706034E-15,20.6,1.49999999999972))
;
#17300=DIRECTION('',(-1.,-1.10933564796705E-31,3.33066907387547E-16));
#17310=VECTOR('',#17300,1.);
#17320=LINE('',#17290,#17310);
#17330=EDGE_CURVE('',#17260,#17070,#17320,.T.);
#17340=ORIENTED_EDGE('',*,*,#17330,.F.);
#17350=EDGE_LOOP('',(#17340,#17280,#17190,#17110));
#17360=FACE_BOUND('',#17350,.T.);
#17370=CARTESIAN_POINT('',(33.1,17.5,1.4999999999997));
#17380=DIRECTION('',(3.33066907387547E-16,-3.33066907387547E-16,1.));
#17390=DIRECTION('',(1.,1.10933564796705E-31,-3.33066907387547E-16));
#17400=AXIS2_PLACEMENT_3D('',#17370,#17380,#17390);
#17410=CIRCLE('',#17400,3.1);
#17420=CARTESIAN_POINT('',(33.1,20.6,1.49999999999971));
#17430=VERTEX_POINT('',#17420);
#17440=CARTESIAN_POINT('',(33.1,14.4,1.4999999999997));
#17450=VERTEX_POINT('',#17440);
#17460=EDGE_CURVE('',#17430,#17450,#17410,.T.);
#17470=ORIENTED_EDGE('',*,*,#17460,.F.);
#17480=CARTESIAN_POINT('',(-6.85562717706034E-15,14.4,1.49999999999971))
;
#17490=DIRECTION('',(1.,1.10933564796705E-31,-3.33066907387547E-16));
#17500=VECTOR('',#17490,1.);
#17510=LINE('',#17480,#17500);
#17520=CARTESIAN_POINT('',(41.9,14.4,1.4999999999997));
#17530=VERTEX_POINT('',#17520);
#17540=EDGE_CURVE('',#17450,#17530,#17510,.T.);
#17550=ORIENTED_EDGE('',*,*,#17540,.F.);
#17560=CARTESIAN_POINT('',(41.9,17.5,1.4999999999997));
#17570=DIRECTION('',(3.33066907387547E-16,-3.33066907387547E-16,1.));
#17580=DIRECTION('',(1.,1.10933564796705E-31,-3.33066907387547E-16));
#17590=AXIS2_PLACEMENT_3D('',#17560,#17570,#17580);
#17600=CIRCLE('',#17590,3.1);
#17610=CARTESIAN_POINT('',(41.9,20.6,1.4999999999997));
#17620=VERTEX_POINT('',#17610);
#17630=EDGE_CURVE('',#17530,#17620,#17600,.T.);
#17640=ORIENTED_EDGE('',*,*,#17630,.F.);
#17650=CARTESIAN_POINT('',(-6.85562717706034E-15,20.6,1.49999999999972))
;
#17660=DIRECTION('',(-1.,-1.10933564796705E-31,3.33066907387547E-16));
#17670=VECTOR('',#17660,1.);
#17680=LINE('',#17650,#17670);
#17690=EDGE_CURVE('',#17620,#17430,#17680,.T.);
#17700=ORIENTED_EDGE('',*,*,#17690,.F.);
#17710=EDGE_LOOP('',(#17700,#17640,#17550,#17470));
#17720=FACE_BOUND('',#17710,.T.);
#17730=CARTESIAN_POINT('',(158.1,17.5,1.49999999999966));
#17740=DIRECTION('',(3.33066907387547E-16,-3.33066907387547E-16,1.));
#17750=DIRECTION('',(1.,1.10933564796705E-31,-3.33066907387547E-16));
#17760=AXIS2_PLACEMENT_3D('',#17730,#17740,#17750);
#17770=CIRCLE('',#17760,3.1);
#17780=CARTESIAN_POINT('',(158.1,20.6,1.49999999999966));
#17790=VERTEX_POINT('',#17780);
#17800=CARTESIAN_POINT('',(158.1,14.4,1.49999999999966));
#17810=VERTEX_POINT('',#17800);
#17820=EDGE_CURVE('',#17790,#17810,#17770,.T.);
#17830=ORIENTED_EDGE('',*,*,#17820,.F.);
#17840=CARTESIAN_POINT('',(-6.85562717706034E-15,14.4,1.49999999999971))
;
#17850=DIRECTION('',(1.,1.10933564796705E-31,-3.33066907387547E-16));
#17860=VECTOR('',#17850,1.);
#17870=LINE('',#17840,#17860);
#17880=CARTESIAN_POINT('',(166.9,14.4,1.49999999999966));
#17890=VERTEX_POINT('',#17880);
#17900=EDGE_CURVE('',#17810,#17890,#17870,.T.);
#17910=ORIENTED_EDGE('',*,*,#17900,.F.);
#17920=CARTESIAN_POINT('',(166.9,17.5,1.49999999999966));
#17930=DIRECTION('',(3.33066907387547E-16,-3.33066907387547E-16,1.));
#17940=DIRECTION('',(1.,1.10933564796705E-31,-3.33066907387547E-16));
#17950=AXIS2_PLACEMENT_3D('',#17920,#17930,#17940);
#17960=CIRCLE('',#17950,3.1);
#17970=CARTESIAN_POINT('',(166.9,20.6,1.49999999999966));
#17980=VERTEX_POINT('',#17970);
#17990=EDGE_CURVE('',#17890,#17980,#17960,.T.);
#18000=ORIENTED_EDGE('',*,*,#17990,.F.);
#18010=CARTESIAN_POINT('',(-6.85562717706034E-15,20.6,1.49999999999972))
;
#18020=DIRECTION('',(-1.,-1.10933564796705E-31,3.33066907387547E-16));
#18030=VECTOR('',#18020,1.);
#18040=LINE('',#18010,#18030);
#18050=EDGE_CURVE('',#17980,#17790,#18040,.T.);
#18060=ORIENTED_EDGE('',*,*,#18050,.F.);
#18070=EDGE_LOOP('',(#18060,#18000,#17910,#17830));
#18080=FACE_BOUND('',#18070,.T.);
#18090=CARTESIAN_POINT('',(383.1,17.5,1.49999999999959));
#18100=DIRECTION('',(3.33066907387547E-16,-3.33066907387547E-16,1.));
#18110=DIRECTION('',(1.,1.10933564796705E-31,-3.33066907387547E-16));
#18120=AXIS2_PLACEMENT_3D('',#18090,#18100,#18110);
#18130=CIRCLE('',#18120,3.1);
#18140=CARTESIAN_POINT('',(383.1,20.6,1.49999999999959));
#18150=VERTEX_POINT('',#18140);
#18160=CARTESIAN_POINT('',(383.1,14.4,1.49999999999959));
#18170=VERTEX_POINT('',#18160);
#18180=EDGE_CURVE('',#18150,#18170,#18130,.T.);
#18190=ORIENTED_EDGE('',*,*,#18180,.F.);
#18200=CARTESIAN_POINT('',(-6.85562717706034E-15,14.4,1.49999999999971))
;
#18210=DIRECTION('',(1.,1.10933564796705E-31,-3.33066907387547E-16));
#18220=VECTOR('',#18210,1.);
#18230=LINE('',#18200,#18220);
#18240=CARTESIAN_POINT('',(391.9,14.4,1.49999999999958));
#18250=VERTEX_POINT('',#18240);
#18260=EDGE_CURVE('',#18170,#18250,#18230,.T.);
#18270=ORIENTED_EDGE('',*,*,#18260,.F.);
#18280=CARTESIAN_POINT('',(391.9,17.5,1.49999999999959));
#18290=DIRECTION('',(3.33066907387547E-16,-3.33066907387547E-16,1.));
#18300=DIRECTION('',(1.,1.10933564796705E-31,-3.33066907387547E-16));
#18310=AXIS2_PLACEMENT_3D('',#18280,#18290,#18300);
#18320=CIRCLE('',#18310,3.1);
#18330=CARTESIAN_POINT('',(391.9,20.6,1.49999999999959));
#18340=VERTEX_POINT('',#18330);
#18350=EDGE_CURVE('',#18250,#18340,#18320,.T.);
#18360=ORIENTED_EDGE('',*,*,#18350,.F.);
#18370=CARTESIAN_POINT('',(-6.85562717706034E-15,20.6,1.49999999999972))
;
#18380=DIRECTION('',(-1.,-1.10933564796705E-31,3.33066907387547E-16));
#18390=VECTOR('',#18380,1.);
#18400=LINE('',#18370,#18390);
#18410=EDGE_CURVE('',#18340,#18150,#18400,.T.);
#18420=ORIENTED_EDGE('',*,*,#18410,.F.);
#18430=EDGE_LOOP('',(#18420,#18360,#18270,#18190));
#18440=FACE_BOUND('',#18430,.T.);
#18450=CARTESIAN_POINT('',(341.9,17.5,1.4999999999996));
#18460=DIRECTION('',(3.33066907387547E-16,-3.33066907387547E-16,1.));
#18470=DIRECTION('',(1.,1.10933564796705E-31,-3.33066907387547E-16));
#18480=AXIS2_PLACEMENT_3D('',#18450,#18460,#18470);
#18490=CIRCLE('',#18480,3.1);
#18500=CARTESIAN_POINT('',(341.9,14.4,1.4999999999996));
#18510=VERTEX_POINT('',#18500);
#18520=CARTESIAN_POINT('',(341.9,20.6,1.4999999999996));
#18530=VERTEX_POINT('',#18520);
#18540=EDGE_CURVE('',#18510,#18530,#18490,.T.);
#18550=ORIENTED_EDGE('',*,*,#18540,.F.);
#18560=CARTESIAN_POINT('',(-6.85562717706034E-15,20.6,1.49999999999972))
;
#18570=DIRECTION('',(-1.,-1.10933564796705E-31,3.33066907387547E-16));
#18580=VECTOR('',#18570,1.);
#18590=LINE('',#18560,#18580);
#18600=CARTESIAN_POINT('',(333.1,20.6,1.49999999999961));
#18610=VERTEX_POINT('',#18600);
#18620=EDGE_CURVE('',#18530,#18610,#18590,.T.);
#18630=ORIENTED_EDGE('',*,*,#18620,.F.);
#18640=CARTESIAN_POINT('',(333.1,17.5,1.4999999999996));
#18650=DIRECTION('',(3.33066907387547E-16,-3.33066907387547E-16,1.));
#18660=DIRECTION('',(1.,1.10933564796705E-31,-3.33066907387547E-16));
#18670=AXIS2_PLACEMENT_3D('',#18640,#18650,#18660);
#18680=CIRCLE('',#18670,3.1);
#18690=CARTESIAN_POINT('',(333.1,14.4,1.4999999999996));
#18700=VERTEX_POINT('',#18690);
#18710=EDGE_CURVE('',#18610,#18700,#18680,.T.);
#18720=ORIENTED_EDGE('',*,*,#18710,.F.);
#18730=CARTESIAN_POINT('',(-6.85562717706034E-15,14.4,1.49999999999971))
;
#18740=DIRECTION('',(1.,1.10933564796705E-31,-3.33066907387547E-16));
#18750=VECTOR('',#18740,1.);
#18760=LINE('',#18730,#18750);
#18770=EDGE_CURVE('',#18700,#18510,#18760,.T.);
#18780=ORIENTED_EDGE('',*,*,#18770,.F.);
#18790=EDGE_LOOP('',(#18780,#18720,#18630,#18550));
#18800=FACE_BOUND('',#18790,.T.);
#18810=CARTESIAN_POINT('',(433.1,17.5,1.49999999999957));
#18820=DIRECTION('',(3.33066907387547E-16,-3.33066907387547E-16,1.));
#18830=DIRECTION('',(1.,1.10933564796705E-31,-3.33066907387547E-16));
#18840=AXIS2_PLACEMENT_3D('',#18810,#18820,#18830);
#18850=CIRCLE('',#18840,3.1);
#18860=CARTESIAN_POINT('',(433.1,20.6,1.49999999999957));
#18870=VERTEX_POINT('',#18860);
#18880=CARTESIAN_POINT('',(433.1,14.4,1.49999999999957));
#18890=VERTEX_POINT('',#18880);
#18900=EDGE_CURVE('',#18870,#18890,#18850,.T.);
#18910=ORIENTED_EDGE('',*,*,#18900,.F.);
#18920=CARTESIAN_POINT('',(-6.85562717706034E-15,14.4,1.49999999999971))
;
#18930=DIRECTION('',(1.,1.10933564796705E-31,-3.33066907387547E-16));
#18940=VECTOR('',#18930,1.);
#18950=LINE('',#18920,#18940);
#18960=CARTESIAN_POINT('',(441.9,14.4,1.49999999999957));
#18970=VERTEX_POINT('',#18960);
#18980=EDGE_CURVE('',#18890,#18970,#18950,.T.);
#18990=ORIENTED_EDGE('',*,*,#18980,.F.);
#19000=CARTESIAN_POINT('',(441.9,17.5,1.49999999999957));
#19010=DIRECTION('',(3.33066907387547E-16,-3.33066907387547E-16,1.));
#19020=DIRECTION('',(1.,1.10933564796705E-31,-3.33066907387547E-16));
#19030=AXIS2_PLACEMENT_3D('',#19000,#19010,#19020);
#19040=CIRCLE('',#19030,3.1);
#19050=CARTESIAN_POINT('',(441.9,20.6,1.49999999999957));
#19060=VERTEX_POINT('',#19050);
#19070=EDGE_CURVE('',#18970,#19060,#19040,.T.);
#19080=ORIENTED_EDGE('',*,*,#19070,.F.);
#19090=CARTESIAN_POINT('',(-6.85562717706034E-15,20.6,1.49999999999972))
;
#19100=DIRECTION('',(-1.,-1.10933564796705E-31,3.33066907387547E-16));
#19110=VECTOR('',#19100,1.);
#19120=LINE('',#19090,#19110);
#19130=EDGE_CURVE('',#19060,#18870,#19120,.T.);
#19140=ORIENTED_EDGE('',*,*,#19130,.F.);
#19150=EDGE_LOOP('',(#19140,#19080,#18990,#18910));
#19160=FACE_BOUND('',#19150,.T.);
#19170=CARTESIAN_POINT('',(133.1,17.5,1.49999999999967));
#19180=DIRECTION('',(3.33066907387547E-16,-3.33066907387547E-16,1.));
#19190=DIRECTION('',(1.,1.10933564796705E-31,-3.33066907387547E-16));
#19200=AXIS2_PLACEMENT_3D('',#19170,#19180,#19190);
#19210=CIRCLE('',#19200,3.1);
#19220=CARTESIAN_POINT('',(133.1,14.4,1.49999999999967));
#19230=VERTEX_POINT('',#19220);
#19240=EDGE_CURVE('',#3360,#19230,#19210,.T.);
#19250=ORIENTED_EDGE('',*,*,#19240,.F.);
#19260=CARTESIAN_POINT('',(-6.85562717706034E-15,14.4,1.49999999999971))
;
#19270=DIRECTION('',(1.,1.10933564796705E-31,-3.33066907387547E-16));
#19280=VECTOR('',#19270,1.);
#19290=LINE('',#19260,#19280);
#19300=EDGE_CURVE('',#19230,#13320,#19290,.T.);
#19310=ORIENTED_EDGE('',*,*,#19300,.F.);
#19320=ORIENTED_EDGE('',*,*,#13330,.F.);
#19330=ORIENTED_EDGE('',*,*,#3450,.F.);
#19340=EDGE_LOOP('',(#19330,#19320,#19310,#19250));
#19350=FACE_BOUND('',#19340,.T.);
#19360=ORIENTED_EDGE('',*,*,#4650,.F.);
#19370=CARTESIAN_POINT('',(-6.85562717706034E-15,14.4,1.49999999999971))
;
#19380=DIRECTION('',(1.,1.10933564796705E-31,-3.33066907387547E-16));
#19390=VECTOR('',#19380,1.);
#19400=LINE('',#19370,#19390);
#19410=EDGE_CURVE('',#4550,#14600,#19400,.T.);
#19420=ORIENTED_EDGE('',*,*,#19410,.F.);
#19430=ORIENTED_EDGE('',*,*,#14610,.F.);
#19440=ORIENTED_EDGE('',*,*,#12290,.F.);
#19450=EDGE_LOOP('',(#19440,#19430,#19420,#19360));
#19460=FACE_BOUND('',#19450,.T.);
#19470=CARTESIAN_POINT('',(91.9,17.5,1.49999999999969));
#19480=DIRECTION('',(3.33066907387547E-16,-3.33066907387547E-16,1.));
#19490=DIRECTION('',(1.,1.10933564796705E-31,-3.33066907387547E-16));
#19500=AXIS2_PLACEMENT_3D('',#19470,#19480,#19490);
#19510=CIRCLE('',#19500,3.1);
#19520=CARTESIAN_POINT('',(91.9,14.4,1.49999999999968));
#19530=VERTEX_POINT('',#19520);
#19540=CARTESIAN_POINT('',(91.9,20.6,1.49999999999969));
#19550=VERTEX_POINT('',#19540);
#19560=EDGE_CURVE('',#19530,#19550,#19510,.T.);
#19570=ORIENTED_EDGE('',*,*,#19560,.F.);
#19580=CARTESIAN_POINT('',(-6.85562717706034E-15,20.6,1.49999999999972))
;
#19590=DIRECTION('',(-1.,-1.10933564796705E-31,3.33066907387547E-16));
#19600=VECTOR('',#19590,1.);
#19610=LINE('',#19580,#19600);
#19620=CARTESIAN_POINT('',(83.1,20.6,1.49999999999969));
#19630=VERTEX_POINT('',#19620);
#19640=EDGE_CURVE('',#19550,#19630,#19610,.T.);
#19650=ORIENTED_EDGE('',*,*,#19640,.F.);
#19660=CARTESIAN_POINT('',(83.1,17.5,1.49999999999969));
#19670=DIRECTION('',(3.33066907387547E-16,-3.33066907387547E-16,1.));
#19680=DIRECTION('',(1.,1.10933564796705E-31,-3.33066907387547E-16));
#19690=AXIS2_PLACEMENT_3D('',#19660,#19670,#19680);
#19700=CIRCLE('',#19690,3.1);
#19710=CARTESIAN_POINT('',(83.1,14.4,1.49999999999969));
#19720=VERTEX_POINT('',#19710);
#19730=EDGE_CURVE('',#19630,#19720,#19700,.T.);
#19740=ORIENTED_EDGE('',*,*,#19730,.F.);
#19750=CARTESIAN_POINT('',(-6.85562717706034E-15,14.4,1.49999999999971))
;
#19760=DIRECTION('',(1.,1.10933564796705E-31,-3.33066907387547E-16));
#19770=VECTOR('',#19760,1.);
#19780=LINE('',#19750,#19770);
#19790=EDGE_CURVE('',#19720,#19530,#19780,.T.);
#19800=ORIENTED_EDGE('',*,*,#19790,.F.);
#19810=EDGE_LOOP('',(#19800,#19740,#19650,#19570));
#19820=FACE_BOUND('',#19810,.T.);
#19830=CARTESIAN_POINT('',(258.1,17.5,1.49999999999963));
#19840=DIRECTION('',(3.33066907387547E-16,-3.33066907387547E-16,1.));
#19850=DIRECTION('',(1.,1.10933564796705E-31,-3.33066907387547E-16));
#19860=AXIS2_PLACEMENT_3D('',#19830,#19840,#19850);
#19870=CIRCLE('',#19860,3.1);
#19880=CARTESIAN_POINT('',(258.1,20.6,1.49999999999963));
#19890=VERTEX_POINT('',#19880);
#19900=CARTESIAN_POINT('',(258.1,14.4,1.49999999999963));
#19910=VERTEX_POINT('',#19900);
#19920=EDGE_CURVE('',#19890,#19910,#19870,.T.);
#19930=ORIENTED_EDGE('',*,*,#19920,.F.);
#19940=CARTESIAN_POINT('',(-6.85562717706034E-15,14.4,1.49999999999971))
;
#19950=DIRECTION('',(1.,1.10933564796705E-31,-3.33066907387547E-16));
#19960=VECTOR('',#19950,1.);
#19970=LINE('',#19940,#19960);
#19980=CARTESIAN_POINT('',(266.9,14.4,1.49999999999963));
#19990=VERTEX_POINT('',#19980);
#20000=EDGE_CURVE('',#19910,#19990,#19970,.T.);
#20010=ORIENTED_EDGE('',*,*,#20000,.F.);
#20020=CARTESIAN_POINT('',(266.9,17.5,1.49999999999963));
#20030=DIRECTION('',(3.33066907387547E-16,-3.33066907387547E-16,1.));
#20040=DIRECTION('',(1.,1.10933564796705E-31,-3.33066907387547E-16));
#20050=AXIS2_PLACEMENT_3D('',#20020,#20030,#20040);
#20060=CIRCLE('',#20050,3.1);
#20070=CARTESIAN_POINT('',(266.9,20.6,1.49999999999963));
#20080=VERTEX_POINT('',#20070);
#20090=EDGE_CURVE('',#19990,#20080,#20060,.T.);
#20100=ORIENTED_EDGE('',*,*,#20090,.F.);
#20110=CARTESIAN_POINT('',(-6.85562717706034E-15,20.6,1.49999999999972))
;
#20120=DIRECTION('',(-1.,-1.10933564796705E-31,3.33066907387547E-16));
#20130=VECTOR('',#20120,1.);
#20140=LINE('',#20110,#20130);
#20150=EDGE_CURVE('',#20080,#19890,#20140,.T.);
#20160=ORIENTED_EDGE('',*,*,#20150,.F.);
#20170=EDGE_LOOP('',(#20160,#20100,#20010,#19930));
#20180=FACE_BOUND('',#20170,.T.);
#20190=CARTESIAN_POINT('',(108.1,17.5,1.49999999999968));
#20200=DIRECTION('',(3.33066907387547E-16,-3.33066907387547E-16,1.));
#20210=DIRECTION('',(1.,1.10933564796705E-31,-3.33066907387547E-16));
#20220=AXIS2_PLACEMENT_3D('',#20190,#20200,#20210);
#20230=CIRCLE('',#20220,3.1);
#20240=CARTESIAN_POINT('',(108.1,20.6,1.49999999999968));
#20250=VERTEX_POINT('',#20240);
#20260=CARTESIAN_POINT('',(108.1,14.4,1.49999999999968));
#20270=VERTEX_POINT('',#20260);
#20280=EDGE_CURVE('',#20250,#20270,#20230,.T.);
#20290=ORIENTED_EDGE('',*,*,#20280,.F.);
#20300=CARTESIAN_POINT('',(-6.85562717706034E-15,14.4,1.49999999999971))
;
#20310=DIRECTION('',(1.,1.10933564796705E-31,-3.33066907387547E-16));
#20320=VECTOR('',#20310,1.);
#20330=LINE('',#20300,#20320);
#20340=CARTESIAN_POINT('',(116.9,14.4,1.49999999999968));
#20350=VERTEX_POINT('',#20340);
#20360=EDGE_CURVE('',#20270,#20350,#20330,.T.);
#20370=ORIENTED_EDGE('',*,*,#20360,.F.);
#20380=CARTESIAN_POINT('',(116.9,17.5,1.49999999999968));
#20390=DIRECTION('',(3.33066907387547E-16,-3.33066907387547E-16,1.));
#20400=DIRECTION('',(1.,1.10933564796705E-31,-3.33066907387547E-16));
#20410=AXIS2_PLACEMENT_3D('',#20380,#20390,#20400);
#20420=CIRCLE('',#20410,3.1);
#20430=CARTESIAN_POINT('',(116.9,20.6,1.49999999999968));
#20440=VERTEX_POINT('',#20430);
#20450=EDGE_CURVE('',#20350,#20440,#20420,.T.);
#20460=ORIENTED_EDGE('',*,*,#20450,.F.);
#20470=CARTESIAN_POINT('',(-6.85562717706034E-15,20.6,1.49999999999972))
;
#20480=DIRECTION('',(-1.,-1.10933564796705E-31,3.33066907387547E-16));
#20490=VECTOR('',#20480,1.);
#20500=LINE('',#20470,#20490);
#20510=EDGE_CURVE('',#20440,#20250,#20500,.T.);
#20520=ORIENTED_EDGE('',*,*,#20510,.F.);
#20530=EDGE_LOOP('',(#20520,#20460,#20370,#20290));
#20540=FACE_BOUND('',#20530,.T.);
#20550=CARTESIAN_POINT('',(-6.85562717706034E-15,20.6,1.49999999999972))
;
#20560=DIRECTION('',(-1.,-1.10933564796705E-31,3.33066907387547E-16));
#20570=VECTOR('',#20560,1.);
#20580=LINE('',#20550,#20570);
#20590=CARTESIAN_POINT('',(366.9,20.6,1.49999999999959));
#20600=VERTEX_POINT('',#20590);
#20610=CARTESIAN_POINT('',(358.1,20.6,1.4999999999996));
#20620=VERTEX_POINT('',#20610);
#20630=EDGE_CURVE('',#20600,#20620,#20580,.T.);
#20640=ORIENTED_EDGE('',*,*,#20630,.F.);
#20650=CARTESIAN_POINT('',(358.1,17.5,1.4999999999996));
#20660=DIRECTION('',(3.33066907387547E-16,-3.33066907387547E-16,1.));
#20670=DIRECTION('',(1.,1.10933564796705E-31,-3.33066907387547E-16));
#20680=AXIS2_PLACEMENT_3D('',#20650,#20660,#20670);
#20690=CIRCLE('',#20680,3.1);
#20700=CARTESIAN_POINT('',(358.1,14.4,1.4999999999996));
#20710=VERTEX_POINT('',#20700);
#20720=EDGE_CURVE('',#20620,#20710,#20690,.T.);
#20730=ORIENTED_EDGE('',*,*,#20720,.F.);
#20740=CARTESIAN_POINT('',(-6.85562717706034E-15,14.4,1.49999999999971))
;
#20750=DIRECTION('',(1.,1.10933564796705E-31,-3.33066907387547E-16));
#20760=VECTOR('',#20750,1.);
#20770=LINE('',#20740,#20760);
#20780=CARTESIAN_POINT('',(366.9,14.4,1.49999999999959));
#20790=VERTEX_POINT('',#20780);
#20800=EDGE_CURVE('',#20710,#20790,#20770,.T.);
#20810=ORIENTED_EDGE('',*,*,#20800,.F.);
#20820=CARTESIAN_POINT('',(366.9,17.5,1.49999999999959));
#20830=DIRECTION('',(3.33066907387547E-16,-3.33066907387547E-16,1.));
#20840=DIRECTION('',(1.,1.10933564796705E-31,-3.33066907387547E-16));
#20850=AXIS2_PLACEMENT_3D('',#20820,#20830,#20840);
#20860=CIRCLE('',#20850,3.1);
#20870=EDGE_CURVE('',#20790,#20600,#20860,.T.);
#20880=ORIENTED_EDGE('',*,*,#20870,.F.);
#20890=EDGE_LOOP('',(#20880,#20810,#20730,#20640));
#20900=FACE_BOUND('',#20890,.T.);
#20910=CARTESIAN_POINT('',(283.1,17.5,1.49999999999962));
#20920=DIRECTION('',(3.33066907387547E-16,-3.33066907387547E-16,1.));
#20930=DIRECTION('',(1.,1.10933564796705E-31,-3.33066907387547E-16));
#20940=AXIS2_PLACEMENT_3D('',#20910,#20920,#20930);
#20950=CIRCLE('',#20940,3.1);
#20960=CARTESIAN_POINT('',(283.1,20.6,1.49999999999962));
#20970=VERTEX_POINT('',#20960);
#20980=CARTESIAN_POINT('',(283.1,14.4,1.49999999999962));
#20990=VERTEX_POINT('',#20980);
#21000=EDGE_CURVE('',#20970,#20990,#20950,.T.);
#21010=ORIENTED_EDGE('',*,*,#21000,.F.);
#21020=CARTESIAN_POINT('',(-6.85562717706034E-15,14.4,1.49999999999971))
;
#21030=DIRECTION('',(1.,1.10933564796705E-31,-3.33066907387547E-16));
#21040=VECTOR('',#21030,1.);
#21050=LINE('',#21020,#21040);
#21060=CARTESIAN_POINT('',(291.9,14.4,1.49999999999962));
#21070=VERTEX_POINT('',#21060);
#21080=EDGE_CURVE('',#20990,#21070,#21050,.T.);
#21090=ORIENTED_EDGE('',*,*,#21080,.F.);
#21100=CARTESIAN_POINT('',(291.9,17.5,1.49999999999962));
#21110=DIRECTION('',(3.33066907387547E-16,-3.33066907387547E-16,1.));
#21120=DIRECTION('',(1.,1.10933564796705E-31,-3.33066907387547E-16));
#21130=AXIS2_PLACEMENT_3D('',#21100,#21110,#21120);
#21140=CIRCLE('',#21130,3.1);
#21150=CARTESIAN_POINT('',(291.9,20.6,1.49999999999962));
#21160=VERTEX_POINT('',#21150);
#21170=EDGE_CURVE('',#21070,#21160,#21140,.T.);
#21180=ORIENTED_EDGE('',*,*,#21170,.F.);
#21190=CARTESIAN_POINT('',(-6.85562717706034E-15,20.6,1.49999999999972))
;
#21200=DIRECTION('',(-1.,-1.10933564796705E-31,3.33066907387547E-16));
#21210=VECTOR('',#21200,1.);
#21220=LINE('',#21190,#21210);
#21230=EDGE_CURVE('',#21160,#20970,#21220,.T.);
#21240=ORIENTED_EDGE('',*,*,#21230,.F.);
#21250=EDGE_LOOP('',(#21240,#21180,#21090,#21010));
#21260=FACE_BOUND('',#21250,.T.);
#21270=CARTESIAN_POINT('',(458.1,17.5,1.49999999999956));
#21280=DIRECTION('',(3.33066907387547E-16,-3.33066907387547E-16,1.));
#21290=DIRECTION('',(1.,1.10933564796705E-31,-3.33066907387547E-16));
#21300=AXIS2_PLACEMENT_3D('',#21270,#21280,#21290);
#21310=CIRCLE('',#21300,3.1);
#21320=CARTESIAN_POINT('',(458.1,20.6,1.49999999999956));
#21330=VERTEX_POINT('',#21320);
#21340=CARTESIAN_POINT('',(458.1,14.4,1.49999999999956));
#21350=VERTEX_POINT('',#21340);
#21360=EDGE_CURVE('',#21330,#21350,#21310,.T.);
#21370=ORIENTED_EDGE('',*,*,#21360,.F.);
#21380=CARTESIAN_POINT('',(-6.85562717706034E-15,14.4,1.49999999999971))
;
#21390=DIRECTION('',(1.,1.10933564796705E-31,-3.33066907387547E-16));
#21400=VECTOR('',#21390,1.);
#21410=LINE('',#21380,#21400);
#21420=CARTESIAN_POINT('',(466.9,14.4,1.49999999999956));
#21430=VERTEX_POINT('',#21420);
#21440=EDGE_CURVE('',#21350,#21430,#21410,.T.);
#21450=ORIENTED_EDGE('',*,*,#21440,.F.);
#21460=CARTESIAN_POINT('',(466.9,17.5,1.49999999999956));
#21470=DIRECTION('',(3.33066907387547E-16,-3.33066907387547E-16,1.));
#21480=DIRECTION('',(1.,1.10933564796705E-31,-3.33066907387547E-16));
#21490=AXIS2_PLACEMENT_3D('',#21460,#21470,#21480);
#21500=CIRCLE('',#21490,3.1);
#21510=CARTESIAN_POINT('',(466.9,20.6,1.49999999999956));
#21520=VERTEX_POINT('',#21510);
#21530=EDGE_CURVE('',#21430,#21520,#21500,.T.);
#21540=ORIENTED_EDGE('',*,*,#21530,.F.);
#21550=CARTESIAN_POINT('',(-6.85562717706034E-15,20.6,1.49999999999972))
;
#21560=DIRECTION('',(-1.,-1.10933564796705E-31,3.33066907387547E-16));
#21570=VECTOR('',#21560,1.);
#21580=LINE('',#21550,#21570);
#21590=EDGE_CURVE('',#21520,#21330,#21580,.T.);
#21600=ORIENTED_EDGE('',*,*,#21590,.F.);
#21610=EDGE_LOOP('',(#21600,#21540,#21450,#21370));
#21620=FACE_BOUND('',#21610,.T.);
#21630=ORIENTED_EDGE('',*,*,#1050,.F.);
#21640=CARTESIAN_POINT('',(-6.85562717706034E-15,29.5,1.49999999999972))
;
#21650=DIRECTION('',(1.,1.10933564796705E-31,-3.33066907387547E-16));
#21660=VECTOR('',#21650,1.);
#21670=LINE('',#21640,#21660);
#21680=EDGE_CURVE('',#960,#1930,#21670,.T.);
#21690=ORIENTED_EDGE('',*,*,#21680,.F.);
#21700=ORIENTED_EDGE('',*,*,#1940,.T.);
#21710=ORIENTED_EDGE('',*,*,#14340,.T.);
#21720=EDGE_LOOP('',(#21710,#21700,#21690,#21630));
#21730=FACE_OUTER_BOUND('',#21720,.T.);
#21740=ADVANCED_FACE('',(#15200,#15560,#15920,#16280,#16640,#17000,
#17360,#17720,#18080,#18440,#18800,#19160,#19350,#19460,#19820,#20180,
#20540,#20900,#21260,#21620,#21730),#14840,.F.);
#21750=COLOUR_RGB('',0.823529481887817,0.823529481887817,
0.784313797950745);
#21760=FILL_AREA_STYLE_COLOUR('',#21750);
#21770=FILL_AREA_STYLE('',(#21760));
#21780=SURFACE_STYLE_FILL_AREA(#21770);
#21790=SURFACE_SIDE_STYLE('',(#21780));
#21800=SURFACE_STYLE_USAGE(.BOTH.,#21790);
#21810=PRESENTATION_STYLE_ASSIGNMENT((#21800));
#21820=CARTESIAN_POINT('',(208.1,14.4,-3.54605234065275E-13));
#21830=DIRECTION('',(0.,1.,3.33066907387547E-16));
#21840=DIRECTION('',(-1.,-1.10933564796705E-31,3.33066907387547E-16));
#21850=AXIS2_PLACEMENT_3D('',#21820,#21830,#21840);
#21860=PLANE('',#21850);
#21870=ORIENTED_EDGE('',*,*,#14670,.F.);
#21880=ORIENTED_EDGE('',*,*,#19410,.T.);
#21890=ORIENTED_EDGE('',*,*,#4560,.T.);
#21900=ORIENTED_EDGE('',*,*,#7280,.T.);
#21910=EDGE_LOOP('',(#21900,#21890,#21880,#21870));
#21920=FACE_OUTER_BOUND('',#21910,.T.);
#21930=ADVANCED_FACE('',(#21920),#21860,.T.);
#21940=COLOUR_RGB('',0.823529481887817,0.823529481887817,
0.784313797950745);
#21950=FILL_AREA_STYLE_COLOUR('',#21940);
#21960=FILL_AREA_STYLE('',(#21950));
#21970=SURFACE_STYLE_FILL_AREA(#21960);
#21980=SURFACE_SIDE_STYLE('',(#21970));
#21990=SURFACE_STYLE_USAGE(.BOTH.,#21980);
#22000=PRESENTATION_STYLE_ASSIGNMENT((#21990));
#22010=CARTESIAN_POINT('',(-3.27515792264421E-15,29.5,12.2499999999997))
;
#22020=DIRECTION('',(0.,1.,3.33066907387547E-16));
#22030=DIRECTION('',(3.33066907387547E-16,-3.33066907387547E-16,1.));
#22040=AXIS2_PLACEMENT_3D('',#22010,#22020,#22030);
#22050=PLANE('',#22040);
#22060=ORIENTED_EDGE('',*,*,#970,.F.);
#22070=CARTESIAN_POINT('',(-3.27515792264421E-15,29.5,12.2499999999997))
;
#22080=DIRECTION('',(1.,1.10933564796705E-31,-3.33066907387547E-16));
#22090=VECTOR('',#22080,1.);
#22100=LINE('',#22070,#22090);
#22110=EDGE_CURVE('',#880,#2010,#22100,.T.);
#22120=ORIENTED_EDGE('',*,*,#22110,.F.);
#22130=ORIENTED_EDGE('',*,*,#2020,.T.);
#22140=ORIENTED_EDGE('',*,*,#21680,.T.);
#22150=EDGE_LOOP('',(#22140,#22130,#22120,#22060));
#22160=FACE_OUTER_BOUND('',#22150,.T.);
#22170=ADVANCED_FACE('',(#22160),#22050,.F.);
#22180=COLOUR_RGB('',0.823529481887817,0.823529481887817,
0.784313797950745);
#22190=FILL_AREA_STYLE_COLOUR('',#22180);
#22200=FILL_AREA_STYLE('',(#22190));
#22210=SURFACE_STYLE_FILL_AREA(#22200);
#22220=SURFACE_SIDE_STYLE('',(#22210));
#22230=SURFACE_STYLE_USAGE(.BOTH.,#22220);
#22240=PRESENTATION_STYLE_ASSIGNMENT((#22230));
#22250=CARTESIAN_POINT('',(-3.27515792264421E-15,32.25,12.2499999999997)
);
#22260=DIRECTION('',(-1.,-1.10933564796705E-31,3.33066907387547E-16));
#22270=DIRECTION('',(0.,-1.,-3.33066907387547E-16));
#22280=AXIS2_PLACEMENT_3D('',#22250,#22260,#22270);
#22290=CYLINDRICAL_SURFACE('',#22280,2.75);
#22300=ORIENTED_EDGE('',*,*,#890,.F.);
#22310=CARTESIAN_POINT('',(-2.35922392732846E-15,32.25,14.9999999999997)
);
#22320=DIRECTION('',(1.,1.10933564796705E-31,-3.33066907387547E-16));
#22330=VECTOR('',#22320,1.);
#22340=LINE('',#22310,#22330);
#22350=EDGE_CURVE('',#790,#2100,#22340,.T.);
#22360=ORIENTED_EDGE('',*,*,#22350,.F.);
#22370=ORIENTED_EDGE('',*,*,#2110,.T.);
#22380=ORIENTED_EDGE('',*,*,#22110,.T.);
#22390=EDGE_LOOP('',(#22380,#22370,#22360,#22300));
#22400=FACE_OUTER_BOUND('',#22390,.T.);
#22410=ADVANCED_FACE('',(#22400),#22290,.T.);
#22420=COLOUR_RGB('',0.823529481887817,0.823529481887817,
0.784313797950745);
#22430=FILL_AREA_STYLE_COLOUR('',#22420);
#22440=FILL_AREA_STYLE('',(#22430));
#22450=SURFACE_STYLE_FILL_AREA(#22440);
#22460=SURFACE_SIDE_STYLE('',(#22450));
#22470=SURFACE_STYLE_USAGE(.BOTH.,#22460);
#22480=PRESENTATION_STYLE_ASSIGNMENT((#22470));
#22490=CARTESIAN_POINT('',(-2.35922392732846E-15,35.,14.9999999999997));
#22500=DIRECTION('',(-3.33066907387547E-16,3.33066907387547E-16,-1.));
#22510=DIRECTION('',(0.,1.,3.33066907387547E-16));
#22520=AXIS2_PLACEMENT_3D('',#22490,#22500,#22510);
#22530=PLANE('',#22520);
#22540=ORIENTED_EDGE('',*,*,#800,.F.);
#22550=ORIENTED_EDGE('',*,*,#3110,.F.);
#22560=ORIENTED_EDGE('',*,*,#2190,.T.);
#22570=ORIENTED_EDGE('',*,*,#22350,.T.);
#22580=EDGE_LOOP('',(#22570,#22560,#22550,#22540));
#22590=FACE_OUTER_BOUND('',#22580,.T.);
#22600=ADVANCED_FACE('',(#22590),#22530,.F.);
#22610=COLOUR_RGB('',0.823529481887817,0.823529481887817,
0.784313797950745);
#22620=FILL_AREA_STYLE_COLOUR('',#22610);
#22630=FILL_AREA_STYLE('',(#22620));
#22640=SURFACE_STYLE_FILL_AREA(#22630);
#22650=SURFACE_SIDE_STYLE('',(#22640));
#22660=SURFACE_STYLE_USAGE(.BOTH.,#22650);
#22670=PRESENTATION_STYLE_ASSIGNMENT((#22660));
#22680=CARTESIAN_POINT('',(83.1,14.4,-3.12971870641832E-13));
#22690=DIRECTION('',(0.,1.,3.33066907387547E-16));
#22700=DIRECTION('',(-1.,-1.10933564796705E-31,3.33066907387547E-16));
#22710=AXIS2_PLACEMENT_3D('',#22680,#22690,#22700);
#22720=PLANE('',#22710);
#22730=CARTESIAN_POINT('',(91.9,14.4,-3.1596947280832E-13));
#22740=DIRECTION('',(3.33066907387547E-16,-3.33066907387547E-16,1.));
#22750=VECTOR('',#22740,1.);
#22760=LINE('',#22730,#22750);
#22770=EDGE_CURVE('',#11310,#19530,#22760,.T.);
#22780=ORIENTED_EDGE('',*,*,#22770,.F.);
#22790=ORIENTED_EDGE('',*,*,#19790,.T.);
#22800=CARTESIAN_POINT('',(83.1,14.4,-3.12971870641832E-13));
#22810=DIRECTION('',(3.33066907387547E-16,-3.33066907387547E-16,1.));
#22820=VECTOR('',#22810,1.);
#22830=LINE('',#22800,#22820);
#22840=EDGE_CURVE('',#11330,#19720,#22830,.T.);
#22850=ORIENTED_EDGE('',*,*,#22840,.T.);
#22860=ORIENTED_EDGE('',*,*,#11340,.T.);
#22870=EDGE_LOOP('',(#22860,#22850,#22790,#22780));
#22880=FACE_OUTER_BOUND('',#22870,.T.);
#22890=ADVANCED_FACE('',(#22880),#22720,.T.);
#22900=COLOUR_RGB('',0.823529481887817,0.823529481887817,
0.784313797950745);
#22910=FILL_AREA_STYLE_COLOUR('',#22900);
#22920=FILL_AREA_STYLE('',(#22910));
#22930=SURFACE_STYLE_FILL_AREA(#22920);
#22940=SURFACE_SIDE_STYLE('',(#22930));
#22950=SURFACE_STYLE_USAGE(.BOTH.,#22940);
#22960=PRESENTATION_STYLE_ASSIGNMENT((#22950));
#22970=CARTESIAN_POINT('',(83.1,17.5,-3.11972669919669E-13));
#22980=DIRECTION('',(3.33066907387547E-16,-3.33066907387547E-16,1.));
#22990=DIRECTION('',(1.,1.10933564796705E-31,-3.33066907387547E-16));
#23000=AXIS2_PLACEMENT_3D('',#22970,#22980,#22990);
#23010=CYLINDRICAL_SURFACE('',#23000,3.1);
#23020=ORIENTED_EDGE('',*,*,#22840,.F.);
#23030=ORIENTED_EDGE('',*,*,#19730,.T.);
#23040=CARTESIAN_POINT('',(83.1,20.6,-3.10973469197506E-13));
#23050=DIRECTION('',(3.33066907387547E-16,-3.33066907387547E-16,1.));
#23060=VECTOR('',#23050,1.);
#23070=LINE('',#23040,#23060);
#23080=EDGE_CURVE('',#11420,#19630,#23070,.T.);
#23090=ORIENTED_EDGE('',*,*,#23080,.T.);
#23100=ORIENTED_EDGE('',*,*,#11430,.F.);
#23110=EDGE_LOOP('',(#23100,#23090,#23030,#23020));
#23120=FACE_OUTER_BOUND('',#23110,.T.);
#23130=ADVANCED_FACE('',(#23120),#23010,.F.);
#23140=COLOUR_RGB('',0.823529481887817,0.823529481887817,
0.784313797950745);
#23150=FILL_AREA_STYLE_COLOUR('',#23140);
#23160=FILL_AREA_STYLE('',(#23150));
#23170=SURFACE_STYLE_FILL_AREA(#23160);
#23180=SURFACE_SIDE_STYLE('',(#23170));
#23190=SURFACE_STYLE_USAGE(.BOTH.,#23180);
#23200=PRESENTATION_STYLE_ASSIGNMENT((#23190));
#23210=CARTESIAN_POINT('',(91.9,20.6,-3.13971071363994E-13));
#23220=DIRECTION('',(0.,-1.,-3.33066907387547E-16));
#23230=DIRECTION('',(1.,1.10933564796705E-31,-3.33066907387547E-16));
#23240=AXIS2_PLACEMENT_3D('',#23210,#23220,#23230);
#23250=PLANE('',#23240);
#23260=ORIENTED_EDGE('',*,*,#23080,.F.);
#23270=ORIENTED_EDGE('',*,*,#19640,.T.);
#23280=CARTESIAN_POINT('',(91.9,20.6,-3.13971071363994E-13));
#23290=DIRECTION('',(3.33066907387547E-16,-3.33066907387547E-16,1.));
#23300=VECTOR('',#23290,1.);
#23310=LINE('',#23280,#23300);
#23320=EDGE_CURVE('',#11500,#19550,#23310,.T.);
#23330=ORIENTED_EDGE('',*,*,#23320,.T.);
#23340=ORIENTED_EDGE('',*,*,#11510,.T.);
#23350=EDGE_LOOP('',(#23340,#23330,#23270,#23260));
#23360=FACE_OUTER_BOUND('',#23350,.T.);
#23370=ADVANCED_FACE('',(#23360),#23250,.T.);
#23380=COLOUR_RGB('',0.823529481887817,0.823529481887817,
0.784313797950745);
#23390=FILL_AREA_STYLE_COLOUR('',#23380);
#23400=FILL_AREA_STYLE('',(#23390));
#23410=SURFACE_STYLE_FILL_AREA(#23400);
#23420=SURFACE_SIDE_STYLE('',(#23410));
#23430=SURFACE_STYLE_USAGE(.BOTH.,#23420);
#23440=PRESENTATION_STYLE_ASSIGNMENT((#23430));
#23450=CARTESIAN_POINT('',(91.9,17.5,-3.14970272086157E-13));
#23460=DIRECTION('',(3.33066907387547E-16,-3.33066907387547E-16,1.));
#23470=DIRECTION('',(1.,1.10933564796705E-31,-3.33066907387547E-16));
#23480=AXIS2_PLACEMENT_3D('',#23450,#23460,#23470);
#23490=CYLINDRICAL_SURFACE('',#23480,3.1);
#23500=ORIENTED_EDGE('',*,*,#23320,.F.);
#23510=ORIENTED_EDGE('',*,*,#19560,.T.);
#23520=ORIENTED_EDGE('',*,*,#22770,.T.);
#23530=ORIENTED_EDGE('',*,*,#11580,.F.);
#23540=EDGE_LOOP('',(#23530,#23520,#23510,#23500));
#23550=FACE_OUTER_BOUND('',#23540,.T.);
#23560=ADVANCED_FACE('',(#23550),#23490,.F.);
#23570=COLOUR_RGB('',0.823529481887817,0.823529481887817,
0.784313797950745);
#23580=FILL_AREA_STYLE_COLOUR('',#23570);
#23590=FILL_AREA_STYLE('',(#23580));
#23600=SURFACE_STYLE_FILL_AREA(#23590);
#23610=SURFACE_SIDE_STYLE('',(#23600));
#23620=SURFACE_STYLE_USAGE(.BOTH.,#23610);
#23630=PRESENTATION_STYLE_ASSIGNMENT((#23620));
#23640=CARTESIAN_POINT('',(258.1,17.5,-3.7025937871249E-13));
#23650=DIRECTION('',(3.33066907387547E-16,-3.33066907387547E-16,1.));
#23660=DIRECTION('',(1.,1.10933564796705E-31,-3.33066907387547E-16));
#23670=AXIS2_PLACEMENT_3D('',#23640,#23650,#23660);
#23680=CYLINDRICAL_SURFACE('',#23670,3.1);
#23690=CARTESIAN_POINT('',(258.1,14.4,-3.71258579434652E-13));
#23700=DIRECTION('',(3.33066907387547E-16,-3.33066907387547E-16,1.));
#23710=VECTOR('',#23700,1.);
#23720=LINE('',#23690,#23710);
#23730=EDGE_CURVE('',#10340,#19910,#23720,.T.);
#23740=ORIENTED_EDGE('',*,*,#23730,.F.);
#23750=ORIENTED_EDGE('',*,*,#19920,.T.);
#23760=CARTESIAN_POINT('',(258.1,20.6,-3.69260177990327E-13));
#23770=DIRECTION('',(3.33066907387547E-16,-3.33066907387547E-16,1.));
#23780=VECTOR('',#23770,1.);
#23790=LINE('',#23760,#23780);
#23800=EDGE_CURVE('',#10430,#19890,#23790,.T.);
#23810=ORIENTED_EDGE('',*,*,#23800,.T.);
#23820=ORIENTED_EDGE('',*,*,#10440,.F.);
#23830=EDGE_LOOP('',(#23820,#23810,#23750,#23740));
#23840=FACE_OUTER_BOUND('',#23830,.T.);
#23850=ADVANCED_FACE('',(#23840),#23680,.F.);
#23860=COLOUR_RGB('',0.823529481887817,0.823529481887817,
0.784313797950745);
#23870=FILL_AREA_STYLE_COLOUR('',#23860);
#23880=FILL_AREA_STYLE('',(#23870));
#23890=SURFACE_STYLE_FILL_AREA(#23880);
#23900=SURFACE_SIDE_STYLE('',(#23890));
#23910=SURFACE_STYLE_USAGE(.BOTH.,#23900);
#23920=PRESENTATION_STYLE_ASSIGNMENT((#23910));
#23930=CARTESIAN_POINT('',(258.1,14.4,-3.71258579434652E-13));
#23940=DIRECTION('',(0.,1.,3.33066907387547E-16));
#23950=DIRECTION('',(-1.,-1.10933564796705E-31,3.33066907387547E-16));
#23960=AXIS2_PLACEMENT_3D('',#23930,#23940,#23950);
#23970=PLANE('',#23960);
#23980=CARTESIAN_POINT('',(266.9,14.4,-3.7425618160114E-13));
#23990=DIRECTION('',(3.33066907387547E-16,-3.33066907387547E-16,1.));
#24000=VECTOR('',#23990,1.);
#24010=LINE('',#23980,#24000);
#24020=EDGE_CURVE('',#10240,#19990,#24010,.T.);
#24030=ORIENTED_EDGE('',*,*,#24020,.F.);
#24040=ORIENTED_EDGE('',*,*,#20000,.T.);
#24050=ORIENTED_EDGE('',*,*,#23730,.T.);
#24060=ORIENTED_EDGE('',*,*,#10350,.T.);
#24070=EDGE_LOOP('',(#24060,#24050,#24040,#24030));
#24080=FACE_OUTER_BOUND('',#24070,.T.);
#24090=ADVANCED_FACE('',(#24080),#23970,.T.);
#24100=COLOUR_RGB('',0.823529481887817,0.823529481887817,
0.784313797950745);
#24110=FILL_AREA_STYLE_COLOUR('',#24100);
#24120=FILL_AREA_STYLE('',(#24110));
#24130=SURFACE_STYLE_FILL_AREA(#24120);
#24140=SURFACE_SIDE_STYLE('',(#24130));
#24150=SURFACE_STYLE_USAGE(.BOTH.,#24140);
#24160=PRESENTATION_STYLE_ASSIGNMENT((#24150));
#24170=CARTESIAN_POINT('',(266.9,17.5,-3.73256980878978E-13));
#24180=DIRECTION('',(3.33066907387547E-16,-3.33066907387547E-16,1.));
#24190=DIRECTION('',(1.,1.10933564796705E-31,-3.33066907387547E-16));
#24200=AXIS2_PLACEMENT_3D('',#24170,#24180,#24190);
#24210=CYLINDRICAL_SURFACE('',#24200,3.1);
#24220=CARTESIAN_POINT('',(266.9,20.6,-3.72257780156815E-13));
#24230=DIRECTION('',(3.33066907387547E-16,-3.33066907387547E-16,1.));
#24240=VECTOR('',#24230,1.);
#24250=LINE('',#24220,#24240);
#24260=EDGE_CURVE('',#10260,#20080,#24250,.T.);
#24270=ORIENTED_EDGE('',*,*,#24260,.F.);
#24280=ORIENTED_EDGE('',*,*,#20090,.T.);
#24290=ORIENTED_EDGE('',*,*,#24020,.T.);
#24300=ORIENTED_EDGE('',*,*,#10270,.F.);
#24310=EDGE_LOOP('',(#24300,#24290,#24280,#24270));
#24320=FACE_OUTER_BOUND('',#24310,.T.);
#24330=ADVANCED_FACE('',(#24320),#24210,.F.);
#24340=COLOUR_RGB('',0.823529481887817,0.823529481887817,
0.784313797950745);
#24350=FILL_AREA_STYLE_COLOUR('',#24340);
#24360=FILL_AREA_STYLE('',(#24350));
#24370=SURFACE_STYLE_FILL_AREA(#24360);
#24380=SURFACE_SIDE_STYLE('',(#24370));
#24390=SURFACE_STYLE_USAGE(.BOTH.,#24380);
#24400=PRESENTATION_STYLE_ASSIGNMENT((#24390));
#24410=CARTESIAN_POINT('',(266.9,20.6,-3.72257780156815E-13));
#24420=DIRECTION('',(0.,-1.,-3.33066907387547E-16));
#24430=DIRECTION('',(1.,1.10933564796705E-31,-3.33066907387547E-16));
#24440=AXIS2_PLACEMENT_3D('',#24410,#24420,#24430);
#24450=PLANE('',#24440);
#24460=ORIENTED_EDGE('',*,*,#23800,.F.);
#24470=ORIENTED_EDGE('',*,*,#20150,.T.);
#24480=ORIENTED_EDGE('',*,*,#24260,.T.);
#24490=ORIENTED_EDGE('',*,*,#10500,.T.);
#24500=EDGE_LOOP('',(#24490,#24480,#24470,#24460));
#24510=FACE_OUTER_BOUND('',#24500,.T.);
#24520=ADVANCED_FACE('',(#24510),#24450,.T.);
#24530=COLOUR_RGB('',0.823529481887817,0.823529481887817,
0.784313797950745);
#24540=FILL_AREA_STYLE_COLOUR('',#24530);
#24550=FILL_AREA_STYLE('',(#24540));
#24560=SURFACE_STYLE_FILL_AREA(#24550);
#24570=SURFACE_SIDE_STYLE('',(#24560));
#24580=SURFACE_STYLE_USAGE(.BOTH.,#24570);
#24590=PRESENTATION_STYLE_ASSIGNMENT((#24580));
#24600=CARTESIAN_POINT('',(108.1,17.5,-3.20299342604358E-13));
#24610=DIRECTION('',(3.33066907387547E-16,-3.33066907387547E-16,1.));
#24620=DIRECTION('',(1.,1.10933564796705E-31,-3.33066907387547E-16));
#24630=AXIS2_PLACEMENT_3D('',#24600,#24610,#24620);
#24640=CYLINDRICAL_SURFACE('',#24630,3.1);
#24650=CARTESIAN_POINT('',(108.1,14.4,-3.2129854332652E-13));
#24660=DIRECTION('',(3.33066907387547E-16,-3.33066907387547E-16,1.));
#24670=VECTOR('',#24660,1.);
#24680=LINE('',#24650,#24670);
#24690=EDGE_CURVE('',#11780,#20270,#24680,.T.);
#24700=ORIENTED_EDGE('',*,*,#24690,.F.);
#24710=ORIENTED_EDGE('',*,*,#20280,.T.);
#24720=CARTESIAN_POINT('',(108.1,20.6,-3.19300141882195E-13));
#24730=DIRECTION('',(3.33066907387547E-16,-3.33066907387547E-16,1.));
#24740=VECTOR('',#24730,1.);
#24750=LINE('',#24720,#24740);
#24760=EDGE_CURVE('',#11870,#20250,#24750,.T.);
#24770=ORIENTED_EDGE('',*,*,#24760,.T.);
#24780=ORIENTED_EDGE('',*,*,#11880,.F.);
#24790=EDGE_LOOP('',(#24780,#24770,#24710,#24700));
#24800=FACE_OUTER_BOUND('',#24790,.T.);
#24810=ADVANCED_FACE('',(#24800),#24640,.F.);
#24820=COLOUR_RGB('',0.823529481887817,0.823529481887817,
0.784313797950745);
#24830=FILL_AREA_STYLE_COLOUR('',#24820);
#24840=FILL_AREA_STYLE('',(#24830));
#24850=SURFACE_STYLE_FILL_AREA(#24840);
#24860=SURFACE_SIDE_STYLE('',(#24850));
#24870=SURFACE_STYLE_USAGE(.BOTH.,#24860);
#24880=PRESENTATION_STYLE_ASSIGNMENT((#24870));
#24890=CARTESIAN_POINT('',(108.1,14.4,-3.2129854332652E-13));
#24900=DIRECTION('',(0.,1.,3.33066907387547E-16));
#24910=DIRECTION('',(-1.,-1.10933564796705E-31,3.33066907387547E-16));
#24920=AXIS2_PLACEMENT_3D('',#24890,#24900,#24910);
#24930=PLANE('',#24920);
#24940=CARTESIAN_POINT('',(116.9,14.4,-3.24296145493008E-13));
#24950=DIRECTION('',(3.33066907387547E-16,-3.33066907387547E-16,1.));
#24960=VECTOR('',#24950,1.);
#24970=LINE('',#24940,#24960);
#24980=EDGE_CURVE('',#11680,#20350,#24970,.T.);
#24990=ORIENTED_EDGE('',*,*,#24980,.F.);
#25000=ORIENTED_EDGE('',*,*,#20360,.T.);
#25010=ORIENTED_EDGE('',*,*,#24690,.T.);
#25020=ORIENTED_EDGE('',*,*,#11790,.T.);
#25030=EDGE_LOOP('',(#25020,#25010,#25000,#24990));
#25040=FACE_OUTER_BOUND('',#25030,.T.);
#25050=ADVANCED_FACE('',(#25040),#24930,.T.);
#25060=COLOUR_RGB('',0.823529481887817,0.823529481887817,
0.784313797950745);
#25070=FILL_AREA_STYLE_COLOUR('',#25060);
#25080=FILL_AREA_STYLE('',(#25070));
#25090=SURFACE_STYLE_FILL_AREA(#25080);
#25100=SURFACE_SIDE_STYLE('',(#25090));
#25110=SURFACE_STYLE_USAGE(.BOTH.,#25100);
#25120=PRESENTATION_STYLE_ASSIGNMENT((#25110));
#25130=CARTESIAN_POINT('',(116.9,17.5,-3.23296944770846E-13));
#25140=DIRECTION('',(3.33066907387547E-16,-3.33066907387547E-16,1.));
#25150=DIRECTION('',(1.,1.10933564796705E-31,-3.33066907387547E-16));
#25160=AXIS2_PLACEMENT_3D('',#25130,#25140,#25150);
#25170=CYLINDRICAL_SURFACE('',#25160,3.1);
#25180=CARTESIAN_POINT('',(116.9,20.6,-3.22297744048683E-13));
#25190=DIRECTION('',(3.33066907387547E-16,-3.33066907387547E-16,1.));
#25200=VECTOR('',#25190,1.);
#25210=LINE('',#25180,#25200);
#25220=EDGE_CURVE('',#11700,#20440,#25210,.T.);
#25230=ORIENTED_EDGE('',*,*,#25220,.F.);
#25240=ORIENTED_EDGE('',*,*,#20450,.T.);
#25250=ORIENTED_EDGE('',*,*,#24980,.T.);
#25260=ORIENTED_EDGE('',*,*,#11710,.F.);
#25270=EDGE_LOOP('',(#25260,#25250,#25240,#25230));
#25280=FACE_OUTER_BOUND('',#25270,.T.);
#25290=ADVANCED_FACE('',(#25280),#25170,.F.);
#25300=COLOUR_RGB('',0.823529481887817,0.823529481887817,
0.784313797950745);
#25310=FILL_AREA_STYLE_COLOUR('',#25300);
#25320=FILL_AREA_STYLE('',(#25310));
#25330=SURFACE_STYLE_FILL_AREA(#25320);
#25340=SURFACE_SIDE_STYLE('',(#25330));
#25350=SURFACE_STYLE_USAGE(.BOTH.,#25340);
#25360=PRESENTATION_STYLE_ASSIGNMENT((#25350));
#25370=CARTESIAN_POINT('',(116.9,20.6,-3.22297744048683E-13));
#25380=DIRECTION('',(0.,-1.,-3.33066907387547E-16));
#25390=DIRECTION('',(1.,1.10933564796705E-31,-3.33066907387547E-16));
#25400=AXIS2_PLACEMENT_3D('',#25370,#25380,#25390);
#25410=PLANE('',#25400);
#25420=ORIENTED_EDGE('',*,*,#24760,.F.);
#25430=ORIENTED_EDGE('',*,*,#20510,.T.);
#25440=ORIENTED_EDGE('',*,*,#25220,.T.);
#25450=ORIENTED_EDGE('',*,*,#11940,.T.);
#25460=EDGE_LOOP('',(#25450,#25440,#25430,#25420));
#25470=FACE_OUTER_BOUND('',#25460,.T.);
#25480=ADVANCED_FACE('',(#25470),#25410,.T.);
#25490=COLOUR_RGB('',0.823529481887817,0.823529481887817,
0.784313797950745);
#25500=FILL_AREA_STYLE_COLOUR('',#25490);
#25510=FILL_AREA_STYLE('',(#25500));
#25520=SURFACE_STYLE_FILL_AREA(#25510);
#25530=SURFACE_SIDE_STYLE('',(#25520));
#25540=SURFACE_STYLE_USAGE(.BOTH.,#25530);
#25550=PRESENTATION_STYLE_ASSIGNMENT((#25540));
#25560=CARTESIAN_POINT('',(366.9,17.5,-4.06563671617732E-13));
#25570=DIRECTION('',(3.33066907387547E-16,-3.33066907387547E-16,1.));
#25580=DIRECTION('',(1.,1.10933564796705E-31,-3.33066907387547E-16));
#25590=AXIS2_PLACEMENT_3D('',#25560,#25570,#25580);
#25600=CYLINDRICAL_SURFACE('',#25590,3.1);
#25610=CARTESIAN_POINT('',(366.9,20.6,-4.0556447089557E-13));
#25620=DIRECTION('',(3.33066907387547E-16,-3.33066907387547E-16,1.));
#25630=VECTOR('',#25620,1.);
#25640=LINE('',#25610,#25630);
#25650=EDGE_CURVE('',#6650,#20600,#25640,.T.);
#25660=ORIENTED_EDGE('',*,*,#25650,.F.);
#25670=ORIENTED_EDGE('',*,*,#20870,.T.);
#25680=CARTESIAN_POINT('',(366.9,14.4,-4.07562872339895E-13));
#25690=DIRECTION('',(3.33066907387547E-16,-3.33066907387547E-16,1.));
#25700=VECTOR('',#25690,1.);
#25710=LINE('',#25680,#25700);
#25720=EDGE_CURVE('',#6460,#20790,#25710,.T.);
#25730=ORIENTED_EDGE('',*,*,#25720,.T.);
#25740=ORIENTED_EDGE('',*,*,#6730,.F.);
#25750=EDGE_LOOP('',(#25740,#25730,#25670,#25660));
#25760=FACE_OUTER_BOUND('',#25750,.T.);
#25770=ADVANCED_FACE('',(#25760),#25600,.F.);
#25780=COLOUR_RGB('',0.823529481887817,0.823529481887817,
0.784313797950745);
#25790=FILL_AREA_STYLE_COLOUR('',#25780);
#25800=FILL_AREA_STYLE('',(#25790));
#25810=SURFACE_STYLE_FILL_AREA(#25800);
#25820=SURFACE_SIDE_STYLE('',(#25810));
#25830=SURFACE_STYLE_USAGE(.BOTH.,#25820);
#25840=PRESENTATION_STYLE_ASSIGNMENT((#25830));
#25850=CARTESIAN_POINT('',(358.1,14.4,-4.04565270173407E-13));
#25860=DIRECTION('',(0.,1.,3.33066907387547E-16));
#25870=DIRECTION('',(-1.,-1.10933564796705E-31,3.33066907387547E-16));
#25880=AXIS2_PLACEMENT_3D('',#25850,#25860,#25870);
#25890=PLANE('',#25880);
#25900=ORIENTED_EDGE('',*,*,#25720,.F.);
#25910=ORIENTED_EDGE('',*,*,#20800,.T.);
#25920=CARTESIAN_POINT('',(358.1,14.4,-4.04565270173407E-13));
#25930=DIRECTION('',(3.33066907387547E-16,-3.33066907387547E-16,1.));
#25940=VECTOR('',#25930,1.);
#25950=LINE('',#25920,#25940);
#25960=EDGE_CURVE('',#6480,#20710,#25950,.T.);
#25970=ORIENTED_EDGE('',*,*,#25960,.T.);
#25980=ORIENTED_EDGE('',*,*,#6490,.T.);
#25990=EDGE_LOOP('',(#25980,#25970,#25910,#25900));
#26000=FACE_OUTER_BOUND('',#25990,.T.);
#26010=ADVANCED_FACE('',(#26000),#25890,.T.);
#26020=COLOUR_RGB('',0.823529481887817,0.823529481887817,
0.784313797950745);
#26030=FILL_AREA_STYLE_COLOUR('',#26020);
#26040=FILL_AREA_STYLE('',(#26030));
#26050=SURFACE_STYLE_FILL_AREA(#26040);
#26060=SURFACE_SIDE_STYLE('',(#26050));
#26070=SURFACE_STYLE_USAGE(.BOTH.,#26060);
#26080=PRESENTATION_STYLE_ASSIGNMENT((#26070));
#26090=CARTESIAN_POINT('',(358.1,17.5,-4.03566069451244E-13));
#26100=DIRECTION('',(3.33066907387547E-16,-3.33066907387547E-16,1.));
#26110=DIRECTION('',(1.,1.10933564796705E-31,-3.33066907387547E-16));
#26120=AXIS2_PLACEMENT_3D('',#26090,#26100,#26110);
#26130=CYLINDRICAL_SURFACE('',#26120,3.1);
#26140=ORIENTED_EDGE('',*,*,#25960,.F.);
#26150=ORIENTED_EDGE('',*,*,#20720,.T.);
#26160=CARTESIAN_POINT('',(358.1,20.6,-4.02566868729082E-13));
#26170=DIRECTION('',(3.33066907387547E-16,-3.33066907387547E-16,1.));
#26180=VECTOR('',#26170,1.);
#26190=LINE('',#26160,#26180);
#26200=EDGE_CURVE('',#6570,#20620,#26190,.T.);
#26210=ORIENTED_EDGE('',*,*,#26200,.T.);
#26220=ORIENTED_EDGE('',*,*,#6580,.F.);
#26230=EDGE_LOOP('',(#26220,#26210,#26150,#26140));
#26240=FACE_OUTER_BOUND('',#26230,.T.);
#26250=ADVANCED_FACE('',(#26240),#26130,.F.);
#26260=COLOUR_RGB('',0.823529481887817,0.823529481887817,
0.784313797950745);
#26270=FILL_AREA_STYLE_COLOUR('',#26260);
#26280=FILL_AREA_STYLE('',(#26270));
#26290=SURFACE_STYLE_FILL_AREA(#26280);
#26300=SURFACE_SIDE_STYLE('',(#26290));
#26310=SURFACE_STYLE_USAGE(.BOTH.,#26300);
#26320=PRESENTATION_STYLE_ASSIGNMENT((#26310));
#26330=CARTESIAN_POINT('',(366.9,20.6,-4.0556447089557E-13));
#26340=DIRECTION('',(0.,-1.,-3.33066907387547E-16));
#26350=DIRECTION('',(1.,1.10933564796705E-31,-3.33066907387547E-16));
#26360=AXIS2_PLACEMENT_3D('',#26330,#26340,#26350);
#26370=PLANE('',#26360);
#26380=ORIENTED_EDGE('',*,*,#26200,.F.);
#26390=ORIENTED_EDGE('',*,*,#20630,.T.);
#26400=ORIENTED_EDGE('',*,*,#25650,.T.);
#26410=ORIENTED_EDGE('',*,*,#6660,.T.);
#26420=EDGE_LOOP('',(#26410,#26400,#26390,#26380));
#26430=FACE_OUTER_BOUND('',#26420,.T.);
#26440=ADVANCED_FACE('',(#26430),#26370,.T.);
#26450=COLOUR_RGB('',0.823529481887817,0.823529481887817,
0.784313797950745);
#26460=FILL_AREA_STYLE_COLOUR('',#26450);
#26470=FILL_AREA_STYLE('',(#26460));
#26480=SURFACE_STYLE_FILL_AREA(#26470);
#26490=SURFACE_SIDE_STYLE('',(#26480));
#26500=SURFACE_STYLE_USAGE(.BOTH.,#26490);
#26510=PRESENTATION_STYLE_ASSIGNMENT((#26500));
#26520=CARTESIAN_POINT('',(283.1,17.5,-3.78586051397178E-13));
#26530=DIRECTION('',(3.33066907387547E-16,-3.33066907387547E-16,1.));
#26540=DIRECTION('',(1.,1.10933564796705E-31,-3.33066907387547E-16));
#26550=AXIS2_PLACEMENT_3D('',#26520,#26530,#26540);
#26560=CYLINDRICAL_SURFACE('',#26550,3.1);
#26570=CARTESIAN_POINT('',(283.1,14.4,-3.79585252119341E-13));
#26580=DIRECTION('',(3.33066907387547E-16,-3.33066907387547E-16,1.));
#26590=VECTOR('',#26580,1.);
#26600=LINE('',#26570,#26590);
#26610=EDGE_CURVE('',#8990,#20990,#26600,.T.);
#26620=ORIENTED_EDGE('',*,*,#26610,.F.);
#26630=ORIENTED_EDGE('',*,*,#21000,.T.);
#26640=CARTESIAN_POINT('',(283.1,20.6,-3.77586850675016E-13));
#26650=DIRECTION('',(3.33066907387547E-16,-3.33066907387547E-16,1.));
#26660=VECTOR('',#26650,1.);
#26670=LINE('',#26640,#26660);
#26680=EDGE_CURVE('',#9080,#20970,#26670,.T.);
#26690=ORIENTED_EDGE('',*,*,#26680,.T.);
#26700=ORIENTED_EDGE('',*,*,#9090,.F.);
#26710=EDGE_LOOP('',(#26700,#26690,#26630,#26620));
#26720=FACE_OUTER_BOUND('',#26710,.T.);
#26730=ADVANCED_FACE('',(#26720),#26560,.F.);
#26740=COLOUR_RGB('',0.823529481887817,0.823529481887817,
0.784313797950745);
#26750=FILL_AREA_STYLE_COLOUR('',#26740);
#26760=FILL_AREA_STYLE('',(#26750));
#26770=SURFACE_STYLE_FILL_AREA(#26760);
#26780=SURFACE_SIDE_STYLE('',(#26770));
#26790=SURFACE_STYLE_USAGE(.BOTH.,#26780);
#26800=PRESENTATION_STYLE_ASSIGNMENT((#26790));
#26810=CARTESIAN_POINT('',(283.1,14.4,-3.79585252119341E-13));
#26820=DIRECTION('',(0.,1.,3.33066907387547E-16));
#26830=DIRECTION('',(-1.,-1.10933564796705E-31,3.33066907387547E-16));
#26840=AXIS2_PLACEMENT_3D('',#26810,#26820,#26830);
#26850=PLANE('',#26840);
#26860=CARTESIAN_POINT('',(291.9,14.4,-3.82582854285829E-13));
#26870=DIRECTION('',(3.33066907387547E-16,-3.33066907387547E-16,1.));
#26880=VECTOR('',#26870,1.);
#26890=LINE('',#26860,#26880);
#26900=EDGE_CURVE('',#8890,#21070,#26890,.T.);
#26910=ORIENTED_EDGE('',*,*,#26900,.F.);
#26920=ORIENTED_EDGE('',*,*,#21080,.T.);
#26930=ORIENTED_EDGE('',*,*,#26610,.T.);
#26940=ORIENTED_EDGE('',*,*,#9000,.T.);
#26950=EDGE_LOOP('',(#26940,#26930,#26920,#26910));
#26960=FACE_OUTER_BOUND('',#26950,.T.);
#26970=ADVANCED_FACE('',(#26960),#26850,.T.);
#26980=COLOUR_RGB('',0.823529481887817,0.823529481887817,
0.784313797950745);
#26990=FILL_AREA_STYLE_COLOUR('',#26980);
#27000=FILL_AREA_STYLE('',(#26990));
#27010=SURFACE_STYLE_FILL_AREA(#27000);
#27020=SURFACE_SIDE_STYLE('',(#27010));
#27030=SURFACE_STYLE_USAGE(.BOTH.,#27020);
#27040=PRESENTATION_STYLE_ASSIGNMENT((#27030));
#27050=CARTESIAN_POINT('',(291.9,17.5,-3.81583653563666E-13));
#27060=DIRECTION('',(3.33066907387547E-16,-3.33066907387547E-16,1.));
#27070=DIRECTION('',(1.,1.10933564796705E-31,-3.33066907387547E-16));
#27080=AXIS2_PLACEMENT_3D('',#27050,#27060,#27070);
#27090=CYLINDRICAL_SURFACE('',#27080,3.1);
#27100=CARTESIAN_POINT('',(291.9,20.6,-3.80584452841504E-13));
#27110=DIRECTION('',(3.33066907387547E-16,-3.33066907387547E-16,1.));
#27120=VECTOR('',#27110,1.);
#27130=LINE('',#27100,#27120);
#27140=EDGE_CURVE('',#8910,#21160,#27130,.T.);
#27150=ORIENTED_EDGE('',*,*,#27140,.F.);
#27160=ORIENTED_EDGE('',*,*,#21170,.T.);
#27170=ORIENTED_EDGE('',*,*,#26900,.T.);
#27180=ORIENTED_EDGE('',*,*,#8920,.F.);
#27190=EDGE_LOOP('',(#27180,#27170,#27160,#27150));
#27200=FACE_OUTER_BOUND('',#27190,.T.);
#27210=ADVANCED_FACE('',(#27200),#27090,.F.);
#27220=COLOUR_RGB('',0.823529481887817,0.823529481887817,
0.784313797950745);
#27230=FILL_AREA_STYLE_COLOUR('',#27220);
#27240=FILL_AREA_STYLE('',(#27230));
#27250=SURFACE_STYLE_FILL_AREA(#27240);
#27260=SURFACE_SIDE_STYLE('',(#27250));
#27270=SURFACE_STYLE_USAGE(.BOTH.,#27260);
#27280=PRESENTATION_STYLE_ASSIGNMENT((#27270));
#27290=CARTESIAN_POINT('',(291.9,20.6,-3.80584452841504E-13));
#27300=DIRECTION('',(0.,-1.,-3.33066907387547E-16));
#27310=DIRECTION('',(1.,1.10933564796705E-31,-3.33066907387547E-16));
#27320=AXIS2_PLACEMENT_3D('',#27290,#27300,#27310);
#27330=PLANE('',#27320);
#27340=ORIENTED_EDGE('',*,*,#26680,.F.);
#27350=ORIENTED_EDGE('',*,*,#21230,.T.);
#27360=ORIENTED_EDGE('',*,*,#27140,.T.);
#27370=ORIENTED_EDGE('',*,*,#9150,.T.);
#27380=EDGE_LOOP('',(#27370,#27360,#27350,#27340));
#27390=FACE_OUTER_BOUND('',#27380,.T.);
#27400=ADVANCED_FACE('',(#27390),#27330,.T.);
#27410=COLOUR_RGB('',0.823529481887817,0.823529481887817,
0.784313797950745);
#27420=FILL_AREA_STYLE_COLOUR('',#27410);
#27430=FILL_AREA_STYLE('',(#27420));
#27440=SURFACE_STYLE_FILL_AREA(#27430);
#27450=SURFACE_SIDE_STYLE('',(#27440));
#27460=SURFACE_STYLE_USAGE(.BOTH.,#27450);
#27470=PRESENTATION_STYLE_ASSIGNMENT((#27460));
#27480=CARTESIAN_POINT('',(458.1,17.5,-4.36872760189999E-13));
#27490=DIRECTION('',(3.33066907387547E-16,-3.33066907387547E-16,1.));
#27500=DIRECTION('',(1.,1.10933564796705E-31,-3.33066907387547E-16));
#27510=AXIS2_PLACEMENT_3D('',#27480,#27490,#27500);
#27520=CYLINDRICAL_SURFACE('',#27510,3.1);
#27530=CARTESIAN_POINT('',(458.1,14.4,-4.37871960912162E-13));
#27540=DIRECTION('',(3.33066907387547E-16,-3.33066907387547E-16,1.));
#27550=VECTOR('',#27540,1.);
#27560=LINE('',#27530,#27550);
#27570=EDGE_CURVE('',#6120,#21350,#27560,.T.);
#27580=ORIENTED_EDGE('',*,*,#27570,.F.);
#27590=ORIENTED_EDGE('',*,*,#21360,.T.);
#27600=CARTESIAN_POINT('',(458.1,20.6,-4.35873559467836E-13));
#27610=DIRECTION('',(3.33066907387547E-16,-3.33066907387547E-16,1.));
#27620=VECTOR('',#27610,1.);
#27630=LINE('',#27600,#27620);
#27640=EDGE_CURVE('',#6210,#21330,#27630,.T.);
#27650=ORIENTED_EDGE('',*,*,#27640,.T.);
#27660=ORIENTED_EDGE('',*,*,#6220,.F.);
#27670=EDGE_LOOP('',(#27660,#27650,#27590,#27580));
#27680=FACE_OUTER_BOUND('',#27670,.T.);
#27690=ADVANCED_FACE('',(#27680),#27520,.F.);
#27700=COLOUR_RGB('',0.823529481887817,0.823529481887817,
0.784313797950745);
#27710=FILL_AREA_STYLE_COLOUR('',#27700);
#27720=FILL_AREA_STYLE('',(#27710));
#27730=SURFACE_STYLE_FILL_AREA(#27720);
#27740=SURFACE_SIDE_STYLE('',(#27730));
#27750=SURFACE_STYLE_USAGE(.BOTH.,#27740);
#27760=PRESENTATION_STYLE_ASSIGNMENT((#27750));
#27770=CARTESIAN_POINT('',(458.1,14.4,-4.37871960912162E-13));
#27780=DIRECTION('',(0.,1.,3.33066907387547E-16));
#27790=DIRECTION('',(-1.,-1.10933564796705E-31,3.33066907387547E-16));
#27800=AXIS2_PLACEMENT_3D('',#27770,#27780,#27790);
#27810=PLANE('',#27800);
#27820=CARTESIAN_POINT('',(466.9,14.4,-4.4086956307865E-13));
#27830=DIRECTION('',(3.33066907387547E-16,-3.33066907387547E-16,1.));
#27840=VECTOR('',#27830,1.);
#27850=LINE('',#27820,#27840);
#27860=EDGE_CURVE('',#6100,#21430,#27850,.T.);
#27870=ORIENTED_EDGE('',*,*,#27860,.F.);
#27880=ORIENTED_EDGE('',*,*,#21440,.T.);
#27890=ORIENTED_EDGE('',*,*,#27570,.T.);
#27900=ORIENTED_EDGE('',*,*,#6130,.T.);
#27910=EDGE_LOOP('',(#27900,#27890,#27880,#27870));
#27920=FACE_OUTER_BOUND('',#27910,.T.);
#27930=ADVANCED_FACE('',(#27920),#27810,.T.);
#27940=COLOUR_RGB('',0.823529481887817,0.823529481887817,
0.784313797950745);
#27950=FILL_AREA_STYLE_COLOUR('',#27940);
#27960=FILL_AREA_STYLE('',(#27950));
#27970=SURFACE_STYLE_FILL_AREA(#27960);
#27980=SURFACE_SIDE_STYLE('',(#27970));
#27990=SURFACE_STYLE_USAGE(.BOTH.,#27980);
#28000=PRESENTATION_STYLE_ASSIGNMENT((#27990));
#28010=CARTESIAN_POINT('',(466.9,17.5,-4.39870362356487E-13));
#28020=DIRECTION('',(3.33066907387547E-16,-3.33066907387547E-16,1.));
#28030=DIRECTION('',(1.,1.10933564796705E-31,-3.33066907387547E-16));
#28040=AXIS2_PLACEMENT_3D('',#28010,#28020,#28030);
#28050=CYLINDRICAL_SURFACE('',#28040,3.1);
#28060=CARTESIAN_POINT('',(466.9,20.6,-4.38871161634324E-13));
#28070=DIRECTION('',(3.33066907387547E-16,-3.33066907387547E-16,1.));
#28080=VECTOR('',#28070,1.);
#28090=LINE('',#28060,#28080);
#28100=EDGE_CURVE('',#6290,#21520,#28090,.T.);
#28110=ORIENTED_EDGE('',*,*,#28100,.F.);
#28120=ORIENTED_EDGE('',*,*,#21530,.T.);
#28130=ORIENTED_EDGE('',*,*,#27860,.T.);
#28140=ORIENTED_EDGE('',*,*,#6370,.F.);
#28150=EDGE_LOOP('',(#28140,#28130,#28120,#28110));
#28160=FACE_OUTER_BOUND('',#28150,.T.);
#28170=ADVANCED_FACE('',(#28160),#28050,.F.);
#28180=COLOUR_RGB('',0.823529481887817,0.823529481887817,
0.784313797950745);
#28190=FILL_AREA_STYLE_COLOUR('',#28180);
#28200=FILL_AREA_STYLE('',(#28190));
#28210=SURFACE_STYLE_FILL_AREA(#28200);
#28220=SURFACE_SIDE_STYLE('',(#28210));
#28230=SURFACE_STYLE_USAGE(.BOTH.,#28220);
#28240=PRESENTATION_STYLE_ASSIGNMENT((#28230));
#28250=CARTESIAN_POINT('',(466.9,20.6,-4.38871161634324E-13));
#28260=DIRECTION('',(0.,-1.,-3.33066907387547E-16));
#28270=DIRECTION('',(1.,1.10933564796705E-31,-3.33066907387547E-16));
#28280=AXIS2_PLACEMENT_3D('',#28250,#28260,#28270);
#28290=PLANE('',#28280);
#28300=ORIENTED_EDGE('',*,*,#27640,.F.);
#28310=ORIENTED_EDGE('',*,*,#21590,.T.);
#28320=ORIENTED_EDGE('',*,*,#28100,.T.);
#28330=ORIENTED_EDGE('',*,*,#6300,.T.);
#28340=EDGE_LOOP('',(#28330,#28320,#28310,#28300));
#28350=FACE_OUTER_BOUND('',#28340,.T.);
#28360=ADVANCED_FACE('',(#28350),#28290,.T.);
#28370=COLOUR_RGB('',0.823529481887817,0.823529481887817,
0.784313797950745);
#28380=FILL_AREA_STYLE_COLOUR('',#28370);
#28390=FILL_AREA_STYLE('',(#28380));
#28400=SURFACE_STYLE_FILL_AREA(#28390);
#28410=SURFACE_SIDE_STYLE('',(#28400));
#28420=SURFACE_STYLE_USAGE(.BOTH.,#28410);
#28430=PRESENTATION_STYLE_ASSIGNMENT((#28420));
#28440=CARTESIAN_POINT('',(183.1,17.5,-3.45279360658424E-13));
#28450=DIRECTION('',(3.33066907387547E-16,-3.33066907387547E-16,1.));
#28460=DIRECTION('',(1.,1.10933564796705E-31,-3.33066907387547E-16));
#28470=AXIS2_PLACEMENT_3D('',#28440,#28450,#28460);
#28480=CYLINDRICAL_SURFACE('',#28470,3.1);
#28490=CARTESIAN_POINT('',(183.1,14.4,-3.46278561380586E-13));
#28500=DIRECTION('',(3.33066907387547E-16,-3.33066907387547E-16,1.));
#28510=VECTOR('',#28500,1.);
#28520=LINE('',#28490,#28510);
#28530=EDGE_CURVE('',#5040,#14930,#28520,.T.);
#28540=ORIENTED_EDGE('',*,*,#28530,.F.);
#28550=ORIENTED_EDGE('',*,*,#14940,.T.);
#28560=CARTESIAN_POINT('',(183.1,20.6,-3.44280159936261E-13));
#28570=DIRECTION('',(3.33066907387547E-16,-3.33066907387547E-16,1.));
#28580=VECTOR('',#28570,1.);
#28590=LINE('',#28560,#28580);
#28600=EDGE_CURVE('',#5130,#14910,#28590,.T.);
#28610=ORIENTED_EDGE('',*,*,#28600,.T.);
#28620=ORIENTED_EDGE('',*,*,#5140,.F.);
#28630=EDGE_LOOP('',(#28620,#28610,#28550,#28540));
#28640=FACE_OUTER_BOUND('',#28630,.T.);
#28650=ADVANCED_FACE('',(#28640),#28480,.F.);
#28660=COLOUR_RGB('',0.823529481887817,0.823529481887817,
0.784313797950745);
#28670=FILL_AREA_STYLE_COLOUR('',#28660);
#28680=FILL_AREA_STYLE('',(#28670));
#28690=SURFACE_STYLE_FILL_AREA(#28680);
#28700=SURFACE_SIDE_STYLE('',(#28690));
#28710=SURFACE_STYLE_USAGE(.BOTH.,#28700);
#28720=PRESENTATION_STYLE_ASSIGNMENT((#28710));
#28730=CARTESIAN_POINT('',(183.1,14.4,-3.46278561380586E-13));
#28740=DIRECTION('',(0.,1.,3.33066907387547E-16));
#28750=DIRECTION('',(-1.,-1.10933564796705E-31,3.33066907387547E-16));
#28760=AXIS2_PLACEMENT_3D('',#28730,#28740,#28750);
#28770=PLANE('',#28760);
#28780=CARTESIAN_POINT('',(191.9,14.4,-3.49276163547074E-13));
#28790=DIRECTION('',(3.33066907387547E-16,-3.33066907387547E-16,1.));
#28800=VECTOR('',#28790,1.);
#28810=LINE('',#28780,#28800);
#28820=EDGE_CURVE('',#5020,#15010,#28810,.T.);
#28830=ORIENTED_EDGE('',*,*,#28820,.F.);
#28840=ORIENTED_EDGE('',*,*,#15020,.T.);
#28850=ORIENTED_EDGE('',*,*,#28530,.T.);
#28860=ORIENTED_EDGE('',*,*,#5050,.T.);
#28870=EDGE_LOOP('',(#28860,#28850,#28840,#28830));
#28880=FACE_OUTER_BOUND('',#28870,.T.);
#28890=ADVANCED_FACE('',(#28880),#28770,.T.);
#28900=COLOUR_RGB('',0.823529481887817,0.823529481887817,
0.784313797950745);
#28910=FILL_AREA_STYLE_COLOUR('',#28900);
#28920=FILL_AREA_STYLE('',(#28910));
#28930=SURFACE_STYLE_FILL_AREA(#28920);
#28940=SURFACE_SIDE_STYLE('',(#28930));
#28950=SURFACE_STYLE_USAGE(.BOTH.,#28940);
#28960=PRESENTATION_STYLE_ASSIGNMENT((#28950));
#28970=CARTESIAN_POINT('',(191.9,17.5,-3.48276962824912E-13));
#28980=DIRECTION('',(3.33066907387547E-16,-3.33066907387547E-16,1.));
#28990=DIRECTION('',(1.,1.10933564796705E-31,-3.33066907387547E-16));
#29000=AXIS2_PLACEMENT_3D('',#28970,#28980,#28990);
#29010=CYLINDRICAL_SURFACE('',#29000,3.1);
#29020=CARTESIAN_POINT('',(191.9,20.6,-3.47277762102749E-13));
#29030=DIRECTION('',(3.33066907387547E-16,-3.33066907387547E-16,1.));
#29040=VECTOR('',#29030,1.);
#29050=LINE('',#29020,#29040);
#29060=EDGE_CURVE('',#5210,#15100,#29050,.T.);
#29070=ORIENTED_EDGE('',*,*,#29060,.F.);
#29080=ORIENTED_EDGE('',*,*,#15110,.T.);
#29090=ORIENTED_EDGE('',*,*,#28820,.T.);
#29100=ORIENTED_EDGE('',*,*,#5290,.F.);
#29110=EDGE_LOOP('',(#29100,#29090,#29080,#29070));
#29120=FACE_OUTER_BOUND('',#29110,.T.);
#29130=ADVANCED_FACE('',(#29120),#29010,.F.);
#29140=COLOUR_RGB('',0.823529481887817,0.823529481887817,
0.784313797950745);
#29150=FILL_AREA_STYLE_COLOUR('',#29140);
#29160=FILL_AREA_STYLE('',(#29150));
#29170=SURFACE_STYLE_FILL_AREA(#29160);
#29180=SURFACE_SIDE_STYLE('',(#29170));
#29190=SURFACE_STYLE_USAGE(.BOTH.,#29180);
#29200=PRESENTATION_STYLE_ASSIGNMENT((#29190));
#29210=CARTESIAN_POINT('',(191.9,20.6,-3.47277762102749E-13));
#29220=DIRECTION('',(0.,-1.,-3.33066907387547E-16));
#29230=DIRECTION('',(1.,1.10933564796705E-31,-3.33066907387547E-16));
#29240=AXIS2_PLACEMENT_3D('',#29210,#29220,#29230);
#29250=PLANE('',#29240);
#29260=ORIENTED_EDGE('',*,*,#28600,.F.);
#29270=ORIENTED_EDGE('',*,*,#15170,.T.);
#29280=ORIENTED_EDGE('',*,*,#29060,.T.);
#29290=ORIENTED_EDGE('',*,*,#5220,.T.);
#29300=EDGE_LOOP('',(#29290,#29280,#29270,#29260));
#29310=FACE_OUTER_BOUND('',#29300,.T.);
#29320=ADVANCED_FACE('',(#29310),#29250,.T.);
#29330=COLOUR_RGB('',0.823529481887817,0.823529481887817,
0.784313797950745);
#29340=FILL_AREA_STYLE_COLOUR('',#29330);
#29350=FILL_AREA_STYLE('',(#29340));
#29360=SURFACE_STYLE_FILL_AREA(#29350);
#29370=SURFACE_SIDE_STYLE('',(#29360));
#29380=SURFACE_STYLE_USAGE(.BOTH.,#29370);
#29390=PRESENTATION_STYLE_ASSIGNMENT((#29380));
#29400=CARTESIAN_POINT('',(241.9,17.5,-3.64930308194289E-13));
#29410=DIRECTION('',(3.33066907387547E-16,-3.33066907387547E-16,1.));
#29420=DIRECTION('',(1.,1.10933564796705E-31,-3.33066907387547E-16));
#29430=AXIS2_PLACEMENT_3D('',#29400,#29410,#29420);
#29440=CYLINDRICAL_SURFACE('',#29430,3.1);
#29450=CARTESIAN_POINT('',(241.9,20.6,-3.63931107472126E-13));
#29460=DIRECTION('',(3.33066907387547E-16,-3.33066907387547E-16,1.));
#29470=VECTOR('',#29460,1.);
#29480=LINE('',#29450,#29470);
#29490=EDGE_CURVE('',#7830,#15260,#29480,.T.);
#29500=ORIENTED_EDGE('',*,*,#29490,.F.);
#29510=ORIENTED_EDGE('',*,*,#15530,.T.);
#29520=CARTESIAN_POINT('',(241.9,14.4,-3.65929508916452E-13));
#29530=DIRECTION('',(3.33066907387547E-16,-3.33066907387547E-16,1.));
#29540=VECTOR('',#29530,1.);
#29550=LINE('',#29520,#29540);
#29560=EDGE_CURVE('',#7810,#15450,#29550,.T.);
#29570=ORIENTED_EDGE('',*,*,#29560,.T.);
#29580=ORIENTED_EDGE('',*,*,#7840,.F.);
#29590=EDGE_LOOP('',(#29580,#29570,#29510,#29500));
#29600=FACE_OUTER_BOUND('',#29590,.T.);
#29610=ADVANCED_FACE('',(#29600),#29440,.F.);
#29620=COLOUR_RGB('',0.823529481887817,0.823529481887817,
0.784313797950745);
#29630=FILL_AREA_STYLE_COLOUR('',#29620);
#29640=FILL_AREA_STYLE('',(#29630));
#29650=SURFACE_STYLE_FILL_AREA(#29640);
#29660=SURFACE_SIDE_STYLE('',(#29650));
#29670=SURFACE_STYLE_USAGE(.BOTH.,#29660);
#29680=PRESENTATION_STYLE_ASSIGNMENT((#29670));
#29690=CARTESIAN_POINT('',(233.1,14.4,-3.62931906749964E-13));
#29700=DIRECTION('',(0.,1.,3.33066907387547E-16));
#29710=DIRECTION('',(-1.,-1.10933564796705E-31,3.33066907387547E-16));
#29720=AXIS2_PLACEMENT_3D('',#29690,#29700,#29710);
#29730=PLANE('',#29720);
#29740=ORIENTED_EDGE('',*,*,#29560,.F.);
#29750=ORIENTED_EDGE('',*,*,#15460,.T.);
#29760=CARTESIAN_POINT('',(233.1,14.4,-3.62931906749964E-13));
#29770=DIRECTION('',(3.33066907387547E-16,-3.33066907387547E-16,1.));
#29780=VECTOR('',#29770,1.);
#29790=LINE('',#29760,#29780);
#29800=EDGE_CURVE('',#7910,#15370,#29790,.T.);
#29810=ORIENTED_EDGE('',*,*,#29800,.T.);
#29820=ORIENTED_EDGE('',*,*,#7920,.T.);
#29830=EDGE_LOOP('',(#29820,#29810,#29750,#29740));
#29840=FACE_OUTER_BOUND('',#29830,.T.);
#29850=ADVANCED_FACE('',(#29840),#29730,.T.);
#29860=COLOUR_RGB('',0.823529481887817,0.823529481887817,
0.784313797950745);
#29870=FILL_AREA_STYLE_COLOUR('',#29860);
#29880=FILL_AREA_STYLE('',(#29870));
#29890=SURFACE_STYLE_FILL_AREA(#29880);
#29900=SURFACE_SIDE_STYLE('',(#29890));
#29910=SURFACE_STYLE_USAGE(.BOTH.,#29900);
#29920=PRESENTATION_STYLE_ASSIGNMENT((#29910));
#29930=CARTESIAN_POINT('',(233.1,17.5,-3.61932706027801E-13));
#29940=DIRECTION('',(3.33066907387547E-16,-3.33066907387547E-16,1.));
#29950=DIRECTION('',(1.,1.10933564796705E-31,-3.33066907387547E-16));
#29960=AXIS2_PLACEMENT_3D('',#29930,#29940,#29950);
#29970=CYLINDRICAL_SURFACE('',#29960,3.1);
#29980=ORIENTED_EDGE('',*,*,#29800,.F.);
#29990=ORIENTED_EDGE('',*,*,#15380,.T.);
#30000=CARTESIAN_POINT('',(233.1,20.6,-3.60933505305638E-13));
#30010=DIRECTION('',(3.33066907387547E-16,-3.33066907387547E-16,1.));
#30020=VECTOR('',#30010,1.);
#30030=LINE('',#30000,#30020);
#30040=EDGE_CURVE('',#8000,#15280,#30030,.T.);
#30050=ORIENTED_EDGE('',*,*,#30040,.T.);
#30060=ORIENTED_EDGE('',*,*,#8010,.F.);
#30070=EDGE_LOOP('',(#30060,#30050,#29990,#29980));
#30080=FACE_OUTER_BOUND('',#30070,.T.);
#30090=ADVANCED_FACE('',(#30080),#29970,.F.);
#30100=COLOUR_RGB('',0.823529481887817,0.823529481887817,
0.784313797950745);
#30110=FILL_AREA_STYLE_COLOUR('',#30100);
#30120=FILL_AREA_STYLE('',(#30110));
#30130=SURFACE_STYLE_FILL_AREA(#30120);
#30140=SURFACE_SIDE_STYLE('',(#30130));
#30150=SURFACE_STYLE_USAGE(.BOTH.,#30140);
#30160=PRESENTATION_STYLE_ASSIGNMENT((#30150));
#30170=CARTESIAN_POINT('',(241.9,20.6,-3.63931107472126E-13));
#30180=DIRECTION('',(0.,-1.,-3.33066907387547E-16));
#30190=DIRECTION('',(1.,1.10933564796705E-31,-3.33066907387547E-16));
#30200=AXIS2_PLACEMENT_3D('',#30170,#30180,#30190);
#30210=PLANE('',#30200);
#30220=ORIENTED_EDGE('',*,*,#30040,.F.);
#30230=ORIENTED_EDGE('',*,*,#15290,.T.);
#30240=ORIENTED_EDGE('',*,*,#29490,.T.);
#30250=ORIENTED_EDGE('',*,*,#8070,.T.);
#30260=EDGE_LOOP('',(#30250,#30240,#30230,#30220));
#30270=FACE_OUTER_BOUND('',#30260,.T.);
#30280=ADVANCED_FACE('',(#30270),#30210,.T.);
#30290=COLOUR_RGB('',0.823529481887817,0.823529481887817,
0.784313797950745);
#30300=FILL_AREA_STYLE_COLOUR('',#30290);
#30310=FILL_AREA_STYLE('',(#30300));
#30320=SURFACE_STYLE_FILL_AREA(#30310);
#30330=SURFACE_SIDE_STYLE('',(#30320));
#30340=SURFACE_STYLE_USAGE(.BOTH.,#30330);
#30350=PRESENTATION_STYLE_ASSIGNMENT((#30340));
#30360=CARTESIAN_POINT('',(483.1,17.5,-4.45199432874688E-13));
#30370=DIRECTION('',(3.33066907387547E-16,-3.33066907387547E-16,1.));
#30380=DIRECTION('',(1.,1.10933564796705E-31,-3.33066907387547E-16));
#30390=AXIS2_PLACEMENT_3D('',#30360,#30370,#30380);
#30400=CYLINDRICAL_SURFACE('',#30390,3.1);
#30410=CARTESIAN_POINT('',(483.1,14.4,-4.4619863359685E-13));
#30420=DIRECTION('',(3.33066907387547E-16,-3.33066907387547E-16,1.));
#30430=VECTOR('',#30420,1.);
#30440=LINE('',#30410,#30430);
#30450=EDGE_CURVE('',#6840,#15650,#30440,.T.);
#30460=ORIENTED_EDGE('',*,*,#30450,.F.);
#30470=ORIENTED_EDGE('',*,*,#15660,.T.);
#30480=CARTESIAN_POINT('',(483.1,20.6,-4.44200232152525E-13));
#30490=DIRECTION('',(3.33066907387547E-16,-3.33066907387547E-16,1.));
#30500=VECTOR('',#30490,1.);
#30510=LINE('',#30480,#30500);
#30520=EDGE_CURVE('',#6930,#15630,#30510,.T.);
#30530=ORIENTED_EDGE('',*,*,#30520,.T.);
#30540=ORIENTED_EDGE('',*,*,#6940,.F.);
#30550=EDGE_LOOP('',(#30540,#30530,#30470,#30460));
#30560=FACE_OUTER_BOUND('',#30550,.T.);
#30570=ADVANCED_FACE('',(#30560),#30400,.F.);
#30580=COLOUR_RGB('',0.823529481887817,0.823529481887817,
0.784313797950745);
#30590=FILL_AREA_STYLE_COLOUR('',#30580);
#30600=FILL_AREA_STYLE('',(#30590));
#30610=SURFACE_STYLE_FILL_AREA(#30600);
#30620=SURFACE_SIDE_STYLE('',(#30610));
#30630=SURFACE_STYLE_USAGE(.BOTH.,#30620);
#30640=PRESENTATION_STYLE_ASSIGNMENT((#30630));
#30650=CARTESIAN_POINT('',(483.1,14.4,-4.4619863359685E-13));
#30660=DIRECTION('',(0.,1.,3.33066907387547E-16));
#30670=DIRECTION('',(-1.,-1.10933564796705E-31,3.33066907387547E-16));
#30680=AXIS2_PLACEMENT_3D('',#30650,#30660,#30670);
#30690=PLANE('',#30680);
#30700=CARTESIAN_POINT('',(491.9,14.4,-4.49196235763338E-13));
#30710=DIRECTION('',(3.33066907387547E-16,-3.33066907387547E-16,1.));
#30720=VECTOR('',#30710,1.);
#30730=LINE('',#30700,#30720);
#30740=EDGE_CURVE('',#6820,#15730,#30730,.T.);
#30750=ORIENTED_EDGE('',*,*,#30740,.F.);
#30760=ORIENTED_EDGE('',*,*,#15740,.T.);
#30770=ORIENTED_EDGE('',*,*,#30450,.T.);
#30780=ORIENTED_EDGE('',*,*,#6850,.T.);
#30790=EDGE_LOOP('',(#30780,#30770,#30760,#30750));
#30800=FACE_OUTER_BOUND('',#30790,.T.);
#30810=ADVANCED_FACE('',(#30800),#30690,.T.);
#30820=COLOUR_RGB('',0.823529481887817,0.823529481887817,
0.784313797950745);
#30830=FILL_AREA_STYLE_COLOUR('',#30820);
#30840=FILL_AREA_STYLE('',(#30830));
#30850=SURFACE_STYLE_FILL_AREA(#30840);
#30860=SURFACE_SIDE_STYLE('',(#30850));
#30870=SURFACE_STYLE_USAGE(.BOTH.,#30860);
#30880=PRESENTATION_STYLE_ASSIGNMENT((#30870));
#30890=CARTESIAN_POINT('',(491.9,17.5,-4.48197035041176E-13));
#30900=DIRECTION('',(3.33066907387547E-16,-3.33066907387547E-16,1.));
#30910=DIRECTION('',(1.,1.10933564796705E-31,-3.33066907387547E-16));
#30920=AXIS2_PLACEMENT_3D('',#30890,#30900,#30910);
#30930=CYLINDRICAL_SURFACE('',#30920,3.1);
#30940=CARTESIAN_POINT('',(491.9,20.6,-4.47197834319013E-13));
#30950=DIRECTION('',(3.33066907387547E-16,-3.33066907387547E-16,1.));
#30960=VECTOR('',#30950,1.);
#30970=LINE('',#30940,#30960);
#30980=EDGE_CURVE('',#7010,#15820,#30970,.T.);
#30990=ORIENTED_EDGE('',*,*,#30980,.F.);
#31000=ORIENTED_EDGE('',*,*,#15830,.T.);
#31010=ORIENTED_EDGE('',*,*,#30740,.T.);
#31020=ORIENTED_EDGE('',*,*,#7090,.F.);
#31030=EDGE_LOOP('',(#31020,#31010,#31000,#30990));
#31040=FACE_OUTER_BOUND('',#31030,.T.);
#31050=ADVANCED_FACE('',(#31040),#30930,.F.);
#31060=COLOUR_RGB('',0.823529481887817,0.823529481887817,
0.784313797950745);
#31070=FILL_AREA_STYLE_COLOUR('',#31060);
#31080=FILL_AREA_STYLE('',(#31070));
#31090=SURFACE_STYLE_FILL_AREA(#31080);
#31100=SURFACE_SIDE_STYLE('',(#31090));
#31110=SURFACE_STYLE_USAGE(.BOTH.,#31100);
#31120=PRESENTATION_STYLE_ASSIGNMENT((#31110));
#31130=CARTESIAN_POINT('',(491.9,20.6,-4.47197834319013E-13));
#31140=DIRECTION('',(0.,-1.,-3.33066907387547E-16));
#31150=DIRECTION('',(1.,1.10933564796705E-31,-3.33066907387547E-16));
#31160=AXIS2_PLACEMENT_3D('',#31130,#31140,#31150);
#31170=PLANE('',#31160);
#31180=ORIENTED_EDGE('',*,*,#30520,.F.);
#31190=ORIENTED_EDGE('',*,*,#15890,.T.);
#31200=ORIENTED_EDGE('',*,*,#30980,.T.);
#31210=ORIENTED_EDGE('',*,*,#7020,.T.);
#31220=EDGE_LOOP('',(#31210,#31200,#31190,#31180));
#31230=FACE_OUTER_BOUND('',#31220,.T.);
#31240=ADVANCED_FACE('',(#31230),#31170,.T.);
#31250=COLOUR_RGB('',0.823529481887817,0.823529481887817,
0.784313797950745);
#31260=FILL_AREA_STYLE_COLOUR('',#31250);
#31270=FILL_AREA_STYLE('',(#31260));
#31280=SURFACE_STYLE_FILL_AREA(#31270);
#31290=SURFACE_SIDE_STYLE('',(#31280));
#31300=SURFACE_STYLE_USAGE(.BOTH.,#31290);
#31310=PRESENTATION_STYLE_ASSIGNMENT((#31300));
#31320=CARTESIAN_POINT('',(66.9,17.5,-3.06643599401468E-13));
#31330=DIRECTION('',(3.33066907387547E-16,-3.33066907387547E-16,1.));
#31340=DIRECTION('',(1.,1.10933564796705E-31,-3.33066907387547E-16));
#31350=AXIS2_PLACEMENT_3D('',#31320,#31330,#31340);
#31360=CYLINDRICAL_SURFACE('',#31350,3.1);
#31370=CARTESIAN_POINT('',(66.9,20.6,-3.05644398679306E-13));
#31380=DIRECTION('',(3.33066907387547E-16,-3.33066907387547E-16,1.));
#31390=VECTOR('',#31380,1.);
#31400=LINE('',#31370,#31390);
#31410=EDGE_CURVE('',#8550,#15980,#31400,.T.);
#31420=ORIENTED_EDGE('',*,*,#31410,.F.);
#31430=ORIENTED_EDGE('',*,*,#16250,.T.);
#31440=CARTESIAN_POINT('',(66.9,14.4,-3.07642800123631E-13));
#31450=DIRECTION('',(3.33066907387547E-16,-3.33066907387547E-16,1.));
#31460=VECTOR('',#31450,1.);
#31470=LINE('',#31440,#31460);
#31480=EDGE_CURVE('',#8530,#16170,#31470,.T.);
#31490=ORIENTED_EDGE('',*,*,#31480,.T.);
#31500=ORIENTED_EDGE('',*,*,#8560,.F.);
#31510=EDGE_LOOP('',(#31500,#31490,#31430,#31420));
#31520=FACE_OUTER_BOUND('',#31510,.T.);
#31530=ADVANCED_FACE('',(#31520),#31360,.F.);
#31540=COLOUR_RGB('',0.823529481887817,0.823529481887817,
0.784313797950745);
#31550=FILL_AREA_STYLE_COLOUR('',#31540);
#31560=FILL_AREA_STYLE('',(#31550));
#31570=SURFACE_STYLE_FILL_AREA(#31560);
#31580=SURFACE_SIDE_STYLE('',(#31570));
#31590=SURFACE_STYLE_USAGE(.BOTH.,#31580);
#31600=PRESENTATION_STYLE_ASSIGNMENT((#31590));
#31610=CARTESIAN_POINT('',(58.1,14.4,-3.04645197957143E-13));
#31620=DIRECTION('',(0.,1.,3.33066907387547E-16));
#31630=DIRECTION('',(-1.,-1.10933564796705E-31,3.33066907387547E-16));
#31640=AXIS2_PLACEMENT_3D('',#31610,#31620,#31630);
#31650=PLANE('',#31640);
#31660=ORIENTED_EDGE('',*,*,#31480,.F.);
#31670=ORIENTED_EDGE('',*,*,#16180,.T.);
#31680=CARTESIAN_POINT('',(58.1,14.4,-3.04645197957143E-13));
#31690=DIRECTION('',(3.33066907387547E-16,-3.33066907387547E-16,1.));
#31700=VECTOR('',#31690,1.);
#31710=LINE('',#31680,#31700);
#31720=EDGE_CURVE('',#8630,#16090,#31710,.T.);
#31730=ORIENTED_EDGE('',*,*,#31720,.T.);
#31740=ORIENTED_EDGE('',*,*,#8640,.T.);
#31750=EDGE_LOOP('',(#31740,#31730,#31670,#31660));
#31760=FACE_OUTER_BOUND('',#31750,.T.);
#31770=ADVANCED_FACE('',(#31760),#31650,.T.);
#31780=COLOUR_RGB('',0.823529481887817,0.823529481887817,
0.784313797950745);
#31790=FILL_AREA_STYLE_COLOUR('',#31780);
#31800=FILL_AREA_STYLE('',(#31790));
#31810=SURFACE_STYLE_FILL_AREA(#31800);
#31820=SURFACE_SIDE_STYLE('',(#31810));
#31830=SURFACE_STYLE_USAGE(.BOTH.,#31820);
#31840=PRESENTATION_STYLE_ASSIGNMENT((#31830));
#31850=CARTESIAN_POINT('',(58.1,17.5,-3.0364599723498E-13));
#31860=DIRECTION('',(3.33066907387547E-16,-3.33066907387547E-16,1.));
#31870=DIRECTION('',(1.,1.10933564796705E-31,-3.33066907387547E-16));
#31880=AXIS2_PLACEMENT_3D('',#31850,#31860,#31870);
#31890=CYLINDRICAL_SURFACE('',#31880,3.1);
#31900=ORIENTED_EDGE('',*,*,#31720,.F.);
#31910=ORIENTED_EDGE('',*,*,#16100,.T.);
#31920=CARTESIAN_POINT('',(58.1,20.6,-3.02646796512818E-13));
#31930=DIRECTION('',(3.33066907387547E-16,-3.33066907387547E-16,1.));
#31940=VECTOR('',#31930,1.);
#31950=LINE('',#31920,#31940);
#31960=EDGE_CURVE('',#8720,#16000,#31950,.T.);
#31970=ORIENTED_EDGE('',*,*,#31960,.T.);
#31980=ORIENTED_EDGE('',*,*,#8730,.F.);
#31990=EDGE_LOOP('',(#31980,#31970,#31910,#31900));
#32000=FACE_OUTER_BOUND('',#31990,.T.);
#32010=ADVANCED_FACE('',(#32000),#31890,.F.);
#32020=COLOUR_RGB('',0.823529481887817,0.823529481887817,
0.784313797950745);
#32030=FILL_AREA_STYLE_COLOUR('',#32020);
#32040=FILL_AREA_STYLE('',(#32030));
#32050=SURFACE_STYLE_FILL_AREA(#32040);
#32060=SURFACE_SIDE_STYLE('',(#32050));
#32070=SURFACE_STYLE_USAGE(.BOTH.,#32060);
#32080=PRESENTATION_STYLE_ASSIGNMENT((#32070));
#32090=CARTESIAN_POINT('',(66.9,20.6,-3.05644398679306E-13));
#32100=DIRECTION('',(0.,-1.,-3.33066907387547E-16));
#32110=DIRECTION('',(1.,1.10933564796705E-31,-3.33066907387547E-16));
#32120=AXIS2_PLACEMENT_3D('',#32090,#32100,#32110);
#32130=PLANE('',#32120);
#32140=ORIENTED_EDGE('',*,*,#31960,.F.);
#32150=ORIENTED_EDGE('',*,*,#16010,.T.);
#32160=ORIENTED_EDGE('',*,*,#31410,.T.);
#32170=ORIENTED_EDGE('',*,*,#8790,.T.);
#32180=EDGE_LOOP('',(#32170,#32160,#32150,#32140));
#32190=FACE_OUTER_BOUND('',#32180,.T.);
#32200=ADVANCED_FACE('',(#32190),#32130,.T.);
#32210=COLOUR_RGB('',0.823529481887817,0.823529481887817,
0.784313797950745);
#32220=FILL_AREA_STYLE_COLOUR('',#32210);
#32230=FILL_AREA_STYLE('',(#32220));
#32240=SURFACE_STYLE_FILL_AREA(#32230);
#32250=SURFACE_SIDE_STYLE('',(#32240));
#32260=SURFACE_STYLE_USAGE(.BOTH.,#32250);
#32270=PRESENTATION_STYLE_ASSIGNMENT((#32260));
#32280=CARTESIAN_POINT('',(16.9,17.5,-2.89990254032091E-13));
#32290=DIRECTION('',(3.33066907387547E-16,-3.33066907387547E-16,1.));
#32300=DIRECTION('',(1.,1.10933564796705E-31,-3.33066907387547E-16));
#32310=AXIS2_PLACEMENT_3D('',#32280,#32290,#32300);
#32320=CYLINDRICAL_SURFACE('',#32310,3.1);
#32330=CARTESIAN_POINT('',(16.9,20.6,-2.88991053309928E-13));
#32340=DIRECTION('',(3.33066907387547E-16,-3.33066907387547E-16,1.));
#32350=VECTOR('',#32340,1.);
#32360=LINE('',#32330,#32350);
#32370=EDGE_CURVE('',#9630,#16340,#32360,.T.);
#32380=ORIENTED_EDGE('',*,*,#32370,.F.);
#32390=ORIENTED_EDGE('',*,*,#16610,.T.);
#32400=CARTESIAN_POINT('',(16.9,14.4,-2.90989454754254E-13));
#32410=DIRECTION('',(3.33066907387547E-16,-3.33066907387547E-16,1.));
#32420=VECTOR('',#32410,1.);
#32430=LINE('',#32400,#32420);
#32440=EDGE_CURVE('',#9610,#16530,#32430,.T.);
#32450=ORIENTED_EDGE('',*,*,#32440,.T.);
#32460=ORIENTED_EDGE('',*,*,#9640,.F.);
#32470=EDGE_LOOP('',(#32460,#32450,#32390,#32380));
#32480=FACE_OUTER_BOUND('',#32470,.T.);
#32490=ADVANCED_FACE('',(#32480),#32320,.F.);
#32500=COLOUR_RGB('',0.823529481887817,0.823529481887817,
0.784313797950745);
#32510=FILL_AREA_STYLE_COLOUR('',#32500);
#32520=FILL_AREA_STYLE('',(#32510));
#32530=SURFACE_STYLE_FILL_AREA(#32520);
#32540=SURFACE_SIDE_STYLE('',(#32530));
#32550=SURFACE_STYLE_USAGE(.BOTH.,#32540);
#32560=PRESENTATION_STYLE_ASSIGNMENT((#32550));
#32570=CARTESIAN_POINT('',(8.10000000000002,14.4,-2.87991852587766E-13))
;
#32580=DIRECTION('',(0.,1.,3.33066907387547E-16));
#32590=DIRECTION('',(-1.,-1.10933564796705E-31,3.33066907387547E-16));
#32600=AXIS2_PLACEMENT_3D('',#32570,#32580,#32590);
#32610=PLANE('',#32600);
#32620=ORIENTED_EDGE('',*,*,#32440,.F.);
#32630=ORIENTED_EDGE('',*,*,#16540,.T.);
#32640=CARTESIAN_POINT('',(8.10000000000002,14.4,-2.87991852587766E-13))
;
#32650=DIRECTION('',(3.33066907387547E-16,-3.33066907387547E-16,1.));
#32660=VECTOR('',#32650,1.);
#32670=LINE('',#32640,#32660);
#32680=EDGE_CURVE('',#9710,#16450,#32670,.T.);
#32690=ORIENTED_EDGE('',*,*,#32680,.T.);
#32700=ORIENTED_EDGE('',*,*,#9720,.T.);
#32710=EDGE_LOOP('',(#32700,#32690,#32630,#32620));
#32720=FACE_OUTER_BOUND('',#32710,.T.);
#32730=ADVANCED_FACE('',(#32720),#32610,.T.);
#32740=COLOUR_RGB('',0.823529481887817,0.823529481887817,
0.784313797950745);
#32750=FILL_AREA_STYLE_COLOUR('',#32740);
#32760=FILL_AREA_STYLE('',(#32750));
#32770=SURFACE_STYLE_FILL_AREA(#32760);
#32780=SURFACE_SIDE_STYLE('',(#32770));
#32790=SURFACE_STYLE_USAGE(.BOTH.,#32780);
#32800=PRESENTATION_STYLE_ASSIGNMENT((#32790));
#32810=CARTESIAN_POINT('',(8.10000000000002,17.5,-2.86992651865603E-13))
;
#32820=DIRECTION('',(3.33066907387547E-16,-3.33066907387547E-16,1.));
#32830=DIRECTION('',(1.,1.10933564796705E-31,-3.33066907387547E-16));
#32840=AXIS2_PLACEMENT_3D('',#32810,#32820,#32830);
#32850=CYLINDRICAL_SURFACE('',#32840,3.1);
#32860=ORIENTED_EDGE('',*,*,#32680,.F.);
#32870=ORIENTED_EDGE('',*,*,#16460,.T.);
#32880=CARTESIAN_POINT('',(8.10000000000002,20.6,-2.8599345114344E-13));
#32890=DIRECTION('',(3.33066907387547E-16,-3.33066907387547E-16,1.));
#32900=VECTOR('',#32890,1.);
#32910=LINE('',#32880,#32900);
#32920=EDGE_CURVE('',#9800,#16360,#32910,.T.);
#32930=ORIENTED_EDGE('',*,*,#32920,.T.);
#32940=ORIENTED_EDGE('',*,*,#9810,.F.);
#32950=EDGE_LOOP('',(#32940,#32930,#32870,#32860));
#32960=FACE_OUTER_BOUND('',#32950,.T.);
#32970=ADVANCED_FACE('',(#32960),#32850,.F.);
#32980=COLOUR_RGB('',0.823529481887817,0.823529481887817,
0.784313797950745);
#32990=FILL_AREA_STYLE_COLOUR('',#32980);
#33000=FILL_AREA_STYLE('',(#32990));
#33010=SURFACE_STYLE_FILL_AREA(#33000);
#33020=SURFACE_SIDE_STYLE('',(#33010));
#33030=SURFACE_STYLE_USAGE(.BOTH.,#33020);
#33040=PRESENTATION_STYLE_ASSIGNMENT((#33030));
#33050=CARTESIAN_POINT('',(16.9,20.6,-2.88991053309928E-13));
#33060=DIRECTION('',(0.,-1.,-3.33066907387547E-16));
#33070=DIRECTION('',(1.,1.10933564796705E-31,-3.33066907387547E-16));
#33080=AXIS2_PLACEMENT_3D('',#33050,#33060,#33070);
#33090=PLANE('',#33080);
#33100=ORIENTED_EDGE('',*,*,#32920,.F.);
#33110=ORIENTED_EDGE('',*,*,#16370,.T.);
#33120=ORIENTED_EDGE('',*,*,#32370,.T.);
#33130=ORIENTED_EDGE('',*,*,#9870,.T.);
#33140=EDGE_LOOP('',(#33130,#33120,#33110,#33100));
#33150=FACE_OUTER_BOUND('',#33140,.T.);
#33160=ADVANCED_FACE('',(#33150),#33090,.T.);
#33170=COLOUR_RGB('',0.823529481887817,0.823529481887817,
0.784313797950745);
#33180=FILL_AREA_STYLE_COLOUR('',#33170);
#33190=FILL_AREA_STYLE('',(#33180));
#33200=SURFACE_STYLE_FILL_AREA(#33190);
#33210=SURFACE_SIDE_STYLE('',(#33200));
#33220=SURFACE_STYLE_USAGE(.BOTH.,#33210);
#33230=PRESENTATION_STYLE_ASSIGNMENT((#33220));
#33240=CARTESIAN_POINT('',(308.1,14.4,-3.8791192480403E-13));
#33250=DIRECTION('',(0.,1.,3.33066907387547E-16));
#33260=DIRECTION('',(-1.,-1.10933564796705E-31,3.33066907387547E-16));
#33270=AXIS2_PLACEMENT_3D('',#33240,#33250,#33260);
#33280=PLANE('',#33270);
#33290=CARTESIAN_POINT('',(316.9,14.4,-3.90909526970518E-13));
#33300=DIRECTION('',(3.33066907387547E-16,-3.33066907387547E-16,1.));
#33310=VECTOR('',#33300,1.);
#33320=LINE('',#33290,#33310);
#33330=EDGE_CURVE('',#7450,#16710,#33320,.T.);
#33340=ORIENTED_EDGE('',*,*,#33330,.F.);
#33350=ORIENTED_EDGE('',*,*,#16970,.T.);
#33360=CARTESIAN_POINT('',(308.1,14.4,-3.8791192480403E-13));
#33370=DIRECTION('',(3.33066907387547E-16,-3.33066907387547E-16,1.));
#33380=VECTOR('',#33370,1.);
#33390=LINE('',#33360,#33380);
#33400=EDGE_CURVE('',#7550,#16900,#33390,.T.);
#33410=ORIENTED_EDGE('',*,*,#33400,.T.);
#33420=ORIENTED_EDGE('',*,*,#7560,.T.);
#33430=EDGE_LOOP('',(#33420,#33410,#33350,#33340));
#33440=FACE_OUTER_BOUND('',#33430,.T.);
#33450=ADVANCED_FACE('',(#33440),#33280,.T.);
#33460=COLOUR_RGB('',0.823529481887817,0.823529481887817,
0.784313797950745);
#33470=FILL_AREA_STYLE_COLOUR('',#33460);
#33480=FILL_AREA_STYLE('',(#33470));
#33490=SURFACE_STYLE_FILL_AREA(#33480);
#33500=SURFACE_SIDE_STYLE('',(#33490));
#33510=SURFACE_STYLE_USAGE(.BOTH.,#33500);
#33520=PRESENTATION_STYLE_ASSIGNMENT((#33510));
#33530=CARTESIAN_POINT('',(308.1,17.5,-3.86912724081867E-13));
#33540=DIRECTION('',(3.33066907387547E-16,-3.33066907387547E-16,1.));
#33550=DIRECTION('',(1.,1.10933564796705E-31,-3.33066907387547E-16));
#33560=AXIS2_PLACEMENT_3D('',#33530,#33540,#33550);
#33570=CYLINDRICAL_SURFACE('',#33560,3.1);
#33580=ORIENTED_EDGE('',*,*,#33400,.F.);
#33590=ORIENTED_EDGE('',*,*,#16910,.T.);
#33600=CARTESIAN_POINT('',(308.1,20.6,-3.85913523359704E-13));
#33610=DIRECTION('',(3.33066907387547E-16,-3.33066907387547E-16,1.));
#33620=VECTOR('',#33610,1.);
#33630=LINE('',#33600,#33620);
#33640=EDGE_CURVE('',#7640,#16810,#33630,.T.);
#33650=ORIENTED_EDGE('',*,*,#33640,.T.);
#33660=ORIENTED_EDGE('',*,*,#7650,.F.);
#33670=EDGE_LOOP('',(#33660,#33650,#33590,#33580));
#33680=FACE_OUTER_BOUND('',#33670,.T.);
#33690=ADVANCED_FACE('',(#33680),#33570,.F.);
#33700=COLOUR_RGB('',0.823529481887817,0.823529481887817,
0.784313797950745);
#33710=FILL_AREA_STYLE_COLOUR('',#33700);
#33720=FILL_AREA_STYLE('',(#33710));
#33730=SURFACE_STYLE_FILL_AREA(#33720);
#33740=SURFACE_SIDE_STYLE('',(#33730));
#33750=SURFACE_STYLE_USAGE(.BOTH.,#33740);
#33760=PRESENTATION_STYLE_ASSIGNMENT((#33750));
#33770=CARTESIAN_POINT('',(316.9,20.6,-3.88911125526192E-13));
#33780=DIRECTION('',(0.,-1.,-3.33066907387547E-16));
#33790=DIRECTION('',(1.,1.10933564796705E-31,-3.33066907387547E-16));
#33800=AXIS2_PLACEMENT_3D('',#33770,#33780,#33790);
#33810=PLANE('',#33800);
#33820=ORIENTED_EDGE('',*,*,#33640,.F.);
#33830=ORIENTED_EDGE('',*,*,#16820,.T.);
#33840=CARTESIAN_POINT('',(316.9,20.6,-3.88911125526192E-13));
#33850=DIRECTION('',(3.33066907387547E-16,-3.33066907387547E-16,1.));
#33860=VECTOR('',#33850,1.);
#33870=LINE('',#33840,#33860);
#33880=EDGE_CURVE('',#7470,#16730,#33870,.T.);
#33890=ORIENTED_EDGE('',*,*,#33880,.T.);
#33900=ORIENTED_EDGE('',*,*,#7710,.T.);
#33910=EDGE_LOOP('',(#33900,#33890,#33830,#33820));
#33920=FACE_OUTER_BOUND('',#33910,.T.);
#33930=ADVANCED_FACE('',(#33920),#33810,.T.);
#33940=COLOUR_RGB('',0.823529481887817,0.823529481887817,
0.784313797950745);
#33950=FILL_AREA_STYLE_COLOUR('',#33940);
#33960=FILL_AREA_STYLE('',(#33950));
#33970=SURFACE_STYLE_FILL_AREA(#33960);
#33980=SURFACE_SIDE_STYLE('',(#33970));
#33990=SURFACE_STYLE_USAGE(.BOTH.,#33980);
#34000=PRESENTATION_STYLE_ASSIGNMENT((#33990));
#34010=CARTESIAN_POINT('',(316.9,17.5,-3.89910326248355E-13));
#34020=DIRECTION('',(3.33066907387547E-16,-3.33066907387547E-16,1.));
#34030=DIRECTION('',(1.,1.10933564796705E-31,-3.33066907387547E-16));
#34040=AXIS2_PLACEMENT_3D('',#34010,#34020,#34030);
#34050=CYLINDRICAL_SURFACE('',#34040,3.1);
#34060=ORIENTED_EDGE('',*,*,#33880,.F.);
#34070=ORIENTED_EDGE('',*,*,#16740,.T.);
#34080=ORIENTED_EDGE('',*,*,#33330,.T.);
#34090=ORIENTED_EDGE('',*,*,#7480,.F.);
#34100=EDGE_LOOP('',(#34090,#34080,#34070,#34060));
#34110=FACE_OUTER_BOUND('',#34100,.T.);
#34120=ADVANCED_FACE('',(#34110),#34050,.F.);
#34130=COLOUR_RGB('',0.823529481887817,0.823529481887817,
0.784313797950745);
#34140=FILL_AREA_STYLE_COLOUR('',#34130);
#34150=FILL_AREA_STYLE('',(#34140));
#34160=SURFACE_STYLE_FILL_AREA(#34150);
#34170=SURFACE_SIDE_STYLE('',(#34160));
#34180=SURFACE_STYLE_USAGE(.BOTH.,#34170);
#34190=PRESENTATION_STYLE_ASSIGNMENT((#34180));
#34200=CARTESIAN_POINT('',(408.1,17.5,-4.20219414820622E-13));
#34210=DIRECTION('',(3.33066907387547E-16,-3.33066907387547E-16,1.));
#34220=DIRECTION('',(1.,1.10933564796705E-31,-3.33066907387547E-16));
#34230=AXIS2_PLACEMENT_3D('',#34200,#34210,#34220);
#34240=CYLINDRICAL_SURFACE('',#34230,3.1);
#34250=CARTESIAN_POINT('',(408.1,14.4,-4.21218615542784E-13));
#34260=DIRECTION('',(3.33066907387547E-16,-3.33066907387547E-16,1.));
#34270=VECTOR('',#34260,1.);
#34280=LINE('',#34250,#34270);
#34290=EDGE_CURVE('',#5760,#17090,#34280,.T.);
#34300=ORIENTED_EDGE('',*,*,#34290,.F.);
#34310=ORIENTED_EDGE('',*,*,#17100,.T.);
#34320=CARTESIAN_POINT('',(408.1,20.6,-4.19220214098459E-13));
#34330=DIRECTION('',(3.33066907387547E-16,-3.33066907387547E-16,1.));
#34340=VECTOR('',#34330,1.);
#34350=LINE('',#34320,#34340);
#34360=EDGE_CURVE('',#5850,#17070,#34350,.T.);
#34370=ORIENTED_EDGE('',*,*,#34360,.T.);
#34380=ORIENTED_EDGE('',*,*,#5860,.F.);
#34390=EDGE_LOOP('',(#34380,#34370,#34310,#34300));
#34400=FACE_OUTER_BOUND('',#34390,.T.);
#34410=ADVANCED_FACE('',(#34400),#34240,.F.);
#34420=COLOUR_RGB('',0.823529481887817,0.823529481887817,
0.784313797950745);
#34430=FILL_AREA_STYLE_COLOUR('',#34420);
#34440=FILL_AREA_STYLE('',(#34430));
#34450=SURFACE_STYLE_FILL_AREA(#34440);
#34460=SURFACE_SIDE_STYLE('',(#34450));
#34470=SURFACE_STYLE_USAGE(.BOTH.,#34460);
#34480=PRESENTATION_STYLE_ASSIGNMENT((#34470));
#34490=CARTESIAN_POINT('',(408.1,14.4,-4.21218615542784E-13));
#34500=DIRECTION('',(0.,1.,3.33066907387547E-16));
#34510=DIRECTION('',(-1.,-1.10933564796705E-31,3.33066907387547E-16));
#34520=AXIS2_PLACEMENT_3D('',#34490,#34500,#34510);
#34530=PLANE('',#34520);
#34540=CARTESIAN_POINT('',(416.9,14.4,-4.24216217709272E-13));
#34550=DIRECTION('',(3.33066907387547E-16,-3.33066907387547E-16,1.));
#34560=VECTOR('',#34550,1.);
#34570=LINE('',#34540,#34560);
#34580=EDGE_CURVE('',#5740,#17170,#34570,.T.);
#34590=ORIENTED_EDGE('',*,*,#34580,.F.);
#34600=ORIENTED_EDGE('',*,*,#17180,.T.);
#34610=ORIENTED_EDGE('',*,*,#34290,.T.);
#34620=ORIENTED_EDGE('',*,*,#5770,.T.);
#34630=EDGE_LOOP('',(#34620,#34610,#34600,#34590));
#34640=FACE_OUTER_BOUND('',#34630,.T.);
#34650=ADVANCED_FACE('',(#34640),#34530,.T.);
#34660=COLOUR_RGB('',0.823529481887817,0.823529481887817,
0.784313797950745);
#34670=FILL_AREA_STYLE_COLOUR('',#34660);
#34680=FILL_AREA_STYLE('',(#34670));
#34690=SURFACE_STYLE_FILL_AREA(#34680);
#34700=SURFACE_SIDE_STYLE('',(#34690));
#34710=SURFACE_STYLE_USAGE(.BOTH.,#34700);
#34720=PRESENTATION_STYLE_ASSIGNMENT((#34710));
#34730=CARTESIAN_POINT('',(416.9,17.5,-4.2321701698711E-13));
#34740=DIRECTION('',(3.33066907387547E-16,-3.33066907387547E-16,1.));
#34750=DIRECTION('',(1.,1.10933564796705E-31,-3.33066907387547E-16));
#34760=AXIS2_PLACEMENT_3D('',#34730,#34740,#34750);
#34770=CYLINDRICAL_SURFACE('',#34760,3.1);
#34780=CARTESIAN_POINT('',(416.9,20.6,-4.22217816264947E-13));
#34790=DIRECTION('',(3.33066907387547E-16,-3.33066907387547E-16,1.));
#34800=VECTOR('',#34790,1.);
#34810=LINE('',#34780,#34800);
#34820=EDGE_CURVE('',#5930,#17260,#34810,.T.);
#34830=ORIENTED_EDGE('',*,*,#34820,.F.);
#34840=ORIENTED_EDGE('',*,*,#17270,.T.);
#34850=ORIENTED_EDGE('',*,*,#34580,.T.);
#34860=ORIENTED_EDGE('',*,*,#6010,.F.);
#34870=EDGE_LOOP('',(#34860,#34850,#34840,#34830));
#34880=FACE_OUTER_BOUND('',#34870,.T.);
#34890=ADVANCED_FACE('',(#34880),#34770,.F.);
#34900=COLOUR_RGB('',0.823529481887817,0.823529481887817,
0.784313797950745);
#34910=FILL_AREA_STYLE_COLOUR('',#34900);
#34920=FILL_AREA_STYLE('',(#34910));
#34930=SURFACE_STYLE_FILL_AREA(#34920);
#34940=SURFACE_SIDE_STYLE('',(#34930));
#34950=SURFACE_STYLE_USAGE(.BOTH.,#34940);
#34960=PRESENTATION_STYLE_ASSIGNMENT((#34950));
#34970=CARTESIAN_POINT('',(416.9,20.6,-4.22217816264947E-13));
#34980=DIRECTION('',(0.,-1.,-3.33066907387547E-16));
#34990=DIRECTION('',(1.,1.10933564796705E-31,-3.33066907387547E-16));
#35000=AXIS2_PLACEMENT_3D('',#34970,#34980,#34990);
#35010=PLANE('',#35000);
#35020=ORIENTED_EDGE('',*,*,#34360,.F.);
#35030=ORIENTED_EDGE('',*,*,#17330,.T.);
#35040=ORIENTED_EDGE('',*,*,#34820,.T.);
#35050=ORIENTED_EDGE('',*,*,#5940,.T.);
#35060=EDGE_LOOP('',(#35050,#35040,#35030,#35020));
#35070=FACE_OUTER_BOUND('',#35060,.T.);
#35080=ADVANCED_FACE('',(#35070),#35010,.T.);
#35090=COLOUR_RGB('',0.823529481887817,0.823529481887817,
0.784313797950745);
#35100=FILL_AREA_STYLE_COLOUR('',#35090);
#35110=FILL_AREA_STYLE('',(#35100));
#35120=SURFACE_STYLE_FILL_AREA(#35110);
#35130=SURFACE_SIDE_STYLE('',(#35120));
#35140=SURFACE_STYLE_USAGE(.BOTH.,#35130);
#35150=PRESENTATION_STYLE_ASSIGNMENT((#35140));
#35160=CARTESIAN_POINT('',(33.1,17.5,-2.95319324550292E-13));
#35170=DIRECTION('',(3.33066907387547E-16,-3.33066907387547E-16,1.));
#35180=DIRECTION('',(1.,1.10933564796705E-31,-3.33066907387547E-16));
#35190=AXIS2_PLACEMENT_3D('',#35160,#35170,#35180);
#35200=CYLINDRICAL_SURFACE('',#35190,3.1);
#35210=CARTESIAN_POINT('',(33.1,14.4,-2.96318525272454E-13));
#35220=DIRECTION('',(3.33066907387547E-16,-3.33066907387547E-16,1.));
#35230=VECTOR('',#35220,1.);
#35240=LINE('',#35210,#35230);
#35250=EDGE_CURVE('',#11060,#17450,#35240,.T.);
#35260=ORIENTED_EDGE('',*,*,#35250,.F.);
#35270=ORIENTED_EDGE('',*,*,#17460,.T.);
#35280=CARTESIAN_POINT('',(33.1,20.6,-2.94320123828129E-13));
#35290=DIRECTION('',(3.33066907387547E-16,-3.33066907387547E-16,1.));
#35300=VECTOR('',#35290,1.);
#35310=LINE('',#35280,#35300);
#35320=EDGE_CURVE('',#11150,#17430,#35310,.T.);
#35330=ORIENTED_EDGE('',*,*,#35320,.T.);
#35340=ORIENTED_EDGE('',*,*,#11160,.F.);
#35350=EDGE_LOOP('',(#35340,#35330,#35270,#35260));
#35360=FACE_OUTER_BOUND('',#35350,.T.);
#35370=ADVANCED_FACE('',(#35360),#35200,.F.);
#35380=COLOUR_RGB('',0.823529481887817,0.823529481887817,
0.784313797950745);
#35390=FILL_AREA_STYLE_COLOUR('',#35380);
#35400=FILL_AREA_STYLE('',(#35390));
#35410=SURFACE_STYLE_FILL_AREA(#35400);
#35420=SURFACE_SIDE_STYLE('',(#35410));
#35430=SURFACE_STYLE_USAGE(.BOTH.,#35420);
#35440=PRESENTATION_STYLE_ASSIGNMENT((#35430));
#35450=CARTESIAN_POINT('',(33.1,14.4,-2.96318525272454E-13));
#35460=DIRECTION('',(0.,1.,3.33066907387547E-16));
#35470=DIRECTION('',(-1.,-1.10933564796705E-31,3.33066907387547E-16));
#35480=AXIS2_PLACEMENT_3D('',#35450,#35460,#35470);
#35490=PLANE('',#35480);
#35500=CARTESIAN_POINT('',(41.9,14.4,-2.99316127438942E-13));
#35510=DIRECTION('',(3.33066907387547E-16,-3.33066907387547E-16,1.));
#35520=VECTOR('',#35510,1.);
#35530=LINE('',#35500,#35520);
#35540=EDGE_CURVE('',#10960,#17530,#35530,.T.);
#35550=ORIENTED_EDGE('',*,*,#35540,.F.);
#35560=ORIENTED_EDGE('',*,*,#17540,.T.);
#35570=ORIENTED_EDGE('',*,*,#35250,.T.);
#35580=ORIENTED_EDGE('',*,*,#11070,.T.);
#35590=EDGE_LOOP('',(#35580,#35570,#35560,#35550));
#35600=FACE_OUTER_BOUND('',#35590,.T.);
#35610=ADVANCED_FACE('',(#35600),#35490,.T.);
#35620=COLOUR_RGB('',0.823529481887817,0.823529481887817,
0.784313797950745);
#35630=FILL_AREA_STYLE_COLOUR('',#35620);
#35640=FILL_AREA_STYLE('',(#35630));
#35650=SURFACE_STYLE_FILL_AREA(#35640);
#35660=SURFACE_SIDE_STYLE('',(#35650));
#35670=SURFACE_STYLE_USAGE(.BOTH.,#35660);
#35680=PRESENTATION_STYLE_ASSIGNMENT((#35670));
#35690=CARTESIAN_POINT('',(41.9,17.5,-2.9831692671678E-13));
#35700=DIRECTION('',(3.33066907387547E-16,-3.33066907387547E-16,1.));
#35710=DIRECTION('',(1.,1.10933564796705E-31,-3.33066907387547E-16));
#35720=AXIS2_PLACEMENT_3D('',#35690,#35700,#35710);
#35730=CYLINDRICAL_SURFACE('',#35720,3.1);
#35740=CARTESIAN_POINT('',(41.9,20.6,-2.97317725994617E-13));
#35750=DIRECTION('',(3.33066907387547E-16,-3.33066907387547E-16,1.));
#35760=VECTOR('',#35750,1.);
#35770=LINE('',#35740,#35760);
#35780=EDGE_CURVE('',#10980,#17620,#35770,.T.);
#35790=ORIENTED_EDGE('',*,*,#35780,.F.);
#35800=ORIENTED_EDGE('',*,*,#17630,.T.);
#35810=ORIENTED_EDGE('',*,*,#35540,.T.);
#35820=ORIENTED_EDGE('',*,*,#10990,.F.);
#35830=EDGE_LOOP('',(#35820,#35810,#35800,#35790));
#35840=FACE_OUTER_BOUND('',#35830,.T.);
#35850=ADVANCED_FACE('',(#35840),#35730,.F.);
#35860=COLOUR_RGB('',0.823529481887817,0.823529481887817,
0.784313797950745);
#35870=FILL_AREA_STYLE_COLOUR('',#35860);
#35880=FILL_AREA_STYLE('',(#35870));
#35890=SURFACE_STYLE_FILL_AREA(#35880);
#35900=SURFACE_SIDE_STYLE('',(#35890));
#35910=SURFACE_STYLE_USAGE(.BOTH.,#35900);
#35920=PRESENTATION_STYLE_ASSIGNMENT((#35910));
#35930=CARTESIAN_POINT('',(41.9,20.6,-2.97317725994617E-13));
#35940=DIRECTION('',(0.,-1.,-3.33066907387547E-16));
#35950=DIRECTION('',(1.,1.10933564796705E-31,-3.33066907387547E-16));
#35960=AXIS2_PLACEMENT_3D('',#35930,#35940,#35950);
#35970=PLANE('',#35960);
#35980=ORIENTED_EDGE('',*,*,#35320,.F.);
#35990=ORIENTED_EDGE('',*,*,#17690,.T.);
#36000=ORIENTED_EDGE('',*,*,#35780,.T.);
#36010=ORIENTED_EDGE('',*,*,#11220,.T.);
#36020=EDGE_LOOP('',(#36010,#36000,#35990,#35980));
#36030=FACE_OUTER_BOUND('',#36020,.T.);
#36040=ADVANCED_FACE('',(#36030),#35970,.T.);
#36050=COLOUR_RGB('',0.823529481887817,0.823529481887817,
0.784313797950745);
#36060=FILL_AREA_STYLE_COLOUR('',#36050);
#36070=FILL_AREA_STYLE('',(#36060));
#36080=SURFACE_STYLE_FILL_AREA(#36070);
#36090=SURFACE_SIDE_STYLE('',(#36080));
#36100=SURFACE_STYLE_USAGE(.BOTH.,#36090);
#36110=PRESENTATION_STYLE_ASSIGNMENT((#36100));
#36120=CARTESIAN_POINT('',(158.1,17.5,-3.36952687973735E-13));
#36130=DIRECTION('',(3.33066907387547E-16,-3.33066907387547E-16,1.));
#36140=DIRECTION('',(1.,1.10933564796705E-31,-3.33066907387547E-16));
#36150=AXIS2_PLACEMENT_3D('',#36120,#36130,#36140);
#36160=CYLINDRICAL_SURFACE('',#36150,3.1);
#36170=CARTESIAN_POINT('',(158.1,14.4,-3.37951888695898E-13));
#36180=DIRECTION('',(3.33066907387547E-16,-3.33066907387547E-16,1.));
#36190=VECTOR('',#36180,1.);
#36200=LINE('',#36170,#36190);
#36210=EDGE_CURVE('',#8270,#17810,#36200,.T.);
#36220=ORIENTED_EDGE('',*,*,#36210,.F.);
#36230=ORIENTED_EDGE('',*,*,#17820,.T.);
#36240=CARTESIAN_POINT('',(158.1,20.6,-3.35953487251572E-13));
#36250=DIRECTION('',(3.33066907387547E-16,-3.33066907387547E-16,1.));
#36260=VECTOR('',#36250,1.);
#36270=LINE('',#36240,#36260);
#36280=EDGE_CURVE('',#8360,#17790,#36270,.T.);
#36290=ORIENTED_EDGE('',*,*,#36280,.T.);
#36300=ORIENTED_EDGE('',*,*,#8370,.F.);
#36310=EDGE_LOOP('',(#36300,#36290,#36230,#36220));
#36320=FACE_OUTER_BOUND('',#36310,.T.);
#36330=ADVANCED_FACE('',(#36320),#36160,.F.);
#36340=COLOUR_RGB('',0.823529481887817,0.823529481887817,
0.784313797950745);
#36350=FILL_AREA_STYLE_COLOUR('',#36340);
#36360=FILL_AREA_STYLE('',(#36350));
#36370=SURFACE_STYLE_FILL_AREA(#36360);
#36380=SURFACE_SIDE_STYLE('',(#36370));
#36390=SURFACE_STYLE_USAGE(.BOTH.,#36380);
#36400=PRESENTATION_STYLE_ASSIGNMENT((#36390));
#36410=CARTESIAN_POINT('',(158.1,14.4,-3.37951888695898E-13));
#36420=DIRECTION('',(0.,1.,3.33066907387547E-16));
#36430=DIRECTION('',(-1.,-1.10933564796705E-31,3.33066907387547E-16));
#36440=AXIS2_PLACEMENT_3D('',#36410,#36420,#36430);
#36450=PLANE('',#36440);
#36460=CARTESIAN_POINT('',(166.9,14.4,-3.40949490862386E-13));
#36470=DIRECTION('',(3.33066907387547E-16,-3.33066907387547E-16,1.));
#36480=VECTOR('',#36470,1.);
#36490=LINE('',#36460,#36480);
#36500=EDGE_CURVE('',#8170,#17890,#36490,.T.);
#36510=ORIENTED_EDGE('',*,*,#36500,.F.);
#36520=ORIENTED_EDGE('',*,*,#17900,.T.);
#36530=ORIENTED_EDGE('',*,*,#36210,.T.);
#36540=ORIENTED_EDGE('',*,*,#8280,.T.);
#36550=EDGE_LOOP('',(#36540,#36530,#36520,#36510));
#36560=FACE_OUTER_BOUND('',#36550,.T.);
#36570=ADVANCED_FACE('',(#36560),#36450,.T.);
#36580=COLOUR_RGB('',0.823529481887817,0.823529481887817,
0.784313797950745);
#36590=FILL_AREA_STYLE_COLOUR('',#36580);
#36600=FILL_AREA_STYLE('',(#36590));
#36610=SURFACE_STYLE_FILL_AREA(#36600);
#36620=SURFACE_SIDE_STYLE('',(#36610));
#36630=SURFACE_STYLE_USAGE(.BOTH.,#36620);
#36640=PRESENTATION_STYLE_ASSIGNMENT((#36630));
#36650=CARTESIAN_POINT('',(166.9,17.5,-3.39950290140223E-13));
#36660=DIRECTION('',(3.33066907387547E-16,-3.33066907387547E-16,1.));
#36670=DIRECTION('',(1.,1.10933564796705E-31,-3.33066907387547E-16));
#36680=AXIS2_PLACEMENT_3D('',#36650,#36660,#36670);
#36690=CYLINDRICAL_SURFACE('',#36680,3.1);
#36700=CARTESIAN_POINT('',(166.9,20.6,-3.3895108941806E-13));
#36710=DIRECTION('',(3.33066907387547E-16,-3.33066907387547E-16,1.));
#36720=VECTOR('',#36710,1.);
#36730=LINE('',#36700,#36720);
#36740=EDGE_CURVE('',#8190,#17980,#36730,.T.);
#36750=ORIENTED_EDGE('',*,*,#36740,.F.);
#36760=ORIENTED_EDGE('',*,*,#17990,.T.);
#36770=ORIENTED_EDGE('',*,*,#36500,.T.);
#36780=ORIENTED_EDGE('',*,*,#8200,.F.);
#36790=EDGE_LOOP('',(#36780,#36770,#36760,#36750));
#36800=FACE_OUTER_BOUND('',#36790,.T.);
#36810=ADVANCED_FACE('',(#36800),#36690,.F.);
#36820=COLOUR_RGB('',0.823529481887817,0.823529481887817,
0.784313797950745);
#36830=FILL_AREA_STYLE_COLOUR('',#36820);
#36840=FILL_AREA_STYLE('',(#36830));
#36850=SURFACE_STYLE_FILL_AREA(#36840);
#36860=SURFACE_SIDE_STYLE('',(#36850));
#36870=SURFACE_STYLE_USAGE(.BOTH.,#36860);
#36880=PRESENTATION_STYLE_ASSIGNMENT((#36870));
#36890=CARTESIAN_POINT('',(166.9,20.6,-3.3895108941806E-13));
#36900=DIRECTION('',(0.,-1.,-3.33066907387547E-16));
#36910=DIRECTION('',(1.,1.10933564796705E-31,-3.33066907387547E-16));
#36920=AXIS2_PLACEMENT_3D('',#36890,#36900,#36910);
#36930=PLANE('',#36920);
#36940=ORIENTED_EDGE('',*,*,#36280,.F.);
#36950=ORIENTED_EDGE('',*,*,#18050,.T.);
#36960=ORIENTED_EDGE('',*,*,#36740,.T.);
#36970=ORIENTED_EDGE('',*,*,#8430,.T.);
#36980=EDGE_LOOP('',(#36970,#36960,#36950,#36940));
#36990=FACE_OUTER_BOUND('',#36980,.T.);
#37000=ADVANCED_FACE('',(#36990),#36930,.T.);
#37010=COLOUR_RGB('',0.823529481887817,0.823529481887817,
0.784313797950745);
#37020=FILL_AREA_STYLE_COLOUR('',#37010);
#37030=FILL_AREA_STYLE('',(#37020));
#37040=SURFACE_STYLE_FILL_AREA(#37030);
#37050=SURFACE_SIDE_STYLE('',(#37040));
#37060=SURFACE_STYLE_USAGE(.BOTH.,#37050);
#37070=PRESENTATION_STYLE_ASSIGNMENT((#37060));
#37080=CARTESIAN_POINT('',(383.1,17.5,-4.11892742135933E-13));
#37090=DIRECTION('',(3.33066907387547E-16,-3.33066907387547E-16,1.));
#37100=DIRECTION('',(1.,1.10933564796705E-31,-3.33066907387547E-16));
#37110=AXIS2_PLACEMENT_3D('',#37080,#37090,#37100);
#37120=CYLINDRICAL_SURFACE('',#37110,3.1);
#37130=CARTESIAN_POINT('',(383.1,14.4,-4.12891942858096E-13));
#37140=DIRECTION('',(3.33066907387547E-16,-3.33066907387547E-16,1.));
#37150=VECTOR('',#37140,1.);
#37160=LINE('',#37130,#37150);
#37170=EDGE_CURVE('',#9260,#18170,#37160,.T.);
#37180=ORIENTED_EDGE('',*,*,#37170,.F.);
#37190=ORIENTED_EDGE('',*,*,#18180,.T.);
#37200=CARTESIAN_POINT('',(383.1,20.6,-4.1089354141377E-13));
#37210=DIRECTION('',(3.33066907387547E-16,-3.33066907387547E-16,1.));
#37220=VECTOR('',#37210,1.);
#37230=LINE('',#37200,#37220);
#37240=EDGE_CURVE('',#9350,#18150,#37230,.T.);
#37250=ORIENTED_EDGE('',*,*,#37240,.T.);
#37260=ORIENTED_EDGE('',*,*,#9360,.F.);
#37270=EDGE_LOOP('',(#37260,#37250,#37190,#37180));
#37280=FACE_OUTER_BOUND('',#37270,.T.);
#37290=ADVANCED_FACE('',(#37280),#37120,.F.);
#37300=COLOUR_RGB('',0.823529481887817,0.823529481887817,
0.784313797950745);
#37310=FILL_AREA_STYLE_COLOUR('',#37300);
#37320=FILL_AREA_STYLE('',(#37310));
#37330=SURFACE_STYLE_FILL_AREA(#37320);
#37340=SURFACE_SIDE_STYLE('',(#37330));
#37350=SURFACE_STYLE_USAGE(.BOTH.,#37340);
#37360=PRESENTATION_STYLE_ASSIGNMENT((#37350));
#37370=CARTESIAN_POINT('',(383.1,14.4,-4.12891942858096E-13));
#37380=DIRECTION('',(0.,1.,3.33066907387547E-16));
#37390=DIRECTION('',(-1.,-1.10933564796705E-31,3.33066907387547E-16));
#37400=AXIS2_PLACEMENT_3D('',#37370,#37380,#37390);
#37410=PLANE('',#37400);
#37420=CARTESIAN_POINT('',(391.9,14.4,-4.15889545024584E-13));
#37430=DIRECTION('',(3.33066907387547E-16,-3.33066907387547E-16,1.));
#37440=VECTOR('',#37430,1.);
#37450=LINE('',#37420,#37440);
#37460=EDGE_CURVE('',#9240,#18250,#37450,.T.);
#37470=ORIENTED_EDGE('',*,*,#37460,.F.);
#37480=ORIENTED_EDGE('',*,*,#18260,.T.);
#37490=ORIENTED_EDGE('',*,*,#37170,.T.);
#37500=ORIENTED_EDGE('',*,*,#9270,.T.);
#37510=EDGE_LOOP('',(#37500,#37490,#37480,#37470));
#37520=FACE_OUTER_BOUND('',#37510,.T.);
#37530=ADVANCED_FACE('',(#37520),#37410,.T.);
#37540=COLOUR_RGB('',0.823529481887817,0.823529481887817,
0.784313797950745);
#37550=FILL_AREA_STYLE_COLOUR('',#37540);
#37560=FILL_AREA_STYLE('',(#37550));
#37570=SURFACE_STYLE_FILL_AREA(#37560);
#37580=SURFACE_SIDE_STYLE('',(#37570));
#37590=SURFACE_STYLE_USAGE(.BOTH.,#37580);
#37600=PRESENTATION_STYLE_ASSIGNMENT((#37590));
#37610=CARTESIAN_POINT('',(391.9,17.5,-4.14890344302421E-13));
#37620=DIRECTION('',(3.33066907387547E-16,-3.33066907387547E-16,1.));
#37630=DIRECTION('',(1.,1.10933564796705E-31,-3.33066907387547E-16));
#37640=AXIS2_PLACEMENT_3D('',#37610,#37620,#37630);
#37650=CYLINDRICAL_SURFACE('',#37640,3.1);
#37660=CARTESIAN_POINT('',(391.9,20.6,-4.13891143580258E-13));
#37670=DIRECTION('',(3.33066907387547E-16,-3.33066907387547E-16,1.));
#37680=VECTOR('',#37670,1.);
#37690=LINE('',#37660,#37680);
#37700=EDGE_CURVE('',#9430,#18340,#37690,.T.);
#37710=ORIENTED_EDGE('',*,*,#37700,.F.);
#37720=ORIENTED_EDGE('',*,*,#18350,.T.);
#37730=ORIENTED_EDGE('',*,*,#37460,.T.);
#37740=ORIENTED_EDGE('',*,*,#9510,.F.);
#37750=EDGE_LOOP('',(#37740,#37730,#37720,#37710));
#37760=FACE_OUTER_BOUND('',#37750,.T.);
#37770=ADVANCED_FACE('',(#37760),#37650,.F.);
#37780=COLOUR_RGB('',0.823529481887817,0.823529481887817,
0.784313797950745);
#37790=FILL_AREA_STYLE_COLOUR('',#37780);
#37800=FILL_AREA_STYLE('',(#37790));
#37810=SURFACE_STYLE_FILL_AREA(#37800);
#37820=SURFACE_SIDE_STYLE('',(#37810));
#37830=SURFACE_STYLE_USAGE(.BOTH.,#37820);
#37840=PRESENTATION_STYLE_ASSIGNMENT((#37830));
#37850=CARTESIAN_POINT('',(391.9,20.6,-4.13891143580258E-13));
#37860=DIRECTION('',(0.,-1.,-3.33066907387547E-16));
#37870=DIRECTION('',(1.,1.10933564796705E-31,-3.33066907387547E-16));
#37880=AXIS2_PLACEMENT_3D('',#37850,#37860,#37870);
#37890=PLANE('',#37880);
#37900=ORIENTED_EDGE('',*,*,#37240,.F.);
#37910=ORIENTED_EDGE('',*,*,#18410,.T.);
#37920=ORIENTED_EDGE('',*,*,#37700,.T.);
#37930=ORIENTED_EDGE('',*,*,#9440,.T.);
#37940=EDGE_LOOP('',(#37930,#37920,#37910,#37900));
#37950=FACE_OUTER_BOUND('',#37940,.T.);
#37960=ADVANCED_FACE('',(#37950),#37890,.T.);
#37970=COLOUR_RGB('',0.823529481887817,0.823529481887817,
0.784313797950745);
#37980=FILL_AREA_STYLE_COLOUR('',#37970);
#37990=FILL_AREA_STYLE('',(#37980));
#38000=SURFACE_STYLE_FILL_AREA(#37990);
#38010=SURFACE_SIDE_STYLE('',(#38000));
#38020=SURFACE_STYLE_USAGE(.BOTH.,#38010);
#38030=PRESENTATION_STYLE_ASSIGNMENT((#38020));
#38040=CARTESIAN_POINT('',(333.1,14.4,-3.96238597488718E-13));
#38050=DIRECTION('',(0.,1.,3.33066907387547E-16));
#38060=DIRECTION('',(-1.,-1.10933564796705E-31,3.33066907387547E-16));
#38070=AXIS2_PLACEMENT_3D('',#38040,#38050,#38060);
#38080=PLANE('',#38070);
#38090=CARTESIAN_POINT('',(341.9,14.4,-3.99236199655206E-13));
#38100=DIRECTION('',(3.33066907387547E-16,-3.33066907387547E-16,1.));
#38110=VECTOR('',#38100,1.);
#38120=LINE('',#38090,#38110);
#38130=EDGE_CURVE('',#10590,#18510,#38120,.T.);
#38140=ORIENTED_EDGE('',*,*,#38130,.F.);
#38150=ORIENTED_EDGE('',*,*,#18770,.T.);
#38160=CARTESIAN_POINT('',(333.1,14.4,-3.96238597488718E-13));
#38170=DIRECTION('',(3.33066907387547E-16,-3.33066907387547E-16,1.));
#38180=VECTOR('',#38170,1.);
#38190=LINE('',#38160,#38180);
#38200=EDGE_CURVE('',#10610,#18700,#38190,.T.);
#38210=ORIENTED_EDGE('',*,*,#38200,.T.);
#38220=ORIENTED_EDGE('',*,*,#10620,.T.);
#38230=EDGE_LOOP('',(#38220,#38210,#38150,#38140));
#38240=FACE_OUTER_BOUND('',#38230,.T.);
#38250=ADVANCED_FACE('',(#38240),#38080,.T.);
#38260=COLOUR_RGB('',0.823529481887817,0.823529481887817,
0.784313797950745);
#38270=FILL_AREA_STYLE_COLOUR('',#38260);
#38280=FILL_AREA_STYLE('',(#38270));
#38290=SURFACE_STYLE_FILL_AREA(#38280);
#38300=SURFACE_SIDE_STYLE('',(#38290));
#38310=SURFACE_STYLE_USAGE(.BOTH.,#38300);
#38320=PRESENTATION_STYLE_ASSIGNMENT((#38310));
#38330=CARTESIAN_POINT('',(333.1,17.5,-3.95239396766556E-13));
#38340=DIRECTION('',(3.33066907387547E-16,-3.33066907387547E-16,1.));
#38350=DIRECTION('',(1.,1.10933564796705E-31,-3.33066907387547E-16));
#38360=AXIS2_PLACEMENT_3D('',#38330,#38340,#38350);
#38370=CYLINDRICAL_SURFACE('',#38360,3.1);
#38380=ORIENTED_EDGE('',*,*,#38200,.F.);
#38390=ORIENTED_EDGE('',*,*,#18710,.T.);
#38400=CARTESIAN_POINT('',(333.1,20.6,-3.94240196044393E-13));
#38410=DIRECTION('',(3.33066907387547E-16,-3.33066907387547E-16,1.));
#38420=VECTOR('',#38410,1.);
#38430=LINE('',#38400,#38420);
#38440=EDGE_CURVE('',#10700,#18610,#38430,.T.);
#38450=ORIENTED_EDGE('',*,*,#38440,.T.);
#38460=ORIENTED_EDGE('',*,*,#10710,.F.);
#38470=EDGE_LOOP('',(#38460,#38450,#38390,#38380));
#38480=FACE_OUTER_BOUND('',#38470,.T.);
#38490=ADVANCED_FACE('',(#38480),#38370,.F.);
#38500=COLOUR_RGB('',0.823529481887817,0.823529481887817,
0.784313797950745);
#38510=FILL_AREA_STYLE_COLOUR('',#38500);
#38520=FILL_AREA_STYLE('',(#38510));
#38530=SURFACE_STYLE_FILL_AREA(#38520);
#38540=SURFACE_SIDE_STYLE('',(#38530));
#38550=SURFACE_STYLE_USAGE(.BOTH.,#38540);
#38560=PRESENTATION_STYLE_ASSIGNMENT((#38550));
#38570=CARTESIAN_POINT('',(341.9,20.6,-3.97237798210881E-13));
#38580=DIRECTION('',(0.,-1.,-3.33066907387547E-16));
#38590=DIRECTION('',(1.,1.10933564796705E-31,-3.33066907387547E-16));
#38600=AXIS2_PLACEMENT_3D('',#38570,#38580,#38590);
#38610=PLANE('',#38600);
#38620=ORIENTED_EDGE('',*,*,#38440,.F.);
#38630=ORIENTED_EDGE('',*,*,#18620,.T.);
#38640=CARTESIAN_POINT('',(341.9,20.6,-3.97237798210881E-13));
#38650=DIRECTION('',(3.33066907387547E-16,-3.33066907387547E-16,1.));
#38660=VECTOR('',#38650,1.);
#38670=LINE('',#38640,#38660);
#38680=EDGE_CURVE('',#10780,#18530,#38670,.T.);
#38690=ORIENTED_EDGE('',*,*,#38680,.T.);
#38700=ORIENTED_EDGE('',*,*,#10790,.T.);
#38710=EDGE_LOOP('',(#38700,#38690,#38630,#38620));
#38720=FACE_OUTER_BOUND('',#38710,.T.);
#38730=ADVANCED_FACE('',(#38720),#38610,.T.);
#38740=COLOUR_RGB('',0.823529481887817,0.823529481887817,
0.784313797950745);
#38750=FILL_AREA_STYLE_COLOUR('',#38740);
#38760=FILL_AREA_STYLE('',(#38750));
#38770=SURFACE_STYLE_FILL_AREA(#38760);
#38780=SURFACE_SIDE_STYLE('',(#38770));
#38790=SURFACE_STYLE_USAGE(.BOTH.,#38780);
#38800=PRESENTATION_STYLE_ASSIGNMENT((#38790));
#38810=CARTESIAN_POINT('',(341.9,17.5,-3.98236998933044E-13));
#38820=DIRECTION('',(3.33066907387547E-16,-3.33066907387547E-16,1.));
#38830=DIRECTION('',(1.,1.10933564796705E-31,-3.33066907387547E-16));
#38840=AXIS2_PLACEMENT_3D('',#38810,#38820,#38830);
#38850=CYLINDRICAL_SURFACE('',#38840,3.1);
#38860=ORIENTED_EDGE('',*,*,#38680,.F.);
#38870=ORIENTED_EDGE('',*,*,#18540,.T.);
#38880=ORIENTED_EDGE('',*,*,#38130,.T.);
#38890=ORIENTED_EDGE('',*,*,#10860,.F.);
#38900=EDGE_LOOP('',(#38890,#38880,#38870,#38860));
#38910=FACE_OUTER_BOUND('',#38900,.T.);
#38920=ADVANCED_FACE('',(#38910),#38850,.F.);
#38930=COLOUR_RGB('',0.823529481887817,0.823529481887817,
0.784313797950745);
#38940=FILL_AREA_STYLE_COLOUR('',#38930);
#38950=FILL_AREA_STYLE('',(#38940));
#38960=SURFACE_STYLE_FILL_AREA(#38950);
#38970=SURFACE_SIDE_STYLE('',(#38960));
#38980=SURFACE_STYLE_USAGE(.BOTH.,#38970);
#38990=PRESENTATION_STYLE_ASSIGNMENT((#38980));
#39000=CARTESIAN_POINT('',(433.1,17.5,-4.2854608750531E-13));
#39010=DIRECTION('',(3.33066907387547E-16,-3.33066907387547E-16,1.));
#39020=DIRECTION('',(1.,1.10933564796705E-31,-3.33066907387547E-16));
#39030=AXIS2_PLACEMENT_3D('',#39000,#39010,#39020);
#39040=CYLINDRICAL_SURFACE('',#39030,3.1);
#39050=CARTESIAN_POINT('',(433.1,14.4,-4.29545288227473E-13));
#39060=DIRECTION('',(3.33066907387547E-16,-3.33066907387547E-16,1.));
#39070=VECTOR('',#39060,1.);
#39080=LINE('',#39050,#39070);
#39090=EDGE_CURVE('',#5490,#18890,#39080,.T.);
#39100=ORIENTED_EDGE('',*,*,#39090,.F.);
#39110=ORIENTED_EDGE('',*,*,#18900,.T.);
#39120=CARTESIAN_POINT('',(433.1,20.6,-4.27546886783148E-13));
#39130=DIRECTION('',(3.33066907387547E-16,-3.33066907387547E-16,1.));
#39140=VECTOR('',#39130,1.);
#39150=LINE('',#39120,#39140);
#39160=EDGE_CURVE('',#5580,#18870,#39150,.T.);
#39170=ORIENTED_EDGE('',*,*,#39160,.T.);
#39180=ORIENTED_EDGE('',*,*,#5590,.F.);
#39190=EDGE_LOOP('',(#39180,#39170,#39110,#39100));
#39200=FACE_OUTER_BOUND('',#39190,.T.);
#39210=ADVANCED_FACE('',(#39200),#39040,.F.);
#39220=COLOUR_RGB('',0.823529481887817,0.823529481887817,
0.784313797950745);
#39230=FILL_AREA_STYLE_COLOUR('',#39220);
#39240=FILL_AREA_STYLE('',(#39230));
#39250=SURFACE_STYLE_FILL_AREA(#39240);
#39260=SURFACE_SIDE_STYLE('',(#39250));
#39270=SURFACE_STYLE_USAGE(.BOTH.,#39260);
#39280=PRESENTATION_STYLE_ASSIGNMENT((#39270));
#39290=CARTESIAN_POINT('',(433.1,14.4,-4.29545288227473E-13));
#39300=DIRECTION('',(0.,1.,3.33066907387547E-16));
#39310=DIRECTION('',(-1.,-1.10933564796705E-31,3.33066907387547E-16));
#39320=AXIS2_PLACEMENT_3D('',#39290,#39300,#39310);
#39330=PLANE('',#39320);
#39340=CARTESIAN_POINT('',(441.9,14.4,-4.32542890393961E-13));
#39350=DIRECTION('',(3.33066907387547E-16,-3.33066907387547E-16,1.));
#39360=VECTOR('',#39350,1.);
#39370=LINE('',#39340,#39360);
#39380=EDGE_CURVE('',#5390,#18970,#39370,.T.);
#39390=ORIENTED_EDGE('',*,*,#39380,.F.);
#39400=ORIENTED_EDGE('',*,*,#18980,.T.);
#39410=ORIENTED_EDGE('',*,*,#39090,.T.);
#39420=ORIENTED_EDGE('',*,*,#5500,.T.);
#39430=EDGE_LOOP('',(#39420,#39410,#39400,#39390));
#39440=FACE_OUTER_BOUND('',#39430,.T.);
#39450=ADVANCED_FACE('',(#39440),#39330,.T.);
#39460=COLOUR_RGB('',0.823529481887817,0.823529481887817,
0.784313797950745);
#39470=FILL_AREA_STYLE_COLOUR('',#39460);
#39480=FILL_AREA_STYLE('',(#39470));
#39490=SURFACE_STYLE_FILL_AREA(#39480);
#39500=SURFACE_SIDE_STYLE('',(#39490));
#39510=SURFACE_STYLE_USAGE(.BOTH.,#39500);
#39520=PRESENTATION_STYLE_ASSIGNMENT((#39510));
#39530=CARTESIAN_POINT('',(441.9,17.5,-4.31543689671798E-13));
#39540=DIRECTION('',(3.33066907387547E-16,-3.33066907387547E-16,1.));
#39550=DIRECTION('',(1.,1.10933564796705E-31,-3.33066907387547E-16));
#39560=AXIS2_PLACEMENT_3D('',#39530,#39540,#39550);
#39570=CYLINDRICAL_SURFACE('',#39560,3.1);
#39580=CARTESIAN_POINT('',(441.9,20.6,-4.30544488949636E-13));
#39590=DIRECTION('',(3.33066907387547E-16,-3.33066907387547E-16,1.));
#39600=VECTOR('',#39590,1.);
#39610=LINE('',#39580,#39600);
#39620=EDGE_CURVE('',#5410,#19060,#39610,.T.);
#39630=ORIENTED_EDGE('',*,*,#39620,.F.);
#39640=ORIENTED_EDGE('',*,*,#19070,.T.);
#39650=ORIENTED_EDGE('',*,*,#39380,.T.);
#39660=ORIENTED_EDGE('',*,*,#5420,.F.);
#39670=EDGE_LOOP('',(#39660,#39650,#39640,#39630));
#39680=FACE_OUTER_BOUND('',#39670,.T.);
#39690=ADVANCED_FACE('',(#39680),#39570,.F.);
#39700=COLOUR_RGB('',0.823529481887817,0.823529481887817,
0.784313797950745);
#39710=FILL_AREA_STYLE_COLOUR('',#39700);
#39720=FILL_AREA_STYLE('',(#39710));
#39730=SURFACE_STYLE_FILL_AREA(#39720);
#39740=SURFACE_SIDE_STYLE('',(#39730));
#39750=SURFACE_STYLE_USAGE(.BOTH.,#39740);
#39760=PRESENTATION_STYLE_ASSIGNMENT((#39750));
#39770=CARTESIAN_POINT('',(441.9,20.6,-4.30544488949636E-13));
#39780=DIRECTION('',(0.,-1.,-3.33066907387547E-16));
#39790=DIRECTION('',(1.,1.10933564796705E-31,-3.33066907387547E-16));
#39800=AXIS2_PLACEMENT_3D('',#39770,#39780,#39790);
#39810=PLANE('',#39800);
#39820=ORIENTED_EDGE('',*,*,#39160,.F.);
#39830=ORIENTED_EDGE('',*,*,#19130,.T.);
#39840=ORIENTED_EDGE('',*,*,#39620,.T.);
#39850=ORIENTED_EDGE('',*,*,#5650,.T.);
#39860=EDGE_LOOP('',(#39850,#39840,#39830,#39820));
#39870=FACE_OUTER_BOUND('',#39860,.T.);
#39880=ADVANCED_FACE('',(#39870),#39810,.T.);
#39890=COLOUR_RGB('',0.823529481887817,0.823529481887817,
0.784313797950745);
#39900=FILL_AREA_STYLE_COLOUR('',#39890);
#39910=FILL_AREA_STYLE('',(#39900));
#39920=SURFACE_STYLE_FILL_AREA(#39910);
#39930=SURFACE_SIDE_STYLE('',(#39920));
#39940=SURFACE_STYLE_USAGE(.BOTH.,#39930);
#39950=PRESENTATION_STYLE_ASSIGNMENT((#39940));
#39960=CARTESIAN_POINT('',(133.1,17.5,-3.28626015289046E-13));
#39970=DIRECTION('',(3.33066907387547E-16,-3.33066907387547E-16,1.));
#39980=DIRECTION('',(1.,1.10933564796705E-31,-3.33066907387547E-16));
#39990=AXIS2_PLACEMENT_3D('',#39960,#39970,#39980);
#40000=CYLINDRICAL_SURFACE('',#39990,3.1);
#40010=CARTESIAN_POINT('',(133.1,14.4,-3.29625216011209E-13));
#40020=DIRECTION('',(3.33066907387547E-16,-3.33066907387547E-16,1.));
#40030=VECTOR('',#40020,1.);
#40040=LINE('',#40010,#40030);
#40050=EDGE_CURVE('',#9980,#19230,#40040,.T.);
#40060=ORIENTED_EDGE('',*,*,#40050,.F.);
#40070=ORIENTED_EDGE('',*,*,#19240,.T.);
#40080=ORIENTED_EDGE('',*,*,#3370,.T.);
#40090=ORIENTED_EDGE('',*,*,#10060,.F.);
#40100=EDGE_LOOP('',(#40090,#40080,#40070,#40060));
#40110=FACE_OUTER_BOUND('',#40100,.T.);
#40120=ADVANCED_FACE('',(#40110),#40000,.F.);
#40130=COLOUR_RGB('',0.823529481887817,0.823529481887817,
0.784313797950745);
#40140=FILL_AREA_STYLE_COLOUR('',#40130);
#40150=FILL_AREA_STYLE('',(#40140));
#40160=SURFACE_STYLE_FILL_AREA(#40150);
#40170=SURFACE_SIDE_STYLE('',(#40160));
#40180=SURFACE_STYLE_USAGE(.BOTH.,#40170);
#40190=PRESENTATION_STYLE_ASSIGNMENT((#40180));
#40200=CARTESIAN_POINT('',(133.1,14.4,-3.29625216011209E-13));
#40210=DIRECTION('',(0.,1.,3.33066907387547E-16));
#40220=DIRECTION('',(-1.,-1.10933564796705E-31,3.33066907387547E-16));
#40230=AXIS2_PLACEMENT_3D('',#40200,#40210,#40220);
#40240=PLANE('',#40230);
#40250=ORIENTED_EDGE('',*,*,#13390,.F.);
#40260=ORIENTED_EDGE('',*,*,#19300,.T.);
#40270=ORIENTED_EDGE('',*,*,#40050,.T.);
#40280=ORIENTED_EDGE('',*,*,#9990,.T.);
#40290=EDGE_LOOP('',(#40280,#40270,#40260,#40250));
#40300=FACE_OUTER_BOUND('',#40290,.T.);
#40310=ADVANCED_FACE('',(#40300),#40240,.T.);
#40320=COLOUR_RGB('',0.823529481887817,0.823529481887817,
0.784313797950745);
#40330=FILL_AREA_STYLE_COLOUR('',#40320);
#40340=FILL_AREA_STYLE('',(#40330));
#40350=SURFACE_STYLE_FILL_AREA(#40340);
#40360=SURFACE_SIDE_STYLE('',(#40350));
#40370=SURFACE_STYLE_USAGE(.BOTH.,#40360);
#40380=PRESENTATION_STYLE_ASSIGNMENT((#40370));
#40390=CLOSED_SHELL('',(#3160,#3630,#3870,#4110,#4350,#4840,#12090,
#12400,#12640,#12880,#13120,#13440,#13680,#13920,#14160,#14400,#14720,
#21740,#21930,#22170,#22410,#22600,#22890,#23130,#23370,#23560,#23850,
#24090,#24330,#24520,#24810,#25050,#25290,#25480,#25770,#26010,#26250,
#26440,#26730,#26970,#27210,#27400,#27690,#27930,#28170,#28360,#28650,
#28890,#29130,#29320,#29610,#29850,#30090,#30280,#30570,#30810,#31050,
#31240,#31530,#31770,#32010,#32200,#32490,#32730,#32970,#33160,#33450,
#33690,#33930,#34120,#34410,#34650,#34890,#35080,#35370,#35610,#35850,
#36040,#36330,#36570,#36810,#37000,#37290,#37530,#37770,#37960,#38250,
#38490,#38730,#38920,#39210,#39450,#39690,#39880,#40120,#40310,#2870,
#1400));
#40400=MANIFOLD_SOLID_BREP('',#40390);
#40410=CARTESIAN_POINT('',(0.,0.,0.));
#40420=DIRECTION('',(0.,0.,1.));
#40430=DIRECTION('',(1.,0.,0.));
#40440=AXIS2_PLACEMENT_3D('',#40410,#40420,#40430);
#40450=APPLICATION_CONTEXT(' ');
#40460=APPLICATION_PROTOCOL_DEFINITION(' ','automotive_design',1998,
#40450);
#40470=PRODUCT_CONTEXT('',#40450,'mechanical');
#40480=PRODUCT_DEFINITION_CONTEXT('part definition',#40450,'design');
#40490=PRODUCT('NS_35_15_PERF_500MM-select','NS_35_15_PERF_500MM-select'
,'',(#40470));
#40500=PRODUCT_RELATED_PRODUCT_CATEGORY('part',' ',(#40490));
#40510=PRODUCT_DEFINITION_FORMATION_WITH_SPECIFIED_SOURCE('','',#40490,
.BOUGHT.);
#40520=PRODUCT_DEFINITION('',' ',#40510,#40480);
#40530=PRODUCT_DEFINITION_SHAPE('','',#40520);
#40540=DIMENSIONAL_EXPONENTS(1.,0.,0.,0.,0.,0.,0.);
#40550=DIMENSIONAL_EXPONENTS(0.,0.,0.,0.,0.,0.,0.);
#40560=DIMENSIONAL_EXPONENTS(0.,0.,0.,0.,0.,0.,0.);
#40570=(LENGTH_UNIT() NAMED_UNIT(*) SI_UNIT(.MILLI.,.METRE.));
#40580=(NAMED_UNIT(*) PLANE_ANGLE_UNIT() SI_UNIT($,.RADIAN.));
#40590=(NAMED_UNIT(*) SI_UNIT($,.STERADIAN.) SOLID_ANGLE_UNIT());
#40600=(GEOMETRIC_REPRESENTATION_CONTEXT(3) 
GLOBAL_UNCERTAINTY_ASSIGNED_CONTEXT((#40610)) 
GLOBAL_UNIT_ASSIGNED_CONTEXT((#40570,#40580,#40590)) 
REPRESENTATION_CONTEXT('',''));
#40610=UNCERTAINTY_MEASURE_WITH_UNIT(LENGTH_MEASURE(1.E-6),#40570,
'distance_accuracy_value','maximum gap value');
#40620=ADVANCED_BREP_SHAPE_REPRESENTATION('',(#40440,#40400),#40600);
#40630=SHAPE_DEFINITION_REPRESENTATION(#40530,#40620);
#40640=COLOUR_RGB('',0.823529481887817,0.823529481887817,
0.784313797950745);
#40650=FILL_AREA_STYLE_COLOUR('',#40640);
#40660=FILL_AREA_STYLE('',(#40650));
#40670=SURFACE_STYLE_FILL_AREA(#40660);
#40680=SURFACE_SIDE_STYLE('',(#40670));
#40690=SURFACE_STYLE_USAGE(.BOTH.,#40680);
#40700=PRESENTATION_STYLE_ASSIGNMENT((#40690));
#40710=STYLED_ITEM('',(#40700),#40400);
#40720=OVER_RIDING_STYLED_ITEM('',(#1470),#1400,#40710);
#40730=OVER_RIDING_STYLED_ITEM('',(#2940),#2870,#40710);
#40740=OVER_RIDING_STYLED_ITEM('',(#3230),#3160,#40710);
#40750=OVER_RIDING_STYLED_ITEM('',(#3700),#3630,#40710);
#40760=OVER_RIDING_STYLED_ITEM('',(#3940),#3870,#40710);
#40770=OVER_RIDING_STYLED_ITEM('',(#4180),#4110,#40710);
#40780=OVER_RIDING_STYLED_ITEM('',(#4420),#4350,#40710);
#40790=OVER_RIDING_STYLED_ITEM('',(#4910),#4840,#40710);
#40800=OVER_RIDING_STYLED_ITEM('',(#12160),#12090,#40710);
#40810=OVER_RIDING_STYLED_ITEM('',(#12470),#12400,#40710);
#40820=OVER_RIDING_STYLED_ITEM('',(#12710),#12640,#40710);
#40830=OVER_RIDING_STYLED_ITEM('',(#12950),#12880,#40710);
#40840=OVER_RIDING_STYLED_ITEM('',(#13190),#13120,#40710);
#40850=OVER_RIDING_STYLED_ITEM('',(#13510),#13440,#40710);
#40860=OVER_RIDING_STYLED_ITEM('',(#13750),#13680,#40710);
#40870=OVER_RIDING_STYLED_ITEM('',(#13990),#13920,#40710);
#40880=OVER_RIDING_STYLED_ITEM('',(#14230),#14160,#40710);
#40890=OVER_RIDING_STYLED_ITEM('',(#14470),#14400,#40710);
#40900=OVER_RIDING_STYLED_ITEM('',(#14790),#14720,#40710);
#40910=OVER_RIDING_STYLED_ITEM('',(#21810),#21740,#40710);
#40920=OVER_RIDING_STYLED_ITEM('',(#22000),#21930,#40710);
#40930=OVER_RIDING_STYLED_ITEM('',(#22240),#22170,#40710);
#40940=OVER_RIDING_STYLED_ITEM('',(#22480),#22410,#40710);
#40950=OVER_RIDING_STYLED_ITEM('',(#22670),#22600,#40710);
#40960=OVER_RIDING_STYLED_ITEM('',(#22960),#22890,#40710);
#40970=OVER_RIDING_STYLED_ITEM('',(#23200),#23130,#40710);
#40980=OVER_RIDING_STYLED_ITEM('',(#23440),#23370,#40710);
#40990=OVER_RIDING_STYLED_ITEM('',(#23630),#23560,#40710);
#41000=OVER_RIDING_STYLED_ITEM('',(#23920),#23850,#40710);
#41010=OVER_RIDING_STYLED_ITEM('',(#24160),#24090,#40710);
#41020=OVER_RIDING_STYLED_ITEM('',(#24400),#24330,#40710);
#41030=OVER_RIDING_STYLED_ITEM('',(#24590),#24520,#40710);
#41040=OVER_RIDING_STYLED_ITEM('',(#24880),#24810,#40710);
#41050=OVER_RIDING_STYLED_ITEM('',(#25120),#25050,#40710);
#41060=OVER_RIDING_STYLED_ITEM('',(#25360),#25290,#40710);
#41070=OVER_RIDING_STYLED_ITEM('',(#25550),#25480,#40710);
#41080=OVER_RIDING_STYLED_ITEM('',(#25840),#25770,#40710);
#41090=OVER_RIDING_STYLED_ITEM('',(#26080),#26010,#40710);
#41100=OVER_RIDING_STYLED_ITEM('',(#26320),#26250,#40710);
#41110=OVER_RIDING_STYLED_ITEM('',(#26510),#26440,#40710);
#41120=OVER_RIDING_STYLED_ITEM('',(#26800),#26730,#40710);
#41130=OVER_RIDING_STYLED_ITEM('',(#27040),#26970,#40710);
#41140=OVER_RIDING_STYLED_ITEM('',(#27280),#27210,#40710);
#41150=OVER_RIDING_STYLED_ITEM('',(#27470),#27400,#40710);
#41160=OVER_RIDING_STYLED_ITEM('',(#27760),#27690,#40710);
#41170=OVER_RIDING_STYLED_ITEM('',(#28000),#27930,#40710);
#41180=OVER_RIDING_STYLED_ITEM('',(#28240),#28170,#40710);
#41190=OVER_RIDING_STYLED_ITEM('',(#28430),#28360,#40710);
#41200=OVER_RIDING_STYLED_ITEM('',(#28720),#28650,#40710);
#41210=OVER_RIDING_STYLED_ITEM('',(#28960),#28890,#40710);
#41220=OVER_RIDING_STYLED_ITEM('',(#29200),#29130,#40710);
#41230=OVER_RIDING_STYLED_ITEM('',(#29390),#29320,#40710);
#41240=OVER_RIDING_STYLED_ITEM('',(#29680),#29610,#40710);
#41250=OVER_RIDING_STYLED_ITEM('',(#29920),#29850,#40710);
#41260=OVER_RIDING_STYLED_ITEM('',(#30160),#30090,#40710);
#41270=OVER_RIDING_STYLED_ITEM('',(#30350),#30280,#40710);
#41280=OVER_RIDING_STYLED_ITEM('',(#30640),#30570,#40710);
#41290=OVER_RIDING_STYLED_ITEM('',(#30880),#30810,#40710);
#41300=OVER_RIDING_STYLED_ITEM('',(#31120),#31050,#40710);
#41310=OVER_RIDING_STYLED_ITEM('',(#31310),#31240,#40710);
#41320=OVER_RIDING_STYLED_ITEM('',(#31600),#31530,#40710);
#41330=OVER_RIDING_STYLED_ITEM('',(#31840),#31770,#40710);
#41340=OVER_RIDING_STYLED_ITEM('',(#32080),#32010,#40710);
#41350=OVER_RIDING_STYLED_ITEM('',(#32270),#32200,#40710);
#41360=OVER_RIDING_STYLED_ITEM('',(#32560),#32490,#40710);
#41370=OVER_RIDING_STYLED_ITEM('',(#32800),#32730,#40710);
#41380=OVER_RIDING_STYLED_ITEM('',(#33040),#32970,#40710);
#41390=OVER_RIDING_STYLED_ITEM('',(#33230),#33160,#40710);
#41400=OVER_RIDING_STYLED_ITEM('',(#33520),#33450,#40710);
#41410=OVER_RIDING_STYLED_ITEM('',(#33760),#33690,#40710);
#41420=OVER_RIDING_STYLED_ITEM('',(#34000),#33930,#40710);
#41430=OVER_RIDING_STYLED_ITEM('',(#34190),#34120,#40710);
#41440=OVER_RIDING_STYLED_ITEM('',(#34480),#34410,#40710);
#41450=OVER_RIDING_STYLED_ITEM('',(#34720),#34650,#40710);
#41460=OVER_RIDING_STYLED_ITEM('',(#34960),#34890,#40710);
#41470=OVER_RIDING_STYLED_ITEM('',(#35150),#35080,#40710);
#41480=OVER_RIDING_STYLED_ITEM('',(#35440),#35370,#40710);
#41490=OVER_RIDING_STYLED_ITEM('',(#35680),#35610,#40710);
#41500=OVER_RIDING_STYLED_ITEM('',(#35920),#35850,#40710);
#41510=OVER_RIDING_STYLED_ITEM('',(#36110),#36040,#40710);
#41520=OVER_RIDING_STYLED_ITEM('',(#36400),#36330,#40710);
#41530=OVER_RIDING_STYLED_ITEM('',(#36640),#36570,#40710);
#41540=OVER_RIDING_STYLED_ITEM('',(#36880),#36810,#40710);
#41550=OVER_RIDING_STYLED_ITEM('',(#37070),#37000,#40710);
#41560=OVER_RIDING_STYLED_ITEM('',(#37360),#37290,#40710);
#41570=OVER_RIDING_STYLED_ITEM('',(#37600),#37530,#40710);
#41580=OVER_RIDING_STYLED_ITEM('',(#37840),#37770,#40710);
#41590=OVER_RIDING_STYLED_ITEM('',(#38030),#37960,#40710);
#41600=OVER_RIDING_STYLED_ITEM('',(#38320),#38250,#40710);
#41610=OVER_RIDING_STYLED_ITEM('',(#38560),#38490,#40710);
#41620=OVER_RIDING_STYLED_ITEM('',(#38800),#38730,#40710);
#41630=OVER_RIDING_STYLED_ITEM('',(#38990),#38920,#40710);
#41640=OVER_RIDING_STYLED_ITEM('',(#39280),#39210,#40710);
#41650=OVER_RIDING_STYLED_ITEM('',(#39520),#39450,#40710);
#41660=OVER_RIDING_STYLED_ITEM('',(#39760),#39690,#40710);
#41670=OVER_RIDING_STYLED_ITEM('',(#39950),#39880,#40710);
#41680=OVER_RIDING_STYLED_ITEM('',(#40190),#40120,#40710);
#41690=OVER_RIDING_STYLED_ITEM('',(#40380),#40310,#40710);
#41700=DRAUGHTING_MODEL('',(#40710,#40720,#40730,#40740,#40750,#40760,
#40770,#40780,#40790,#40800,#40810,#40820,#40830,#40840,#40850,#40860,
#40870,#40880,#40890,#40900,#40910,#40920,#40930,#40940,#40950,#40960,
#40970,#40980,#40990,#41000,#41010,#41020,#41030,#41040,#41050,#41060,
#41070,#41080,#41090,#41100,#41110,#41120,#41130,#41140,#41150,#41160,
#41170,#41180,#41190,#41200,#41210,#41220,#41230,#41240,#41250,#41260,
#41270,#41280,#41290,#41300,#41310,#41320,#41330,#41340,#41350,#41360,
#41370,#41380,#41390,#41400,#41410,#41420,#41430,#41440,#41450,#41460,
#41470,#41480,#41490,#41500,#41510,#41520,#41530,#41540,#41550,#41560,
#41570,#41580,#41590,#41600,#41610,#41620,#41630,#41640,#41650,#41660,
#41670,#41680,#41690),#40600);
ENDSEC;
END-ISO-10303-21;
