ISO-10303-21;
HEADER;
FILE_DESCRIPTION(('Creo Elements/Direct Modeling STEP Export'),'2;1');
FILE_NAME(
'C:/Temp/JobServerData/JobServer Files/8b0b6db9-5732-4051-99c5-3eb833237
dd0/work/output/model.stp','2024-12-25T 5:57:15',(''),(''),
'Creo Elements/Direct Modeling STEP processor for AP214 (Solid Model)',
'Creo Elements/Direct Modeling 20.1D  10-Oct-2020 (C) Parametric Technol
ogy GmbH','');
FILE_SCHEMA(('AUTOMOTIVE_DESIGN { 1 0 10303 214 1 1 1 1 }'));
ENDSEC;
DATA;
#10=CARTESIAN_POINT('',(0.,0.,1.));
#20=DIRECTION('',(0.,0.,1.));
#30=DIRECTION('',(1.,0.,0.));
#40=AXIS2_PLACEMENT_3D('',#10,#20,#30);
#50=PLANE('',#40);
#60=CARTESIAN_POINT('',(36.366923,58.883846,1.));
#70=DIRECTION('',(0.,0.,-1.));
#80=DIRECTION('',(-1.,0.,0.));
#90=AXIS2_PLACEMENT_3D('',#60,#70,#80);
#100=CIRCLE('',#90,1.25);
#110=CARTESIAN_POINT('',(36.366923,60.133846,1.));
#120=VERTEX_POINT('',#110);
#130=CARTESIAN_POINT('',(37.616923,58.883846,1.));
#140=VERTEX_POINT('',#130);
#150=EDGE_CURVE('',#120,#140,#100,.T.);
#160=ORIENTED_EDGE('',*,*,#150,.F.);
#170=CARTESIAN_POINT('',(37.616923,0.,1.));
#180=DIRECTION('',(0.,1.,0.));
#190=VECTOR('',#180,1.);
#200=LINE('',#170,#190);
#210=CARTESIAN_POINT('',(37.616923,46.633846,1.));
#220=VERTEX_POINT('',#210);
#230=EDGE_CURVE('',#220,#140,#200,.T.);
#240=ORIENTED_EDGE('',*,*,#230,.T.);
#250=CARTESIAN_POINT('',(0.,46.633846,1.));
#260=DIRECTION('',(1.,0.,0.));
#270=VECTOR('',#260,1.);
#280=LINE('',#250,#270);
#290=CARTESIAN_POINT('',(48.016923,46.633846,1.));
#300=VERTEX_POINT('',#290);
#310=EDGE_CURVE('',#220,#300,#280,.T.);
#320=ORIENTED_EDGE('',*,*,#310,.F.);
#330=CARTESIAN_POINT('',(48.016923,0.,1.));
#340=DIRECTION('',(0.,-1.,0.));
#350=VECTOR('',#340,1.);
#360=LINE('',#330,#350);
#370=CARTESIAN_POINT('',(48.016923,48.133846,1.));
#380=VERTEX_POINT('',#370);
#390=EDGE_CURVE('',#380,#300,#360,.T.);
#400=ORIENTED_EDGE('',*,*,#390,.T.);
#410=CARTESIAN_POINT('',(0.,48.133846,1.));
#420=DIRECTION('',(1.,0.,0.));
#430=VECTOR('',#420,1.);
#440=LINE('',#410,#430);
#450=CARTESIAN_POINT('',(39.116923,48.133846,1.));
#460=VERTEX_POINT('',#450);
#470=EDGE_CURVE('',#460,#380,#440,.T.);
#480=ORIENTED_EDGE('',*,*,#470,.T.);
#490=CARTESIAN_POINT('',(39.116923,0.,1.));
#500=DIRECTION('',(0.,-1.,0.));
#510=VECTOR('',#500,1.);
#520=LINE('',#490,#510);
#530=CARTESIAN_POINT('',(39.116923,58.883846,1.));
#540=VERTEX_POINT('',#530);
#550=EDGE_CURVE('',#540,#460,#520,.T.);
#560=ORIENTED_EDGE('',*,*,#550,.T.);
#570=CARTESIAN_POINT('',(36.366923,58.883846,1.));
#580=DIRECTION('',(0.,0.,1.));
#590=DIRECTION('',(1.,0.,0.));
#600=AXIS2_PLACEMENT_3D('',#570,#580,#590);
#610=CIRCLE('',#600,2.75);
#620=CARTESIAN_POINT('',(36.366923,61.633846,1.));
#630=VERTEX_POINT('',#620);
#640=EDGE_CURVE('',#540,#630,#610,.T.);
#650=ORIENTED_EDGE('',*,*,#640,.F.);
#660=CARTESIAN_POINT('',(0.,61.633846,1.));
#670=DIRECTION('',(1.,0.,0.));
#680=VECTOR('',#670,1.);
#690=LINE('',#660,#680);
#700=CARTESIAN_POINT('',(33.616923,61.633846,1.));
#710=VERTEX_POINT('',#700);
#720=EDGE_CURVE('',#710,#630,#690,.T.);
#730=ORIENTED_EDGE('',*,*,#720,.T.);
#740=CARTESIAN_POINT('',(33.616923,0.,1.));
#750=DIRECTION('',(0.,1.,0.));
#760=VECTOR('',#750,1.);
#770=LINE('',#740,#760);
#780=CARTESIAN_POINT('',(33.616923,60.133846,1.));
#790=VERTEX_POINT('',#780);
#800=EDGE_CURVE('',#790,#710,#770,.T.);
#810=ORIENTED_EDGE('',*,*,#800,.T.);
#820=CARTESIAN_POINT('',(0.,60.133846,1.));
#830=DIRECTION('',(-1.,0.,0.));
#840=VECTOR('',#830,1.);
#850=LINE('',#820,#840);
#860=EDGE_CURVE('',#120,#790,#850,.T.);
#870=ORIENTED_EDGE('',*,*,#860,.T.);
#880=EDGE_LOOP('',(#870,#810,#730,#650,#560,#480,#400,#320,#240,#160));
#890=FACE_OUTER_BOUND('',#880,.T.);
#900=ADVANCED_FACE('',(#890),#50,.F.);
#910=COLOUR_RGB('',0.823529481887817,0.823529481887817,0.784313797950745
);
#920=FILL_AREA_STYLE_COLOUR('',#910);
#930=FILL_AREA_STYLE('',(#920));
#940=SURFACE_STYLE_FILL_AREA(#930);
#950=SURFACE_SIDE_STYLE('',(#940));
#960=SURFACE_STYLE_USAGE(.BOTH.,#950);
#970=PRESENTATION_STYLE_ASSIGNMENT((#960));
#980=CARTESIAN_POINT('',(0.,46.633846,1.));
#990=DIRECTION('',(-1.,0.,0.));
#1000=VECTOR('',#990,1.);
#1010=LINE('',#980,#1000);
#1020=CARTESIAN_POINT('',(64.616923,46.633846,1.));
#1030=VERTEX_POINT('',#1020);
#1040=CARTESIAN_POINT('',(54.216923,46.633846,1.));
#1050=VERTEX_POINT('',#1040);
#1060=EDGE_CURVE('',#1030,#1050,#1010,.T.);
#1070=ORIENTED_EDGE('',*,*,#1060,.T.);
#1080=CARTESIAN_POINT('',(64.616923,0.,1.));
#1090=DIRECTION('',(0.,1.,0.));
#1100=VECTOR('',#1090,1.);
#1110=LINE('',#1080,#1100);
#1120=CARTESIAN_POINT('',(64.616923,58.883846,1.));
#1130=VERTEX_POINT('',#1120);
#1140=EDGE_CURVE('',#1030,#1130,#1110,.T.);
#1150=ORIENTED_EDGE('',*,*,#1140,.F.);
#1160=CARTESIAN_POINT('',(65.866923,58.883846,1.));
#1170=DIRECTION('',(0.,0.,-1.));
#1180=DIRECTION('',(-1.,0.,0.));
#1190=AXIS2_PLACEMENT_3D('',#1160,#1170,#1180);
#1200=CIRCLE('',#1190,1.25);
#1210=CARTESIAN_POINT('',(65.866923,60.133846,1.));
#1220=VERTEX_POINT('',#1210);
#1230=EDGE_CURVE('',#1130,#1220,#1200,.T.);
#1240=ORIENTED_EDGE('',*,*,#1230,.F.);
#1250=CARTESIAN_POINT('',(0.,60.133846,1.));
#1260=DIRECTION('',(1.,0.,0.));
#1270=VECTOR('',#1260,1.);
#1280=LINE('',#1250,#1270);
#1290=CARTESIAN_POINT('',(68.616923,60.133846,1.));
#1300=VERTEX_POINT('',#1290);
#1310=EDGE_CURVE('',#1220,#1300,#1280,.T.);
#1320=ORIENTED_EDGE('',*,*,#1310,.F.);
#1330=CARTESIAN_POINT('',(68.616923,0.,1.));
#1340=DIRECTION('',(0.,1.,0.));
#1350=VECTOR('',#1340,1.);
#1360=LINE('',#1330,#1350);
#1370=CARTESIAN_POINT('',(68.616923,61.633846,1.));
#1380=VERTEX_POINT('',#1370);
#1390=EDGE_CURVE('',#1300,#1380,#1360,.T.);
#1400=ORIENTED_EDGE('',*,*,#1390,.F.);
#1410=CARTESIAN_POINT('',(0.,61.633846,1.));
#1420=DIRECTION('',(-1.,0.,0.));
#1430=VECTOR('',#1420,1.);
#1440=LINE('',#1410,#1430);
#1450=CARTESIAN_POINT('',(65.866923,61.633846,1.));
#1460=VERTEX_POINT('',#1450);
#1470=EDGE_CURVE('',#1380,#1460,#1440,.T.);
#1480=ORIENTED_EDGE('',*,*,#1470,.F.);
#1490=CARTESIAN_POINT('',(65.866923,58.883846,1.));
#1500=DIRECTION('',(0.,0.,1.));
#1510=DIRECTION('',(1.,0.,0.));
#1520=AXIS2_PLACEMENT_3D('',#1490,#1500,#1510);
#1530=CIRCLE('',#1520,2.75);
#1540=CARTESIAN_POINT('',(63.116923,58.883846,1.));
#1550=VERTEX_POINT('',#1540);
#1560=EDGE_CURVE('',#1460,#1550,#1530,.T.);
#1570=ORIENTED_EDGE('',*,*,#1560,.F.);
#1580=CARTESIAN_POINT('',(63.116923,0.,1.));
#1590=DIRECTION('',(0.,-1.,0.));
#1600=VECTOR('',#1590,1.);
#1610=LINE('',#1580,#1600);
#1620=CARTESIAN_POINT('',(63.116923,48.133846,1.));
#1630=VERTEX_POINT('',#1620);
#1640=EDGE_CURVE('',#1550,#1630,#1610,.T.);
#1650=ORIENTED_EDGE('',*,*,#1640,.F.);
#1660=CARTESIAN_POINT('',(0.,48.133846,1.));
#1670=DIRECTION('',(-1.,0.,0.));
#1680=VECTOR('',#1670,1.);
#1690=LINE('',#1660,#1680);
#1700=CARTESIAN_POINT('',(54.216923,48.133846,1.));
#1710=VERTEX_POINT('',#1700);
#1720=EDGE_CURVE('',#1630,#1710,#1690,.T.);
#1730=ORIENTED_EDGE('',*,*,#1720,.F.);
#1740=CARTESIAN_POINT('',(54.216923,0.,1.));
#1750=DIRECTION('',(0.,-1.,0.));
#1760=VECTOR('',#1750,1.);
#1770=LINE('',#1740,#1760);
#1780=EDGE_CURVE('',#1710,#1050,#1770,.T.);
#1790=ORIENTED_EDGE('',*,*,#1780,.F.);
#1800=EDGE_LOOP('',(#1790,#1730,#1650,#1570,#1480,#1400,#1320,#1240,
#1150,#1070));
#1810=FACE_OUTER_BOUND('',#1800,.T.);
#1820=ADVANCED_FACE('',(#1810),#50,.F.);
#1830=COLOUR_RGB('',0.823529481887817,0.823529481887817,
0.784313797950745);
#1840=FILL_AREA_STYLE_COLOUR('',#1830);
#1850=FILL_AREA_STYLE('',(#1840));
#1860=SURFACE_STYLE_FILL_AREA(#1850);
#1870=SURFACE_SIDE_STYLE('',(#1860));
#1880=SURFACE_STYLE_USAGE(.BOTH.,#1870);
#1890=PRESENTATION_STYLE_ASSIGNMENT((#1880));
#1900=CARTESIAN_POINT('',(51.116923,48.133846,5.40000000000009));
#1910=DIRECTION('',(0.,1.,0.));
#1920=DIRECTION('',(1.,0.,0.));
#1930=AXIS2_PLACEMENT_3D('',#1900,#1910,#1920);
#1940=CYLINDRICAL_SURFACE('',#1930,3.1);
#1950=CARTESIAN_POINT('',(48.016923,48.133846,5.40000000000009));
#1960=DIRECTION('',(0.,-1.,0.));
#1970=VECTOR('',#1960,1.);
#1980=LINE('',#1950,#1970);
#1990=CARTESIAN_POINT('',(48.016923,48.133846,5.40000000000009));
#2000=VERTEX_POINT('',#1990);
#2010=CARTESIAN_POINT('',(48.016923,46.633846,5.40000000000009));
#2020=VERTEX_POINT('',#2010);
#2030=EDGE_CURVE('',#2000,#2020,#1980,.T.);
#2040=ORIENTED_EDGE('',*,*,#2030,.F.);
#2050=CARTESIAN_POINT('',(51.116923,46.633846,5.40000000000009));
#2060=DIRECTION('',(0.,1.,0.));
#2070=DIRECTION('',(1.,0.,0.));
#2080=AXIS2_PLACEMENT_3D('',#2050,#2060,#2070);
#2090=CIRCLE('',#2080,3.1);
#2100=CARTESIAN_POINT('',(54.216923,46.633846,5.40000000000009));
#2110=VERTEX_POINT('',#2100);
#2120=EDGE_CURVE('',#2020,#2110,#2090,.T.);
#2130=ORIENTED_EDGE('',*,*,#2120,.F.);
#2140=CARTESIAN_POINT('',(54.216923,48.133846,5.40000000000009));
#2150=DIRECTION('',(0.,-1.,0.));
#2160=VECTOR('',#2150,1.);
#2170=LINE('',#2140,#2160);
#2180=CARTESIAN_POINT('',(54.216923,48.133846,5.40000000000009));
#2190=VERTEX_POINT('',#2180);
#2200=EDGE_CURVE('',#2190,#2110,#2170,.T.);
#2210=ORIENTED_EDGE('',*,*,#2200,.T.);
#2220=CARTESIAN_POINT('',(51.116923,48.133846,5.40000000000009));
#2230=DIRECTION('',(0.,1.,0.));
#2240=DIRECTION('',(1.,0.,0.));
#2250=AXIS2_PLACEMENT_3D('',#2220,#2230,#2240);
#2260=CIRCLE('',#2250,3.1);
#2270=EDGE_CURVE('',#2000,#2190,#2260,.T.);
#2280=ORIENTED_EDGE('',*,*,#2270,.T.);
#2290=EDGE_LOOP('',(#2280,#2210,#2130,#2040));
#2300=FACE_OUTER_BOUND('',#2290,.T.);
#2310=ADVANCED_FACE('',(#2300),#1940,.F.);
#2320=COLOUR_RGB('',0.823529481887817,0.823529481887817,
0.784313797950745);
#2330=FILL_AREA_STYLE_COLOUR('',#2320);
#2340=FILL_AREA_STYLE('',(#2330));
#2350=SURFACE_STYLE_FILL_AREA(#2340);
#2360=SURFACE_SIDE_STYLE('',(#2350));
#2370=SURFACE_STYLE_USAGE(.BOTH.,#2360);
#2380=PRESENTATION_STYLE_ASSIGNMENT((#2370));
#2390=CARTESIAN_POINT('',(54.216923,48.133846,-3.40000000000009));
#2400=DIRECTION('',(-1.,-0.,-0.));
#2410=DIRECTION('',(0.,0.,-1.));
#2420=AXIS2_PLACEMENT_3D('',#2390,#2400,#2410);
#2430=PLANE('',#2420);
#2440=ORIENTED_EDGE('',*,*,#2200,.F.);
#2450=CARTESIAN_POINT('',(54.216923,46.633846,1.));
#2460=DIRECTION('',(0.,0.,1.));
#2470=VECTOR('',#2460,1.);
#2480=LINE('',#2450,#2470);
#2490=EDGE_CURVE('',#1050,#2110,#2480,.T.);
#2500=ORIENTED_EDGE('',*,*,#2490,.T.);
#2510=ORIENTED_EDGE('',*,*,#1780,.T.);
#2520=CARTESIAN_POINT('',(54.216923,48.133846,1.));
#2530=DIRECTION('',(0.,0.,1.));
#2540=VECTOR('',#2530,1.);
#2550=LINE('',#2520,#2540);
#2560=EDGE_CURVE('',#1710,#2190,#2550,.T.);
#2570=ORIENTED_EDGE('',*,*,#2560,.F.);
#2580=EDGE_LOOP('',(#2570,#2510,#2500,#2440));
#2590=FACE_OUTER_BOUND('',#2580,.T.);
#2600=ADVANCED_FACE('',(#2590),#2430,.T.);
#2610=COLOUR_RGB('',0.823529481887817,0.823529481887817,
0.784313797950745);
#2620=FILL_AREA_STYLE_COLOUR('',#2610);
#2630=FILL_AREA_STYLE('',(#2620));
#2640=SURFACE_STYLE_FILL_AREA(#2630);
#2650=SURFACE_SIDE_STYLE('',(#2640));
#2660=SURFACE_STYLE_USAGE(.BOTH.,#2650);
#2670=PRESENTATION_STYLE_ASSIGNMENT((#2660));
#2680=CARTESIAN_POINT('',(48.016923,48.133846,5.40000000000009));
#2690=DIRECTION('',(1.,0.,-0.));
#2700=DIRECTION('',(0.,0.,1.));
#2710=AXIS2_PLACEMENT_3D('',#2680,#2690,#2700);
#2720=PLANE('',#2710);
#2730=ORIENTED_EDGE('',*,*,#390,.F.);
#2740=CARTESIAN_POINT('',(48.016923,46.633846,0.));
#2750=DIRECTION('',(0.,0.,-1.));
#2760=VECTOR('',#2750,1.);
#2770=LINE('',#2740,#2760);
#2780=EDGE_CURVE('',#2020,#300,#2770,.T.);
#2790=ORIENTED_EDGE('',*,*,#2780,.T.);
#2800=ORIENTED_EDGE('',*,*,#2030,.T.);
#2810=CARTESIAN_POINT('',(48.016923,48.133846,0.));
#2820=DIRECTION('',(0.,0.,-1.));
#2830=VECTOR('',#2820,1.);
#2840=LINE('',#2810,#2830);
#2850=EDGE_CURVE('',#2000,#380,#2840,.T.);
#2860=ORIENTED_EDGE('',*,*,#2850,.F.);
#2870=EDGE_LOOP('',(#2860,#2800,#2790,#2730));
#2880=FACE_OUTER_BOUND('',#2870,.T.);
#2890=ADVANCED_FACE('',(#2880),#2720,.T.);
#2900=COLOUR_RGB('',0.823529481887817,0.823529481887817,
0.784313797950745);
#2910=FILL_AREA_STYLE_COLOUR('',#2900);
#2920=FILL_AREA_STYLE('',(#2910));
#2930=SURFACE_STYLE_FILL_AREA(#2920);
#2940=SURFACE_SIDE_STYLE('',(#2930));
#2950=SURFACE_STYLE_USAGE(.BOTH.,#2940);
#2960=PRESENTATION_STYLE_ASSIGNMENT((#2950));
#2970=CARTESIAN_POINT('',(54.216923,48.133846,71.5999999999999));
#2980=DIRECTION('',(-1.,-0.,-0.));
#2990=DIRECTION('',(0.,0.,-1.));
#3000=AXIS2_PLACEMENT_3D('',#2970,#2980,#2990);
#3010=PLANE('',#3000);
#3020=CARTESIAN_POINT('',(54.216923,48.133846,80.4000000000001));
#3030=DIRECTION('',(0.,-1.,0.));
#3040=VECTOR('',#3030,1.);
#3050=LINE('',#3020,#3040);
#3060=CARTESIAN_POINT('',(54.216923,48.133846,80.4000000000001));
#3070=VERTEX_POINT('',#3060);
#3080=CARTESIAN_POINT('',(54.216923,46.633846,80.4000000000001));
#3090=VERTEX_POINT('',#3080);
#3100=EDGE_CURVE('',#3070,#3090,#3050,.T.);
#3110=ORIENTED_EDGE('',*,*,#3100,.F.);
#3120=CARTESIAN_POINT('',(54.216923,46.633846,1.));
#3130=DIRECTION('',(0.,0.,1.));
#3140=VECTOR('',#3130,1.);
#3150=LINE('',#3120,#3140);
#3160=CARTESIAN_POINT('',(54.216923,46.633846,71.5999999999999));
#3170=VERTEX_POINT('',#3160);
#3180=EDGE_CURVE('',#3170,#3090,#3150,.T.);
#3190=ORIENTED_EDGE('',*,*,#3180,.T.);
#3200=CARTESIAN_POINT('',(54.216923,48.133846,71.5999999999999));
#3210=DIRECTION('',(0.,-1.,0.));
#3220=VECTOR('',#3210,1.);
#3230=LINE('',#3200,#3220);
#3240=CARTESIAN_POINT('',(54.216923,48.133846,71.5999999999999));
#3250=VERTEX_POINT('',#3240);
#3260=EDGE_CURVE('',#3250,#3170,#3230,.T.);
#3270=ORIENTED_EDGE('',*,*,#3260,.T.);
#3280=CARTESIAN_POINT('',(54.216923,48.133846,1.));
#3290=DIRECTION('',(0.,0.,1.));
#3300=VECTOR('',#3290,1.);
#3310=LINE('',#3280,#3300);
#3320=EDGE_CURVE('',#3250,#3070,#3310,.T.);
#3330=ORIENTED_EDGE('',*,*,#3320,.F.);
#3340=EDGE_LOOP('',(#3330,#3270,#3190,#3110));
#3350=FACE_OUTER_BOUND('',#3340,.T.);
#3360=ADVANCED_FACE('',(#3350),#3010,.T.);
#3370=COLOUR_RGB('',0.823529481887817,0.823529481887817,
0.784313797950745);
#3380=FILL_AREA_STYLE_COLOUR('',#3370);
#3390=FILL_AREA_STYLE('',(#3380));
#3400=SURFACE_STYLE_FILL_AREA(#3390);
#3410=SURFACE_SIDE_STYLE('',(#3400));
#3420=SURFACE_STYLE_USAGE(.BOTH.,#3410);
#3430=PRESENTATION_STYLE_ASSIGNMENT((#3420));
#3440=CARTESIAN_POINT('',(63.116923,48.133846,0.));
#3450=DIRECTION('',(-1.,0.,0.));
#3460=DIRECTION('',(0.,1.,0.));
#3470=AXIS2_PLACEMENT_3D('',#3440,#3450,#3460);
#3480=PLANE('',#3470);
#3490=CARTESIAN_POINT('',(63.116923,58.883846,0.));
#3500=DIRECTION('',(0.,0.,1.));
#3510=VECTOR('',#3500,1.);
#3520=LINE('',#3490,#3510);
#3530=CARTESIAN_POINT('',(63.116923,58.883846,2001.));
#3540=VERTEX_POINT('',#3530);
#3550=EDGE_CURVE('',#1550,#3540,#3520,.T.);
#3560=ORIENTED_EDGE('',*,*,#3550,.F.);
#3570=CARTESIAN_POINT('',(63.116923,0.,2001.));
#3580=DIRECTION('',(0.,1.,0.));
#3590=VECTOR('',#3580,1.);
#3600=LINE('',#3570,#3590);
#3610=CARTESIAN_POINT('',(63.116923,48.133846,2001.));
#3620=VERTEX_POINT('',#3610);
#3630=EDGE_CURVE('',#3620,#3540,#3600,.T.);
#3640=ORIENTED_EDGE('',*,*,#3630,.T.);
#3650=CARTESIAN_POINT('',(63.116923,48.133846,0.));
#3660=DIRECTION('',(0.,0.,1.));
#3670=VECTOR('',#3660,1.);
#3680=LINE('',#3650,#3670);
#3690=EDGE_CURVE('',#1630,#3620,#3680,.T.);
#3700=ORIENTED_EDGE('',*,*,#3690,.T.);
#3710=ORIENTED_EDGE('',*,*,#1640,.T.);
#3720=EDGE_LOOP('',(#3710,#3700,#3640,#3560));
#3730=FACE_OUTER_BOUND('',#3720,.T.);
#3740=ADVANCED_FACE('',(#3730),#3480,.T.);
#3750=COLOUR_RGB('',0.823529481887817,0.823529481887817,
0.784313797950745);
#3760=FILL_AREA_STYLE_COLOUR('',#3750);
#3770=FILL_AREA_STYLE('',(#3760));
#3780=SURFACE_STYLE_FILL_AREA(#3770);
#3790=SURFACE_SIDE_STYLE('',(#3780));
#3800=SURFACE_STYLE_USAGE(.BOTH.,#3790);
#3810=PRESENTATION_STYLE_ASSIGNMENT((#3800));
#3820=CARTESIAN_POINT('',(54.216923,48.133846,96.5999999999999));
#3830=DIRECTION('',(-1.,-0.,-0.));
#3840=DIRECTION('',(0.,0.,-1.));
#3850=AXIS2_PLACEMENT_3D('',#3820,#3830,#3840);
#3860=PLANE('',#3850);
#3870=CARTESIAN_POINT('',(54.216923,48.133846,105.4));
#3880=DIRECTION('',(0.,-1.,0.));
#3890=VECTOR('',#3880,1.);
#3900=LINE('',#3870,#3890);
#3910=CARTESIAN_POINT('',(54.216923,48.133846,105.4));
#3920=VERTEX_POINT('',#3910);
#3930=CARTESIAN_POINT('',(54.216923,46.633846,105.4));
#3940=VERTEX_POINT('',#3930);
#3950=EDGE_CURVE('',#3920,#3940,#3900,.T.);
#3960=ORIENTED_EDGE('',*,*,#3950,.F.);
#3970=CARTESIAN_POINT('',(54.216923,46.633846,1.));
#3980=DIRECTION('',(0.,0.,1.));
#3990=VECTOR('',#3980,1.);
#4000=LINE('',#3970,#3990);
#4010=CARTESIAN_POINT('',(54.216923,46.633846,96.5999999999999));
#4020=VERTEX_POINT('',#4010);
#4030=EDGE_CURVE('',#4020,#3940,#4000,.T.);
#4040=ORIENTED_EDGE('',*,*,#4030,.T.);
#4050=CARTESIAN_POINT('',(54.216923,48.133846,96.5999999999999));
#4060=DIRECTION('',(0.,-1.,0.));
#4070=VECTOR('',#4060,1.);
#4080=LINE('',#4050,#4070);
#4090=CARTESIAN_POINT('',(54.216923,48.133846,96.5999999999999));
#4100=VERTEX_POINT('',#4090);
#4110=EDGE_CURVE('',#4100,#4020,#4080,.T.);
#4120=ORIENTED_EDGE('',*,*,#4110,.T.);
#4130=CARTESIAN_POINT('',(54.216923,48.133846,1.));
#4140=DIRECTION('',(0.,0.,1.));
#4150=VECTOR('',#4140,1.);
#4160=LINE('',#4130,#4150);
#4170=EDGE_CURVE('',#4100,#3920,#4160,.T.);
#4180=ORIENTED_EDGE('',*,*,#4170,.F.);
#4190=EDGE_LOOP('',(#4180,#4120,#4040,#3960));
#4200=FACE_OUTER_BOUND('',#4190,.T.);
#4210=ADVANCED_FACE('',(#4200),#3860,.T.);
#4220=COLOUR_RGB('',0.823529481887817,0.823529481887817,
0.784313797950745);
#4230=FILL_AREA_STYLE_COLOUR('',#4220);
#4240=FILL_AREA_STYLE('',(#4230));
#4250=SURFACE_STYLE_FILL_AREA(#4240);
#4260=SURFACE_SIDE_STYLE('',(#4250));
#4270=SURFACE_STYLE_USAGE(.BOTH.,#4260);
#4280=PRESENTATION_STYLE_ASSIGNMENT((#4270));
#4290=CARTESIAN_POINT('',(33.616923,61.633846,0.));
#4300=DIRECTION('',(-0.,1.,0.));
#4310=DIRECTION('',(1.,0.,0.));
#4320=AXIS2_PLACEMENT_3D('',#4290,#4300,#4310);
#4330=PLANE('',#4320);
#4340=CARTESIAN_POINT('',(36.366923,61.633846,0.));
#4350=DIRECTION('',(0.,0.,1.));
#4360=VECTOR('',#4350,1.);
#4370=LINE('',#4340,#4360);
#4380=CARTESIAN_POINT('',(36.366923,61.633846,2001.));
#4390=VERTEX_POINT('',#4380);
#4400=EDGE_CURVE('',#630,#4390,#4370,.T.);
#4410=ORIENTED_EDGE('',*,*,#4400,.F.);
#4420=CARTESIAN_POINT('',(0.,61.633846,2001.));
#4430=DIRECTION('',(1.,0.,0.));
#4440=VECTOR('',#4430,1.);
#4450=LINE('',#4420,#4440);
#4460=CARTESIAN_POINT('',(33.616923,61.633846,2001.));
#4470=VERTEX_POINT('',#4460);
#4480=EDGE_CURVE('',#4470,#4390,#4450,.T.);
#4490=ORIENTED_EDGE('',*,*,#4480,.T.);
#4500=CARTESIAN_POINT('',(33.616923,61.633846,0.));
#4510=DIRECTION('',(0.,0.,1.));
#4520=VECTOR('',#4510,1.);
#4530=LINE('',#4500,#4520);
#4540=EDGE_CURVE('',#710,#4470,#4530,.T.);
#4550=ORIENTED_EDGE('',*,*,#4540,.T.);
#4560=ORIENTED_EDGE('',*,*,#720,.F.);
#4570=EDGE_LOOP('',(#4560,#4550,#4490,#4410));
#4580=FACE_OUTER_BOUND('',#4570,.T.);
#4590=ADVANCED_FACE('',(#4580),#4330,.T.);
#4600=COLOUR_RGB('',0.823529481887817,0.823529481887817,
0.784313797950745);
#4610=FILL_AREA_STYLE_COLOUR('',#4600);
#4620=FILL_AREA_STYLE('',(#4610));
#4630=SURFACE_STYLE_FILL_AREA(#4620);
#4640=SURFACE_SIDE_STYLE('',(#4630));
#4650=SURFACE_STYLE_USAGE(.BOTH.,#4640);
#4660=PRESENTATION_STYLE_ASSIGNMENT((#4650));
#4670=CARTESIAN_POINT('',(33.616923,60.633846,0.));
#4680=DIRECTION('',(-1.,0.,0.));
#4690=DIRECTION('',(0.,1.,0.));
#4700=AXIS2_PLACEMENT_3D('',#4670,#4680,#4690);
#4710=PLANE('',#4700);
#4720=ORIENTED_EDGE('',*,*,#4540,.F.);
#4730=CARTESIAN_POINT('',(33.616923,0.,2001.));
#4740=DIRECTION('',(0.,1.,0.));
#4750=VECTOR('',#4740,1.);
#4760=LINE('',#4730,#4750);
#4770=CARTESIAN_POINT('',(33.616923,60.133846,2001.));
#4780=VERTEX_POINT('',#4770);
#4790=EDGE_CURVE('',#4780,#4470,#4760,.T.);
#4800=ORIENTED_EDGE('',*,*,#4790,.T.);
#4810=CARTESIAN_POINT('',(33.616923,60.133846,0.));
#4820=DIRECTION('',(0.,0.,1.));
#4830=VECTOR('',#4820,1.);
#4840=LINE('',#4810,#4830);
#4850=EDGE_CURVE('',#790,#4780,#4840,.T.);
#4860=ORIENTED_EDGE('',*,*,#4850,.T.);
#4870=ORIENTED_EDGE('',*,*,#800,.F.);
#4880=EDGE_LOOP('',(#4870,#4860,#4800,#4720));
#4890=FACE_OUTER_BOUND('',#4880,.T.);
#4900=ADVANCED_FACE('',(#4890),#4710,.T.);
#4910=COLOUR_RGB('',0.823529481887817,0.823529481887817,
0.784313797950745);
#4920=FILL_AREA_STYLE_COLOUR('',#4910);
#4930=FILL_AREA_STYLE('',(#4920));
#4940=SURFACE_STYLE_FILL_AREA(#4930);
#4950=SURFACE_SIDE_STYLE('',(#4940));
#4960=SURFACE_STYLE_USAGE(.BOTH.,#4950);
#4970=PRESENTATION_STYLE_ASSIGNMENT((#4960));
#4980=CARTESIAN_POINT('',(37.616923,60.133846,0.));
#4990=DIRECTION('',(-0.,-1.,-0.));
#5000=DIRECTION('',(-1.,0.,0.));
#5010=AXIS2_PLACEMENT_3D('',#4980,#4990,#5000);
#5020=PLANE('',#5010);
#5030=ORIENTED_EDGE('',*,*,#860,.F.);
#5040=ORIENTED_EDGE('',*,*,#4850,.F.);
#5050=CARTESIAN_POINT('',(0.,60.133846,2001.));
#5060=DIRECTION('',(-1.,0.,0.));
#5070=VECTOR('',#5060,1.);
#5080=LINE('',#5050,#5070);
#5090=CARTESIAN_POINT('',(36.366923,60.133846,2001.));
#5100=VERTEX_POINT('',#5090);
#5110=EDGE_CURVE('',#5100,#4780,#5080,.T.);
#5120=ORIENTED_EDGE('',*,*,#5110,.T.);
#5130=CARTESIAN_POINT('',(36.366923,60.133846,0.));
#5140=DIRECTION('',(0.,0.,1.));
#5150=VECTOR('',#5140,1.);
#5160=LINE('',#5130,#5150);
#5170=EDGE_CURVE('',#120,#5100,#5160,.T.);
#5180=ORIENTED_EDGE('',*,*,#5170,.T.);
#5190=EDGE_LOOP('',(#5180,#5120,#5040,#5030));
#5200=FACE_OUTER_BOUND('',#5190,.T.);
#5210=ADVANCED_FACE('',(#5200),#5020,.T.);
#5220=COLOUR_RGB('',0.823529481887817,0.823529481887817,
0.784313797950745);
#5230=FILL_AREA_STYLE_COLOUR('',#5220);
#5240=FILL_AREA_STYLE('',(#5230));
#5250=SURFACE_STYLE_FILL_AREA(#5240);
#5260=SURFACE_SIDE_STYLE('',(#5250));
#5270=SURFACE_STYLE_USAGE(.BOTH.,#5260);
#5280=PRESENTATION_STYLE_ASSIGNMENT((#5270));
#5290=CARTESIAN_POINT('',(68.616923,61.633846,0.));
#5300=DIRECTION('',(1.,0.,0.));
#5310=DIRECTION('',(0.,-1.,0.));
#5320=AXIS2_PLACEMENT_3D('',#5290,#5300,#5310);
#5330=PLANE('',#5320);
#5340=CARTESIAN_POINT('',(68.616923,60.133846,0.));
#5350=DIRECTION('',(0.,0.,1.));
#5360=VECTOR('',#5350,1.);
#5370=LINE('',#5340,#5360);
#5380=CARTESIAN_POINT('',(68.616923,60.133846,2001.));
#5390=VERTEX_POINT('',#5380);
#5400=EDGE_CURVE('',#1300,#5390,#5370,.T.);
#5410=ORIENTED_EDGE('',*,*,#5400,.F.);
#5420=CARTESIAN_POINT('',(68.616923,0.,2001.));
#5430=DIRECTION('',(0.,-1.,0.));
#5440=VECTOR('',#5430,1.);
#5450=LINE('',#5420,#5440);
#5460=CARTESIAN_POINT('',(68.616923,61.633846,2001.));
#5470=VERTEX_POINT('',#5460);
#5480=EDGE_CURVE('',#5470,#5390,#5450,.T.);
#5490=ORIENTED_EDGE('',*,*,#5480,.T.);
#5500=CARTESIAN_POINT('',(68.616923,61.633846,0.));
#5510=DIRECTION('',(0.,0.,1.));
#5520=VECTOR('',#5510,1.);
#5530=LINE('',#5500,#5520);
#5540=EDGE_CURVE('',#1380,#5470,#5530,.T.);
#5550=ORIENTED_EDGE('',*,*,#5540,.T.);
#5560=ORIENTED_EDGE('',*,*,#1390,.T.);
#5570=EDGE_LOOP('',(#5560,#5550,#5490,#5410));
#5580=FACE_OUTER_BOUND('',#5570,.T.);
#5590=ADVANCED_FACE('',(#5580),#5330,.T.);
#5600=COLOUR_RGB('',0.823529481887817,0.823529481887817,
0.784313797950745);
#5610=FILL_AREA_STYLE_COLOUR('',#5600);
#5620=FILL_AREA_STYLE('',(#5610));
#5630=SURFACE_STYLE_FILL_AREA(#5620);
#5640=SURFACE_SIDE_STYLE('',(#5630));
#5650=SURFACE_STYLE_USAGE(.BOTH.,#5640);
#5660=PRESENTATION_STYLE_ASSIGNMENT((#5650));
#5670=CARTESIAN_POINT('',(51.116923,48.133846,46.5999999999999));
#5680=DIRECTION('',(0.,-1.,0.));
#5690=DIRECTION('',(1.,0.,0.));
#5700=AXIS2_PLACEMENT_3D('',#5670,#5680,#5690);
#5710=CYLINDRICAL_SURFACE('',#5700,3.1);
#5720=CARTESIAN_POINT('',(54.216923,48.133846,46.5999999999999));
#5730=DIRECTION('',(0.,-1.,0.));
#5740=VECTOR('',#5730,1.);
#5750=LINE('',#5720,#5740);
#5760=CARTESIAN_POINT('',(54.216923,48.133846,46.5999999999999));
#5770=VERTEX_POINT('',#5760);
#5780=CARTESIAN_POINT('',(54.216923,46.633846,46.5999999999999));
#5790=VERTEX_POINT('',#5780);
#5800=EDGE_CURVE('',#5770,#5790,#5750,.T.);
#5810=ORIENTED_EDGE('',*,*,#5800,.F.);
#5820=CARTESIAN_POINT('',(51.116923,46.633846,46.5999999999999));
#5830=DIRECTION('',(0.,-1.,0.));
#5840=DIRECTION('',(1.,0.,0.));
#5850=AXIS2_PLACEMENT_3D('',#5820,#5830,#5840);
#5860=CIRCLE('',#5850,3.1);
#5870=CARTESIAN_POINT('',(48.016923,46.633846,46.5999999999999));
#5880=VERTEX_POINT('',#5870);
#5890=EDGE_CURVE('',#5880,#5790,#5860,.T.);
#5900=ORIENTED_EDGE('',*,*,#5890,.T.);
#5910=CARTESIAN_POINT('',(48.016923,48.133846,46.5999999999999));
#5920=DIRECTION('',(0.,-1.,0.));
#5930=VECTOR('',#5920,1.);
#5940=LINE('',#5910,#5930);
#5950=CARTESIAN_POINT('',(48.016923,48.133846,46.5999999999999));
#5960=VERTEX_POINT('',#5950);
#5970=EDGE_CURVE('',#5960,#5880,#5940,.T.);
#5980=ORIENTED_EDGE('',*,*,#5970,.T.);
#5990=CARTESIAN_POINT('',(51.116923,48.133846,46.5999999999999));
#6000=DIRECTION('',(0.,-1.,0.));
#6010=DIRECTION('',(1.,0.,0.));
#6020=AXIS2_PLACEMENT_3D('',#5990,#6000,#6010);
#6030=CIRCLE('',#6020,3.1);
#6040=EDGE_CURVE('',#5960,#5770,#6030,.T.);
#6050=ORIENTED_EDGE('',*,*,#6040,.F.);
#6060=EDGE_LOOP('',(#6050,#5980,#5900,#5810));
#6070=FACE_OUTER_BOUND('',#6060,.T.);
#6080=ADVANCED_FACE('',(#6070),#5710,.F.);
#6090=COLOUR_RGB('',0.823529481887817,0.823529481887817,
0.784313797950745);
#6100=FILL_AREA_STYLE_COLOUR('',#6090);
#6110=FILL_AREA_STYLE('',(#6100));
#6120=SURFACE_STYLE_FILL_AREA(#6110);
#6130=SURFACE_SIDE_STYLE('',(#6120));
#6140=SURFACE_STYLE_USAGE(.BOTH.,#6130);
#6150=PRESENTATION_STYLE_ASSIGNMENT((#6140));
#6160=CARTESIAN_POINT('',(48.016923,48.133846,155.4));
#6170=DIRECTION('',(1.,0.,-0.));
#6180=DIRECTION('',(0.,0.,1.));
#6190=AXIS2_PLACEMENT_3D('',#6160,#6170,#6180);
#6200=PLANE('',#6190);
#6210=CARTESIAN_POINT('',(48.016923,48.133846,146.6));
#6220=DIRECTION('',(0.,-1.,0.));
#6230=VECTOR('',#6220,1.);
#6240=LINE('',#6210,#6230);
#6250=CARTESIAN_POINT('',(48.016923,48.133846,146.6));
#6260=VERTEX_POINT('',#6250);
#6270=CARTESIAN_POINT('',(48.016923,46.633846,146.6));
#6280=VERTEX_POINT('',#6270);
#6290=EDGE_CURVE('',#6260,#6280,#6240,.T.);
#6300=ORIENTED_EDGE('',*,*,#6290,.F.);
#6310=CARTESIAN_POINT('',(48.016923,46.633846,1.));
#6320=DIRECTION('',(0.,0.,-1.));
#6330=VECTOR('',#6320,1.);
#6340=LINE('',#6310,#6330);
#6350=CARTESIAN_POINT('',(48.016923,46.633846,155.4));
#6360=VERTEX_POINT('',#6350);
#6370=EDGE_CURVE('',#6360,#6280,#6340,.T.);
#6380=ORIENTED_EDGE('',*,*,#6370,.T.);
#6390=CARTESIAN_POINT('',(48.016923,48.133846,155.4));
#6400=DIRECTION('',(0.,-1.,0.));
#6410=VECTOR('',#6400,1.);
#6420=LINE('',#6390,#6410);
#6430=CARTESIAN_POINT('',(48.016923,48.133846,155.4));
#6440=VERTEX_POINT('',#6430);
#6450=EDGE_CURVE('',#6440,#6360,#6420,.T.);
#6460=ORIENTED_EDGE('',*,*,#6450,.T.);
#6470=CARTESIAN_POINT('',(48.016923,48.133846,1.));
#6480=DIRECTION('',(0.,0.,-1.));
#6490=VECTOR('',#6480,1.);
#6500=LINE('',#6470,#6490);
#6510=EDGE_CURVE('',#6440,#6260,#6500,.T.);
#6520=ORIENTED_EDGE('',*,*,#6510,.F.);
#6530=EDGE_LOOP('',(#6520,#6460,#6380,#6300));
#6540=FACE_OUTER_BOUND('',#6530,.T.);
#6550=ADVANCED_FACE('',(#6540),#6200,.T.);
#6560=COLOUR_RGB('',0.823529481887817,0.823529481887817,
0.784313797950745);
#6570=FILL_AREA_STYLE_COLOUR('',#6560);
#6580=FILL_AREA_STYLE('',(#6570));
#6590=SURFACE_STYLE_FILL_AREA(#6580);
#6600=SURFACE_SIDE_STYLE('',(#6590));
#6610=SURFACE_STYLE_USAGE(.BOTH.,#6600);
#6620=PRESENTATION_STYLE_ASSIGNMENT((#6610));
#6630=CARTESIAN_POINT('',(64.616923,60.133846,0.));
#6640=DIRECTION('',(1.,0.,0.));
#6650=DIRECTION('',(0.,-1.,0.));
#6660=AXIS2_PLACEMENT_3D('',#6630,#6640,#6650);
#6670=PLANE('',#6660);
#6680=ORIENTED_EDGE('',*,*,#1140,.T.);
#6690=CARTESIAN_POINT('',(64.616923,46.633846,0.));
#6700=DIRECTION('',(0.,0.,1.));
#6710=VECTOR('',#6700,1.);
#6720=LINE('',#6690,#6710);
#6730=CARTESIAN_POINT('',(64.616923,46.633846,2001.));
#6740=VERTEX_POINT('',#6730);
#6750=EDGE_CURVE('',#1030,#6740,#6720,.T.);
#6760=ORIENTED_EDGE('',*,*,#6750,.F.);
#6770=CARTESIAN_POINT('',(64.616923,0.,2001.));
#6780=DIRECTION('',(0.,-1.,0.));
#6790=VECTOR('',#6780,1.);
#6800=LINE('',#6770,#6790);
#6810=CARTESIAN_POINT('',(64.616923,58.883846,2001.));
#6820=VERTEX_POINT('',#6810);
#6830=EDGE_CURVE('',#6820,#6740,#6800,.T.);
#6840=ORIENTED_EDGE('',*,*,#6830,.T.);
#6850=CARTESIAN_POINT('',(64.616923,58.883846,0.));
#6860=DIRECTION('',(0.,0.,1.));
#6870=VECTOR('',#6860,1.);
#6880=LINE('',#6850,#6870);
#6890=EDGE_CURVE('',#1130,#6820,#6880,.T.);
#6900=ORIENTED_EDGE('',*,*,#6890,.T.);
#6910=EDGE_LOOP('',(#6900,#6840,#6760,#6680));
#6920=FACE_OUTER_BOUND('',#6910,.T.);
#6930=ADVANCED_FACE('',(#6920),#6670,.T.);
#6940=COLOUR_RGB('',0.823529481887817,0.823529481887817,
0.784313797950745);
#6950=FILL_AREA_STYLE_COLOUR('',#6940);
#6960=FILL_AREA_STYLE('',(#6950));
#6970=SURFACE_STYLE_FILL_AREA(#6960);
#6980=SURFACE_SIDE_STYLE('',(#6970));
#6990=SURFACE_STYLE_USAGE(.BOTH.,#6980);
#7000=PRESENTATION_STYLE_ASSIGNMENT((#6990));
#7010=CARTESIAN_POINT('',(66.7508975962156,60.133846,0.));
#7020=DIRECTION('',(-0.,-1.,-0.));
#7030=DIRECTION('',(-1.,0.,0.));
#7040=AXIS2_PLACEMENT_3D('',#7010,#7020,#7030);
#7050=PLANE('',#7040);
#7060=CARTESIAN_POINT('',(65.866923,60.133846,0.));
#7070=DIRECTION('',(0.,0.,1.));
#7080=VECTOR('',#7070,1.);
#7090=LINE('',#7060,#7080);
#7100=CARTESIAN_POINT('',(65.866923,60.133846,2001.));
#7110=VERTEX_POINT('',#7100);
#7120=EDGE_CURVE('',#1220,#7110,#7090,.T.);
#7130=ORIENTED_EDGE('',*,*,#7120,.F.);
#7140=CARTESIAN_POINT('',(0.,60.133846,2001.));
#7150=DIRECTION('',(-1.,0.,0.));
#7160=VECTOR('',#7150,1.);
#7170=LINE('',#7140,#7160);
#7180=EDGE_CURVE('',#5390,#7110,#7170,.T.);
#7190=ORIENTED_EDGE('',*,*,#7180,.T.);
#7200=ORIENTED_EDGE('',*,*,#5400,.T.);
#7210=ORIENTED_EDGE('',*,*,#1310,.T.);
#7220=EDGE_LOOP('',(#7210,#7200,#7190,#7130));
#7230=FACE_OUTER_BOUND('',#7220,.T.);
#7240=ADVANCED_FACE('',(#7230),#7050,.T.);
#7250=COLOUR_RGB('',0.823529481887817,0.823529481887817,
0.784313797950745);
#7260=FILL_AREA_STYLE_COLOUR('',#7250);
#7270=FILL_AREA_STYLE('',(#7260));
#7280=SURFACE_STYLE_FILL_AREA(#7270);
#7290=SURFACE_SIDE_STYLE('',(#7280));
#7300=SURFACE_STYLE_USAGE(.BOTH.,#7290);
#7310=PRESENTATION_STYLE_ASSIGNMENT((#7300));
#7320=CARTESIAN_POINT('',(37.616923,46.633846,0.));
#7330=DIRECTION('',(-1.,0.,0.));
#7340=DIRECTION('',(0.,1.,0.));
#7350=AXIS2_PLACEMENT_3D('',#7320,#7330,#7340);
#7360=PLANE('',#7350);
#7370=CARTESIAN_POINT('',(37.616923,46.633846,0.));
#7380=DIRECTION('',(0.,0.,1.));
#7390=VECTOR('',#7380,1.);
#7400=LINE('',#7370,#7390);
#7410=CARTESIAN_POINT('',(37.616923,46.633846,2001.));
#7420=VERTEX_POINT('',#7410);
#7430=EDGE_CURVE('',#220,#7420,#7400,.T.);
#7440=ORIENTED_EDGE('',*,*,#7430,.T.);
#7450=ORIENTED_EDGE('',*,*,#230,.F.);
#7460=CARTESIAN_POINT('',(37.616923,58.883846,0.));
#7470=DIRECTION('',(0.,0.,1.));
#7480=VECTOR('',#7470,1.);
#7490=LINE('',#7460,#7480);
#7500=CARTESIAN_POINT('',(37.616923,58.883846,2001.));
#7510=VERTEX_POINT('',#7500);
#7520=EDGE_CURVE('',#140,#7510,#7490,.T.);
#7530=ORIENTED_EDGE('',*,*,#7520,.F.);
#7540=CARTESIAN_POINT('',(37.616923,0.,2001.));
#7550=DIRECTION('',(0.,1.,0.));
#7560=VECTOR('',#7550,1.);
#7570=LINE('',#7540,#7560);
#7580=EDGE_CURVE('',#7420,#7510,#7570,.T.);
#7590=ORIENTED_EDGE('',*,*,#7580,.T.);
#7600=EDGE_LOOP('',(#7590,#7530,#7450,#7440));
#7610=FACE_OUTER_BOUND('',#7600,.T.);
#7620=ADVANCED_FACE('',(#7610),#7360,.T.);
#7630=COLOUR_RGB('',0.823529481887817,0.823529481887817,
0.784313797950745);
#7640=FILL_AREA_STYLE_COLOUR('',#7630);
#7650=FILL_AREA_STYLE('',(#7640));
#7660=SURFACE_STYLE_FILL_AREA(#7650);
#7670=SURFACE_SIDE_STYLE('',(#7660));
#7680=SURFACE_STYLE_USAGE(.BOTH.,#7670);
#7690=PRESENTATION_STYLE_ASSIGNMENT((#7680));
#7700=CARTESIAN_POINT('',(54.216923,48.133846,171.6));
#7710=DIRECTION('',(-1.,-0.,-0.));
#7720=DIRECTION('',(0.,0.,-1.));
#7730=AXIS2_PLACEMENT_3D('',#7700,#7710,#7720);
#7740=PLANE('',#7730);
#7750=CARTESIAN_POINT('',(54.216923,-21.866157,180.4));
#7760=DIRECTION('',(0.,1.,0.));
#7770=VECTOR('',#7760,1.);
#7780=LINE('',#7750,#7770);
#7790=CARTESIAN_POINT('',(54.216923,46.633846,180.4));
#7800=VERTEX_POINT('',#7790);
#7810=CARTESIAN_POINT('',(54.216923,48.133846,180.4));
#7820=VERTEX_POINT('',#7810);
#7830=EDGE_CURVE('',#7800,#7820,#7780,.T.);
#7840=ORIENTED_EDGE('',*,*,#7830,.T.);
#7850=CARTESIAN_POINT('',(54.216923,46.633846,1.));
#7860=DIRECTION('',(0.,0.,1.));
#7870=VECTOR('',#7860,1.);
#7880=LINE('',#7850,#7870);
#7890=CARTESIAN_POINT('',(54.216923,46.633846,171.6));
#7900=VERTEX_POINT('',#7890);
#7910=EDGE_CURVE('',#7900,#7800,#7880,.T.);
#7920=ORIENTED_EDGE('',*,*,#7910,.T.);
#7930=CARTESIAN_POINT('',(54.216923,48.133849,171.6));
#7940=DIRECTION('',(0.,-1.,0.));
#7950=VECTOR('',#7940,1.);
#7960=LINE('',#7930,#7950);
#7970=CARTESIAN_POINT('',(54.216923,48.133846,171.6));
#7980=VERTEX_POINT('',#7970);
#7990=EDGE_CURVE('',#7980,#7900,#7960,.T.);
#8000=ORIENTED_EDGE('',*,*,#7990,.T.);
#8010=CARTESIAN_POINT('',(54.216923,48.133846,1.));
#8020=DIRECTION('',(0.,0.,-1.));
#8030=VECTOR('',#8020,1.);
#8040=LINE('',#8010,#8030);
#8050=EDGE_CURVE('',#7820,#7980,#8040,.T.);
#8060=ORIENTED_EDGE('',*,*,#8050,.T.);
#8070=EDGE_LOOP('',(#8060,#8000,#7920,#7840));
#8080=FACE_OUTER_BOUND('',#8070,.T.);
#8090=ADVANCED_FACE('',(#8080),#7740,.T.);
#8100=COLOUR_RGB('',0.823529481887817,0.823529481887817,
0.784313797950745);
#8110=FILL_AREA_STYLE_COLOUR('',#8100);
#8120=FILL_AREA_STYLE('',(#8110));
#8130=SURFACE_STYLE_FILL_AREA(#8120);
#8140=SURFACE_SIDE_STYLE('',(#8130));
#8150=SURFACE_STYLE_USAGE(.BOTH.,#8140);
#8160=PRESENTATION_STYLE_ASSIGNMENT((#8150));
#8170=CARTESIAN_POINT('',(54.216923,48.133846,21.5999999999999));
#8180=DIRECTION('',(-1.,-0.,-0.));
#8190=DIRECTION('',(0.,0.,-1.));
#8200=AXIS2_PLACEMENT_3D('',#8170,#8180,#8190);
#8210=PLANE('',#8200);
#8220=CARTESIAN_POINT('',(54.216923,48.133846,30.4000000000001));
#8230=DIRECTION('',(0.,-1.,0.));
#8240=VECTOR('',#8230,1.);
#8250=LINE('',#8220,#8240);
#8260=CARTESIAN_POINT('',(54.216923,48.133846,30.4000000000001));
#8270=VERTEX_POINT('',#8260);
#8280=CARTESIAN_POINT('',(54.216923,46.633846,30.4000000000001));
#8290=VERTEX_POINT('',#8280);
#8300=EDGE_CURVE('',#8270,#8290,#8250,.T.);
#8310=ORIENTED_EDGE('',*,*,#8300,.F.);
#8320=CARTESIAN_POINT('',(54.216923,46.633846,1.));
#8330=DIRECTION('',(0.,0.,1.));
#8340=VECTOR('',#8330,1.);
#8350=LINE('',#8320,#8340);
#8360=CARTESIAN_POINT('',(54.216923,46.633846,21.5999999999999));
#8370=VERTEX_POINT('',#8360);
#8380=EDGE_CURVE('',#8370,#8290,#8350,.T.);
#8390=ORIENTED_EDGE('',*,*,#8380,.T.);
#8400=CARTESIAN_POINT('',(54.216923,48.133846,21.5999999999999));
#8410=DIRECTION('',(0.,-1.,0.));
#8420=VECTOR('',#8410,1.);
#8430=LINE('',#8400,#8420);
#8440=CARTESIAN_POINT('',(54.216923,48.133846,21.5999999999999));
#8450=VERTEX_POINT('',#8440);
#8460=EDGE_CURVE('',#8450,#8370,#8430,.T.);
#8470=ORIENTED_EDGE('',*,*,#8460,.T.);
#8480=CARTESIAN_POINT('',(54.216923,48.133846,1.));
#8490=DIRECTION('',(0.,0.,1.));
#8500=VECTOR('',#8490,1.);
#8510=LINE('',#8480,#8500);
#8520=EDGE_CURVE('',#8450,#8270,#8510,.T.);
#8530=ORIENTED_EDGE('',*,*,#8520,.F.);
#8540=EDGE_LOOP('',(#8530,#8470,#8390,#8310));
#8550=FACE_OUTER_BOUND('',#8540,.T.);
#8560=ADVANCED_FACE('',(#8550),#8210,.T.);
#8570=COLOUR_RGB('',0.823529481887817,0.823529481887817,
0.784313797950745);
#8580=FILL_AREA_STYLE_COLOUR('',#8570);
#8590=FILL_AREA_STYLE('',(#8580));
#8600=SURFACE_STYLE_FILL_AREA(#8590);
#8610=SURFACE_SIDE_STYLE('',(#8600));
#8620=SURFACE_STYLE_USAGE(.BOTH.,#8610);
#8630=PRESENTATION_STYLE_ASSIGNMENT((#8620));
#8640=CARTESIAN_POINT('',(51.116923,48.133846,121.6));
#8650=DIRECTION('',(0.,-1.,0.));
#8660=DIRECTION('',(1.,0.,0.));
#8670=AXIS2_PLACEMENT_3D('',#8640,#8650,#8660);
#8680=CYLINDRICAL_SURFACE('',#8670,3.1);
#8690=CARTESIAN_POINT('',(54.216923,48.133846,121.6));
#8700=DIRECTION('',(0.,-1.,0.));
#8710=VECTOR('',#8700,1.);
#8720=LINE('',#8690,#8710);
#8730=CARTESIAN_POINT('',(54.216923,48.133846,121.6));
#8740=VERTEX_POINT('',#8730);
#8750=CARTESIAN_POINT('',(54.216923,46.633846,121.6));
#8760=VERTEX_POINT('',#8750);
#8770=EDGE_CURVE('',#8740,#8760,#8720,.T.);
#8780=ORIENTED_EDGE('',*,*,#8770,.F.);
#8790=CARTESIAN_POINT('',(51.116923,46.633846,121.6));
#8800=DIRECTION('',(0.,-1.,0.));
#8810=DIRECTION('',(1.,0.,0.));
#8820=AXIS2_PLACEMENT_3D('',#8790,#8800,#8810);
#8830=CIRCLE('',#8820,3.1);
#8840=CARTESIAN_POINT('',(48.016923,46.633846,121.6));
#8850=VERTEX_POINT('',#8840);
#8860=EDGE_CURVE('',#8850,#8760,#8830,.T.);
#8870=ORIENTED_EDGE('',*,*,#8860,.T.);
#8880=CARTESIAN_POINT('',(48.016923,48.133846,121.6));
#8890=DIRECTION('',(0.,-1.,0.));
#8900=VECTOR('',#8890,1.);
#8910=LINE('',#8880,#8900);
#8920=CARTESIAN_POINT('',(48.016923,48.133846,121.6));
#8930=VERTEX_POINT('',#8920);
#8940=EDGE_CURVE('',#8930,#8850,#8910,.T.);
#8950=ORIENTED_EDGE('',*,*,#8940,.T.);
#8960=CARTESIAN_POINT('',(51.116923,48.133846,121.6));
#8970=DIRECTION('',(0.,-1.,0.));
#8980=DIRECTION('',(1.,0.,0.));
#8990=AXIS2_PLACEMENT_3D('',#8960,#8970,#8980);
#9000=CIRCLE('',#8990,3.1);
#9010=EDGE_CURVE('',#8930,#8740,#9000,.T.);
#9020=ORIENTED_EDGE('',*,*,#9010,.F.);
#9030=EDGE_LOOP('',(#9020,#8950,#8870,#8780));
#9040=FACE_OUTER_BOUND('',#9030,.T.);
#9050=ADVANCED_FACE('',(#9040),#8680,.F.);
#9060=COLOUR_RGB('',0.823529481887817,0.823529481887817,
0.784313797950745);
#9070=FILL_AREA_STYLE_COLOUR('',#9060);
#9080=FILL_AREA_STYLE('',(#9070));
#9090=SURFACE_STYLE_FILL_AREA(#9080);
#9100=SURFACE_SIDE_STYLE('',(#9090));
#9110=SURFACE_STYLE_USAGE(.BOTH.,#9100);
#9120=PRESENTATION_STYLE_ASSIGNMENT((#9110));
#9130=CARTESIAN_POINT('',(48.016923,48.133846,180.4));
#9140=DIRECTION('',(1.,0.,-0.));
#9150=DIRECTION('',(0.,0.,1.));
#9160=AXIS2_PLACEMENT_3D('',#9130,#9140,#9150);
#9170=PLANE('',#9160);
#9180=CARTESIAN_POINT('',(48.016923,48.133849,171.6));
#9190=DIRECTION('',(0.,-1.,0.));
#9200=VECTOR('',#9190,1.);
#9210=LINE('',#9180,#9200);
#9220=CARTESIAN_POINT('',(48.016923,48.133846,171.6));
#9230=VERTEX_POINT('',#9220);
#9240=CARTESIAN_POINT('',(48.016923,46.633846,171.6));
#9250=VERTEX_POINT('',#9240);
#9260=EDGE_CURVE('',#9230,#9250,#9210,.T.);
#9270=ORIENTED_EDGE('',*,*,#9260,.F.);
#9280=CARTESIAN_POINT('',(48.016923,46.633846,1.));
#9290=DIRECTION('',(0.,0.,-1.));
#9300=VECTOR('',#9290,1.);
#9310=LINE('',#9280,#9300);
#9320=CARTESIAN_POINT('',(48.016923,46.633846,180.4));
#9330=VERTEX_POINT('',#9320);
#9340=EDGE_CURVE('',#9330,#9250,#9310,.T.);
#9350=ORIENTED_EDGE('',*,*,#9340,.T.);
#9360=CARTESIAN_POINT('',(48.016923,-21.866157,180.4));
#9370=DIRECTION('',(0.,1.,0.));
#9380=VECTOR('',#9370,1.);
#9390=LINE('',#9360,#9380);
#9400=CARTESIAN_POINT('',(48.016923,48.133846,180.4));
#9410=VERTEX_POINT('',#9400);
#9420=EDGE_CURVE('',#9330,#9410,#9390,.T.);
#9430=ORIENTED_EDGE('',*,*,#9420,.F.);
#9440=CARTESIAN_POINT('',(48.016923,48.133846,1.));
#9450=DIRECTION('',(0.,0.,1.));
#9460=VECTOR('',#9450,1.);
#9470=LINE('',#9440,#9460);
#9480=EDGE_CURVE('',#9230,#9410,#9470,.T.);
#9490=ORIENTED_EDGE('',*,*,#9480,.T.);
#9500=EDGE_LOOP('',(#9490,#9430,#9350,#9270));
#9510=FACE_OUTER_BOUND('',#9500,.T.);
#9520=ADVANCED_FACE('',(#9510),#9170,.T.);
#9530=COLOUR_RGB('',0.823529481887817,0.823529481887817,
0.784313797950745);
#9540=FILL_AREA_STYLE_COLOUR('',#9530);
#9550=FILL_AREA_STYLE('',(#9540));
#9560=SURFACE_STYLE_FILL_AREA(#9550);
#9570=SURFACE_SIDE_STYLE('',(#9560));
#9580=SURFACE_STYLE_USAGE(.BOTH.,#9570);
#9590=PRESENTATION_STYLE_ASSIGNMENT((#9580));
#9600=CARTESIAN_POINT('',(51.116923,48.133846,30.4000000000001));
#9610=DIRECTION('',(0.,1.,0.));
#9620=DIRECTION('',(1.,0.,0.));
#9630=AXIS2_PLACEMENT_3D('',#9600,#9610,#9620);
#9640=CYLINDRICAL_SURFACE('',#9630,3.1);
#9650=CARTESIAN_POINT('',(48.016923,48.133846,30.4000000000001));
#9660=DIRECTION('',(0.,-1.,0.));
#9670=VECTOR('',#9660,1.);
#9680=LINE('',#9650,#9670);
#9690=CARTESIAN_POINT('',(48.016923,48.133846,30.4000000000001));
#9700=VERTEX_POINT('',#9690);
#9710=CARTESIAN_POINT('',(48.016923,46.633846,30.4000000000001));
#9720=VERTEX_POINT('',#9710);
#9730=EDGE_CURVE('',#9700,#9720,#9680,.T.);
#9740=ORIENTED_EDGE('',*,*,#9730,.F.);
#9750=CARTESIAN_POINT('',(51.116923,46.633846,30.4000000000001));
#9760=DIRECTION('',(0.,1.,0.));
#9770=DIRECTION('',(1.,0.,0.));
#9780=AXIS2_PLACEMENT_3D('',#9750,#9760,#9770);
#9790=CIRCLE('',#9780,3.1);
#9800=EDGE_CURVE('',#9720,#8290,#9790,.T.);
#9810=ORIENTED_EDGE('',*,*,#9800,.F.);
#9820=ORIENTED_EDGE('',*,*,#8300,.T.);
#9830=CARTESIAN_POINT('',(51.116923,48.133846,30.4000000000001));
#9840=DIRECTION('',(0.,1.,0.));
#9850=DIRECTION('',(1.,0.,0.));
#9860=AXIS2_PLACEMENT_3D('',#9830,#9840,#9850);
#9870=CIRCLE('',#9860,3.1);
#9880=EDGE_CURVE('',#9700,#8270,#9870,.T.);
#9890=ORIENTED_EDGE('',*,*,#9880,.T.);
#9900=EDGE_LOOP('',(#9890,#9820,#9810,#9740));
#9910=FACE_OUTER_BOUND('',#9900,.T.);
#9920=ADVANCED_FACE('',(#9910),#9640,.F.);
#9930=COLOUR_RGB('',0.823529481887817,0.823529481887817,
0.784313797950745);
#9940=FILL_AREA_STYLE_COLOUR('',#9930);
#9950=FILL_AREA_STYLE('',(#9940));
#9960=SURFACE_STYLE_FILL_AREA(#9950);
#9970=SURFACE_SIDE_STYLE('',(#9960));
#9980=SURFACE_STYLE_USAGE(.BOTH.,#9970);
#9990=PRESENTATION_STYLE_ASSIGNMENT((#9980));
#10000=CARTESIAN_POINT('',(48.016923,48.133846,80.4000000000001));
#10010=DIRECTION('',(1.,0.,-0.));
#10020=DIRECTION('',(0.,0.,1.));
#10030=AXIS2_PLACEMENT_3D('',#10000,#10010,#10020);
#10040=PLANE('',#10030);
#10050=CARTESIAN_POINT('',(48.016923,48.133846,71.5999999999999));
#10060=DIRECTION('',(0.,-1.,0.));
#10070=VECTOR('',#10060,1.);
#10080=LINE('',#10050,#10070);
#10090=CARTESIAN_POINT('',(48.016923,48.133846,71.5999999999999));
#10100=VERTEX_POINT('',#10090);
#10110=CARTESIAN_POINT('',(48.016923,46.633846,71.5999999999999));
#10120=VERTEX_POINT('',#10110);
#10130=EDGE_CURVE('',#10100,#10120,#10080,.T.);
#10140=ORIENTED_EDGE('',*,*,#10130,.F.);
#10150=CARTESIAN_POINT('',(48.016923,46.633846,1.));
#10160=DIRECTION('',(0.,0.,-1.));
#10170=VECTOR('',#10160,1.);
#10180=LINE('',#10150,#10170);
#10190=CARTESIAN_POINT('',(48.016923,46.633846,80.4000000000001));
#10200=VERTEX_POINT('',#10190);
#10210=EDGE_CURVE('',#10200,#10120,#10180,.T.);
#10220=ORIENTED_EDGE('',*,*,#10210,.T.);
#10230=CARTESIAN_POINT('',(48.016923,48.133846,80.4000000000001));
#10240=DIRECTION('',(0.,-1.,0.));
#10250=VECTOR('',#10240,1.);
#10260=LINE('',#10230,#10250);
#10270=CARTESIAN_POINT('',(48.016923,48.133846,80.4000000000001));
#10280=VERTEX_POINT('',#10270);
#10290=EDGE_CURVE('',#10280,#10200,#10260,.T.);
#10300=ORIENTED_EDGE('',*,*,#10290,.T.);
#10310=CARTESIAN_POINT('',(48.016923,48.133846,1.));
#10320=DIRECTION('',(0.,0.,-1.));
#10330=VECTOR('',#10320,1.);
#10340=LINE('',#10310,#10330);
#10350=EDGE_CURVE('',#10280,#10100,#10340,.T.);
#10360=ORIENTED_EDGE('',*,*,#10350,.F.);
#10370=EDGE_LOOP('',(#10360,#10300,#10220,#10140));
#10380=FACE_OUTER_BOUND('',#10370,.T.);
#10390=ADVANCED_FACE('',(#10380),#10040,.T.);
#10400=COLOUR_RGB('',0.823529481887817,0.823529481887817,
0.784313797950745);
#10410=FILL_AREA_STYLE_COLOUR('',#10400);
#10420=FILL_AREA_STYLE('',(#10410));
#10430=SURFACE_STYLE_FILL_AREA(#10420);
#10440=SURFACE_SIDE_STYLE('',(#10430));
#10450=SURFACE_STYLE_USAGE(.BOTH.,#10440);
#10460=PRESENTATION_STYLE_ASSIGNMENT((#10450));
#10470=CARTESIAN_POINT('',(63.116923,61.633846,0.));
#10480=DIRECTION('',(-0.,1.,0.));
#10490=DIRECTION('',(1.,0.,0.));
#10500=AXIS2_PLACEMENT_3D('',#10470,#10480,#10490);
#10510=PLANE('',#10500);
#10520=ORIENTED_EDGE('',*,*,#1470,.T.);
#10530=ORIENTED_EDGE('',*,*,#5540,.F.);
#10540=CARTESIAN_POINT('',(0.,61.633846,2001.));
#10550=DIRECTION('',(1.,0.,0.));
#10560=VECTOR('',#10550,1.);
#10570=LINE('',#10540,#10560);
#10580=CARTESIAN_POINT('',(65.866923,61.633846,2001.));
#10590=VERTEX_POINT('',#10580);
#10600=EDGE_CURVE('',#10590,#5470,#10570,.T.);
#10610=ORIENTED_EDGE('',*,*,#10600,.T.);
#10620=CARTESIAN_POINT('',(65.866923,61.633846,0.));
#10630=DIRECTION('',(0.,0.,1.));
#10640=VECTOR('',#10630,1.);
#10650=LINE('',#10620,#10640);
#10660=EDGE_CURVE('',#1460,#10590,#10650,.T.);
#10670=ORIENTED_EDGE('',*,*,#10660,.T.);
#10680=EDGE_LOOP('',(#10670,#10610,#10530,#10520));
#10690=FACE_OUTER_BOUND('',#10680,.T.);
#10700=ADVANCED_FACE('',(#10690),#10510,.T.);
#10710=COLOUR_RGB('',0.823529481887817,0.823529481887817,
0.784313797950745);
#10720=FILL_AREA_STYLE_COLOUR('',#10710);
#10730=FILL_AREA_STYLE('',(#10720));
#10740=SURFACE_STYLE_FILL_AREA(#10730);
#10750=SURFACE_SIDE_STYLE('',(#10740));
#10760=SURFACE_STYLE_USAGE(.BOTH.,#10750);
#10770=PRESENTATION_STYLE_ASSIGNMENT((#10760));
#10780=CARTESIAN_POINT('',(134.866923,45.1338436,2001.));
#10790=DIRECTION('',(0.,0.,1.));
#10800=DIRECTION('',(-1.,0.,0.));
#10810=AXIS2_PLACEMENT_3D('',#10780,#10790,#10800);
#10820=PLANE('',#10810);
#10830=CARTESIAN_POINT('',(54.216923,0.,2001.));
#10840=DIRECTION('',(0.,-1.,0.));
#10850=VECTOR('',#10840,1.);
#10860=LINE('',#10830,#10850);
#10870=CARTESIAN_POINT('',(54.216923,48.133846,2001.));
#10880=VERTEX_POINT('',#10870);
#10890=CARTESIAN_POINT('',(54.216923,46.633846,2001.));
#10900=VERTEX_POINT('',#10890);
#10910=EDGE_CURVE('',#10880,#10900,#10860,.T.);
#10920=ORIENTED_EDGE('',*,*,#10910,.T.);
#10930=CARTESIAN_POINT('',(0.,48.133846,2001.));
#10940=DIRECTION('',(1.,0.,0.));
#10950=VECTOR('',#10940,1.);
#10960=LINE('',#10930,#10950);
#10970=EDGE_CURVE('',#10880,#3620,#10960,.T.);
#10980=ORIENTED_EDGE('',*,*,#10970,.F.);
#10990=ORIENTED_EDGE('',*,*,#3630,.F.);
#11000=CARTESIAN_POINT('',(65.866923,58.883846,2001.));
#11010=DIRECTION('',(0.,0.,1.));
#11020=DIRECTION('',(1.,0.,0.));
#11030=AXIS2_PLACEMENT_3D('',#11000,#11010,#11020);
#11040=CIRCLE('',#11030,2.75);
#11050=EDGE_CURVE('',#10590,#3540,#11040,.T.);
#11060=ORIENTED_EDGE('',*,*,#11050,.T.);
#11070=ORIENTED_EDGE('',*,*,#10600,.F.);
#11080=ORIENTED_EDGE('',*,*,#5480,.F.);
#11090=ORIENTED_EDGE('',*,*,#7180,.F.);
#11100=CARTESIAN_POINT('',(65.866923,58.883846,2001.));
#11110=DIRECTION('',(0.,0.,-1.));
#11120=DIRECTION('',(-1.,0.,0.));
#11130=AXIS2_PLACEMENT_3D('',#11100,#11110,#11120);
#11140=CIRCLE('',#11130,1.25);
#11150=EDGE_CURVE('',#6820,#7110,#11140,.T.);
#11160=ORIENTED_EDGE('',*,*,#11150,.T.);
#11170=ORIENTED_EDGE('',*,*,#6830,.F.);
#11180=CARTESIAN_POINT('',(0.,46.633846,2001.));
#11190=DIRECTION('',(1.,0.,0.));
#11200=VECTOR('',#11190,1.);
#11210=LINE('',#11180,#11200);
#11220=EDGE_CURVE('',#10900,#6740,#11210,.T.);
#11230=ORIENTED_EDGE('',*,*,#11220,.T.);
#11240=EDGE_LOOP('',(#11230,#11170,#11160,#11090,#11080,#11070,#11060,
#10990,#10980,#10920));
#11250=FACE_OUTER_BOUND('',#11240,.T.);
#11260=ADVANCED_FACE('',(#11250),#10820,.T.);
#11270=COLOUR_RGB('',0.823529481887817,0.823529481887817,
0.784313797950745);
#11280=FILL_AREA_STYLE_COLOUR('',#11270);
#11290=FILL_AREA_STYLE('',(#11280));
#11300=SURFACE_STYLE_FILL_AREA(#11290);
#11310=SURFACE_SIDE_STYLE('',(#11300));
#11320=SURFACE_STYLE_USAGE(.BOTH.,#11310);
#11330=PRESENTATION_STYLE_ASSIGNMENT((#11320));
#11340=CARTESIAN_POINT('',(54.216923,48.133846,121.6));
#11350=DIRECTION('',(-1.,-0.,-0.));
#11360=DIRECTION('',(0.,0.,-1.));
#11370=AXIS2_PLACEMENT_3D('',#11340,#11350,#11360);
#11380=PLANE('',#11370);
#11390=CARTESIAN_POINT('',(54.216923,48.133846,130.4));
#11400=DIRECTION('',(0.,-1.,0.));
#11410=VECTOR('',#11400,1.);
#11420=LINE('',#11390,#11410);
#11430=CARTESIAN_POINT('',(54.216923,48.133846,130.4));
#11440=VERTEX_POINT('',#11430);
#11450=CARTESIAN_POINT('',(54.216923,46.633846,130.4));
#11460=VERTEX_POINT('',#11450);
#11470=EDGE_CURVE('',#11440,#11460,#11420,.T.);
#11480=ORIENTED_EDGE('',*,*,#11470,.F.);
#11490=CARTESIAN_POINT('',(54.216923,46.633846,1.));
#11500=DIRECTION('',(0.,0.,1.));
#11510=VECTOR('',#11500,1.);
#11520=LINE('',#11490,#11510);
#11530=EDGE_CURVE('',#8760,#11460,#11520,.T.);
#11540=ORIENTED_EDGE('',*,*,#11530,.T.);
#11550=ORIENTED_EDGE('',*,*,#8770,.T.);
#11560=CARTESIAN_POINT('',(54.216923,48.133846,1.));
#11570=DIRECTION('',(0.,0.,1.));
#11580=VECTOR('',#11570,1.);
#11590=LINE('',#11560,#11580);
#11600=EDGE_CURVE('',#8740,#11440,#11590,.T.);
#11610=ORIENTED_EDGE('',*,*,#11600,.F.);
#11620=EDGE_LOOP('',(#11610,#11550,#11540,#11480));
#11630=FACE_OUTER_BOUND('',#11620,.T.);
#11640=ADVANCED_FACE('',(#11630),#11380,.T.);
#11650=COLOUR_RGB('',0.823529481887817,0.823529481887817,
0.784313797950745);
#11660=FILL_AREA_STYLE_COLOUR('',#11650);
#11670=FILL_AREA_STYLE('',(#11660));
#11680=SURFACE_STYLE_FILL_AREA(#11670);
#11690=SURFACE_SIDE_STYLE('',(#11680));
#11700=SURFACE_STYLE_USAGE(.BOTH.,#11690);
#11710=PRESENTATION_STYLE_ASSIGNMENT((#11700));
#11720=CARTESIAN_POINT('',(51.116923,48.133846,180.4));
#11730=DIRECTION('',(0.,1.,0.));
#11740=DIRECTION('',(1.,0.,0.));
#11750=AXIS2_PLACEMENT_3D('',#11720,#11730,#11740);
#11760=CYLINDRICAL_SURFACE('',#11750,3.1);
#11770=ORIENTED_EDGE('',*,*,#9420,.T.);
#11780=CARTESIAN_POINT('',(51.116923,46.633846,180.4));
#11790=DIRECTION('',(0.,1.,0.));
#11800=DIRECTION('',(1.,0.,0.));
#11810=AXIS2_PLACEMENT_3D('',#11780,#11790,#11800);
#11820=CIRCLE('',#11810,3.1);
#11830=EDGE_CURVE('',#9330,#7800,#11820,.T.);
#11840=ORIENTED_EDGE('',*,*,#11830,.F.);
#11850=ORIENTED_EDGE('',*,*,#7830,.F.);
#11860=CARTESIAN_POINT('',(51.116923,48.133846,180.4));
#11870=DIRECTION('',(0.,1.,0.));
#11880=DIRECTION('',(1.,0.,0.));
#11890=AXIS2_PLACEMENT_3D('',#11860,#11870,#11880);
#11900=CIRCLE('',#11890,3.1);
#11910=EDGE_CURVE('',#9410,#7820,#11900,.T.);
#11920=ORIENTED_EDGE('',*,*,#11910,.T.);
#11930=EDGE_LOOP('',(#11920,#11850,#11840,#11770));
#11940=FACE_OUTER_BOUND('',#11930,.T.);
#11950=ADVANCED_FACE('',(#11940),#11760,.F.);
#11960=COLOUR_RGB('',0.823529481887817,0.823529481887817,
0.784313797950745);
#11970=FILL_AREA_STYLE_COLOUR('',#11960);
#11980=FILL_AREA_STYLE('',(#11970));
#11990=SURFACE_STYLE_FILL_AREA(#11980);
#12000=SURFACE_SIDE_STYLE('',(#11990));
#12010=SURFACE_STYLE_USAGE(.BOTH.,#12000);
#12020=PRESENTATION_STYLE_ASSIGNMENT((#12010));
#12030=CARTESIAN_POINT('',(51.116923,48.133846,80.4000000000001));
#12040=DIRECTION('',(0.,1.,0.));
#12050=DIRECTION('',(1.,0.,0.));
#12060=AXIS2_PLACEMENT_3D('',#12030,#12040,#12050);
#12070=CYLINDRICAL_SURFACE('',#12060,3.1);
#12080=ORIENTED_EDGE('',*,*,#10290,.F.);
#12090=CARTESIAN_POINT('',(51.116923,46.633846,80.4000000000001));
#12100=DIRECTION('',(0.,1.,0.));
#12110=DIRECTION('',(1.,0.,0.));
#12120=AXIS2_PLACEMENT_3D('',#12090,#12100,#12110);
#12130=CIRCLE('',#12120,3.1);
#12140=EDGE_CURVE('',#10200,#3090,#12130,.T.);
#12150=ORIENTED_EDGE('',*,*,#12140,.F.);
#12160=ORIENTED_EDGE('',*,*,#3100,.T.);
#12170=CARTESIAN_POINT('',(51.116923,48.133846,80.4000000000001));
#12180=DIRECTION('',(0.,1.,0.));
#12190=DIRECTION('',(1.,0.,0.));
#12200=AXIS2_PLACEMENT_3D('',#12170,#12180,#12190);
#12210=CIRCLE('',#12200,3.1);
#12220=EDGE_CURVE('',#10280,#3070,#12210,.T.);
#12230=ORIENTED_EDGE('',*,*,#12220,.T.);
#12240=EDGE_LOOP('',(#12230,#12160,#12150,#12080));
#12250=FACE_OUTER_BOUND('',#12240,.T.);
#12260=ADVANCED_FACE('',(#12250),#12070,.F.);
#12270=COLOUR_RGB('',0.823529481887817,0.823529481887817,
0.784313797950745);
#12280=FILL_AREA_STYLE_COLOUR('',#12270);
#12290=FILL_AREA_STYLE('',(#12280));
#12300=SURFACE_STYLE_FILL_AREA(#12290);
#12310=SURFACE_SIDE_STYLE('',(#12300));
#12320=SURFACE_STYLE_USAGE(.BOTH.,#12310);
#12330=PRESENTATION_STYLE_ASSIGNMENT((#12320));
#12340=CARTESIAN_POINT('',(51.116923,48.133846,171.6));
#12350=DIRECTION('',(0.,-1.,0.));
#12360=DIRECTION('',(1.,0.,0.));
#12370=AXIS2_PLACEMENT_3D('',#12340,#12350,#12360);
#12380=CYLINDRICAL_SURFACE('',#12370,3.1);
#12390=ORIENTED_EDGE('',*,*,#7990,.F.);
#12400=CARTESIAN_POINT('',(51.116923,46.633846,171.6));
#12410=DIRECTION('',(0.,-1.,0.));
#12420=DIRECTION('',(1.,0.,0.));
#12430=AXIS2_PLACEMENT_3D('',#12400,#12410,#12420);
#12440=CIRCLE('',#12430,3.1);
#12450=EDGE_CURVE('',#9250,#7900,#12440,.T.);
#12460=ORIENTED_EDGE('',*,*,#12450,.T.);
#12470=ORIENTED_EDGE('',*,*,#9260,.T.);
#12480=CARTESIAN_POINT('',(51.116923,48.133846,171.6));
#12490=DIRECTION('',(0.,-1.,0.));
#12500=DIRECTION('',(1.,0.,0.));
#12510=AXIS2_PLACEMENT_3D('',#12480,#12490,#12500);
#12520=CIRCLE('',#12510,3.1);
#12530=EDGE_CURVE('',#9230,#7980,#12520,.T.);
#12540=ORIENTED_EDGE('',*,*,#12530,.F.);
#12550=EDGE_LOOP('',(#12540,#12470,#12460,#12390));
#12560=FACE_OUTER_BOUND('',#12550,.T.);
#12570=ADVANCED_FACE('',(#12560),#12380,.F.);
#12580=COLOUR_RGB('',0.823529481887817,0.823529481887817,
0.784313797950745);
#12590=FILL_AREA_STYLE_COLOUR('',#12580);
#12600=FILL_AREA_STYLE('',(#12590));
#12610=SURFACE_STYLE_FILL_AREA(#12600);
#12620=SURFACE_SIDE_STYLE('',(#12610));
#12630=SURFACE_STYLE_USAGE(.BOTH.,#12620);
#12640=PRESENTATION_STYLE_ASSIGNMENT((#12630));
#12650=CARTESIAN_POINT('',(51.116923,48.133846,105.4));
#12660=DIRECTION('',(0.,1.,0.));
#12670=DIRECTION('',(1.,0.,0.));
#12680=AXIS2_PLACEMENT_3D('',#12650,#12660,#12670);
#12690=CYLINDRICAL_SURFACE('',#12680,3.1);
#12700=CARTESIAN_POINT('',(48.016923,48.133846,105.4));
#12710=DIRECTION('',(0.,-1.,0.));
#12720=VECTOR('',#12710,1.);
#12730=LINE('',#12700,#12720);
#12740=CARTESIAN_POINT('',(48.016923,48.133846,105.4));
#12750=VERTEX_POINT('',#12740);
#12760=CARTESIAN_POINT('',(48.016923,46.633846,105.4));
#12770=VERTEX_POINT('',#12760);
#12780=EDGE_CURVE('',#12750,#12770,#12730,.T.);
#12790=ORIENTED_EDGE('',*,*,#12780,.F.);
#12800=CARTESIAN_POINT('',(51.116923,46.633846,105.4));
#12810=DIRECTION('',(0.,1.,0.));
#12820=DIRECTION('',(1.,0.,0.));
#12830=AXIS2_PLACEMENT_3D('',#12800,#12810,#12820);
#12840=CIRCLE('',#12830,3.1);
#12850=EDGE_CURVE('',#12770,#3940,#12840,.T.);
#12860=ORIENTED_EDGE('',*,*,#12850,.F.);
#12870=ORIENTED_EDGE('',*,*,#3950,.T.);
#12880=CARTESIAN_POINT('',(51.116923,48.133846,105.4));
#12890=DIRECTION('',(0.,1.,0.));
#12900=DIRECTION('',(1.,0.,0.));
#12910=AXIS2_PLACEMENT_3D('',#12880,#12890,#12900);
#12920=CIRCLE('',#12910,3.1);
#12930=EDGE_CURVE('',#12750,#3920,#12920,.T.);
#12940=ORIENTED_EDGE('',*,*,#12930,.T.);
#12950=EDGE_LOOP('',(#12940,#12870,#12860,#12790));
#12960=FACE_OUTER_BOUND('',#12950,.T.);
#12970=ADVANCED_FACE('',(#12960),#12690,.F.);
#12980=COLOUR_RGB('',0.823529481887817,0.823529481887817,
0.784313797950745);
#12990=FILL_AREA_STYLE_COLOUR('',#12980);
#13000=FILL_AREA_STYLE('',(#12990));
#13010=SURFACE_STYLE_FILL_AREA(#13000);
#13020=SURFACE_SIDE_STYLE('',(#13010));
#13030=SURFACE_STYLE_USAGE(.BOTH.,#13020);
#13040=PRESENTATION_STYLE_ASSIGNMENT((#13030));
#13050=CARTESIAN_POINT('',(48.016923,48.133846,55.4000000000001));
#13060=DIRECTION('',(1.,0.,-0.));
#13070=DIRECTION('',(0.,0.,1.));
#13080=AXIS2_PLACEMENT_3D('',#13050,#13060,#13070);
#13090=PLANE('',#13080);
#13100=ORIENTED_EDGE('',*,*,#5970,.F.);
#13110=CARTESIAN_POINT('',(48.016923,46.633846,1.));
#13120=DIRECTION('',(0.,0.,-1.));
#13130=VECTOR('',#13120,1.);
#13140=LINE('',#13110,#13130);
#13150=CARTESIAN_POINT('',(48.016923,46.633846,55.4000000000001));
#13160=VERTEX_POINT('',#13150);
#13170=EDGE_CURVE('',#13160,#5880,#13140,.T.);
#13180=ORIENTED_EDGE('',*,*,#13170,.T.);
#13190=CARTESIAN_POINT('',(48.016923,48.133846,55.4000000000001));
#13200=DIRECTION('',(0.,-1.,0.));
#13210=VECTOR('',#13200,1.);
#13220=LINE('',#13190,#13210);
#13230=CARTESIAN_POINT('',(48.016923,48.133846,55.4000000000001));
#13240=VERTEX_POINT('',#13230);
#13250=EDGE_CURVE('',#13240,#13160,#13220,.T.);
#13260=ORIENTED_EDGE('',*,*,#13250,.T.);
#13270=CARTESIAN_POINT('',(48.016923,48.133846,1.));
#13280=DIRECTION('',(0.,0.,-1.));
#13290=VECTOR('',#13280,1.);
#13300=LINE('',#13270,#13290);
#13310=EDGE_CURVE('',#13240,#5960,#13300,.T.);
#13320=ORIENTED_EDGE('',*,*,#13310,.F.);
#13330=EDGE_LOOP('',(#13320,#13260,#13180,#13100));
#13340=FACE_OUTER_BOUND('',#13330,.T.);
#13350=ADVANCED_FACE('',(#13340),#13090,.T.);
#13360=COLOUR_RGB('',0.823529481887817,0.823529481887817,
0.784313797950745);
#13370=FILL_AREA_STYLE_COLOUR('',#13360);
#13380=FILL_AREA_STYLE('',(#13370));
#13390=SURFACE_STYLE_FILL_AREA(#13380);
#13400=SURFACE_SIDE_STYLE('',(#13390));
#13410=SURFACE_STYLE_USAGE(.BOTH.,#13400);
#13420=PRESENTATION_STYLE_ASSIGNMENT((#13410));
#13430=CARTESIAN_POINT('',(51.116923,48.133846,71.5999999999999));
#13440=DIRECTION('',(0.,-1.,0.));
#13450=DIRECTION('',(1.,0.,0.));
#13460=AXIS2_PLACEMENT_3D('',#13430,#13440,#13450);
#13470=CYLINDRICAL_SURFACE('',#13460,3.1);
#13480=ORIENTED_EDGE('',*,*,#3260,.F.);
#13490=CARTESIAN_POINT('',(51.116923,46.633846,71.5999999999999));
#13500=DIRECTION('',(0.,-1.,0.));
#13510=DIRECTION('',(1.,0.,0.));
#13520=AXIS2_PLACEMENT_3D('',#13490,#13500,#13510);
#13530=CIRCLE('',#13520,3.1);
#13540=EDGE_CURVE('',#10120,#3170,#13530,.T.);
#13550=ORIENTED_EDGE('',*,*,#13540,.T.);
#13560=ORIENTED_EDGE('',*,*,#10130,.T.);
#13570=CARTESIAN_POINT('',(51.116923,48.133846,71.5999999999999));
#13580=DIRECTION('',(0.,-1.,0.));
#13590=DIRECTION('',(1.,0.,0.));
#13600=AXIS2_PLACEMENT_3D('',#13570,#13580,#13590);
#13610=CIRCLE('',#13600,3.1);
#13620=EDGE_CURVE('',#10100,#3250,#13610,.T.);
#13630=ORIENTED_EDGE('',*,*,#13620,.F.);
#13640=EDGE_LOOP('',(#13630,#13560,#13550,#13480));
#13650=FACE_OUTER_BOUND('',#13640,.T.);
#13660=ADVANCED_FACE('',(#13650),#13470,.F.);
#13670=COLOUR_RGB('',0.823529481887817,0.823529481887817,
0.784313797950745);
#13680=FILL_AREA_STYLE_COLOUR('',#13670);
#13690=FILL_AREA_STYLE('',(#13680));
#13700=SURFACE_STYLE_FILL_AREA(#13690);
#13710=SURFACE_SIDE_STYLE('',(#13700));
#13720=SURFACE_STYLE_USAGE(.BOTH.,#13710);
#13730=PRESENTATION_STYLE_ASSIGNMENT((#13720));
#13740=CARTESIAN_POINT('',(54.216923,48.133846,46.5999999999999));
#13750=DIRECTION('',(-1.,-0.,-0.));
#13760=DIRECTION('',(0.,0.,-1.));
#13770=AXIS2_PLACEMENT_3D('',#13740,#13750,#13760);
#13780=PLANE('',#13770);
#13790=CARTESIAN_POINT('',(54.216923,48.133846,55.4000000000001));
#13800=DIRECTION('',(0.,-1.,0.));
#13810=VECTOR('',#13800,1.);
#13820=LINE('',#13790,#13810);
#13830=CARTESIAN_POINT('',(54.216923,48.133846,55.4000000000001));
#13840=VERTEX_POINT('',#13830);
#13850=CARTESIAN_POINT('',(54.216923,46.633846,55.4000000000001));
#13860=VERTEX_POINT('',#13850);
#13870=EDGE_CURVE('',#13840,#13860,#13820,.T.);
#13880=ORIENTED_EDGE('',*,*,#13870,.F.);
#13890=CARTESIAN_POINT('',(54.216923,46.633846,1.));
#13900=DIRECTION('',(0.,0.,1.));
#13910=VECTOR('',#13900,1.);
#13920=LINE('',#13890,#13910);
#13930=EDGE_CURVE('',#5790,#13860,#13920,.T.);
#13940=ORIENTED_EDGE('',*,*,#13930,.T.);
#13950=ORIENTED_EDGE('',*,*,#5800,.T.);
#13960=CARTESIAN_POINT('',(54.216923,48.133846,1.));
#13970=DIRECTION('',(0.,0.,1.));
#13980=VECTOR('',#13970,1.);
#13990=LINE('',#13960,#13980);
#14000=EDGE_CURVE('',#5770,#13840,#13990,.T.);
#14010=ORIENTED_EDGE('',*,*,#14000,.F.);
#14020=EDGE_LOOP('',(#14010,#13950,#13940,#13880));
#14030=FACE_OUTER_BOUND('',#14020,.T.);
#14040=ADVANCED_FACE('',(#14030),#13780,.T.);
#14050=COLOUR_RGB('',0.823529481887817,0.823529481887817,
0.784313797950745);
#14060=FILL_AREA_STYLE_COLOUR('',#14050);
#14070=FILL_AREA_STYLE('',(#14060));
#14080=SURFACE_STYLE_FILL_AREA(#14070);
#14090=SURFACE_SIDE_STYLE('',(#14080));
#14100=SURFACE_STYLE_USAGE(.BOTH.,#14090);
#14110=PRESENTATION_STYLE_ASSIGNMENT((#14100));
#14120=CARTESIAN_POINT('',(48.016923,48.133846,105.4));
#14130=DIRECTION('',(1.,0.,-0.));
#14140=DIRECTION('',(0.,0.,1.));
#14150=AXIS2_PLACEMENT_3D('',#14120,#14130,#14140);
#14160=PLANE('',#14150);
#14170=CARTESIAN_POINT('',(48.016923,48.133846,96.5999999999999));
#14180=DIRECTION('',(0.,-1.,0.));
#14190=VECTOR('',#14180,1.);
#14200=LINE('',#14170,#14190);
#14210=CARTESIAN_POINT('',(48.016923,48.133846,96.5999999999999));
#14220=VERTEX_POINT('',#14210);
#14230=CARTESIAN_POINT('',(48.016923,46.633846,96.5999999999999));
#14240=VERTEX_POINT('',#14230);
#14250=EDGE_CURVE('',#14220,#14240,#14200,.T.);
#14260=ORIENTED_EDGE('',*,*,#14250,.F.);
#14270=CARTESIAN_POINT('',(48.016923,46.633846,1.));
#14280=DIRECTION('',(0.,0.,-1.));
#14290=VECTOR('',#14280,1.);
#14300=LINE('',#14270,#14290);
#14310=EDGE_CURVE('',#12770,#14240,#14300,.T.);
#14320=ORIENTED_EDGE('',*,*,#14310,.T.);
#14330=ORIENTED_EDGE('',*,*,#12780,.T.);
#14340=CARTESIAN_POINT('',(48.016923,48.133846,1.));
#14350=DIRECTION('',(0.,0.,-1.));
#14360=VECTOR('',#14350,1.);
#14370=LINE('',#14340,#14360);
#14380=EDGE_CURVE('',#12750,#14220,#14370,.T.);
#14390=ORIENTED_EDGE('',*,*,#14380,.F.);
#14400=EDGE_LOOP('',(#14390,#14330,#14320,#14260));
#14410=FACE_OUTER_BOUND('',#14400,.T.);
#14420=ADVANCED_FACE('',(#14410),#14160,.T.);
#14430=COLOUR_RGB('',0.823529481887817,0.823529481887817,
0.784313797950745);
#14440=FILL_AREA_STYLE_COLOUR('',#14430);
#14450=FILL_AREA_STYLE('',(#14440));
#14460=SURFACE_STYLE_FILL_AREA(#14450);
#14470=SURFACE_SIDE_STYLE('',(#14460));
#14480=SURFACE_STYLE_USAGE(.BOTH.,#14470);
#14490=PRESENTATION_STYLE_ASSIGNMENT((#14480));
#14500=CARTESIAN_POINT('',(51.116923,48.133846,55.4000000000001));
#14510=DIRECTION('',(0.,1.,0.));
#14520=DIRECTION('',(1.,0.,0.));
#14530=AXIS2_PLACEMENT_3D('',#14500,#14510,#14520);
#14540=CYLINDRICAL_SURFACE('',#14530,3.1);
#14550=ORIENTED_EDGE('',*,*,#13250,.F.);
#14560=CARTESIAN_POINT('',(51.116923,46.633846,55.4000000000001));
#14570=DIRECTION('',(0.,1.,0.));
#14580=DIRECTION('',(1.,0.,0.));
#14590=AXIS2_PLACEMENT_3D('',#14560,#14570,#14580);
#14600=CIRCLE('',#14590,3.1);
#14610=EDGE_CURVE('',#13160,#13860,#14600,.T.);
#14620=ORIENTED_EDGE('',*,*,#14610,.F.);
#14630=ORIENTED_EDGE('',*,*,#13870,.T.);
#14640=CARTESIAN_POINT('',(51.116923,48.133846,55.4000000000001));
#14650=DIRECTION('',(0.,1.,0.));
#14660=DIRECTION('',(1.,0.,0.));
#14670=AXIS2_PLACEMENT_3D('',#14640,#14650,#14660);
#14680=CIRCLE('',#14670,3.1);
#14690=EDGE_CURVE('',#13240,#13840,#14680,.T.);
#14700=ORIENTED_EDGE('',*,*,#14690,.T.);
#14710=EDGE_LOOP('',(#14700,#14630,#14620,#14550));
#14720=FACE_OUTER_BOUND('',#14710,.T.);
#14730=ADVANCED_FACE('',(#14720),#14540,.F.);
#14740=COLOUR_RGB('',0.823529481887817,0.823529481887817,
0.784313797950745);
#14750=FILL_AREA_STYLE_COLOUR('',#14740);
#14760=FILL_AREA_STYLE('',(#14750));
#14770=SURFACE_STYLE_FILL_AREA(#14760);
#14780=SURFACE_SIDE_STYLE('',(#14770));
#14790=SURFACE_STYLE_USAGE(.BOTH.,#14780);
#14800=PRESENTATION_STYLE_ASSIGNMENT((#14790));
#14810=CARTESIAN_POINT('',(51.116923,48.133846,96.5999999999999));
#14820=DIRECTION('',(0.,-1.,0.));
#14830=DIRECTION('',(1.,0.,0.));
#14840=AXIS2_PLACEMENT_3D('',#14810,#14820,#14830);
#14850=CYLINDRICAL_SURFACE('',#14840,3.1);
#14860=ORIENTED_EDGE('',*,*,#4110,.F.);
#14870=CARTESIAN_POINT('',(51.116923,46.633846,96.5999999999999));
#14880=DIRECTION('',(0.,-1.,0.));
#14890=DIRECTION('',(1.,0.,0.));
#14900=AXIS2_PLACEMENT_3D('',#14870,#14880,#14890);
#14910=CIRCLE('',#14900,3.1);
#14920=EDGE_CURVE('',#14240,#4020,#14910,.T.);
#14930=ORIENTED_EDGE('',*,*,#14920,.T.);
#14940=ORIENTED_EDGE('',*,*,#14250,.T.);
#14950=CARTESIAN_POINT('',(51.116923,48.133846,96.5999999999999));
#14960=DIRECTION('',(0.,-1.,0.));
#14970=DIRECTION('',(1.,0.,0.));
#14980=AXIS2_PLACEMENT_3D('',#14950,#14960,#14970);
#14990=CIRCLE('',#14980,3.1);
#15000=EDGE_CURVE('',#14220,#4100,#14990,.T.);
#15010=ORIENTED_EDGE('',*,*,#15000,.F.);
#15020=EDGE_LOOP('',(#15010,#14940,#14930,#14860));
#15030=FACE_OUTER_BOUND('',#15020,.T.);
#15040=ADVANCED_FACE('',(#15030),#14850,.F.);
#15050=COLOUR_RGB('',0.823529481887817,0.823529481887817,
0.784313797950745);
#15060=FILL_AREA_STYLE_COLOUR('',#15050);
#15070=FILL_AREA_STYLE('',(#15060));
#15080=SURFACE_STYLE_FILL_AREA(#15070);
#15090=SURFACE_SIDE_STYLE('',(#15080));
#15100=SURFACE_STYLE_USAGE(.BOTH.,#15090);
#15110=PRESENTATION_STYLE_ASSIGNMENT((#15100));
#15120=CARTESIAN_POINT('',(51.116923,48.133846,130.4));
#15130=DIRECTION('',(0.,1.,0.));
#15140=DIRECTION('',(1.,0.,0.));
#15150=AXIS2_PLACEMENT_3D('',#15120,#15130,#15140);
#15160=CYLINDRICAL_SURFACE('',#15150,3.1);
#15170=CARTESIAN_POINT('',(48.016923,48.133846,130.4));
#15180=DIRECTION('',(0.,-1.,0.));
#15190=VECTOR('',#15180,1.);
#15200=LINE('',#15170,#15190);
#15210=CARTESIAN_POINT('',(48.016923,48.133846,130.4));
#15220=VERTEX_POINT('',#15210);
#15230=CARTESIAN_POINT('',(48.016923,46.633846,130.4));
#15240=VERTEX_POINT('',#15230);
#15250=EDGE_CURVE('',#15220,#15240,#15200,.T.);
#15260=ORIENTED_EDGE('',*,*,#15250,.F.);
#15270=CARTESIAN_POINT('',(51.116923,46.633846,130.4));
#15280=DIRECTION('',(0.,1.,0.));
#15290=DIRECTION('',(1.,0.,0.));
#15300=AXIS2_PLACEMENT_3D('',#15270,#15280,#15290);
#15310=CIRCLE('',#15300,3.1);
#15320=EDGE_CURVE('',#15240,#11460,#15310,.T.);
#15330=ORIENTED_EDGE('',*,*,#15320,.F.);
#15340=ORIENTED_EDGE('',*,*,#11470,.T.);
#15350=CARTESIAN_POINT('',(51.116923,48.133846,130.4));
#15360=DIRECTION('',(0.,1.,0.));
#15370=DIRECTION('',(1.,0.,0.));
#15380=AXIS2_PLACEMENT_3D('',#15350,#15360,#15370);
#15390=CIRCLE('',#15380,3.1);
#15400=EDGE_CURVE('',#15220,#11440,#15390,.T.);
#15410=ORIENTED_EDGE('',*,*,#15400,.T.);
#15420=EDGE_LOOP('',(#15410,#15340,#15330,#15260));
#15430=FACE_OUTER_BOUND('',#15420,.T.);
#15440=ADVANCED_FACE('',(#15430),#15160,.F.);
#15450=COLOUR_RGB('',0.823529481887817,0.823529481887817,
0.784313797950745);
#15460=FILL_AREA_STYLE_COLOUR('',#15450);
#15470=FILL_AREA_STYLE('',(#15460));
#15480=SURFACE_STYLE_FILL_AREA(#15470);
#15490=SURFACE_SIDE_STYLE('',(#15480));
#15500=SURFACE_STYLE_USAGE(.BOTH.,#15490);
#15510=PRESENTATION_STYLE_ASSIGNMENT((#15500));
#15520=CARTESIAN_POINT('',(39.116923,61.633846,0.));
#15530=DIRECTION('',(1.,0.,0.));
#15540=DIRECTION('',(0.,-1.,0.));
#15550=AXIS2_PLACEMENT_3D('',#15520,#15530,#15540);
#15560=PLANE('',#15550);
#15570=ORIENTED_EDGE('',*,*,#550,.F.);
#15580=CARTESIAN_POINT('',(39.116923,48.133846,0.));
#15590=DIRECTION('',(0.,0.,1.));
#15600=VECTOR('',#15590,1.);
#15610=LINE('',#15580,#15600);
#15620=CARTESIAN_POINT('',(39.116923,48.133846,2001.));
#15630=VERTEX_POINT('',#15620);
#15640=EDGE_CURVE('',#460,#15630,#15610,.T.);
#15650=ORIENTED_EDGE('',*,*,#15640,.F.);
#15660=CARTESIAN_POINT('',(39.116923,0.,2001.));
#15670=DIRECTION('',(0.,-1.,0.));
#15680=VECTOR('',#15670,1.);
#15690=LINE('',#15660,#15680);
#15700=CARTESIAN_POINT('',(39.116923,58.883846,2001.));
#15710=VERTEX_POINT('',#15700);
#15720=EDGE_CURVE('',#15710,#15630,#15690,.T.);
#15730=ORIENTED_EDGE('',*,*,#15720,.T.);
#15740=CARTESIAN_POINT('',(39.116923,58.883846,0.));
#15750=DIRECTION('',(0.,0.,1.));
#15760=VECTOR('',#15750,1.);
#15770=LINE('',#15740,#15760);
#15780=EDGE_CURVE('',#540,#15710,#15770,.T.);
#15790=ORIENTED_EDGE('',*,*,#15780,.T.);
#15800=EDGE_LOOP('',(#15790,#15730,#15650,#15570));
#15810=FACE_OUTER_BOUND('',#15800,.T.);
#15820=ADVANCED_FACE('',(#15810),#15560,.T.);
#15830=COLOUR_RGB('',0.823529481887817,0.823529481887817,
0.784313797950745);
#15840=FILL_AREA_STYLE_COLOUR('',#15830);
#15850=FILL_AREA_STYLE('',(#15840));
#15860=SURFACE_STYLE_FILL_AREA(#15850);
#15870=SURFACE_SIDE_STYLE('',(#15860));
#15880=SURFACE_STYLE_USAGE(.BOTH.,#15870);
#15890=PRESENTATION_STYLE_ASSIGNMENT((#15880));
#15900=CARTESIAN_POINT('',(54.216923,48.133846,146.6));
#15910=DIRECTION('',(-1.,-0.,-0.));
#15920=DIRECTION('',(0.,0.,-1.));
#15930=AXIS2_PLACEMENT_3D('',#15900,#15910,#15920);
#15940=PLANE('',#15930);
#15950=CARTESIAN_POINT('',(54.216923,48.133846,155.4));
#15960=DIRECTION('',(0.,-1.,0.));
#15970=VECTOR('',#15960,1.);
#15980=LINE('',#15950,#15970);
#15990=CARTESIAN_POINT('',(54.216923,48.133846,155.4));
#16000=VERTEX_POINT('',#15990);
#16010=CARTESIAN_POINT('',(54.216923,46.633846,155.4));
#16020=VERTEX_POINT('',#16010);
#16030=EDGE_CURVE('',#16000,#16020,#15980,.T.);
#16040=ORIENTED_EDGE('',*,*,#16030,.F.);
#16050=CARTESIAN_POINT('',(54.216923,46.633846,1.));
#16060=DIRECTION('',(0.,0.,1.));
#16070=VECTOR('',#16060,1.);
#16080=LINE('',#16050,#16070);
#16090=CARTESIAN_POINT('',(54.216923,46.633846,146.6));
#16100=VERTEX_POINT('',#16090);
#16110=EDGE_CURVE('',#16100,#16020,#16080,.T.);
#16120=ORIENTED_EDGE('',*,*,#16110,.T.);
#16130=CARTESIAN_POINT('',(54.216923,48.133846,146.6));
#16140=DIRECTION('',(0.,-1.,0.));
#16150=VECTOR('',#16140,1.);
#16160=LINE('',#16130,#16150);
#16170=CARTESIAN_POINT('',(54.216923,48.133846,146.6));
#16180=VERTEX_POINT('',#16170);
#16190=EDGE_CURVE('',#16180,#16100,#16160,.T.);
#16200=ORIENTED_EDGE('',*,*,#16190,.T.);
#16210=CARTESIAN_POINT('',(54.216923,48.133846,1.));
#16220=DIRECTION('',(0.,0.,1.));
#16230=VECTOR('',#16220,1.);
#16240=LINE('',#16210,#16230);
#16250=EDGE_CURVE('',#16180,#16000,#16240,.T.);
#16260=ORIENTED_EDGE('',*,*,#16250,.F.);
#16270=EDGE_LOOP('',(#16260,#16200,#16120,#16040));
#16280=FACE_OUTER_BOUND('',#16270,.T.);
#16290=ADVANCED_FACE('',(#16280),#15940,.T.);
#16300=COLOUR_RGB('',0.823529481887817,0.823529481887817,
0.784313797950745);
#16310=FILL_AREA_STYLE_COLOUR('',#16300);
#16320=FILL_AREA_STYLE('',(#16310));
#16330=SURFACE_STYLE_FILL_AREA(#16320);
#16340=SURFACE_SIDE_STYLE('',(#16330));
#16350=SURFACE_STYLE_USAGE(.BOTH.,#16340);
#16360=PRESENTATION_STYLE_ASSIGNMENT((#16350));
#16370=CARTESIAN_POINT('',(51.116923,48.133846,146.6));
#16380=DIRECTION('',(0.,-1.,0.));
#16390=DIRECTION('',(1.,0.,0.));
#16400=AXIS2_PLACEMENT_3D('',#16370,#16380,#16390);
#16410=CYLINDRICAL_SURFACE('',#16400,3.1);
#16420=ORIENTED_EDGE('',*,*,#16190,.F.);
#16430=CARTESIAN_POINT('',(51.116923,46.633846,146.6));
#16440=DIRECTION('',(0.,-1.,0.));
#16450=DIRECTION('',(1.,0.,0.));
#16460=AXIS2_PLACEMENT_3D('',#16430,#16440,#16450);
#16470=CIRCLE('',#16460,3.1);
#16480=EDGE_CURVE('',#6280,#16100,#16470,.T.);
#16490=ORIENTED_EDGE('',*,*,#16480,.T.);
#16500=ORIENTED_EDGE('',*,*,#6290,.T.);
#16510=CARTESIAN_POINT('',(51.116923,48.133846,146.6));
#16520=DIRECTION('',(0.,-1.,0.));
#16530=DIRECTION('',(1.,0.,0.));
#16540=AXIS2_PLACEMENT_3D('',#16510,#16520,#16530);
#16550=CIRCLE('',#16540,3.1);
#16560=EDGE_CURVE('',#6260,#16180,#16550,.T.);
#16570=ORIENTED_EDGE('',*,*,#16560,.F.);
#16580=EDGE_LOOP('',(#16570,#16500,#16490,#16420));
#16590=FACE_OUTER_BOUND('',#16580,.T.);
#16600=ADVANCED_FACE('',(#16590),#16410,.F.);
#16610=COLOUR_RGB('',0.823529481887817,0.823529481887817,
0.784313797950745);
#16620=FILL_AREA_STYLE_COLOUR('',#16610);
#16630=FILL_AREA_STYLE('',(#16620));
#16640=SURFACE_STYLE_FILL_AREA(#16630);
#16650=SURFACE_SIDE_STYLE('',(#16640));
#16660=SURFACE_STYLE_USAGE(.BOTH.,#16650);
#16670=PRESENTATION_STYLE_ASSIGNMENT((#16660));
#16680=CARTESIAN_POINT('',(48.016923,48.133846,130.4));
#16690=DIRECTION('',(1.,0.,-0.));
#16700=DIRECTION('',(0.,0.,1.));
#16710=AXIS2_PLACEMENT_3D('',#16680,#16690,#16700);
#16720=PLANE('',#16710);
#16730=ORIENTED_EDGE('',*,*,#8940,.F.);
#16740=CARTESIAN_POINT('',(48.016923,46.633846,1.));
#16750=DIRECTION('',(0.,0.,-1.));
#16760=VECTOR('',#16750,1.);
#16770=LINE('',#16740,#16760);
#16780=EDGE_CURVE('',#15240,#8850,#16770,.T.);
#16790=ORIENTED_EDGE('',*,*,#16780,.T.);
#16800=ORIENTED_EDGE('',*,*,#15250,.T.);
#16810=CARTESIAN_POINT('',(48.016923,48.133846,1.));
#16820=DIRECTION('',(0.,0.,-1.));
#16830=VECTOR('',#16820,1.);
#16840=LINE('',#16810,#16830);
#16850=EDGE_CURVE('',#15220,#8930,#16840,.T.);
#16860=ORIENTED_EDGE('',*,*,#16850,.F.);
#16870=EDGE_LOOP('',(#16860,#16800,#16790,#16730));
#16880=FACE_OUTER_BOUND('',#16870,.T.);
#16890=ADVANCED_FACE('',(#16880),#16720,.T.);
#16900=COLOUR_RGB('',0.823529481887817,0.823529481887817,
0.784313797950745);
#16910=FILL_AREA_STYLE_COLOUR('',#16900);
#16920=FILL_AREA_STYLE('',(#16910));
#16930=SURFACE_STYLE_FILL_AREA(#16920);
#16940=SURFACE_SIDE_STYLE('',(#16930));
#16950=SURFACE_STYLE_USAGE(.BOTH.,#16940);
#16960=PRESENTATION_STYLE_ASSIGNMENT((#16950));
#16970=CARTESIAN_POINT('',(58.5978992460958,46.633846,15.3027523849477))
;
#16980=DIRECTION('',(0.,1.,-0.));
#16990=DIRECTION('',(-1.,0.,0.));
#17000=AXIS2_PLACEMENT_3D('',#16970,#16980,#16990);
#17010=PLANE('',#17000);
#17020=CARTESIAN_POINT('',(51.116923,46.633846,1655.4));
#17030=DIRECTION('',(0.,1.,0.));
#17040=DIRECTION('',(1.,0.,0.));
#17050=AXIS2_PLACEMENT_3D('',#17020,#17030,#17040);
#17060=CIRCLE('',#17050,3.1);
#17070=CARTESIAN_POINT('',(48.016923,46.633846,1655.4));
#17080=VERTEX_POINT('',#17070);
#17090=CARTESIAN_POINT('',(54.216923,46.633846,1655.4));
#17100=VERTEX_POINT('',#17090);
#17110=EDGE_CURVE('',#17080,#17100,#17060,.T.);
#17120=ORIENTED_EDGE('',*,*,#17110,.T.);
#17130=CARTESIAN_POINT('',(48.016923,46.633846,1.));
#17140=DIRECTION('',(0.,0.,-1.));
#17150=VECTOR('',#17140,1.);
#17160=LINE('',#17130,#17150);
#17170=CARTESIAN_POINT('',(48.016923,46.633846,1646.6));
#17180=VERTEX_POINT('',#17170);
#17190=EDGE_CURVE('',#17080,#17180,#17160,.T.);
#17200=ORIENTED_EDGE('',*,*,#17190,.F.);
#17210=CARTESIAN_POINT('',(51.116923,46.633846,1646.6));
#17220=DIRECTION('',(0.,-1.,0.));
#17230=DIRECTION('',(1.,0.,0.));
#17240=AXIS2_PLACEMENT_3D('',#17210,#17220,#17230);
#17250=CIRCLE('',#17240,3.1);
#17260=CARTESIAN_POINT('',(54.216923,46.633846,1646.6));
#17270=VERTEX_POINT('',#17260);
#17280=EDGE_CURVE('',#17180,#17270,#17250,.T.);
#17290=ORIENTED_EDGE('',*,*,#17280,.F.);
#17300=CARTESIAN_POINT('',(54.216923,46.633846,1.));
#17310=DIRECTION('',(0.,0.,1.));
#17320=VECTOR('',#17310,1.);
#17330=LINE('',#17300,#17320);
#17340=EDGE_CURVE('',#17270,#17100,#17330,.T.);
#17350=ORIENTED_EDGE('',*,*,#17340,.F.);
#17360=EDGE_LOOP('',(#17350,#17290,#17200,#17120));
#17370=FACE_BOUND('',#17360,.T.);
#17380=CARTESIAN_POINT('',(48.016923,46.633846,1.));
#17390=DIRECTION('',(0.,0.,-1.));
#17400=VECTOR('',#17390,1.);
#17410=LINE('',#17380,#17400);
#17420=CARTESIAN_POINT('',(48.016923,46.633846,1630.4));
#17430=VERTEX_POINT('',#17420);
#17440=CARTESIAN_POINT('',(48.016923,46.633846,1621.6));
#17450=VERTEX_POINT('',#17440);
#17460=EDGE_CURVE('',#17430,#17450,#17410,.T.);
#17470=ORIENTED_EDGE('',*,*,#17460,.F.);
#17480=CARTESIAN_POINT('',(51.116923,46.633846,1621.6));
#17490=DIRECTION('',(0.,-1.,0.));
#17500=DIRECTION('',(1.,0.,0.));
#17510=AXIS2_PLACEMENT_3D('',#17480,#17490,#17500);
#17520=CIRCLE('',#17510,3.1);
#17530=CARTESIAN_POINT('',(54.216923,46.633846,1621.6));
#17540=VERTEX_POINT('',#17530);
#17550=EDGE_CURVE('',#17450,#17540,#17520,.T.);
#17560=ORIENTED_EDGE('',*,*,#17550,.F.);
#17570=CARTESIAN_POINT('',(54.216923,46.633846,1.));
#17580=DIRECTION('',(0.,0.,1.));
#17590=VECTOR('',#17580,1.);
#17600=LINE('',#17570,#17590);
#17610=CARTESIAN_POINT('',(54.216923,46.633846,1630.4));
#17620=VERTEX_POINT('',#17610);
#17630=EDGE_CURVE('',#17540,#17620,#17600,.T.);
#17640=ORIENTED_EDGE('',*,*,#17630,.F.);
#17650=CARTESIAN_POINT('',(51.116923,46.633846,1630.4));
#17660=DIRECTION('',(0.,1.,0.));
#17670=DIRECTION('',(1.,0.,0.));
#17680=AXIS2_PLACEMENT_3D('',#17650,#17660,#17670);
#17690=CIRCLE('',#17680,3.1);
#17700=EDGE_CURVE('',#17430,#17620,#17690,.T.);
#17710=ORIENTED_EDGE('',*,*,#17700,.T.);
#17720=EDGE_LOOP('',(#17710,#17640,#17560,#17470));
#17730=FACE_BOUND('',#17720,.T.);
#17740=CARTESIAN_POINT('',(51.116923,46.633846,1980.4));
#17750=DIRECTION('',(0.,1.,0.));
#17760=DIRECTION('',(1.,0.,0.));
#17770=AXIS2_PLACEMENT_3D('',#17740,#17750,#17760);
#17780=CIRCLE('',#17770,3.1);
#17790=CARTESIAN_POINT('',(48.016923,46.633846,1980.4));
#17800=VERTEX_POINT('',#17790);
#17810=CARTESIAN_POINT('',(54.216923,46.633846,1980.4));
#17820=VERTEX_POINT('',#17810);
#17830=EDGE_CURVE('',#17800,#17820,#17780,.T.);
#17840=ORIENTED_EDGE('',*,*,#17830,.T.);
#17850=CARTESIAN_POINT('',(48.016923,46.633846,1.));
#17860=DIRECTION('',(0.,0.,-1.));
#17870=VECTOR('',#17860,1.);
#17880=LINE('',#17850,#17870);
#17890=CARTESIAN_POINT('',(48.016923,46.633846,1971.6));
#17900=VERTEX_POINT('',#17890);
#17910=EDGE_CURVE('',#17800,#17900,#17880,.T.);
#17920=ORIENTED_EDGE('',*,*,#17910,.F.);
#17930=CARTESIAN_POINT('',(51.116923,46.633846,1971.6));
#17940=DIRECTION('',(0.,-1.,0.));
#17950=DIRECTION('',(1.,0.,0.));
#17960=AXIS2_PLACEMENT_3D('',#17930,#17940,#17950);
#17970=CIRCLE('',#17960,3.1);
#17980=CARTESIAN_POINT('',(54.216923,46.633846,1971.6));
#17990=VERTEX_POINT('',#17980);
#18000=EDGE_CURVE('',#17900,#17990,#17970,.T.);
#18010=ORIENTED_EDGE('',*,*,#18000,.F.);
#18020=CARTESIAN_POINT('',(54.216923,46.633846,1.));
#18030=DIRECTION('',(0.,0.,1.));
#18040=VECTOR('',#18030,1.);
#18050=LINE('',#18020,#18040);
#18060=EDGE_CURVE('',#17990,#17820,#18050,.T.);
#18070=ORIENTED_EDGE('',*,*,#18060,.F.);
#18080=EDGE_LOOP('',(#18070,#18010,#17920,#17840));
#18090=FACE_BOUND('',#18080,.T.);
#18100=CARTESIAN_POINT('',(48.016923,46.633846,1.));
#18110=DIRECTION('',(0.,0.,-1.));
#18120=VECTOR('',#18110,1.);
#18130=LINE('',#18100,#18120);
#18140=CARTESIAN_POINT('',(48.016923,46.633846,230.4));
#18150=VERTEX_POINT('',#18140);
#18160=CARTESIAN_POINT('',(48.016923,46.633846,221.6));
#18170=VERTEX_POINT('',#18160);
#18180=EDGE_CURVE('',#18150,#18170,#18130,.T.);
#18190=ORIENTED_EDGE('',*,*,#18180,.F.);
#18200=CARTESIAN_POINT('',(51.116923,46.633846,221.6));
#18210=DIRECTION('',(0.,-1.,0.));
#18220=DIRECTION('',(1.,0.,0.));
#18230=AXIS2_PLACEMENT_3D('',#18200,#18210,#18220);
#18240=CIRCLE('',#18230,3.1);
#18250=CARTESIAN_POINT('',(54.216923,46.633846,221.6));
#18260=VERTEX_POINT('',#18250);
#18270=EDGE_CURVE('',#18170,#18260,#18240,.T.);
#18280=ORIENTED_EDGE('',*,*,#18270,.F.);
#18290=CARTESIAN_POINT('',(54.216923,46.633846,1.));
#18300=DIRECTION('',(0.,0.,1.));
#18310=VECTOR('',#18300,1.);
#18320=LINE('',#18290,#18310);
#18330=CARTESIAN_POINT('',(54.216923,46.633846,230.4));
#18340=VERTEX_POINT('',#18330);
#18350=EDGE_CURVE('',#18260,#18340,#18320,.T.);
#18360=ORIENTED_EDGE('',*,*,#18350,.F.);
#18370=CARTESIAN_POINT('',(51.116923,46.633846,230.4));
#18380=DIRECTION('',(0.,1.,0.));
#18390=DIRECTION('',(1.,0.,0.));
#18400=AXIS2_PLACEMENT_3D('',#18370,#18380,#18390);
#18410=CIRCLE('',#18400,3.1);
#18420=EDGE_CURVE('',#18150,#18340,#18410,.T.);
#18430=ORIENTED_EDGE('',*,*,#18420,.T.);
#18440=EDGE_LOOP('',(#18430,#18360,#18280,#18190));
#18450=FACE_BOUND('',#18440,.T.);
#18460=CARTESIAN_POINT('',(54.216923,46.633846,1.));
#18470=DIRECTION('',(0.,0.,1.));
#18480=VECTOR('',#18470,1.);
#18490=LINE('',#18460,#18480);
#18500=CARTESIAN_POINT('',(54.216923,46.633846,1421.6));
#18510=VERTEX_POINT('',#18500);
#18520=CARTESIAN_POINT('',(54.216923,46.633846,1430.4));
#18530=VERTEX_POINT('',#18520);
#18540=EDGE_CURVE('',#18510,#18530,#18490,.T.);
#18550=ORIENTED_EDGE('',*,*,#18540,.F.);
#18560=CARTESIAN_POINT('',(51.116923,46.633846,1430.4));
#18570=DIRECTION('',(0.,1.,0.));
#18580=DIRECTION('',(1.,0.,0.));
#18590=AXIS2_PLACEMENT_3D('',#18560,#18570,#18580);
#18600=CIRCLE('',#18590,3.1);
#18610=CARTESIAN_POINT('',(48.016923,46.633846,1430.4));
#18620=VERTEX_POINT('',#18610);
#18630=EDGE_CURVE('',#18620,#18530,#18600,.T.);
#18640=ORIENTED_EDGE('',*,*,#18630,.T.);
#18650=CARTESIAN_POINT('',(48.016923,46.633846,1.));
#18660=DIRECTION('',(0.,0.,-1.));
#18670=VECTOR('',#18660,1.);
#18680=LINE('',#18650,#18670);
#18690=CARTESIAN_POINT('',(48.016923,46.633846,1421.6));
#18700=VERTEX_POINT('',#18690);
#18710=EDGE_CURVE('',#18620,#18700,#18680,.T.);
#18720=ORIENTED_EDGE('',*,*,#18710,.F.);
#18730=CARTESIAN_POINT('',(51.116923,46.633846,1421.6));
#18740=DIRECTION('',(0.,-1.,0.));
#18750=DIRECTION('',(1.,0.,0.));
#18760=AXIS2_PLACEMENT_3D('',#18730,#18740,#18750);
#18770=CIRCLE('',#18760,3.1);
#18780=EDGE_CURVE('',#18700,#18510,#18770,.T.);
#18790=ORIENTED_EDGE('',*,*,#18780,.F.);
#18800=EDGE_LOOP('',(#18790,#18720,#18640,#18550));
#18810=FACE_BOUND('',#18800,.T.);
#18820=CARTESIAN_POINT('',(48.016923,46.633846,1.));
#18830=DIRECTION('',(0.,0.,-1.));
#18840=VECTOR('',#18830,1.);
#18850=LINE('',#18820,#18840);
#18860=CARTESIAN_POINT('',(48.016923,46.633846,1580.4));
#18870=VERTEX_POINT('',#18860);
#18880=CARTESIAN_POINT('',(48.016923,46.633846,1571.6));
#18890=VERTEX_POINT('',#18880);
#18900=EDGE_CURVE('',#18870,#18890,#18850,.T.);
#18910=ORIENTED_EDGE('',*,*,#18900,.F.);
#18920=CARTESIAN_POINT('',(51.116923,46.633846,1571.6));
#18930=DIRECTION('',(0.,-1.,0.));
#18940=DIRECTION('',(1.,0.,0.));
#18950=AXIS2_PLACEMENT_3D('',#18920,#18930,#18940);
#18960=CIRCLE('',#18950,3.1);
#18970=CARTESIAN_POINT('',(54.216923,46.633846,1571.6));
#18980=VERTEX_POINT('',#18970);
#18990=EDGE_CURVE('',#18890,#18980,#18960,.T.);
#19000=ORIENTED_EDGE('',*,*,#18990,.F.);
#19010=CARTESIAN_POINT('',(54.216923,46.633846,1.));
#19020=DIRECTION('',(0.,0.,1.));
#19030=VECTOR('',#19020,1.);
#19040=LINE('',#19010,#19030);
#19050=CARTESIAN_POINT('',(54.216923,46.633846,1580.4));
#19060=VERTEX_POINT('',#19050);
#19070=EDGE_CURVE('',#18980,#19060,#19040,.T.);
#19080=ORIENTED_EDGE('',*,*,#19070,.F.);
#19090=CARTESIAN_POINT('',(51.116923,46.633846,1580.4));
#19100=DIRECTION('',(0.,1.,0.));
#19110=DIRECTION('',(1.,0.,0.));
#19120=AXIS2_PLACEMENT_3D('',#19090,#19100,#19110);
#19130=CIRCLE('',#19120,3.1);
#19140=EDGE_CURVE('',#18870,#19060,#19130,.T.);
#19150=ORIENTED_EDGE('',*,*,#19140,.T.);
#19160=EDGE_LOOP('',(#19150,#19080,#19000,#18910));
#19170=FACE_BOUND('',#19160,.T.);
#19180=CARTESIAN_POINT('',(51.116923,46.633846,1605.4));
#19190=DIRECTION('',(0.,1.,0.));
#19200=DIRECTION('',(1.,0.,0.));
#19210=AXIS2_PLACEMENT_3D('',#19180,#19190,#19200);
#19220=CIRCLE('',#19210,3.1);
#19230=CARTESIAN_POINT('',(48.016923,46.633846,1605.4));
#19240=VERTEX_POINT('',#19230);
#19250=CARTESIAN_POINT('',(54.216923,46.633846,1605.4));
#19260=VERTEX_POINT('',#19250);
#19270=EDGE_CURVE('',#19240,#19260,#19220,.T.);
#19280=ORIENTED_EDGE('',*,*,#19270,.T.);
#19290=CARTESIAN_POINT('',(48.016923,46.633846,1.));
#19300=DIRECTION('',(0.,0.,-1.));
#19310=VECTOR('',#19300,1.);
#19320=LINE('',#19290,#19310);
#19330=CARTESIAN_POINT('',(48.016923,46.633846,1596.6));
#19340=VERTEX_POINT('',#19330);
#19350=EDGE_CURVE('',#19240,#19340,#19320,.T.);
#19360=ORIENTED_EDGE('',*,*,#19350,.F.);
#19370=CARTESIAN_POINT('',(51.116923,46.633846,1596.6));
#19380=DIRECTION('',(0.,-1.,0.));
#19390=DIRECTION('',(1.,0.,0.));
#19400=AXIS2_PLACEMENT_3D('',#19370,#19380,#19390);
#19410=CIRCLE('',#19400,3.1);
#19420=CARTESIAN_POINT('',(54.216923,46.633846,1596.6));
#19430=VERTEX_POINT('',#19420);
#19440=EDGE_CURVE('',#19340,#19430,#19410,.T.);
#19450=ORIENTED_EDGE('',*,*,#19440,.F.);
#19460=CARTESIAN_POINT('',(54.216923,46.633846,1.));
#19470=DIRECTION('',(0.,0.,1.));
#19480=VECTOR('',#19470,1.);
#19490=LINE('',#19460,#19480);
#19500=EDGE_CURVE('',#19430,#19260,#19490,.T.);
#19510=ORIENTED_EDGE('',*,*,#19500,.F.);
#19520=EDGE_LOOP('',(#19510,#19450,#19360,#19280));
#19530=FACE_BOUND('',#19520,.T.);
#19540=CARTESIAN_POINT('',(54.216923,46.633846,1.));
#19550=DIRECTION('',(0.,0.,1.));
#19560=VECTOR('',#19550,1.);
#19570=LINE('',#19540,#19560);
#19580=CARTESIAN_POINT('',(54.216923,46.633846,1371.6));
#19590=VERTEX_POINT('',#19580);
#19600=CARTESIAN_POINT('',(54.216923,46.633846,1380.4));
#19610=VERTEX_POINT('',#19600);
#19620=EDGE_CURVE('',#19590,#19610,#19570,.T.);
#19630=ORIENTED_EDGE('',*,*,#19620,.F.);
#19640=CARTESIAN_POINT('',(51.116923,46.633846,1380.4));
#19650=DIRECTION('',(0.,1.,0.));
#19660=DIRECTION('',(1.,0.,0.));
#19670=AXIS2_PLACEMENT_3D('',#19640,#19650,#19660);
#19680=CIRCLE('',#19670,3.1);
#19690=CARTESIAN_POINT('',(48.016923,46.633846,1380.4));
#19700=VERTEX_POINT('',#19690);
#19710=EDGE_CURVE('',#19700,#19610,#19680,.T.);
#19720=ORIENTED_EDGE('',*,*,#19710,.T.);
#19730=CARTESIAN_POINT('',(48.016923,46.633846,1.));
#19740=DIRECTION('',(0.,0.,-1.));
#19750=VECTOR('',#19740,1.);
#19760=LINE('',#19730,#19750);
#19770=CARTESIAN_POINT('',(48.016923,46.633846,1371.6));
#19780=VERTEX_POINT('',#19770);
#19790=EDGE_CURVE('',#19700,#19780,#19760,.T.);
#19800=ORIENTED_EDGE('',*,*,#19790,.F.);
#19810=CARTESIAN_POINT('',(51.116923,46.633846,1371.6));
#19820=DIRECTION('',(0.,-1.,0.));
#19830=DIRECTION('',(1.,0.,0.));
#19840=AXIS2_PLACEMENT_3D('',#19810,#19820,#19830);
#19850=CIRCLE('',#19840,3.1);
#19860=EDGE_CURVE('',#19780,#19590,#19850,.T.);
#19870=ORIENTED_EDGE('',*,*,#19860,.F.);
#19880=EDGE_LOOP('',(#19870,#19800,#19720,#19630));
#19890=FACE_BOUND('',#19880,.T.);
#19900=CARTESIAN_POINT('',(51.116923,46.633846,1921.6));
#19910=DIRECTION('',(0.,-1.,0.));
#19920=DIRECTION('',(1.,0.,0.));
#19930=AXIS2_PLACEMENT_3D('',#19900,#19910,#19920);
#19940=CIRCLE('',#19930,3.1);
#19950=CARTESIAN_POINT('',(48.016923,46.633846,1921.6));
#19960=VERTEX_POINT('',#19950);
#19970=CARTESIAN_POINT('',(54.216923,46.633846,1921.6));
#19980=VERTEX_POINT('',#19970);
#19990=EDGE_CURVE('',#19960,#19980,#19940,.T.);
#20000=ORIENTED_EDGE('',*,*,#19990,.F.);
#20010=CARTESIAN_POINT('',(54.216923,46.633846,1.));
#20020=DIRECTION('',(0.,0.,1.));
#20030=VECTOR('',#20020,1.);
#20040=LINE('',#20010,#20030);
#20050=CARTESIAN_POINT('',(54.216923,46.633846,1930.4));
#20060=VERTEX_POINT('',#20050);
#20070=EDGE_CURVE('',#19980,#20060,#20040,.T.);
#20080=ORIENTED_EDGE('',*,*,#20070,.F.);
#20090=CARTESIAN_POINT('',(51.116923,46.633846,1930.4));
#20100=DIRECTION('',(0.,1.,0.));
#20110=DIRECTION('',(1.,0.,0.));
#20120=AXIS2_PLACEMENT_3D('',#20090,#20100,#20110);
#20130=CIRCLE('',#20120,3.1);
#20140=CARTESIAN_POINT('',(48.016923,46.633846,1930.4));
#20150=VERTEX_POINT('',#20140);
#20160=EDGE_CURVE('',#20150,#20060,#20130,.T.);
#20170=ORIENTED_EDGE('',*,*,#20160,.T.);
#20180=CARTESIAN_POINT('',(48.016923,46.633846,1.));
#20190=DIRECTION('',(0.,0.,-1.));
#20200=VECTOR('',#20190,1.);
#20210=LINE('',#20180,#20200);
#20220=EDGE_CURVE('',#20150,#19960,#20210,.T.);
#20230=ORIENTED_EDGE('',*,*,#20220,.F.);
#20240=EDGE_LOOP('',(#20230,#20170,#20080,#20000));
#20250=FACE_BOUND('',#20240,.T.);
#20260=CARTESIAN_POINT('',(48.016923,46.633846,1.));
#20270=DIRECTION('',(0.,0.,-1.));
#20280=VECTOR('',#20270,1.);
#20290=LINE('',#20260,#20280);
#20300=CARTESIAN_POINT('',(48.016923,46.633846,1405.4));
#20310=VERTEX_POINT('',#20300);
#20320=CARTESIAN_POINT('',(48.016923,46.633846,1396.6));
#20330=VERTEX_POINT('',#20320);
#20340=EDGE_CURVE('',#20310,#20330,#20290,.T.);
#20350=ORIENTED_EDGE('',*,*,#20340,.F.);
#20360=CARTESIAN_POINT('',(51.116923,46.633846,1396.6));
#20370=DIRECTION('',(0.,-1.,0.));
#20380=DIRECTION('',(1.,0.,0.));
#20390=AXIS2_PLACEMENT_3D('',#20360,#20370,#20380);
#20400=CIRCLE('',#20390,3.1);
#20410=CARTESIAN_POINT('',(54.216923,46.633846,1396.6));
#20420=VERTEX_POINT('',#20410);
#20430=EDGE_CURVE('',#20330,#20420,#20400,.T.);
#20440=ORIENTED_EDGE('',*,*,#20430,.F.);
#20450=CARTESIAN_POINT('',(54.216923,46.633846,1.));
#20460=DIRECTION('',(0.,0.,1.));
#20470=VECTOR('',#20460,1.);
#20480=LINE('',#20450,#20470);
#20490=CARTESIAN_POINT('',(54.216923,46.633846,1405.4));
#20500=VERTEX_POINT('',#20490);
#20510=EDGE_CURVE('',#20420,#20500,#20480,.T.);
#20520=ORIENTED_EDGE('',*,*,#20510,.F.);
#20530=CARTESIAN_POINT('',(51.116923,46.633846,1405.4));
#20540=DIRECTION('',(0.,1.,0.));
#20550=DIRECTION('',(1.,0.,0.));
#20560=AXIS2_PLACEMENT_3D('',#20530,#20540,#20550);
#20570=CIRCLE('',#20560,3.1);
#20580=EDGE_CURVE('',#20310,#20500,#20570,.T.);
#20590=ORIENTED_EDGE('',*,*,#20580,.T.);
#20600=EDGE_LOOP('',(#20590,#20520,#20440,#20350));
#20610=FACE_BOUND('',#20600,.T.);
#20620=CARTESIAN_POINT('',(48.016923,46.633846,1.));
#20630=DIRECTION('',(0.,0.,-1.));
#20640=VECTOR('',#20630,1.);
#20650=LINE('',#20620,#20640);
#20660=CARTESIAN_POINT('',(48.016923,46.633846,805.4));
#20670=VERTEX_POINT('',#20660);
#20680=CARTESIAN_POINT('',(48.016923,46.633846,796.6));
#20690=VERTEX_POINT('',#20680);
#20700=EDGE_CURVE('',#20670,#20690,#20650,.T.);
#20710=ORIENTED_EDGE('',*,*,#20700,.F.);
#20720=CARTESIAN_POINT('',(51.116923,46.633846,796.6));
#20730=DIRECTION('',(0.,-1.,0.));
#20740=DIRECTION('',(1.,0.,0.));
#20750=AXIS2_PLACEMENT_3D('',#20720,#20730,#20740);
#20760=CIRCLE('',#20750,3.1);
#20770=CARTESIAN_POINT('',(54.216923,46.633846,796.6));
#20780=VERTEX_POINT('',#20770);
#20790=EDGE_CURVE('',#20690,#20780,#20760,.T.);
#20800=ORIENTED_EDGE('',*,*,#20790,.F.);
#20810=CARTESIAN_POINT('',(54.216923,46.633846,1.));
#20820=DIRECTION('',(0.,0.,1.));
#20830=VECTOR('',#20820,1.);
#20840=LINE('',#20810,#20830);
#20850=CARTESIAN_POINT('',(54.216923,46.633846,805.4));
#20860=VERTEX_POINT('',#20850);
#20870=EDGE_CURVE('',#20780,#20860,#20840,.T.);
#20880=ORIENTED_EDGE('',*,*,#20870,.F.);
#20890=CARTESIAN_POINT('',(51.116923,46.633846,805.4));
#20900=DIRECTION('',(0.,1.,0.));
#20910=DIRECTION('',(1.,0.,0.));
#20920=AXIS2_PLACEMENT_3D('',#20890,#20900,#20910);
#20930=CIRCLE('',#20920,3.1);
#20940=EDGE_CURVE('',#20670,#20860,#20930,.T.);
#20950=ORIENTED_EDGE('',*,*,#20940,.T.);
#20960=EDGE_LOOP('',(#20950,#20880,#20800,#20710));
#20970=FACE_BOUND('',#20960,.T.);
#20980=CARTESIAN_POINT('',(48.016923,46.633846,1.));
#20990=DIRECTION('',(0.,0.,-1.));
#21000=VECTOR('',#20990,1.);
#21010=LINE('',#20980,#21000);
#21020=CARTESIAN_POINT('',(48.016923,46.633846,355.4));
#21030=VERTEX_POINT('',#21020);
#21040=CARTESIAN_POINT('',(48.016923,46.633846,346.6));
#21050=VERTEX_POINT('',#21040);
#21060=EDGE_CURVE('',#21030,#21050,#21010,.T.);
#21070=ORIENTED_EDGE('',*,*,#21060,.F.);
#21080=CARTESIAN_POINT('',(51.116923,46.633846,346.6));
#21090=DIRECTION('',(0.,-1.,0.));
#21100=DIRECTION('',(1.,0.,0.));
#21110=AXIS2_PLACEMENT_3D('',#21080,#21090,#21100);
#21120=CIRCLE('',#21110,3.1);
#21130=CARTESIAN_POINT('',(54.216923,46.633846,346.6));
#21140=VERTEX_POINT('',#21130);
#21150=EDGE_CURVE('',#21050,#21140,#21120,.T.);
#21160=ORIENTED_EDGE('',*,*,#21150,.F.);
#21170=CARTESIAN_POINT('',(54.216923,46.633846,1.));
#21180=DIRECTION('',(0.,0.,1.));
#21190=VECTOR('',#21180,1.);
#21200=LINE('',#21170,#21190);
#21210=CARTESIAN_POINT('',(54.216923,46.633846,355.4));
#21220=VERTEX_POINT('',#21210);
#21230=EDGE_CURVE('',#21140,#21220,#21200,.T.);
#21240=ORIENTED_EDGE('',*,*,#21230,.F.);
#21250=CARTESIAN_POINT('',(51.116923,46.633846,355.4));
#21260=DIRECTION('',(0.,1.,0.));
#21270=DIRECTION('',(1.,0.,0.));
#21280=AXIS2_PLACEMENT_3D('',#21250,#21260,#21270);
#21290=CIRCLE('',#21280,3.1);
#21300=EDGE_CURVE('',#21030,#21220,#21290,.T.);
#21310=ORIENTED_EDGE('',*,*,#21300,.T.);
#21320=EDGE_LOOP('',(#21310,#21240,#21160,#21070));
#21330=FACE_BOUND('',#21320,.T.);
#21340=CARTESIAN_POINT('',(54.216923,46.633846,1.));
#21350=DIRECTION('',(0.,0.,1.));
#21360=VECTOR('',#21350,1.);
#21370=LINE('',#21340,#21360);
#21380=CARTESIAN_POINT('',(54.216923,46.633846,1071.6));
#21390=VERTEX_POINT('',#21380);
#21400=CARTESIAN_POINT('',(54.216923,46.633846,1080.4));
#21410=VERTEX_POINT('',#21400);
#21420=EDGE_CURVE('',#21390,#21410,#21370,.T.);
#21430=ORIENTED_EDGE('',*,*,#21420,.F.);
#21440=CARTESIAN_POINT('',(51.116923,46.633846,1080.4));
#21450=DIRECTION('',(0.,1.,0.));
#21460=DIRECTION('',(1.,0.,0.));
#21470=AXIS2_PLACEMENT_3D('',#21440,#21450,#21460);
#21480=CIRCLE('',#21470,3.1);
#21490=CARTESIAN_POINT('',(48.016923,46.633846,1080.4));
#21500=VERTEX_POINT('',#21490);
#21510=EDGE_CURVE('',#21500,#21410,#21480,.T.);
#21520=ORIENTED_EDGE('',*,*,#21510,.T.);
#21530=CARTESIAN_POINT('',(48.016923,46.633846,1.));
#21540=DIRECTION('',(0.,0.,-1.));
#21550=VECTOR('',#21540,1.);
#21560=LINE('',#21530,#21550);
#21570=CARTESIAN_POINT('',(48.016923,46.633846,1071.6));
#21580=VERTEX_POINT('',#21570);
#21590=EDGE_CURVE('',#21500,#21580,#21560,.T.);
#21600=ORIENTED_EDGE('',*,*,#21590,.F.);
#21610=CARTESIAN_POINT('',(51.116923,46.633846,1071.6));
#21620=DIRECTION('',(0.,-1.,0.));
#21630=DIRECTION('',(1.,0.,0.));
#21640=AXIS2_PLACEMENT_3D('',#21610,#21620,#21630);
#21650=CIRCLE('',#21640,3.1);
#21660=EDGE_CURVE('',#21580,#21390,#21650,.T.);
#21670=ORIENTED_EDGE('',*,*,#21660,.F.);
#21680=EDGE_LOOP('',(#21670,#21600,#21520,#21430));
#21690=FACE_BOUND('',#21680,.T.);
#21700=CARTESIAN_POINT('',(51.116923,46.633846,430.4));
#21710=DIRECTION('',(0.,1.,0.));
#21720=DIRECTION('',(1.,0.,0.));
#21730=AXIS2_PLACEMENT_3D('',#21700,#21710,#21720);
#21740=CIRCLE('',#21730,3.1);
#21750=CARTESIAN_POINT('',(48.016923,46.633846,430.4));
#21760=VERTEX_POINT('',#21750);
#21770=CARTESIAN_POINT('',(54.216923,46.633846,430.4));
#21780=VERTEX_POINT('',#21770);
#21790=EDGE_CURVE('',#21760,#21780,#21740,.T.);
#21800=ORIENTED_EDGE('',*,*,#21790,.T.);
#21810=CARTESIAN_POINT('',(48.016923,46.633846,1.));
#21820=DIRECTION('',(0.,0.,-1.));
#21830=VECTOR('',#21820,1.);
#21840=LINE('',#21810,#21830);
#21850=CARTESIAN_POINT('',(48.016923,46.633846,421.6));
#21860=VERTEX_POINT('',#21850);
#21870=EDGE_CURVE('',#21760,#21860,#21840,.T.);
#21880=ORIENTED_EDGE('',*,*,#21870,.F.);
#21890=CARTESIAN_POINT('',(51.116923,46.633846,421.6));
#21900=DIRECTION('',(0.,-1.,0.));
#21910=DIRECTION('',(1.,0.,0.));
#21920=AXIS2_PLACEMENT_3D('',#21890,#21900,#21910);
#21930=CIRCLE('',#21920,3.1);
#21940=CARTESIAN_POINT('',(54.216923,46.633846,421.6));
#21950=VERTEX_POINT('',#21940);
#21960=EDGE_CURVE('',#21860,#21950,#21930,.T.);
#21970=ORIENTED_EDGE('',*,*,#21960,.F.);
#21980=CARTESIAN_POINT('',(54.216923,46.633846,1.));
#21990=DIRECTION('',(0.,0.,1.));
#22000=VECTOR('',#21990,1.);
#22010=LINE('',#21980,#22000);
#22020=EDGE_CURVE('',#21950,#21780,#22010,.T.);
#22030=ORIENTED_EDGE('',*,*,#22020,.F.);
#22040=EDGE_LOOP('',(#22030,#21970,#21880,#21800));
#22050=FACE_BOUND('',#22040,.T.);
#22060=CARTESIAN_POINT('',(51.116923,46.633846,1530.4));
#22070=DIRECTION('',(0.,1.,0.));
#22080=DIRECTION('',(1.,0.,0.));
#22090=AXIS2_PLACEMENT_3D('',#22060,#22070,#22080);
#22100=CIRCLE('',#22090,3.1);
#22110=CARTESIAN_POINT('',(48.016923,46.633846,1530.4));
#22120=VERTEX_POINT('',#22110);
#22130=CARTESIAN_POINT('',(54.216923,46.633846,1530.4));
#22140=VERTEX_POINT('',#22130);
#22150=EDGE_CURVE('',#22120,#22140,#22100,.T.);
#22160=ORIENTED_EDGE('',*,*,#22150,.T.);
#22170=CARTESIAN_POINT('',(48.016923,46.633846,1.));
#22180=DIRECTION('',(0.,0.,-1.));
#22190=VECTOR('',#22180,1.);
#22200=LINE('',#22170,#22190);
#22210=CARTESIAN_POINT('',(48.016923,46.633846,1521.6));
#22220=VERTEX_POINT('',#22210);
#22230=EDGE_CURVE('',#22120,#22220,#22200,.T.);
#22240=ORIENTED_EDGE('',*,*,#22230,.F.);
#22250=CARTESIAN_POINT('',(51.116923,46.633846,1521.6));
#22260=DIRECTION('',(0.,-1.,0.));
#22270=DIRECTION('',(1.,0.,0.));
#22280=AXIS2_PLACEMENT_3D('',#22250,#22260,#22270);
#22290=CIRCLE('',#22280,3.1);
#22300=CARTESIAN_POINT('',(54.216923,46.633846,1521.6));
#22310=VERTEX_POINT('',#22300);
#22320=EDGE_CURVE('',#22220,#22310,#22290,.T.);
#22330=ORIENTED_EDGE('',*,*,#22320,.F.);
#22340=CARTESIAN_POINT('',(54.216923,46.633846,1.));
#22350=DIRECTION('',(0.,0.,1.));
#22360=VECTOR('',#22350,1.);
#22370=LINE('',#22340,#22360);
#22380=EDGE_CURVE('',#22310,#22140,#22370,.T.);
#22390=ORIENTED_EDGE('',*,*,#22380,.F.);
#22400=EDGE_LOOP('',(#22390,#22330,#22240,#22160));
#22410=FACE_BOUND('',#22400,.T.);
#22420=CARTESIAN_POINT('',(51.116923,46.633846,1021.6));
#22430=DIRECTION('',(0.,-1.,0.));
#22440=DIRECTION('',(1.,0.,0.));
#22450=AXIS2_PLACEMENT_3D('',#22420,#22430,#22440);
#22460=CIRCLE('',#22450,3.1);
#22470=CARTESIAN_POINT('',(48.016923,46.633846,1021.6));
#22480=VERTEX_POINT('',#22470);
#22490=CARTESIAN_POINT('',(54.216923,46.633846,1021.6));
#22500=VERTEX_POINT('',#22490);
#22510=EDGE_CURVE('',#22480,#22500,#22460,.T.);
#22520=ORIENTED_EDGE('',*,*,#22510,.F.);
#22530=CARTESIAN_POINT('',(54.216923,46.633846,1.));
#22540=DIRECTION('',(0.,0.,1.));
#22550=VECTOR('',#22540,1.);
#22560=LINE('',#22530,#22550);
#22570=CARTESIAN_POINT('',(54.216923,46.633846,1030.4));
#22580=VERTEX_POINT('',#22570);
#22590=EDGE_CURVE('',#22500,#22580,#22560,.T.);
#22600=ORIENTED_EDGE('',*,*,#22590,.F.);
#22610=CARTESIAN_POINT('',(51.116923,46.633846,1030.4));
#22620=DIRECTION('',(0.,1.,0.));
#22630=DIRECTION('',(1.,0.,0.));
#22640=AXIS2_PLACEMENT_3D('',#22610,#22620,#22630);
#22650=CIRCLE('',#22640,3.1);
#22660=CARTESIAN_POINT('',(48.016923,46.633846,1030.4));
#22670=VERTEX_POINT('',#22660);
#22680=EDGE_CURVE('',#22670,#22580,#22650,.T.);
#22690=ORIENTED_EDGE('',*,*,#22680,.T.);
#22700=CARTESIAN_POINT('',(48.016923,46.633846,1.));
#22710=DIRECTION('',(0.,0.,-1.));
#22720=VECTOR('',#22710,1.);
#22730=LINE('',#22700,#22720);
#22740=EDGE_CURVE('',#22670,#22480,#22730,.T.);
#22750=ORIENTED_EDGE('',*,*,#22740,.F.);
#22760=EDGE_LOOP('',(#22750,#22690,#22600,#22520));
#22770=FACE_BOUND('',#22760,.T.);
#22780=CARTESIAN_POINT('',(51.116923,46.633846,1496.6));
#22790=DIRECTION('',(0.,-1.,0.));
#22800=DIRECTION('',(1.,0.,0.));
#22810=AXIS2_PLACEMENT_3D('',#22780,#22790,#22800);
#22820=CIRCLE('',#22810,3.1);
#22830=CARTESIAN_POINT('',(48.016923,46.633846,1496.6));
#22840=VERTEX_POINT('',#22830);
#22850=CARTESIAN_POINT('',(54.216923,46.633846,1496.6));
#22860=VERTEX_POINT('',#22850);
#22870=EDGE_CURVE('',#22840,#22860,#22820,.T.);
#22880=ORIENTED_EDGE('',*,*,#22870,.F.);
#22890=CARTESIAN_POINT('',(54.216923,46.633846,1.));
#22900=DIRECTION('',(0.,0.,1.));
#22910=VECTOR('',#22900,1.);
#22920=LINE('',#22890,#22910);
#22930=CARTESIAN_POINT('',(54.216923,46.633846,1505.4));
#22940=VERTEX_POINT('',#22930);
#22950=EDGE_CURVE('',#22860,#22940,#22920,.T.);
#22960=ORIENTED_EDGE('',*,*,#22950,.F.);
#22970=CARTESIAN_POINT('',(51.116923,46.633846,1505.4));
#22980=DIRECTION('',(0.,1.,0.));
#22990=DIRECTION('',(1.,0.,0.));
#23000=AXIS2_PLACEMENT_3D('',#22970,#22980,#22990);
#23010=CIRCLE('',#23000,3.1);
#23020=CARTESIAN_POINT('',(48.016923,46.633846,1505.4));
#23030=VERTEX_POINT('',#23020);
#23040=EDGE_CURVE('',#23030,#22940,#23010,.T.);
#23050=ORIENTED_EDGE('',*,*,#23040,.T.);
#23060=CARTESIAN_POINT('',(48.016923,46.633846,1.));
#23070=DIRECTION('',(0.,0.,-1.));
#23080=VECTOR('',#23070,1.);
#23090=LINE('',#23060,#23080);
#23100=EDGE_CURVE('',#23030,#22840,#23090,.T.);
#23110=ORIENTED_EDGE('',*,*,#23100,.F.);
#23120=EDGE_LOOP('',(#23110,#23050,#22960,#22880));
#23130=FACE_BOUND('',#23120,.T.);
#23140=CARTESIAN_POINT('',(48.016923,46.633846,1.));
#23150=DIRECTION('',(0.,0.,-1.));
#23160=VECTOR('',#23150,1.);
#23170=LINE('',#23140,#23160);
#23180=CARTESIAN_POINT('',(48.016923,46.633846,1155.4));
#23190=VERTEX_POINT('',#23180);
#23200=CARTESIAN_POINT('',(48.016923,46.633846,1146.6));
#23210=VERTEX_POINT('',#23200);
#23220=EDGE_CURVE('',#23190,#23210,#23170,.T.);
#23230=ORIENTED_EDGE('',*,*,#23220,.F.);
#23240=CARTESIAN_POINT('',(51.116923,46.633846,1146.6));
#23250=DIRECTION('',(0.,-1.,0.));
#23260=DIRECTION('',(1.,0.,0.));
#23270=AXIS2_PLACEMENT_3D('',#23240,#23250,#23260);
#23280=CIRCLE('',#23270,3.1);
#23290=CARTESIAN_POINT('',(54.216923,46.633846,1146.6));
#23300=VERTEX_POINT('',#23290);
#23310=EDGE_CURVE('',#23210,#23300,#23280,.T.);
#23320=ORIENTED_EDGE('',*,*,#23310,.F.);
#23330=CARTESIAN_POINT('',(54.216923,46.633846,1.));
#23340=DIRECTION('',(0.,0.,1.));
#23350=VECTOR('',#23340,1.);
#23360=LINE('',#23330,#23350);
#23370=CARTESIAN_POINT('',(54.216923,46.633846,1155.4));
#23380=VERTEX_POINT('',#23370);
#23390=EDGE_CURVE('',#23300,#23380,#23360,.T.);
#23400=ORIENTED_EDGE('',*,*,#23390,.F.);
#23410=CARTESIAN_POINT('',(51.116923,46.633846,1155.4));
#23420=DIRECTION('',(0.,1.,0.));
#23430=DIRECTION('',(1.,0.,0.));
#23440=AXIS2_PLACEMENT_3D('',#23410,#23420,#23430);
#23450=CIRCLE('',#23440,3.1);
#23460=EDGE_CURVE('',#23190,#23380,#23450,.T.);
#23470=ORIENTED_EDGE('',*,*,#23460,.T.);
#23480=EDGE_LOOP('',(#23470,#23400,#23320,#23230));
#23490=FACE_BOUND('',#23480,.T.);
#23500=CARTESIAN_POINT('',(51.116923,46.633846,1855.4));
#23510=DIRECTION('',(0.,1.,0.));
#23520=DIRECTION('',(1.,0.,0.));
#23530=AXIS2_PLACEMENT_3D('',#23500,#23510,#23520);
#23540=CIRCLE('',#23530,3.1);
#23550=CARTESIAN_POINT('',(48.016923,46.633846,1855.4));
#23560=VERTEX_POINT('',#23550);
#23570=CARTESIAN_POINT('',(54.216923,46.633846,1855.4));
#23580=VERTEX_POINT('',#23570);
#23590=EDGE_CURVE('',#23560,#23580,#23540,.T.);
#23600=ORIENTED_EDGE('',*,*,#23590,.T.);
#23610=CARTESIAN_POINT('',(48.016923,46.633846,1.));
#23620=DIRECTION('',(0.,0.,-1.));
#23630=VECTOR('',#23620,1.);
#23640=LINE('',#23610,#23630);
#23650=CARTESIAN_POINT('',(48.016923,46.633846,1846.6));
#23660=VERTEX_POINT('',#23650);
#23670=EDGE_CURVE('',#23560,#23660,#23640,.T.);
#23680=ORIENTED_EDGE('',*,*,#23670,.F.);
#23690=CARTESIAN_POINT('',(51.116923,46.633846,1846.6));
#23700=DIRECTION('',(0.,-1.,0.));
#23710=DIRECTION('',(1.,0.,0.));
#23720=AXIS2_PLACEMENT_3D('',#23690,#23700,#23710);
#23730=CIRCLE('',#23720,3.1);
#23740=CARTESIAN_POINT('',(54.216923,46.633846,1846.6));
#23750=VERTEX_POINT('',#23740);
#23760=EDGE_CURVE('',#23660,#23750,#23730,.T.);
#23770=ORIENTED_EDGE('',*,*,#23760,.F.);
#23780=CARTESIAN_POINT('',(54.216923,46.633846,1.));
#23790=DIRECTION('',(0.,0.,1.));
#23800=VECTOR('',#23790,1.);
#23810=LINE('',#23780,#23800);
#23820=EDGE_CURVE('',#23750,#23580,#23810,.T.);
#23830=ORIENTED_EDGE('',*,*,#23820,.F.);
#23840=EDGE_LOOP('',(#23830,#23770,#23680,#23600));
#23850=FACE_BOUND('',#23840,.T.);
#23860=CARTESIAN_POINT('',(48.016923,46.633846,1.));
#23870=DIRECTION('',(0.,0.,-1.));
#23880=VECTOR('',#23870,1.);
#23890=LINE('',#23860,#23880);
#23900=CARTESIAN_POINT('',(48.016923,46.633846,330.4));
#23910=VERTEX_POINT('',#23900);
#23920=CARTESIAN_POINT('',(48.016923,46.633846,321.6));
#23930=VERTEX_POINT('',#23920);
#23940=EDGE_CURVE('',#23910,#23930,#23890,.T.);
#23950=ORIENTED_EDGE('',*,*,#23940,.F.);
#23960=CARTESIAN_POINT('',(51.116923,46.633846,321.6));
#23970=DIRECTION('',(0.,-1.,0.));
#23980=DIRECTION('',(1.,0.,0.));
#23990=AXIS2_PLACEMENT_3D('',#23960,#23970,#23980);
#24000=CIRCLE('',#23990,3.1);
#24010=CARTESIAN_POINT('',(54.216923,46.633846,321.6));
#24020=VERTEX_POINT('',#24010);
#24030=EDGE_CURVE('',#23930,#24020,#24000,.T.);
#24040=ORIENTED_EDGE('',*,*,#24030,.F.);
#24050=CARTESIAN_POINT('',(54.216923,46.633846,1.));
#24060=DIRECTION('',(0.,0.,1.));
#24070=VECTOR('',#24060,1.);
#24080=LINE('',#24050,#24070);
#24090=CARTESIAN_POINT('',(54.216923,46.633846,330.4));
#24100=VERTEX_POINT('',#24090);
#24110=EDGE_CURVE('',#24020,#24100,#24080,.T.);
#24120=ORIENTED_EDGE('',*,*,#24110,.F.);
#24130=CARTESIAN_POINT('',(51.116923,46.633846,330.4));
#24140=DIRECTION('',(0.,1.,0.));
#24150=DIRECTION('',(1.,0.,0.));
#24160=AXIS2_PLACEMENT_3D('',#24130,#24140,#24150);
#24170=CIRCLE('',#24160,3.1);
#24180=EDGE_CURVE('',#23910,#24100,#24170,.T.);
#24190=ORIENTED_EDGE('',*,*,#24180,.T.);
#24200=EDGE_LOOP('',(#24190,#24120,#24040,#23950));
#24210=FACE_BOUND('',#24200,.T.);
#24220=CARTESIAN_POINT('',(54.216923,46.633846,1.));
#24230=DIRECTION('',(0.,0.,1.));
#24240=VECTOR('',#24230,1.);
#24250=LINE('',#24220,#24240);
#24260=CARTESIAN_POINT('',(54.216923,46.633846,1221.6));
#24270=VERTEX_POINT('',#24260);
#24280=CARTESIAN_POINT('',(54.216923,46.633846,1230.4));
#24290=VERTEX_POINT('',#24280);
#24300=EDGE_CURVE('',#24270,#24290,#24250,.T.);
#24310=ORIENTED_EDGE('',*,*,#24300,.F.);
#24320=CARTESIAN_POINT('',(51.116923,46.633846,1230.4));
#24330=DIRECTION('',(0.,1.,0.));
#24340=DIRECTION('',(1.,0.,0.));
#24350=AXIS2_PLACEMENT_3D('',#24320,#24330,#24340);
#24360=CIRCLE('',#24350,3.1);
#24370=CARTESIAN_POINT('',(48.016923,46.633846,1230.4));
#24380=VERTEX_POINT('',#24370);
#24390=EDGE_CURVE('',#24380,#24290,#24360,.T.);
#24400=ORIENTED_EDGE('',*,*,#24390,.T.);
#24410=CARTESIAN_POINT('',(48.016923,46.633846,1.));
#24420=DIRECTION('',(0.,0.,-1.));
#24430=VECTOR('',#24420,1.);
#24440=LINE('',#24410,#24430);
#24450=CARTESIAN_POINT('',(48.016923,46.633846,1221.6));
#24460=VERTEX_POINT('',#24450);
#24470=EDGE_CURVE('',#24380,#24460,#24440,.T.);
#24480=ORIENTED_EDGE('',*,*,#24470,.F.);
#24490=CARTESIAN_POINT('',(51.116923,46.633846,1221.6));
#24500=DIRECTION('',(0.,-1.,0.));
#24510=DIRECTION('',(1.,0.,0.));
#24520=AXIS2_PLACEMENT_3D('',#24490,#24500,#24510);
#24530=CIRCLE('',#24520,3.1);
#24540=EDGE_CURVE('',#24460,#24270,#24530,.T.);
#24550=ORIENTED_EDGE('',*,*,#24540,.F.);
#24560=EDGE_LOOP('',(#24550,#24480,#24400,#24310));
#24570=FACE_BOUND('',#24560,.T.);
#24580=CARTESIAN_POINT('',(48.016923,46.633846,1.));
#24590=DIRECTION('',(0.,0.,-1.));
#24600=VECTOR('',#24590,1.);
#24610=LINE('',#24580,#24600);
#24620=CARTESIAN_POINT('',(48.016923,46.633846,1480.4));
#24630=VERTEX_POINT('',#24620);
#24640=CARTESIAN_POINT('',(48.016923,46.633846,1471.6));
#24650=VERTEX_POINT('',#24640);
#24660=EDGE_CURVE('',#24630,#24650,#24610,.T.);
#24670=ORIENTED_EDGE('',*,*,#24660,.F.);
#24680=CARTESIAN_POINT('',(51.116923,46.633846,1471.6));
#24690=DIRECTION('',(0.,-1.,0.));
#24700=DIRECTION('',(1.,0.,0.));
#24710=AXIS2_PLACEMENT_3D('',#24680,#24690,#24700);
#24720=CIRCLE('',#24710,3.1);
#24730=CARTESIAN_POINT('',(54.216923,46.633846,1471.6));
#24740=VERTEX_POINT('',#24730);
#24750=EDGE_CURVE('',#24650,#24740,#24720,.T.);
#24760=ORIENTED_EDGE('',*,*,#24750,.F.);
#24770=CARTESIAN_POINT('',(54.216923,46.633846,1.));
#24780=DIRECTION('',(0.,0.,1.));
#24790=VECTOR('',#24780,1.);
#24800=LINE('',#24770,#24790);
#24810=CARTESIAN_POINT('',(54.216923,46.633846,1480.4));
#24820=VERTEX_POINT('',#24810);
#24830=EDGE_CURVE('',#24740,#24820,#24800,.T.);
#24840=ORIENTED_EDGE('',*,*,#24830,.F.);
#24850=CARTESIAN_POINT('',(51.116923,46.633846,1480.4));
#24860=DIRECTION('',(0.,1.,0.));
#24870=DIRECTION('',(1.,0.,0.));
#24880=AXIS2_PLACEMENT_3D('',#24850,#24860,#24870);
#24890=CIRCLE('',#24880,3.1);
#24900=EDGE_CURVE('',#24630,#24820,#24890,.T.);
#24910=ORIENTED_EDGE('',*,*,#24900,.T.);
#24920=EDGE_LOOP('',(#24910,#24840,#24760,#24670));
#24930=FACE_BOUND('',#24920,.T.);
#24940=CARTESIAN_POINT('',(51.116923,46.633846,921.6));
#24950=DIRECTION('',(0.,-1.,0.));
#24960=DIRECTION('',(1.,0.,0.));
#24970=AXIS2_PLACEMENT_3D('',#24940,#24950,#24960);
#24980=CIRCLE('',#24970,3.1);
#24990=CARTESIAN_POINT('',(48.016923,46.633846,921.6));
#25000=VERTEX_POINT('',#24990);
#25010=CARTESIAN_POINT('',(54.216923,46.633846,921.6));
#25020=VERTEX_POINT('',#25010);
#25030=EDGE_CURVE('',#25000,#25020,#24980,.T.);
#25040=ORIENTED_EDGE('',*,*,#25030,.F.);
#25050=CARTESIAN_POINT('',(54.216923,46.633846,1.));
#25060=DIRECTION('',(0.,0.,1.));
#25070=VECTOR('',#25060,1.);
#25080=LINE('',#25050,#25070);
#25090=CARTESIAN_POINT('',(54.216923,46.633846,930.4));
#25100=VERTEX_POINT('',#25090);
#25110=EDGE_CURVE('',#25020,#25100,#25080,.T.);
#25120=ORIENTED_EDGE('',*,*,#25110,.F.);
#25130=CARTESIAN_POINT('',(51.116923,46.633846,930.4));
#25140=DIRECTION('',(0.,1.,0.));
#25150=DIRECTION('',(1.,0.,0.));
#25160=AXIS2_PLACEMENT_3D('',#25130,#25140,#25150);
#25170=CIRCLE('',#25160,3.1);
#25180=CARTESIAN_POINT('',(48.016923,46.633846,930.4));
#25190=VERTEX_POINT('',#25180);
#25200=EDGE_CURVE('',#25190,#25100,#25170,.T.);
#25210=ORIENTED_EDGE('',*,*,#25200,.T.);
#25220=CARTESIAN_POINT('',(48.016923,46.633846,1.));
#25230=DIRECTION('',(0.,0.,-1.));
#25240=VECTOR('',#25230,1.);
#25250=LINE('',#25220,#25240);
#25260=EDGE_CURVE('',#25190,#25000,#25250,.T.);
#25270=ORIENTED_EDGE('',*,*,#25260,.F.);
#25280=EDGE_LOOP('',(#25270,#25210,#25120,#25040));
#25290=FACE_BOUND('',#25280,.T.);
#25300=CARTESIAN_POINT('',(51.116923,46.633846,555.4));
#25310=DIRECTION('',(0.,1.,0.));
#25320=DIRECTION('',(1.,0.,0.));
#25330=AXIS2_PLACEMENT_3D('',#25300,#25310,#25320);
#25340=CIRCLE('',#25330,3.1);
#25350=CARTESIAN_POINT('',(48.016923,46.633846,555.4));
#25360=VERTEX_POINT('',#25350);
#25370=CARTESIAN_POINT('',(54.216923,46.633846,555.4));
#25380=VERTEX_POINT('',#25370);
#25390=EDGE_CURVE('',#25360,#25380,#25340,.T.);
#25400=ORIENTED_EDGE('',*,*,#25390,.T.);
#25410=CARTESIAN_POINT('',(48.016923,46.633846,1.));
#25420=DIRECTION('',(0.,0.,-1.));
#25430=VECTOR('',#25420,1.);
#25440=LINE('',#25410,#25430);
#25450=CARTESIAN_POINT('',(48.016923,46.633846,546.6));
#25460=VERTEX_POINT('',#25450);
#25470=EDGE_CURVE('',#25360,#25460,#25440,.T.);
#25480=ORIENTED_EDGE('',*,*,#25470,.F.);
#25490=CARTESIAN_POINT('',(51.116923,46.633846,546.6));
#25500=DIRECTION('',(0.,-1.,0.));
#25510=DIRECTION('',(1.,0.,0.));
#25520=AXIS2_PLACEMENT_3D('',#25490,#25500,#25510);
#25530=CIRCLE('',#25520,3.1);
#25540=CARTESIAN_POINT('',(54.216923,46.633846,546.6));
#25550=VERTEX_POINT('',#25540);
#25560=EDGE_CURVE('',#25460,#25550,#25530,.T.);
#25570=ORIENTED_EDGE('',*,*,#25560,.F.);
#25580=CARTESIAN_POINT('',(54.216923,46.633846,1.));
#25590=DIRECTION('',(0.,0.,1.));
#25600=VECTOR('',#25590,1.);
#25610=LINE('',#25580,#25600);
#25620=EDGE_CURVE('',#25550,#25380,#25610,.T.);
#25630=ORIENTED_EDGE('',*,*,#25620,.F.);
#25640=EDGE_LOOP('',(#25630,#25570,#25480,#25400));
#25650=FACE_BOUND('',#25640,.T.);
#25660=CARTESIAN_POINT('',(51.116923,46.633846,855.4));
#25670=DIRECTION('',(0.,1.,0.));
#25680=DIRECTION('',(1.,0.,0.));
#25690=AXIS2_PLACEMENT_3D('',#25660,#25670,#25680);
#25700=CIRCLE('',#25690,3.1);
#25710=CARTESIAN_POINT('',(48.016923,46.633846,855.4));
#25720=VERTEX_POINT('',#25710);
#25730=CARTESIAN_POINT('',(54.216923,46.633846,855.4));
#25740=VERTEX_POINT('',#25730);
#25750=EDGE_CURVE('',#25720,#25740,#25700,.T.);
#25760=ORIENTED_EDGE('',*,*,#25750,.T.);
#25770=CARTESIAN_POINT('',(48.016923,46.633846,1.));
#25780=DIRECTION('',(0.,0.,-1.));
#25790=VECTOR('',#25780,1.);
#25800=LINE('',#25770,#25790);
#25810=CARTESIAN_POINT('',(48.016923,46.633846,846.6));
#25820=VERTEX_POINT('',#25810);
#25830=EDGE_CURVE('',#25720,#25820,#25800,.T.);
#25840=ORIENTED_EDGE('',*,*,#25830,.F.);
#25850=CARTESIAN_POINT('',(51.116923,46.633846,846.6));
#25860=DIRECTION('',(0.,-1.,0.));
#25870=DIRECTION('',(1.,0.,0.));
#25880=AXIS2_PLACEMENT_3D('',#25850,#25860,#25870);
#25890=CIRCLE('',#25880,3.1);
#25900=CARTESIAN_POINT('',(54.216923,46.633846,846.6));
#25910=VERTEX_POINT('',#25900);
#25920=EDGE_CURVE('',#25820,#25910,#25890,.T.);
#25930=ORIENTED_EDGE('',*,*,#25920,.F.);
#25940=CARTESIAN_POINT('',(54.216923,46.633846,1.));
#25950=DIRECTION('',(0.,0.,1.));
#25960=VECTOR('',#25950,1.);
#25970=LINE('',#25940,#25960);
#25980=EDGE_CURVE('',#25910,#25740,#25970,.T.);
#25990=ORIENTED_EDGE('',*,*,#25980,.F.);
#26000=EDGE_LOOP('',(#25990,#25930,#25840,#25760));
#26010=FACE_BOUND('',#26000,.T.);
#26020=CARTESIAN_POINT('',(48.016923,46.633846,1.));
#26030=DIRECTION('',(0.,0.,-1.));
#26040=VECTOR('',#26030,1.);
#26050=LINE('',#26020,#26040);
#26060=CARTESIAN_POINT('',(48.016923,46.633846,1005.4));
#26070=VERTEX_POINT('',#26060);
#26080=CARTESIAN_POINT('',(48.016923,46.633846,996.6));
#26090=VERTEX_POINT('',#26080);
#26100=EDGE_CURVE('',#26070,#26090,#26050,.T.);
#26110=ORIENTED_EDGE('',*,*,#26100,.F.);
#26120=CARTESIAN_POINT('',(51.116923,46.633846,996.6));
#26130=DIRECTION('',(0.,-1.,0.));
#26140=DIRECTION('',(1.,0.,0.));
#26150=AXIS2_PLACEMENT_3D('',#26120,#26130,#26140);
#26160=CIRCLE('',#26150,3.1);
#26170=CARTESIAN_POINT('',(54.216923,46.633846,996.6));
#26180=VERTEX_POINT('',#26170);
#26190=EDGE_CURVE('',#26090,#26180,#26160,.T.);
#26200=ORIENTED_EDGE('',*,*,#26190,.F.);
#26210=CARTESIAN_POINT('',(54.216923,46.633846,1.));
#26220=DIRECTION('',(0.,0.,1.));
#26230=VECTOR('',#26220,1.);
#26240=LINE('',#26210,#26230);
#26250=CARTESIAN_POINT('',(54.216923,46.633846,1005.4));
#26260=VERTEX_POINT('',#26250);
#26270=EDGE_CURVE('',#26180,#26260,#26240,.T.);
#26280=ORIENTED_EDGE('',*,*,#26270,.F.);
#26290=CARTESIAN_POINT('',(51.116923,46.633846,1005.4));
#26300=DIRECTION('',(0.,1.,0.));
#26310=DIRECTION('',(1.,0.,0.));
#26320=AXIS2_PLACEMENT_3D('',#26290,#26300,#26310);
#26330=CIRCLE('',#26320,3.1);
#26340=EDGE_CURVE('',#26070,#26260,#26330,.T.);
#26350=ORIENTED_EDGE('',*,*,#26340,.T.);
#26360=EDGE_LOOP('',(#26350,#26280,#26200,#26110));
#26370=FACE_BOUND('',#26360,.T.);
#26380=CARTESIAN_POINT('',(54.216923,46.633846,1.));
#26390=DIRECTION('',(0.,0.,1.));
#26400=VECTOR('',#26390,1.);
#26410=LINE('',#26380,#26400);
#26420=CARTESIAN_POINT('',(54.216923,46.633846,871.6));
#26430=VERTEX_POINT('',#26420);
#26440=CARTESIAN_POINT('',(54.216923,46.633846,880.4));
#26450=VERTEX_POINT('',#26440);
#26460=EDGE_CURVE('',#26430,#26450,#26410,.T.);
#26470=ORIENTED_EDGE('',*,*,#26460,.F.);
#26480=CARTESIAN_POINT('',(51.116923,46.633846,880.4));
#26490=DIRECTION('',(0.,1.,0.));
#26500=DIRECTION('',(1.,0.,0.));
#26510=AXIS2_PLACEMENT_3D('',#26480,#26490,#26500);
#26520=CIRCLE('',#26510,3.1);
#26530=CARTESIAN_POINT('',(48.016923,46.633846,880.4));
#26540=VERTEX_POINT('',#26530);
#26550=EDGE_CURVE('',#26540,#26450,#26520,.T.);
#26560=ORIENTED_EDGE('',*,*,#26550,.T.);
#26570=CARTESIAN_POINT('',(48.016923,46.633846,1.));
#26580=DIRECTION('',(0.,0.,-1.));
#26590=VECTOR('',#26580,1.);
#26600=LINE('',#26570,#26590);
#26610=CARTESIAN_POINT('',(48.016923,46.633846,871.6));
#26620=VERTEX_POINT('',#26610);
#26630=EDGE_CURVE('',#26540,#26620,#26600,.T.);
#26640=ORIENTED_EDGE('',*,*,#26630,.F.);
#26650=CARTESIAN_POINT('',(51.116923,46.633846,871.6));
#26660=DIRECTION('',(0.,-1.,0.));
#26670=DIRECTION('',(1.,0.,0.));
#26680=AXIS2_PLACEMENT_3D('',#26650,#26660,#26670);
#26690=CIRCLE('',#26680,3.1);
#26700=EDGE_CURVE('',#26620,#26430,#26690,.T.);
#26710=ORIENTED_EDGE('',*,*,#26700,.F.);
#26720=EDGE_LOOP('',(#26710,#26640,#26560,#26470));
#26730=FACE_BOUND('',#26720,.T.);
#26740=CARTESIAN_POINT('',(51.116923,46.633846,1346.6));
#26750=DIRECTION('',(0.,-1.,0.));
#26760=DIRECTION('',(1.,0.,0.));
#26770=AXIS2_PLACEMENT_3D('',#26740,#26750,#26760);
#26780=CIRCLE('',#26770,3.1);
#26790=CARTESIAN_POINT('',(48.016923,46.633846,1346.6));
#26800=VERTEX_POINT('',#26790);
#26810=CARTESIAN_POINT('',(54.216923,46.633846,1346.6));
#26820=VERTEX_POINT('',#26810);
#26830=EDGE_CURVE('',#26800,#26820,#26780,.T.);
#26840=ORIENTED_EDGE('',*,*,#26830,.F.);
#26850=CARTESIAN_POINT('',(54.216923,46.633846,1.));
#26860=DIRECTION('',(0.,0.,1.));
#26870=VECTOR('',#26860,1.);
#26880=LINE('',#26850,#26870);
#26890=CARTESIAN_POINT('',(54.216923,46.633846,1355.4));
#26900=VERTEX_POINT('',#26890);
#26910=EDGE_CURVE('',#26820,#26900,#26880,.T.);
#26920=ORIENTED_EDGE('',*,*,#26910,.F.);
#26930=CARTESIAN_POINT('',(51.116923,46.633846,1355.4));
#26940=DIRECTION('',(0.,1.,0.));
#26950=DIRECTION('',(1.,0.,0.));
#26960=AXIS2_PLACEMENT_3D('',#26930,#26940,#26950);
#26970=CIRCLE('',#26960,3.1);
#26980=CARTESIAN_POINT('',(48.016923,46.633846,1355.4));
#26990=VERTEX_POINT('',#26980);
#27000=EDGE_CURVE('',#26990,#26900,#26970,.T.);
#27010=ORIENTED_EDGE('',*,*,#27000,.T.);
#27020=CARTESIAN_POINT('',(48.016923,46.633846,1.));
#27030=DIRECTION('',(0.,0.,-1.));
#27040=VECTOR('',#27030,1.);
#27050=LINE('',#27020,#27040);
#27060=EDGE_CURVE('',#26990,#26800,#27050,.T.);
#27070=ORIENTED_EDGE('',*,*,#27060,.F.);
#27080=EDGE_LOOP('',(#27070,#27010,#26920,#26840));
#27090=FACE_BOUND('',#27080,.T.);
#27100=CARTESIAN_POINT('',(51.116923,46.633846,730.4));
#27110=DIRECTION('',(0.,1.,0.));
#27120=DIRECTION('',(1.,0.,0.));
#27130=AXIS2_PLACEMENT_3D('',#27100,#27110,#27120);
#27140=CIRCLE('',#27130,3.1);
#27150=CARTESIAN_POINT('',(48.016923,46.633846,730.4));
#27160=VERTEX_POINT('',#27150);
#27170=CARTESIAN_POINT('',(54.216923,46.633846,730.4));
#27180=VERTEX_POINT('',#27170);
#27190=EDGE_CURVE('',#27160,#27180,#27140,.T.);
#27200=ORIENTED_EDGE('',*,*,#27190,.T.);
#27210=CARTESIAN_POINT('',(48.016923,46.633846,1.));
#27220=DIRECTION('',(0.,0.,-1.));
#27230=VECTOR('',#27220,1.);
#27240=LINE('',#27210,#27230);
#27250=CARTESIAN_POINT('',(48.016923,46.633846,721.6));
#27260=VERTEX_POINT('',#27250);
#27270=EDGE_CURVE('',#27160,#27260,#27240,.T.);
#27280=ORIENTED_EDGE('',*,*,#27270,.F.);
#27290=CARTESIAN_POINT('',(51.116923,46.633846,721.6));
#27300=DIRECTION('',(0.,-1.,0.));
#27310=DIRECTION('',(1.,0.,0.));
#27320=AXIS2_PLACEMENT_3D('',#27290,#27300,#27310);
#27330=CIRCLE('',#27320,3.1);
#27340=CARTESIAN_POINT('',(54.216923,46.633846,721.6));
#27350=VERTEX_POINT('',#27340);
#27360=EDGE_CURVE('',#27260,#27350,#27330,.T.);
#27370=ORIENTED_EDGE('',*,*,#27360,.F.);
#27380=CARTESIAN_POINT('',(54.216923,46.633846,1.));
#27390=DIRECTION('',(0.,0.,1.));
#27400=VECTOR('',#27390,1.);
#27410=LINE('',#27380,#27400);
#27420=EDGE_CURVE('',#27350,#27180,#27410,.T.);
#27430=ORIENTED_EDGE('',*,*,#27420,.F.);
#27440=EDGE_LOOP('',(#27430,#27370,#27280,#27200));
#27450=FACE_BOUND('',#27440,.T.);
#27460=CARTESIAN_POINT('',(48.016923,46.633846,1.));
#27470=DIRECTION('',(0.,0.,-1.));
#27480=VECTOR('',#27470,1.);
#27490=LINE('',#27460,#27480);
#27500=CARTESIAN_POINT('',(48.016923,46.633846,1730.4));
#27510=VERTEX_POINT('',#27500);
#27520=CARTESIAN_POINT('',(48.016923,46.633846,1721.6));
#27530=VERTEX_POINT('',#27520);
#27540=EDGE_CURVE('',#27510,#27530,#27490,.T.);
#27550=ORIENTED_EDGE('',*,*,#27540,.F.);
#27560=CARTESIAN_POINT('',(51.116923,46.633846,1721.6));
#27570=DIRECTION('',(0.,-1.,0.));
#27580=DIRECTION('',(1.,0.,0.));
#27590=AXIS2_PLACEMENT_3D('',#27560,#27570,#27580);
#27600=CIRCLE('',#27590,3.1);
#27610=CARTESIAN_POINT('',(54.216923,46.633846,1721.6));
#27620=VERTEX_POINT('',#27610);
#27630=EDGE_CURVE('',#27530,#27620,#27600,.T.);
#27640=ORIENTED_EDGE('',*,*,#27630,.F.);
#27650=CARTESIAN_POINT('',(54.216923,46.633846,1.));
#27660=DIRECTION('',(0.,0.,1.));
#27670=VECTOR('',#27660,1.);
#27680=LINE('',#27650,#27670);
#27690=CARTESIAN_POINT('',(54.216923,46.633846,1730.4));
#27700=VERTEX_POINT('',#27690);
#27710=EDGE_CURVE('',#27620,#27700,#27680,.T.);
#27720=ORIENTED_EDGE('',*,*,#27710,.F.);
#27730=CARTESIAN_POINT('',(51.116923,46.633846,1730.4));
#27740=DIRECTION('',(0.,1.,0.));
#27750=DIRECTION('',(1.,0.,0.));
#27760=AXIS2_PLACEMENT_3D('',#27730,#27740,#27750);
#27770=CIRCLE('',#27760,3.1);
#27780=EDGE_CURVE('',#27510,#27700,#27770,.T.);
#27790=ORIENTED_EDGE('',*,*,#27780,.T.);
#27800=EDGE_LOOP('',(#27790,#27720,#27640,#27550));
#27810=FACE_BOUND('',#27800,.T.);
#27820=CARTESIAN_POINT('',(51.116923,46.633846,1696.6));
#27830=DIRECTION('',(0.,-1.,0.));
#27840=DIRECTION('',(1.,0.,0.));
#27850=AXIS2_PLACEMENT_3D('',#27820,#27830,#27840);
#27860=CIRCLE('',#27850,3.1);
#27870=CARTESIAN_POINT('',(48.016923,46.633846,1696.6));
#27880=VERTEX_POINT('',#27870);
#27890=CARTESIAN_POINT('',(54.216923,46.633846,1696.6));
#27900=VERTEX_POINT('',#27890);
#27910=EDGE_CURVE('',#27880,#27900,#27860,.T.);
#27920=ORIENTED_EDGE('',*,*,#27910,.F.);
#27930=CARTESIAN_POINT('',(54.216923,46.633846,1.));
#27940=DIRECTION('',(0.,0.,1.));
#27950=VECTOR('',#27940,1.);
#27960=LINE('',#27930,#27950);
#27970=CARTESIAN_POINT('',(54.216923,46.633846,1705.4));
#27980=VERTEX_POINT('',#27970);
#27990=EDGE_CURVE('',#27900,#27980,#27960,.T.);
#28000=ORIENTED_EDGE('',*,*,#27990,.F.);
#28010=CARTESIAN_POINT('',(51.116923,46.633846,1705.4));
#28020=DIRECTION('',(0.,1.,0.));
#28030=DIRECTION('',(1.,0.,0.));
#28040=AXIS2_PLACEMENT_3D('',#28010,#28020,#28030);
#28050=CIRCLE('',#28040,3.1);
#28060=CARTESIAN_POINT('',(48.016923,46.633846,1705.4));
#28070=VERTEX_POINT('',#28060);
#28080=EDGE_CURVE('',#28070,#27980,#28050,.T.);
#28090=ORIENTED_EDGE('',*,*,#28080,.T.);
#28100=CARTESIAN_POINT('',(48.016923,46.633846,1.));
#28110=DIRECTION('',(0.,0.,-1.));
#28120=VECTOR('',#28110,1.);
#28130=LINE('',#28100,#28120);
#28140=EDGE_CURVE('',#28070,#27880,#28130,.T.);
#28150=ORIENTED_EDGE('',*,*,#28140,.F.);
#28160=EDGE_LOOP('',(#28150,#28090,#28000,#27920));
#28170=FACE_BOUND('',#28160,.T.);
#28180=CARTESIAN_POINT('',(51.116923,46.633846,1246.6));
#28190=DIRECTION('',(0.,-1.,0.));
#28200=DIRECTION('',(1.,0.,0.));
#28210=AXIS2_PLACEMENT_3D('',#28180,#28190,#28200);
#28220=CIRCLE('',#28210,3.1);
#28230=CARTESIAN_POINT('',(48.016923,46.633846,1246.6));
#28240=VERTEX_POINT('',#28230);
#28250=CARTESIAN_POINT('',(54.216923,46.633846,1246.6));
#28260=VERTEX_POINT('',#28250);
#28270=EDGE_CURVE('',#28240,#28260,#28220,.T.);
#28280=ORIENTED_EDGE('',*,*,#28270,.F.);
#28290=CARTESIAN_POINT('',(54.216923,46.633846,1.));
#28300=DIRECTION('',(0.,0.,1.));
#28310=VECTOR('',#28300,1.);
#28320=LINE('',#28290,#28310);
#28330=CARTESIAN_POINT('',(54.216923,46.633846,1255.4));
#28340=VERTEX_POINT('',#28330);
#28350=EDGE_CURVE('',#28260,#28340,#28320,.T.);
#28360=ORIENTED_EDGE('',*,*,#28350,.F.);
#28370=CARTESIAN_POINT('',(51.116923,46.633846,1255.4));
#28380=DIRECTION('',(0.,1.,0.));
#28390=DIRECTION('',(1.,0.,0.));
#28400=AXIS2_PLACEMENT_3D('',#28370,#28380,#28390);
#28410=CIRCLE('',#28400,3.1);
#28420=CARTESIAN_POINT('',(48.016923,46.633846,1255.4));
#28430=VERTEX_POINT('',#28420);
#28440=EDGE_CURVE('',#28430,#28340,#28410,.T.);
#28450=ORIENTED_EDGE('',*,*,#28440,.T.);
#28460=CARTESIAN_POINT('',(48.016923,46.633846,1.));
#28470=DIRECTION('',(0.,0.,-1.));
#28480=VECTOR('',#28470,1.);
#28490=LINE('',#28460,#28480);
#28500=EDGE_CURVE('',#28430,#28240,#28490,.T.);
#28510=ORIENTED_EDGE('',*,*,#28500,.F.);
#28520=EDGE_LOOP('',(#28510,#28450,#28360,#28280));
#28530=FACE_BOUND('',#28520,.T.);
#28540=CARTESIAN_POINT('',(54.216923,46.633846,1.));
#28550=DIRECTION('',(0.,0.,1.));
#28560=VECTOR('',#28550,1.);
#28570=LINE('',#28540,#28560);
#28580=CARTESIAN_POINT('',(54.216923,46.633846,396.6));
#28590=VERTEX_POINT('',#28580);
#28600=CARTESIAN_POINT('',(54.216923,46.633846,405.4));
#28610=VERTEX_POINT('',#28600);
#28620=EDGE_CURVE('',#28590,#28610,#28570,.T.);
#28630=ORIENTED_EDGE('',*,*,#28620,.F.);
#28640=CARTESIAN_POINT('',(51.116923,46.633846,405.4));
#28650=DIRECTION('',(0.,1.,0.));
#28660=DIRECTION('',(1.,0.,0.));
#28670=AXIS2_PLACEMENT_3D('',#28640,#28650,#28660);
#28680=CIRCLE('',#28670,3.1);
#28690=CARTESIAN_POINT('',(48.016923,46.633846,405.4));
#28700=VERTEX_POINT('',#28690);
#28710=EDGE_CURVE('',#28700,#28610,#28680,.T.);
#28720=ORIENTED_EDGE('',*,*,#28710,.T.);
#28730=CARTESIAN_POINT('',(48.016923,46.633846,1.));
#28740=DIRECTION('',(0.,0.,-1.));
#28750=VECTOR('',#28740,1.);
#28760=LINE('',#28730,#28750);
#28770=CARTESIAN_POINT('',(48.016923,46.633846,396.6));
#28780=VERTEX_POINT('',#28770);
#28790=EDGE_CURVE('',#28700,#28780,#28760,.T.);
#28800=ORIENTED_EDGE('',*,*,#28790,.F.);
#28810=CARTESIAN_POINT('',(51.116923,46.633846,396.6));
#28820=DIRECTION('',(0.,-1.,0.));
#28830=DIRECTION('',(1.,0.,0.));
#28840=AXIS2_PLACEMENT_3D('',#28810,#28820,#28830);
#28850=CIRCLE('',#28840,3.1);
#28860=EDGE_CURVE('',#28780,#28590,#28850,.T.);
#28870=ORIENTED_EDGE('',*,*,#28860,.F.);
#28880=EDGE_LOOP('',(#28870,#28800,#28720,#28630));
#28890=FACE_BOUND('',#28880,.T.);
#28900=CARTESIAN_POINT('',(48.016923,46.633846,1.));
#28910=DIRECTION('',(0.,0.,-1.));
#28920=VECTOR('',#28910,1.);
#28930=LINE('',#28900,#28920);
#28940=CARTESIAN_POINT('',(48.016923,46.633846,1805.4));
#28950=VERTEX_POINT('',#28940);
#28960=CARTESIAN_POINT('',(48.016923,46.633846,1796.6));
#28970=VERTEX_POINT('',#28960);
#28980=EDGE_CURVE('',#28950,#28970,#28930,.T.);
#28990=ORIENTED_EDGE('',*,*,#28980,.F.);
#29000=CARTESIAN_POINT('',(51.116923,46.633846,1796.6));
#29010=DIRECTION('',(0.,-1.,0.));
#29020=DIRECTION('',(1.,0.,0.));
#29030=AXIS2_PLACEMENT_3D('',#29000,#29010,#29020);
#29040=CIRCLE('',#29030,3.1);
#29050=CARTESIAN_POINT('',(54.216923,46.633846,1796.6));
#29060=VERTEX_POINT('',#29050);
#29070=EDGE_CURVE('',#28970,#29060,#29040,.T.);
#29080=ORIENTED_EDGE('',*,*,#29070,.F.);
#29090=CARTESIAN_POINT('',(54.216923,46.633846,1.));
#29100=DIRECTION('',(0.,0.,1.));
#29110=VECTOR('',#29100,1.);
#29120=LINE('',#29090,#29110);
#29130=CARTESIAN_POINT('',(54.216923,46.633846,1805.4));
#29140=VERTEX_POINT('',#29130);
#29150=EDGE_CURVE('',#29060,#29140,#29120,.T.);
#29160=ORIENTED_EDGE('',*,*,#29150,.F.);
#29170=CARTESIAN_POINT('',(51.116923,46.633846,1805.4));
#29180=DIRECTION('',(0.,1.,0.));
#29190=DIRECTION('',(1.,0.,0.));
#29200=AXIS2_PLACEMENT_3D('',#29170,#29180,#29190);
#29210=CIRCLE('',#29200,3.1);
#29220=EDGE_CURVE('',#28950,#29140,#29210,.T.);
#29230=ORIENTED_EDGE('',*,*,#29220,.T.);
#29240=EDGE_LOOP('',(#29230,#29160,#29080,#28990));
#29250=FACE_BOUND('',#29240,.T.);
#29260=CARTESIAN_POINT('',(51.116923,46.633846,830.4));
#29270=DIRECTION('',(0.,1.,0.));
#29280=DIRECTION('',(1.,0.,0.));
#29290=AXIS2_PLACEMENT_3D('',#29260,#29270,#29280);
#29300=CIRCLE('',#29290,3.1);
#29310=CARTESIAN_POINT('',(48.016923,46.633846,830.4));
#29320=VERTEX_POINT('',#29310);
#29330=CARTESIAN_POINT('',(54.216923,46.633846,830.4));
#29340=VERTEX_POINT('',#29330);
#29350=EDGE_CURVE('',#29320,#29340,#29300,.T.);
#29360=ORIENTED_EDGE('',*,*,#29350,.T.);
#29370=CARTESIAN_POINT('',(48.016923,46.633846,1.));
#29380=DIRECTION('',(0.,0.,-1.));
#29390=VECTOR('',#29380,1.);
#29400=LINE('',#29370,#29390);
#29410=CARTESIAN_POINT('',(48.016923,46.633846,821.6));
#29420=VERTEX_POINT('',#29410);
#29430=EDGE_CURVE('',#29320,#29420,#29400,.T.);
#29440=ORIENTED_EDGE('',*,*,#29430,.F.);
#29450=CARTESIAN_POINT('',(51.116923,46.633846,821.6));
#29460=DIRECTION('',(0.,-1.,0.));
#29470=DIRECTION('',(1.,0.,0.));
#29480=AXIS2_PLACEMENT_3D('',#29450,#29460,#29470);
#29490=CIRCLE('',#29480,3.1);
#29500=CARTESIAN_POINT('',(54.216923,46.633846,821.6));
#29510=VERTEX_POINT('',#29500);
#29520=EDGE_CURVE('',#29420,#29510,#29490,.T.);
#29530=ORIENTED_EDGE('',*,*,#29520,.F.);
#29540=CARTESIAN_POINT('',(54.216923,46.633846,1.));
#29550=DIRECTION('',(0.,0.,1.));
#29560=VECTOR('',#29550,1.);
#29570=LINE('',#29540,#29560);
#29580=EDGE_CURVE('',#29510,#29340,#29570,.T.);
#29590=ORIENTED_EDGE('',*,*,#29580,.F.);
#29600=EDGE_LOOP('',(#29590,#29530,#29440,#29360));
#29610=FACE_BOUND('',#29600,.T.);
#29620=CARTESIAN_POINT('',(48.016923,46.633846,1.));
#29630=DIRECTION('',(0.,0.,-1.));
#29640=VECTOR('',#29630,1.);
#29650=LINE('',#29620,#29640);
#29660=CARTESIAN_POINT('',(48.016923,46.633846,1205.4));
#29670=VERTEX_POINT('',#29660);
#29680=CARTESIAN_POINT('',(48.016923,46.633846,1196.6));
#29690=VERTEX_POINT('',#29680);
#29700=EDGE_CURVE('',#29670,#29690,#29650,.T.);
#29710=ORIENTED_EDGE('',*,*,#29700,.F.);
#29720=CARTESIAN_POINT('',(51.116923,46.633846,1196.6));
#29730=DIRECTION('',(0.,-1.,0.));
#29740=DIRECTION('',(1.,0.,0.));
#29750=AXIS2_PLACEMENT_3D('',#29720,#29730,#29740);
#29760=CIRCLE('',#29750,3.1);
#29770=CARTESIAN_POINT('',(54.216923,46.633846,1196.6));
#29780=VERTEX_POINT('',#29770);
#29790=EDGE_CURVE('',#29690,#29780,#29760,.T.);
#29800=ORIENTED_EDGE('',*,*,#29790,.F.);
#29810=CARTESIAN_POINT('',(54.216923,46.633846,1.));
#29820=DIRECTION('',(0.,0.,1.));
#29830=VECTOR('',#29820,1.);
#29840=LINE('',#29810,#29830);
#29850=CARTESIAN_POINT('',(54.216923,46.633846,1205.4));
#29860=VERTEX_POINT('',#29850);
#29870=EDGE_CURVE('',#29780,#29860,#29840,.T.);
#29880=ORIENTED_EDGE('',*,*,#29870,.F.);
#29890=CARTESIAN_POINT('',(51.116923,46.633846,1205.4));
#29900=DIRECTION('',(0.,1.,0.));
#29910=DIRECTION('',(1.,0.,0.));
#29920=AXIS2_PLACEMENT_3D('',#29890,#29900,#29910);
#29930=CIRCLE('',#29920,3.1);
#29940=EDGE_CURVE('',#29670,#29860,#29930,.T.);
#29950=ORIENTED_EDGE('',*,*,#29940,.T.);
#29960=EDGE_LOOP('',(#29950,#29880,#29800,#29710));
#29970=FACE_BOUND('',#29960,.T.);
#29980=CARTESIAN_POINT('',(51.116923,46.633846,771.6));
#29990=DIRECTION('',(0.,-1.,0.));
#30000=DIRECTION('',(1.,0.,0.));
#30010=AXIS2_PLACEMENT_3D('',#29980,#29990,#30000);
#30020=CIRCLE('',#30010,3.1);
#30030=CARTESIAN_POINT('',(48.016923,46.633846,771.6));
#30040=VERTEX_POINT('',#30030);
#30050=CARTESIAN_POINT('',(54.216923,46.633846,771.6));
#30060=VERTEX_POINT('',#30050);
#30070=EDGE_CURVE('',#30040,#30060,#30020,.T.);
#30080=ORIENTED_EDGE('',*,*,#30070,.F.);
#30090=CARTESIAN_POINT('',(54.216923,46.633846,1.));
#30100=DIRECTION('',(0.,0.,1.));
#30110=VECTOR('',#30100,1.);
#30120=LINE('',#30090,#30110);
#30130=CARTESIAN_POINT('',(54.216923,46.633846,780.4));
#30140=VERTEX_POINT('',#30130);
#30150=EDGE_CURVE('',#30060,#30140,#30120,.T.);
#30160=ORIENTED_EDGE('',*,*,#30150,.F.);
#30170=CARTESIAN_POINT('',(51.116923,46.633846,780.4));
#30180=DIRECTION('',(0.,1.,0.));
#30190=DIRECTION('',(1.,0.,0.));
#30200=AXIS2_PLACEMENT_3D('',#30170,#30180,#30190);
#30210=CIRCLE('',#30200,3.1);
#30220=CARTESIAN_POINT('',(48.016923,46.633846,780.4));
#30230=VERTEX_POINT('',#30220);
#30240=EDGE_CURVE('',#30230,#30140,#30210,.T.);
#30250=ORIENTED_EDGE('',*,*,#30240,.T.);
#30260=CARTESIAN_POINT('',(48.016923,46.633846,1.));
#30270=DIRECTION('',(0.,0.,-1.));
#30280=VECTOR('',#30270,1.);
#30290=LINE('',#30260,#30280);
#30300=EDGE_CURVE('',#30230,#30040,#30290,.T.);
#30310=ORIENTED_EDGE('',*,*,#30300,.F.);
#30320=EDGE_LOOP('',(#30310,#30250,#30160,#30080));
#30330=FACE_BOUND('',#30320,.T.);
#30340=CARTESIAN_POINT('',(48.016923,46.633846,1.));
#30350=DIRECTION('',(0.,0.,-1.));
#30360=VECTOR('',#30350,1.);
#30370=LINE('',#30340,#30360);
#30380=CARTESIAN_POINT('',(48.016923,46.633846,1955.4));
#30390=VERTEX_POINT('',#30380);
#30400=CARTESIAN_POINT('',(48.016923,46.633846,1946.6));
#30410=VERTEX_POINT('',#30400);
#30420=EDGE_CURVE('',#30390,#30410,#30370,.T.);
#30430=ORIENTED_EDGE('',*,*,#30420,.F.);
#30440=CARTESIAN_POINT('',(51.116923,46.633846,1946.6));
#30450=DIRECTION('',(0.,-1.,0.));
#30460=DIRECTION('',(1.,0.,0.));
#30470=AXIS2_PLACEMENT_3D('',#30440,#30450,#30460);
#30480=CIRCLE('',#30470,3.1);
#30490=CARTESIAN_POINT('',(54.216923,46.633846,1946.6));
#30500=VERTEX_POINT('',#30490);
#30510=EDGE_CURVE('',#30410,#30500,#30480,.T.);
#30520=ORIENTED_EDGE('',*,*,#30510,.F.);
#30530=CARTESIAN_POINT('',(54.216923,46.633846,1.));
#30540=DIRECTION('',(0.,0.,1.));
#30550=VECTOR('',#30540,1.);
#30560=LINE('',#30530,#30550);
#30570=CARTESIAN_POINT('',(54.216923,46.633846,1955.4));
#30580=VERTEX_POINT('',#30570);
#30590=EDGE_CURVE('',#30500,#30580,#30560,.T.);
#30600=ORIENTED_EDGE('',*,*,#30590,.F.);
#30610=CARTESIAN_POINT('',(51.116923,46.633846,1955.4));
#30620=DIRECTION('',(0.,1.,0.));
#30630=DIRECTION('',(1.,0.,0.));
#30640=AXIS2_PLACEMENT_3D('',#30610,#30620,#30630);
#30650=CIRCLE('',#30640,3.1);
#30660=EDGE_CURVE('',#30390,#30580,#30650,.T.);
#30670=ORIENTED_EDGE('',*,*,#30660,.T.);
#30680=EDGE_LOOP('',(#30670,#30600,#30520,#30430));
#30690=FACE_BOUND('',#30680,.T.);
#30700=CARTESIAN_POINT('',(54.216923,46.633846,1.));
#30710=DIRECTION('',(0.,0.,1.));
#30720=VECTOR('',#30710,1.);
#30730=LINE('',#30700,#30720);
#30740=CARTESIAN_POINT('',(54.216923,46.633846,246.6));
#30750=VERTEX_POINT('',#30740);
#30760=CARTESIAN_POINT('',(54.216923,46.633846,255.4));
#30770=VERTEX_POINT('',#30760);
#30780=EDGE_CURVE('',#30750,#30770,#30730,.T.);
#30790=ORIENTED_EDGE('',*,*,#30780,.F.);
#30800=CARTESIAN_POINT('',(51.116923,46.633846,255.4));
#30810=DIRECTION('',(0.,1.,0.));
#30820=DIRECTION('',(1.,0.,0.));
#30830=AXIS2_PLACEMENT_3D('',#30800,#30810,#30820);
#30840=CIRCLE('',#30830,3.1);
#30850=CARTESIAN_POINT('',(48.016923,46.633846,255.4));
#30860=VERTEX_POINT('',#30850);
#30870=EDGE_CURVE('',#30860,#30770,#30840,.T.);
#30880=ORIENTED_EDGE('',*,*,#30870,.T.);
#30890=CARTESIAN_POINT('',(48.016923,46.633846,1.));
#30900=DIRECTION('',(0.,0.,-1.));
#30910=VECTOR('',#30900,1.);
#30920=LINE('',#30890,#30910);
#30930=CARTESIAN_POINT('',(48.016923,46.633846,246.6));
#30940=VERTEX_POINT('',#30930);
#30950=EDGE_CURVE('',#30860,#30940,#30920,.T.);
#30960=ORIENTED_EDGE('',*,*,#30950,.F.);
#30970=CARTESIAN_POINT('',(51.116923,46.633846,246.6));
#30980=DIRECTION('',(0.,-1.,0.));
#30990=DIRECTION('',(1.,0.,0.));
#31000=AXIS2_PLACEMENT_3D('',#30970,#30980,#30990);
#31010=CIRCLE('',#31000,3.1);
#31020=EDGE_CURVE('',#30940,#30750,#31010,.T.);
#31030=ORIENTED_EDGE('',*,*,#31020,.F.);
#31040=EDGE_LOOP('',(#31030,#30960,#30880,#30790));
#31050=FACE_BOUND('',#31040,.T.);
#31060=CARTESIAN_POINT('',(48.016923,46.633846,1.));
#31070=DIRECTION('',(0.,0.,-1.));
#31080=VECTOR('',#31070,1.);
#31090=LINE('',#31060,#31080);
#31100=CARTESIAN_POINT('',(48.016923,46.633846,680.4));
#31110=VERTEX_POINT('',#31100);
#31120=CARTESIAN_POINT('',(48.016923,46.633846,671.6));
#31130=VERTEX_POINT('',#31120);
#31140=EDGE_CURVE('',#31110,#31130,#31090,.T.);
#31150=ORIENTED_EDGE('',*,*,#31140,.F.);
#31160=CARTESIAN_POINT('',(51.116923,46.633846,671.6));
#31170=DIRECTION('',(0.,-1.,0.));
#31180=DIRECTION('',(1.,0.,0.));
#31190=AXIS2_PLACEMENT_3D('',#31160,#31170,#31180);
#31200=CIRCLE('',#31190,3.1);
#31210=CARTESIAN_POINT('',(54.216923,46.633846,671.6));
#31220=VERTEX_POINT('',#31210);
#31230=EDGE_CURVE('',#31130,#31220,#31200,.T.);
#31240=ORIENTED_EDGE('',*,*,#31230,.F.);
#31250=CARTESIAN_POINT('',(54.216923,46.633846,1.));
#31260=DIRECTION('',(0.,0.,1.));
#31270=VECTOR('',#31260,1.);
#31280=LINE('',#31250,#31270);
#31290=CARTESIAN_POINT('',(54.216923,46.633846,680.4));
#31300=VERTEX_POINT('',#31290);
#31310=EDGE_CURVE('',#31220,#31300,#31280,.T.);
#31320=ORIENTED_EDGE('',*,*,#31310,.F.);
#31330=CARTESIAN_POINT('',(51.116923,46.633846,680.4));
#31340=DIRECTION('',(0.,1.,0.));
#31350=DIRECTION('',(1.,0.,0.));
#31360=AXIS2_PLACEMENT_3D('',#31330,#31340,#31350);
#31370=CIRCLE('',#31360,3.1);
#31380=EDGE_CURVE('',#31110,#31300,#31370,.T.);
#31390=ORIENTED_EDGE('',*,*,#31380,.T.);
#31400=EDGE_LOOP('',(#31390,#31320,#31240,#31150));
#31410=FACE_BOUND('',#31400,.T.);
#31420=CARTESIAN_POINT('',(51.116923,46.633846,755.4));
#31430=DIRECTION('',(0.,1.,0.));
#31440=DIRECTION('',(1.,0.,0.));
#31450=AXIS2_PLACEMENT_3D('',#31420,#31430,#31440);
#31460=CIRCLE('',#31450,3.1);
#31470=CARTESIAN_POINT('',(48.016923,46.633846,755.4));
#31480=VERTEX_POINT('',#31470);
#31490=CARTESIAN_POINT('',(54.216923,46.633846,755.4));
#31500=VERTEX_POINT('',#31490);
#31510=EDGE_CURVE('',#31480,#31500,#31460,.T.);
#31520=ORIENTED_EDGE('',*,*,#31510,.T.);
#31530=CARTESIAN_POINT('',(48.016923,46.633846,1.));
#31540=DIRECTION('',(0.,0.,-1.));
#31550=VECTOR('',#31540,1.);
#31560=LINE('',#31530,#31550);
#31570=CARTESIAN_POINT('',(48.016923,46.633846,746.6));
#31580=VERTEX_POINT('',#31570);
#31590=EDGE_CURVE('',#31480,#31580,#31560,.T.);
#31600=ORIENTED_EDGE('',*,*,#31590,.F.);
#31610=CARTESIAN_POINT('',(51.116923,46.633846,746.6));
#31620=DIRECTION('',(0.,-1.,0.));
#31630=DIRECTION('',(1.,0.,0.));
#31640=AXIS2_PLACEMENT_3D('',#31610,#31620,#31630);
#31650=CIRCLE('',#31640,3.1);
#31660=CARTESIAN_POINT('',(54.216923,46.633846,746.6));
#31670=VERTEX_POINT('',#31660);
#31680=EDGE_CURVE('',#31580,#31670,#31650,.T.);
#31690=ORIENTED_EDGE('',*,*,#31680,.F.);
#31700=CARTESIAN_POINT('',(54.216923,46.633846,1.));
#31710=DIRECTION('',(0.,0.,1.));
#31720=VECTOR('',#31710,1.);
#31730=LINE('',#31700,#31720);
#31740=EDGE_CURVE('',#31670,#31500,#31730,.T.);
#31750=ORIENTED_EDGE('',*,*,#31740,.F.);
#31760=EDGE_LOOP('',(#31750,#31690,#31600,#31520));
#31770=FACE_BOUND('',#31760,.T.);
#31780=CARTESIAN_POINT('',(48.016923,46.633846,1.));
#31790=DIRECTION('',(0.,0.,-1.));
#31800=VECTOR('',#31790,1.);
#31810=LINE('',#31780,#31800);
#31820=CARTESIAN_POINT('',(48.016923,46.633846,1180.4));
#31830=VERTEX_POINT('',#31820);
#31840=CARTESIAN_POINT('',(48.016923,46.633846,1171.6));
#31850=VERTEX_POINT('',#31840);
#31860=EDGE_CURVE('',#31830,#31850,#31810,.T.);
#31870=ORIENTED_EDGE('',*,*,#31860,.F.);
#31880=CARTESIAN_POINT('',(51.116923,46.633846,1171.6));
#31890=DIRECTION('',(0.,-1.,0.));
#31900=DIRECTION('',(1.,0.,0.));
#31910=AXIS2_PLACEMENT_3D('',#31880,#31890,#31900);
#31920=CIRCLE('',#31910,3.1);
#31930=CARTESIAN_POINT('',(54.216923,46.633846,1171.6));
#31940=VERTEX_POINT('',#31930);
#31950=EDGE_CURVE('',#31850,#31940,#31920,.T.);
#31960=ORIENTED_EDGE('',*,*,#31950,.F.);
#31970=CARTESIAN_POINT('',(54.216923,46.633846,1.));
#31980=DIRECTION('',(0.,0.,1.));
#31990=VECTOR('',#31980,1.);
#32000=LINE('',#31970,#31990);
#32010=CARTESIAN_POINT('',(54.216923,46.633846,1180.4));
#32020=VERTEX_POINT('',#32010);
#32030=EDGE_CURVE('',#31940,#32020,#32000,.T.);
#32040=ORIENTED_EDGE('',*,*,#32030,.F.);
#32050=CARTESIAN_POINT('',(51.116923,46.633846,1180.4));
#32060=DIRECTION('',(0.,1.,0.));
#32070=DIRECTION('',(1.,0.,0.));
#32080=AXIS2_PLACEMENT_3D('',#32050,#32060,#32070);
#32090=CIRCLE('',#32080,3.1);
#32100=EDGE_CURVE('',#31830,#32020,#32090,.T.);
#32110=ORIENTED_EDGE('',*,*,#32100,.T.);
#32120=EDGE_LOOP('',(#32110,#32040,#31960,#31870));
#32130=FACE_BOUND('',#32120,.T.);
#32140=CARTESIAN_POINT('',(48.016923,46.633846,1.));
#32150=DIRECTION('',(0.,0.,-1.));
#32160=VECTOR('',#32150,1.);
#32170=LINE('',#32140,#32160);
#32180=CARTESIAN_POINT('',(48.016923,46.633846,530.4));
#32190=VERTEX_POINT('',#32180);
#32200=CARTESIAN_POINT('',(48.016923,46.633846,521.6));
#32210=VERTEX_POINT('',#32200);
#32220=EDGE_CURVE('',#32190,#32210,#32170,.T.);
#32230=ORIENTED_EDGE('',*,*,#32220,.F.);
#32240=CARTESIAN_POINT('',(51.116923,46.633846,521.6));
#32250=DIRECTION('',(0.,-1.,0.));
#32260=DIRECTION('',(1.,0.,0.));
#32270=AXIS2_PLACEMENT_3D('',#32240,#32250,#32260);
#32280=CIRCLE('',#32270,3.1);
#32290=CARTESIAN_POINT('',(54.216923,46.633846,521.6));
#32300=VERTEX_POINT('',#32290);
#32310=EDGE_CURVE('',#32210,#32300,#32280,.T.);
#32320=ORIENTED_EDGE('',*,*,#32310,.F.);
#32330=CARTESIAN_POINT('',(54.216923,46.633846,1.));
#32340=DIRECTION('',(0.,0.,1.));
#32350=VECTOR('',#32340,1.);
#32360=LINE('',#32330,#32350);
#32370=CARTESIAN_POINT('',(54.216923,46.633846,530.4));
#32380=VERTEX_POINT('',#32370);
#32390=EDGE_CURVE('',#32300,#32380,#32360,.T.);
#32400=ORIENTED_EDGE('',*,*,#32390,.F.);
#32410=CARTESIAN_POINT('',(51.116923,46.633846,530.4));
#32420=DIRECTION('',(0.,1.,0.));
#32430=DIRECTION('',(1.,0.,0.));
#32440=AXIS2_PLACEMENT_3D('',#32410,#32420,#32430);
#32450=CIRCLE('',#32440,3.1);
#32460=EDGE_CURVE('',#32190,#32380,#32450,.T.);
#32470=ORIENTED_EDGE('',*,*,#32460,.T.);
#32480=EDGE_LOOP('',(#32470,#32400,#32320,#32230));
#32490=FACE_BOUND('',#32480,.T.);
#32500=CARTESIAN_POINT('',(51.116923,46.633846,905.4));
#32510=DIRECTION('',(0.,1.,0.));
#32520=DIRECTION('',(1.,0.,0.));
#32530=AXIS2_PLACEMENT_3D('',#32500,#32510,#32520);
#32540=CIRCLE('',#32530,3.1);
#32550=CARTESIAN_POINT('',(48.016923,46.633846,905.4));
#32560=VERTEX_POINT('',#32550);
#32570=CARTESIAN_POINT('',(54.216923,46.633846,905.4));
#32580=VERTEX_POINT('',#32570);
#32590=EDGE_CURVE('',#32560,#32580,#32540,.T.);
#32600=ORIENTED_EDGE('',*,*,#32590,.T.);
#32610=CARTESIAN_POINT('',(48.016923,46.633846,1.));
#32620=DIRECTION('',(0.,0.,-1.));
#32630=VECTOR('',#32620,1.);
#32640=LINE('',#32610,#32630);
#32650=CARTESIAN_POINT('',(48.016923,46.633846,896.6));
#32660=VERTEX_POINT('',#32650);
#32670=EDGE_CURVE('',#32560,#32660,#32640,.T.);
#32680=ORIENTED_EDGE('',*,*,#32670,.F.);
#32690=CARTESIAN_POINT('',(51.116923,46.633846,896.6));
#32700=DIRECTION('',(0.,-1.,0.));
#32710=DIRECTION('',(1.,0.,0.));
#32720=AXIS2_PLACEMENT_3D('',#32690,#32700,#32710);
#32730=CIRCLE('',#32720,3.1);
#32740=CARTESIAN_POINT('',(54.216923,46.633846,896.6));
#32750=VERTEX_POINT('',#32740);
#32760=EDGE_CURVE('',#32660,#32750,#32730,.T.);
#32770=ORIENTED_EDGE('',*,*,#32760,.F.);
#32780=CARTESIAN_POINT('',(54.216923,46.633846,1.));
#32790=DIRECTION('',(0.,0.,1.));
#32800=VECTOR('',#32790,1.);
#32810=LINE('',#32780,#32800);
#32820=EDGE_CURVE('',#32750,#32580,#32810,.T.);
#32830=ORIENTED_EDGE('',*,*,#32820,.F.);
#32840=EDGE_LOOP('',(#32830,#32770,#32680,#32600));
#32850=FACE_BOUND('',#32840,.T.);
#32860=CARTESIAN_POINT('',(51.116923,46.633846,1121.6));
#32870=DIRECTION('',(0.,-1.,0.));
#32880=DIRECTION('',(1.,0.,0.));
#32890=AXIS2_PLACEMENT_3D('',#32860,#32870,#32880);
#32900=CIRCLE('',#32890,3.1);
#32910=CARTESIAN_POINT('',(48.016923,46.633846,1121.6));
#32920=VERTEX_POINT('',#32910);
#32930=CARTESIAN_POINT('',(54.216923,46.633846,1121.6));
#32940=VERTEX_POINT('',#32930);
#32950=EDGE_CURVE('',#32920,#32940,#32900,.T.);
#32960=ORIENTED_EDGE('',*,*,#32950,.F.);
#32970=CARTESIAN_POINT('',(54.216923,46.633846,1.));
#32980=DIRECTION('',(0.,0.,1.));
#32990=VECTOR('',#32980,1.);
#33000=LINE('',#32970,#32990);
#33010=CARTESIAN_POINT('',(54.216923,46.633846,1130.4));
#33020=VERTEX_POINT('',#33010);
#33030=EDGE_CURVE('',#32940,#33020,#33000,.T.);
#33040=ORIENTED_EDGE('',*,*,#33030,.F.);
#33050=CARTESIAN_POINT('',(51.116923,46.633846,1130.4));
#33060=DIRECTION('',(0.,1.,0.));
#33070=DIRECTION('',(1.,0.,0.));
#33080=AXIS2_PLACEMENT_3D('',#33050,#33060,#33070);
#33090=CIRCLE('',#33080,3.1);
#33100=CARTESIAN_POINT('',(48.016923,46.633846,1130.4));
#33110=VERTEX_POINT('',#33100);
#33120=EDGE_CURVE('',#33110,#33020,#33090,.T.);
#33130=ORIENTED_EDGE('',*,*,#33120,.T.);
#33140=CARTESIAN_POINT('',(48.016923,46.633846,1.));
#33150=DIRECTION('',(0.,0.,-1.));
#33160=VECTOR('',#33150,1.);
#33170=LINE('',#33140,#33160);
#33180=EDGE_CURVE('',#33110,#32920,#33170,.T.);
#33190=ORIENTED_EDGE('',*,*,#33180,.F.);
#33200=EDGE_LOOP('',(#33190,#33130,#33040,#32960));
#33210=FACE_BOUND('',#33200,.T.);
#33220=CARTESIAN_POINT('',(48.016923,46.633846,1.));
#33230=DIRECTION('',(0.,0.,-1.));
#33240=VECTOR('',#33230,1.);
#33250=LINE('',#33220,#33240);
#33260=CARTESIAN_POINT('',(48.016923,46.633846,1105.4));
#33270=VERTEX_POINT('',#33260);
#33280=CARTESIAN_POINT('',(48.016923,46.633846,1096.6));
#33290=VERTEX_POINT('',#33280);
#33300=EDGE_CURVE('',#33270,#33290,#33250,.T.);
#33310=ORIENTED_EDGE('',*,*,#33300,.F.);
#33320=CARTESIAN_POINT('',(51.116923,46.633846,1096.6));
#33330=DIRECTION('',(0.,-1.,0.));
#33340=DIRECTION('',(1.,0.,0.));
#33350=AXIS2_PLACEMENT_3D('',#33320,#33330,#33340);
#33360=CIRCLE('',#33350,3.1);
#33370=CARTESIAN_POINT('',(54.216923,46.633846,1096.6));
#33380=VERTEX_POINT('',#33370);
#33390=EDGE_CURVE('',#33290,#33380,#33360,.T.);
#33400=ORIENTED_EDGE('',*,*,#33390,.F.);
#33410=CARTESIAN_POINT('',(54.216923,46.633846,1.));
#33420=DIRECTION('',(0.,0.,1.));
#33430=VECTOR('',#33420,1.);
#33440=LINE('',#33410,#33430);
#33450=CARTESIAN_POINT('',(54.216923,46.633846,1105.4));
#33460=VERTEX_POINT('',#33450);
#33470=EDGE_CURVE('',#33380,#33460,#33440,.T.);
#33480=ORIENTED_EDGE('',*,*,#33470,.F.);
#33490=CARTESIAN_POINT('',(51.116923,46.633846,1105.4));
#33500=DIRECTION('',(0.,1.,0.));
#33510=DIRECTION('',(1.,0.,0.));
#33520=AXIS2_PLACEMENT_3D('',#33490,#33500,#33510);
#33530=CIRCLE('',#33520,3.1);
#33540=EDGE_CURVE('',#33270,#33460,#33530,.T.);
#33550=ORIENTED_EDGE('',*,*,#33540,.T.);
#33560=EDGE_LOOP('',(#33550,#33480,#33400,#33310));
#33570=FACE_BOUND('',#33560,.T.);
#33580=CARTESIAN_POINT('',(48.016923,46.633846,1.));
#33590=DIRECTION('',(0.,0.,-1.));
#33600=VECTOR('',#33590,1.);
#33610=LINE('',#33580,#33600);
#33620=CARTESIAN_POINT('',(48.016923,46.633846,1830.4));
#33630=VERTEX_POINT('',#33620);
#33640=CARTESIAN_POINT('',(48.016923,46.633846,1821.6));
#33650=VERTEX_POINT('',#33640);
#33660=EDGE_CURVE('',#33630,#33650,#33610,.T.);
#33670=ORIENTED_EDGE('',*,*,#33660,.F.);
#33680=CARTESIAN_POINT('',(51.116923,46.633846,1821.6));
#33690=DIRECTION('',(0.,-1.,0.));
#33700=DIRECTION('',(1.,0.,0.));
#33710=AXIS2_PLACEMENT_3D('',#33680,#33690,#33700);
#33720=CIRCLE('',#33710,3.1);
#33730=CARTESIAN_POINT('',(54.216923,46.633846,1821.6));
#33740=VERTEX_POINT('',#33730);
#33750=EDGE_CURVE('',#33650,#33740,#33720,.T.);
#33760=ORIENTED_EDGE('',*,*,#33750,.F.);
#33770=CARTESIAN_POINT('',(54.216923,46.633846,1.));
#33780=DIRECTION('',(0.,0.,1.));
#33790=VECTOR('',#33780,1.);
#33800=LINE('',#33770,#33790);
#33810=CARTESIAN_POINT('',(54.216923,46.633846,1830.4));
#33820=VERTEX_POINT('',#33810);
#33830=EDGE_CURVE('',#33740,#33820,#33800,.T.);
#33840=ORIENTED_EDGE('',*,*,#33830,.F.);
#33850=CARTESIAN_POINT('',(51.116923,46.633846,1830.4));
#33860=DIRECTION('',(0.,1.,0.));
#33870=DIRECTION('',(1.,0.,0.));
#33880=AXIS2_PLACEMENT_3D('',#33850,#33860,#33870);
#33890=CIRCLE('',#33880,3.1);
#33900=EDGE_CURVE('',#33630,#33820,#33890,.T.);
#33910=ORIENTED_EDGE('',*,*,#33900,.T.);
#33920=EDGE_LOOP('',(#33910,#33840,#33760,#33670));
#33930=FACE_BOUND('',#33920,.T.);
#33940=CARTESIAN_POINT('',(51.116923,46.633846,505.4));
#33950=DIRECTION('',(0.,1.,0.));
#33960=DIRECTION('',(1.,0.,0.));
#33970=AXIS2_PLACEMENT_3D('',#33940,#33950,#33960);
#33980=CIRCLE('',#33970,3.1);
#33990=CARTESIAN_POINT('',(48.016923,46.633846,505.4));
#34000=VERTEX_POINT('',#33990);
#34010=CARTESIAN_POINT('',(54.216923,46.633846,505.4));
#34020=VERTEX_POINT('',#34010);
#34030=EDGE_CURVE('',#34000,#34020,#33980,.T.);
#34040=ORIENTED_EDGE('',*,*,#34030,.T.);
#34050=CARTESIAN_POINT('',(48.016923,46.633846,1.));
#34060=DIRECTION('',(0.,0.,-1.));
#34070=VECTOR('',#34060,1.);
#34080=LINE('',#34050,#34070);
#34090=CARTESIAN_POINT('',(48.016923,46.633846,496.6));
#34100=VERTEX_POINT('',#34090);
#34110=EDGE_CURVE('',#34000,#34100,#34080,.T.);
#34120=ORIENTED_EDGE('',*,*,#34110,.F.);
#34130=CARTESIAN_POINT('',(51.116923,46.633846,496.6));
#34140=DIRECTION('',(0.,-1.,0.));
#34150=DIRECTION('',(1.,0.,0.));
#34160=AXIS2_PLACEMENT_3D('',#34130,#34140,#34150);
#34170=CIRCLE('',#34160,3.1);
#34180=CARTESIAN_POINT('',(54.216923,46.633846,496.6));
#34190=VERTEX_POINT('',#34180);
#34200=EDGE_CURVE('',#34100,#34190,#34170,.T.);
#34210=ORIENTED_EDGE('',*,*,#34200,.F.);
#34220=CARTESIAN_POINT('',(54.216923,46.633846,1.));
#34230=DIRECTION('',(0.,0.,1.));
#34240=VECTOR('',#34230,1.);
#34250=LINE('',#34220,#34240);
#34260=EDGE_CURVE('',#34190,#34020,#34250,.T.);
#34270=ORIENTED_EDGE('',*,*,#34260,.F.);
#34280=EDGE_LOOP('',(#34270,#34210,#34120,#34040));
#34290=FACE_BOUND('',#34280,.T.);
#34300=CARTESIAN_POINT('',(54.216923,46.633846,1.));
#34310=DIRECTION('',(0.,0.,1.));
#34320=VECTOR('',#34310,1.);
#34330=LINE('',#34300,#34320);
#34340=CARTESIAN_POINT('',(54.216923,46.633846,196.6));
#34350=VERTEX_POINT('',#34340);
#34360=CARTESIAN_POINT('',(54.216923,46.633846,205.4));
#34370=VERTEX_POINT('',#34360);
#34380=EDGE_CURVE('',#34350,#34370,#34330,.T.);
#34390=ORIENTED_EDGE('',*,*,#34380,.F.);
#34400=CARTESIAN_POINT('',(51.116923,46.633846,205.4));
#34410=DIRECTION('',(0.,1.,0.));
#34420=DIRECTION('',(1.,0.,0.));
#34430=AXIS2_PLACEMENT_3D('',#34400,#34410,#34420);
#34440=CIRCLE('',#34430,3.1);
#34450=CARTESIAN_POINT('',(48.016923,46.633846,205.4));
#34460=VERTEX_POINT('',#34450);
#34470=EDGE_CURVE('',#34460,#34370,#34440,.T.);
#34480=ORIENTED_EDGE('',*,*,#34470,.T.);
#34490=CARTESIAN_POINT('',(48.016923,46.633846,1.));
#34500=DIRECTION('',(0.,0.,-1.));
#34510=VECTOR('',#34500,1.);
#34520=LINE('',#34490,#34510);
#34530=CARTESIAN_POINT('',(48.016923,46.633846,196.6));
#34540=VERTEX_POINT('',#34530);
#34550=EDGE_CURVE('',#34460,#34540,#34520,.T.);
#34560=ORIENTED_EDGE('',*,*,#34550,.F.);
#34570=CARTESIAN_POINT('',(51.116923,46.633846,196.6));
#34580=DIRECTION('',(0.,-1.,0.));
#34590=DIRECTION('',(1.,0.,0.));
#34600=AXIS2_PLACEMENT_3D('',#34570,#34580,#34590);
#34610=CIRCLE('',#34600,3.1);
#34620=EDGE_CURVE('',#34540,#34350,#34610,.T.);
#34630=ORIENTED_EDGE('',*,*,#34620,.F.);
#34640=EDGE_LOOP('',(#34630,#34560,#34480,#34390));
#34650=FACE_BOUND('',#34640,.T.);
#34660=CARTESIAN_POINT('',(48.016923,46.633846,1.));
#34670=DIRECTION('',(0.,0.,-1.));
#34680=VECTOR('',#34670,1.);
#34690=LINE('',#34660,#34680);
#34700=CARTESIAN_POINT('',(48.016923,46.633846,630.4));
#34710=VERTEX_POINT('',#34700);
#34720=CARTESIAN_POINT('',(48.016923,46.633846,621.6));
#34730=VERTEX_POINT('',#34720);
#34740=EDGE_CURVE('',#34710,#34730,#34690,.T.);
#34750=ORIENTED_EDGE('',*,*,#34740,.F.);
#34760=CARTESIAN_POINT('',(51.116923,46.633846,621.6));
#34770=DIRECTION('',(0.,-1.,0.));
#34780=DIRECTION('',(1.,0.,0.));
#34790=AXIS2_PLACEMENT_3D('',#34760,#34770,#34780);
#34800=CIRCLE('',#34790,3.1);
#34810=CARTESIAN_POINT('',(54.216923,46.633846,621.6));
#34820=VERTEX_POINT('',#34810);
#34830=EDGE_CURVE('',#34730,#34820,#34800,.T.);
#34840=ORIENTED_EDGE('',*,*,#34830,.F.);
#34850=CARTESIAN_POINT('',(54.216923,46.633846,1.));
#34860=DIRECTION('',(0.,0.,1.));
#34870=VECTOR('',#34860,1.);
#34880=LINE('',#34850,#34870);
#34890=CARTESIAN_POINT('',(54.216923,46.633846,630.4));
#34900=VERTEX_POINT('',#34890);
#34910=EDGE_CURVE('',#34820,#34900,#34880,.T.);
#34920=ORIENTED_EDGE('',*,*,#34910,.F.);
#34930=CARTESIAN_POINT('',(51.116923,46.633846,630.4));
#34940=DIRECTION('',(0.,1.,0.));
#34950=DIRECTION('',(1.,0.,0.));
#34960=AXIS2_PLACEMENT_3D('',#34930,#34940,#34950);
#34970=CIRCLE('',#34960,3.1);
#34980=EDGE_CURVE('',#34710,#34900,#34970,.T.);
#34990=ORIENTED_EDGE('',*,*,#34980,.T.);
#35000=EDGE_LOOP('',(#34990,#34920,#34840,#34750));
#35010=FACE_BOUND('',#35000,.T.);
#35020=CARTESIAN_POINT('',(51.116923,46.633846,455.4));
#35030=DIRECTION('',(0.,1.,0.));
#35040=DIRECTION('',(1.,0.,0.));
#35050=AXIS2_PLACEMENT_3D('',#35020,#35030,#35040);
#35060=CIRCLE('',#35050,3.1);
#35070=CARTESIAN_POINT('',(48.016923,46.633846,455.4));
#35080=VERTEX_POINT('',#35070);
#35090=CARTESIAN_POINT('',(54.216923,46.633846,455.4));
#35100=VERTEX_POINT('',#35090);
#35110=EDGE_CURVE('',#35080,#35100,#35060,.T.);
#35120=ORIENTED_EDGE('',*,*,#35110,.T.);
#35130=CARTESIAN_POINT('',(48.016923,46.633846,1.));
#35140=DIRECTION('',(0.,0.,-1.));
#35150=VECTOR('',#35140,1.);
#35160=LINE('',#35130,#35150);
#35170=CARTESIAN_POINT('',(48.016923,46.633846,446.6));
#35180=VERTEX_POINT('',#35170);
#35190=EDGE_CURVE('',#35080,#35180,#35160,.T.);
#35200=ORIENTED_EDGE('',*,*,#35190,.F.);
#35210=CARTESIAN_POINT('',(51.116923,46.633846,446.6));
#35220=DIRECTION('',(0.,-1.,0.));
#35230=DIRECTION('',(1.,0.,0.));
#35240=AXIS2_PLACEMENT_3D('',#35210,#35220,#35230);
#35250=CIRCLE('',#35240,3.1);
#35260=CARTESIAN_POINT('',(54.216923,46.633846,446.6));
#35270=VERTEX_POINT('',#35260);
#35280=EDGE_CURVE('',#35180,#35270,#35250,.T.);
#35290=ORIENTED_EDGE('',*,*,#35280,.F.);
#35300=CARTESIAN_POINT('',(54.216923,46.633846,1.));
#35310=DIRECTION('',(0.,0.,1.));
#35320=VECTOR('',#35310,1.);
#35330=LINE('',#35300,#35320);
#35340=EDGE_CURVE('',#35270,#35100,#35330,.T.);
#35350=ORIENTED_EDGE('',*,*,#35340,.F.);
#35360=EDGE_LOOP('',(#35350,#35290,#35200,#35120));
#35370=FACE_BOUND('',#35360,.T.);
#35380=CARTESIAN_POINT('',(48.016923,46.633846,1.));
#35390=DIRECTION('',(0.,0.,-1.));
#35400=VECTOR('',#35390,1.);
#35410=LINE('',#35380,#35400);
#35420=CARTESIAN_POINT('',(48.016923,46.633846,1455.4));
#35430=VERTEX_POINT('',#35420);
#35440=CARTESIAN_POINT('',(48.016923,46.633846,1446.6));
#35450=VERTEX_POINT('',#35440);
#35460=EDGE_CURVE('',#35430,#35450,#35410,.T.);
#35470=ORIENTED_EDGE('',*,*,#35460,.F.);
#35480=CARTESIAN_POINT('',(51.116923,46.633846,1446.6));
#35490=DIRECTION('',(0.,-1.,0.));
#35500=DIRECTION('',(1.,0.,0.));
#35510=AXIS2_PLACEMENT_3D('',#35480,#35490,#35500);
#35520=CIRCLE('',#35510,3.1);
#35530=CARTESIAN_POINT('',(54.216923,46.633846,1446.6));
#35540=VERTEX_POINT('',#35530);
#35550=EDGE_CURVE('',#35450,#35540,#35520,.T.);
#35560=ORIENTED_EDGE('',*,*,#35550,.F.);
#35570=CARTESIAN_POINT('',(54.216923,46.633846,1.));
#35580=DIRECTION('',(0.,0.,1.));
#35590=VECTOR('',#35580,1.);
#35600=LINE('',#35570,#35590);
#35610=CARTESIAN_POINT('',(54.216923,46.633846,1455.4));
#35620=VERTEX_POINT('',#35610);
#35630=EDGE_CURVE('',#35540,#35620,#35600,.T.);
#35640=ORIENTED_EDGE('',*,*,#35630,.F.);
#35650=CARTESIAN_POINT('',(51.116923,46.633846,1455.4));
#35660=DIRECTION('',(0.,1.,0.));
#35670=DIRECTION('',(1.,0.,0.));
#35680=AXIS2_PLACEMENT_3D('',#35650,#35660,#35670);
#35690=CIRCLE('',#35680,3.1);
#35700=EDGE_CURVE('',#35430,#35620,#35690,.T.);
#35710=ORIENTED_EDGE('',*,*,#35700,.T.);
#35720=EDGE_LOOP('',(#35710,#35640,#35560,#35470));
#35730=FACE_BOUND('',#35720,.T.);
#35740=CARTESIAN_POINT('',(48.016923,46.633846,1.));
#35750=DIRECTION('',(0.,0.,-1.));
#35760=VECTOR('',#35750,1.);
#35770=LINE('',#35740,#35760);
#35780=CARTESIAN_POINT('',(48.016923,46.633846,1680.4));
#35790=VERTEX_POINT('',#35780);
#35800=CARTESIAN_POINT('',(48.016923,46.633846,1671.6));
#35810=VERTEX_POINT('',#35800);
#35820=EDGE_CURVE('',#35790,#35810,#35770,.T.);
#35830=ORIENTED_EDGE('',*,*,#35820,.F.);
#35840=CARTESIAN_POINT('',(51.116923,46.633846,1671.6));
#35850=DIRECTION('',(0.,-1.,0.));
#35860=DIRECTION('',(1.,0.,0.));
#35870=AXIS2_PLACEMENT_3D('',#35840,#35850,#35860);
#35880=CIRCLE('',#35870,3.1);
#35890=CARTESIAN_POINT('',(54.216923,46.633846,1671.6));
#35900=VERTEX_POINT('',#35890);
#35910=EDGE_CURVE('',#35810,#35900,#35880,.T.);
#35920=ORIENTED_EDGE('',*,*,#35910,.F.);
#35930=CARTESIAN_POINT('',(54.216923,46.633846,1.));
#35940=DIRECTION('',(0.,0.,1.));
#35950=VECTOR('',#35940,1.);
#35960=LINE('',#35930,#35950);
#35970=CARTESIAN_POINT('',(54.216923,46.633846,1680.4));
#35980=VERTEX_POINT('',#35970);
#35990=EDGE_CURVE('',#35900,#35980,#35960,.T.);
#36000=ORIENTED_EDGE('',*,*,#35990,.F.);
#36010=CARTESIAN_POINT('',(51.116923,46.633846,1680.4));
#36020=DIRECTION('',(0.,1.,0.));
#36030=DIRECTION('',(1.,0.,0.));
#36040=AXIS2_PLACEMENT_3D('',#36010,#36020,#36030);
#36050=CIRCLE('',#36040,3.1);
#36060=EDGE_CURVE('',#35790,#35980,#36050,.T.);
#36070=ORIENTED_EDGE('',*,*,#36060,.T.);
#36080=EDGE_LOOP('',(#36070,#36000,#35920,#35830));
#36090=FACE_BOUND('',#36080,.T.);
#36100=CARTESIAN_POINT('',(48.016923,46.633846,1.));
#36110=DIRECTION('',(0.,0.,-1.));
#36120=VECTOR('',#36110,1.);
#36130=LINE('',#36100,#36120);
#36140=CARTESIAN_POINT('',(48.016923,46.633846,1880.4));
#36150=VERTEX_POINT('',#36140);
#36160=CARTESIAN_POINT('',(48.016923,46.633846,1871.6));
#36170=VERTEX_POINT('',#36160);
#36180=EDGE_CURVE('',#36150,#36170,#36130,.T.);
#36190=ORIENTED_EDGE('',*,*,#36180,.F.);
#36200=CARTESIAN_POINT('',(51.116923,46.633846,1871.6));
#36210=DIRECTION('',(0.,-1.,0.));
#36220=DIRECTION('',(1.,0.,0.));
#36230=AXIS2_PLACEMENT_3D('',#36200,#36210,#36220);
#36240=CIRCLE('',#36230,3.1);
#36250=CARTESIAN_POINT('',(54.216923,46.633846,1871.6));
#36260=VERTEX_POINT('',#36250);
#36270=EDGE_CURVE('',#36170,#36260,#36240,.T.);
#36280=ORIENTED_EDGE('',*,*,#36270,.F.);
#36290=CARTESIAN_POINT('',(54.216923,46.633846,1.));
#36300=DIRECTION('',(0.,0.,1.));
#36310=VECTOR('',#36300,1.);
#36320=LINE('',#36290,#36310);
#36330=CARTESIAN_POINT('',(54.216923,46.633846,1880.4));
#36340=VERTEX_POINT('',#36330);
#36350=EDGE_CURVE('',#36260,#36340,#36320,.T.);
#36360=ORIENTED_EDGE('',*,*,#36350,.F.);
#36370=CARTESIAN_POINT('',(51.116923,46.633846,1880.4));
#36380=DIRECTION('',(0.,1.,0.));
#36390=DIRECTION('',(1.,0.,0.));
#36400=AXIS2_PLACEMENT_3D('',#36370,#36380,#36390);
#36410=CIRCLE('',#36400,3.1);
#36420=EDGE_CURVE('',#36150,#36340,#36410,.T.);
#36430=ORIENTED_EDGE('',*,*,#36420,.T.);
#36440=EDGE_LOOP('',(#36430,#36360,#36280,#36190));
#36450=FACE_BOUND('',#36440,.T.);
#36460=CARTESIAN_POINT('',(51.116923,46.633846,1780.4));
#36470=DIRECTION('',(0.,1.,0.));
#36480=DIRECTION('',(1.,0.,0.));
#36490=AXIS2_PLACEMENT_3D('',#36460,#36470,#36480);
#36500=CIRCLE('',#36490,3.1);
#36510=CARTESIAN_POINT('',(48.016923,46.633846,1780.4));
#36520=VERTEX_POINT('',#36510);
#36530=CARTESIAN_POINT('',(54.216923,46.633846,1780.4));
#36540=VERTEX_POINT('',#36530);
#36550=EDGE_CURVE('',#36520,#36540,#36500,.T.);
#36560=ORIENTED_EDGE('',*,*,#36550,.T.);
#36570=CARTESIAN_POINT('',(48.016923,46.633846,1.));
#36580=DIRECTION('',(0.,0.,-1.));
#36590=VECTOR('',#36580,1.);
#36600=LINE('',#36570,#36590);
#36610=CARTESIAN_POINT('',(48.016923,46.633846,1771.6));
#36620=VERTEX_POINT('',#36610);
#36630=EDGE_CURVE('',#36520,#36620,#36600,.T.);
#36640=ORIENTED_EDGE('',*,*,#36630,.F.);
#36650=CARTESIAN_POINT('',(51.116923,46.633846,1771.6));
#36660=DIRECTION('',(0.,-1.,0.));
#36670=DIRECTION('',(1.,0.,0.));
#36680=AXIS2_PLACEMENT_3D('',#36650,#36660,#36670);
#36690=CIRCLE('',#36680,3.1);
#36700=CARTESIAN_POINT('',(54.216923,46.633846,1771.6));
#36710=VERTEX_POINT('',#36700);
#36720=EDGE_CURVE('',#36620,#36710,#36690,.T.);
#36730=ORIENTED_EDGE('',*,*,#36720,.F.);
#36740=CARTESIAN_POINT('',(54.216923,46.633846,1.));
#36750=DIRECTION('',(0.,0.,1.));
#36760=VECTOR('',#36750,1.);
#36770=LINE('',#36740,#36760);
#36780=EDGE_CURVE('',#36710,#36540,#36770,.T.);
#36790=ORIENTED_EDGE('',*,*,#36780,.F.);
#36800=EDGE_LOOP('',(#36790,#36730,#36640,#36560));
#36810=FACE_BOUND('',#36800,.T.);
#36820=CARTESIAN_POINT('',(48.016923,46.633846,1.));
#36830=DIRECTION('',(0.,0.,-1.));
#36840=VECTOR('',#36830,1.);
#36850=LINE('',#36820,#36840);
#36860=CARTESIAN_POINT('',(48.016923,46.633846,1055.4));
#36870=VERTEX_POINT('',#36860);
#36880=CARTESIAN_POINT('',(48.016923,46.633846,1046.6));
#36890=VERTEX_POINT('',#36880);
#36900=EDGE_CURVE('',#36870,#36890,#36850,.T.);
#36910=ORIENTED_EDGE('',*,*,#36900,.F.);
#36920=CARTESIAN_POINT('',(51.116923,46.633846,1046.6));
#36930=DIRECTION('',(0.,-1.,0.));
#36940=DIRECTION('',(1.,0.,0.));
#36950=AXIS2_PLACEMENT_3D('',#36920,#36930,#36940);
#36960=CIRCLE('',#36950,3.1);
#36970=CARTESIAN_POINT('',(54.216923,46.633846,1046.6));
#36980=VERTEX_POINT('',#36970);
#36990=EDGE_CURVE('',#36890,#36980,#36960,.T.);
#37000=ORIENTED_EDGE('',*,*,#36990,.F.);
#37010=CARTESIAN_POINT('',(54.216923,46.633846,1.));
#37020=DIRECTION('',(0.,0.,1.));
#37030=VECTOR('',#37020,1.);
#37040=LINE('',#37010,#37030);
#37050=CARTESIAN_POINT('',(54.216923,46.633846,1055.4));
#37060=VERTEX_POINT('',#37050);
#37070=EDGE_CURVE('',#36980,#37060,#37040,.T.);
#37080=ORIENTED_EDGE('',*,*,#37070,.F.);
#37090=CARTESIAN_POINT('',(51.116923,46.633846,1055.4));
#37100=DIRECTION('',(0.,1.,0.));
#37110=DIRECTION('',(1.,0.,0.));
#37120=AXIS2_PLACEMENT_3D('',#37090,#37100,#37110);
#37130=CIRCLE('',#37120,3.1);
#37140=EDGE_CURVE('',#36870,#37060,#37130,.T.);
#37150=ORIENTED_EDGE('',*,*,#37140,.T.);
#37160=EDGE_LOOP('',(#37150,#37080,#37000,#36910));
#37170=FACE_BOUND('',#37160,.T.);
#37180=CARTESIAN_POINT('',(51.116923,46.633846,1746.6));
#37190=DIRECTION('',(0.,-1.,0.));
#37200=DIRECTION('',(1.,0.,0.));
#37210=AXIS2_PLACEMENT_3D('',#37180,#37190,#37200);
#37220=CIRCLE('',#37210,3.1);
#37230=CARTESIAN_POINT('',(48.016923,46.633846,1746.6));
#37240=VERTEX_POINT('',#37230);
#37250=CARTESIAN_POINT('',(54.216923,46.633846,1746.6));
#37260=VERTEX_POINT('',#37250);
#37270=EDGE_CURVE('',#37240,#37260,#37220,.T.);
#37280=ORIENTED_EDGE('',*,*,#37270,.F.);
#37290=CARTESIAN_POINT('',(54.216923,46.633846,1.));
#37300=DIRECTION('',(0.,0.,1.));
#37310=VECTOR('',#37300,1.);
#37320=LINE('',#37290,#37310);
#37330=CARTESIAN_POINT('',(54.216923,46.633846,1755.4));
#37340=VERTEX_POINT('',#37330);
#37350=EDGE_CURVE('',#37260,#37340,#37320,.T.);
#37360=ORIENTED_EDGE('',*,*,#37350,.F.);
#37370=CARTESIAN_POINT('',(51.116923,46.633846,1755.4));
#37380=DIRECTION('',(0.,1.,0.));
#37390=DIRECTION('',(1.,0.,0.));
#37400=AXIS2_PLACEMENT_3D('',#37370,#37380,#37390);
#37410=CIRCLE('',#37400,3.1);
#37420=CARTESIAN_POINT('',(48.016923,46.633846,1755.4));
#37430=VERTEX_POINT('',#37420);
#37440=EDGE_CURVE('',#37430,#37340,#37410,.T.);
#37450=ORIENTED_EDGE('',*,*,#37440,.T.);
#37460=CARTESIAN_POINT('',(48.016923,46.633846,1.));
#37470=DIRECTION('',(0.,0.,-1.));
#37480=VECTOR('',#37470,1.);
#37490=LINE('',#37460,#37480);
#37500=EDGE_CURVE('',#37430,#37240,#37490,.T.);
#37510=ORIENTED_EDGE('',*,*,#37500,.F.);
#37520=EDGE_LOOP('',(#37510,#37450,#37360,#37280));
#37530=FACE_BOUND('',#37520,.T.);
#37540=CARTESIAN_POINT('',(51.116923,46.633846,955.4));
#37550=DIRECTION('',(0.,1.,0.));
#37560=DIRECTION('',(1.,0.,0.));
#37570=AXIS2_PLACEMENT_3D('',#37540,#37550,#37560);
#37580=CIRCLE('',#37570,3.1);
#37590=CARTESIAN_POINT('',(48.016923,46.633846,955.4));
#37600=VERTEX_POINT('',#37590);
#37610=CARTESIAN_POINT('',(54.216923,46.633846,955.4));
#37620=VERTEX_POINT('',#37610);
#37630=EDGE_CURVE('',#37600,#37620,#37580,.T.);
#37640=ORIENTED_EDGE('',*,*,#37630,.T.);
#37650=CARTESIAN_POINT('',(48.016923,46.633846,1.));
#37660=DIRECTION('',(0.,0.,-1.));
#37670=VECTOR('',#37660,1.);
#37680=LINE('',#37650,#37670);
#37690=CARTESIAN_POINT('',(48.016923,46.633846,946.6));
#37700=VERTEX_POINT('',#37690);
#37710=EDGE_CURVE('',#37600,#37700,#37680,.T.);
#37720=ORIENTED_EDGE('',*,*,#37710,.F.);
#37730=CARTESIAN_POINT('',(51.116923,46.633846,946.6));
#37740=DIRECTION('',(0.,-1.,0.));
#37750=DIRECTION('',(1.,0.,0.));
#37760=AXIS2_PLACEMENT_3D('',#37730,#37740,#37750);
#37770=CIRCLE('',#37760,3.1);
#37780=CARTESIAN_POINT('',(54.216923,46.633846,946.6));
#37790=VERTEX_POINT('',#37780);
#37800=EDGE_CURVE('',#37700,#37790,#37770,.T.);
#37810=ORIENTED_EDGE('',*,*,#37800,.F.);
#37820=CARTESIAN_POINT('',(54.216923,46.633846,1.));
#37830=DIRECTION('',(0.,0.,1.));
#37840=VECTOR('',#37830,1.);
#37850=LINE('',#37820,#37840);
#37860=EDGE_CURVE('',#37790,#37620,#37850,.T.);
#37870=ORIENTED_EDGE('',*,*,#37860,.F.);
#37880=EDGE_LOOP('',(#37870,#37810,#37720,#37640));
#37890=FACE_BOUND('',#37880,.T.);
#37900=CARTESIAN_POINT('',(54.216923,46.633846,1.));
#37910=DIRECTION('',(0.,0.,1.));
#37920=VECTOR('',#37910,1.);
#37930=LINE('',#37900,#37920);
#37940=CARTESIAN_POINT('',(54.216923,46.633846,296.6));
#37950=VERTEX_POINT('',#37940);
#37960=CARTESIAN_POINT('',(54.216923,46.633846,305.4));
#37970=VERTEX_POINT('',#37960);
#37980=EDGE_CURVE('',#37950,#37970,#37930,.T.);
#37990=ORIENTED_EDGE('',*,*,#37980,.F.);
#38000=CARTESIAN_POINT('',(51.116923,46.633846,305.4));
#38010=DIRECTION('',(0.,1.,0.));
#38020=DIRECTION('',(1.,0.,0.));
#38030=AXIS2_PLACEMENT_3D('',#38000,#38010,#38020);
#38040=CIRCLE('',#38030,3.1);
#38050=CARTESIAN_POINT('',(48.016923,46.633846,305.4));
#38060=VERTEX_POINT('',#38050);
#38070=EDGE_CURVE('',#38060,#37970,#38040,.T.);
#38080=ORIENTED_EDGE('',*,*,#38070,.T.);
#38090=CARTESIAN_POINT('',(48.016923,46.633846,1.));
#38100=DIRECTION('',(0.,0.,-1.));
#38110=VECTOR('',#38100,1.);
#38120=LINE('',#38090,#38110);
#38130=CARTESIAN_POINT('',(48.016923,46.633846,296.6));
#38140=VERTEX_POINT('',#38130);
#38150=EDGE_CURVE('',#38060,#38140,#38120,.T.);
#38160=ORIENTED_EDGE('',*,*,#38150,.F.);
#38170=CARTESIAN_POINT('',(51.116923,46.633846,296.6));
#38180=DIRECTION('',(0.,-1.,0.));
#38190=DIRECTION('',(1.,0.,0.));
#38200=AXIS2_PLACEMENT_3D('',#38170,#38180,#38190);
#38210=CIRCLE('',#38200,3.1);
#38220=EDGE_CURVE('',#38140,#37950,#38210,.T.);
#38230=ORIENTED_EDGE('',*,*,#38220,.F.);
#38240=EDGE_LOOP('',(#38230,#38160,#38080,#37990));
#38250=FACE_BOUND('',#38240,.T.);
#38260=CARTESIAN_POINT('',(51.116923,46.633846,1546.6));
#38270=DIRECTION('',(0.,-1.,0.));
#38280=DIRECTION('',(1.,0.,0.));
#38290=AXIS2_PLACEMENT_3D('',#38260,#38270,#38280);
#38300=CIRCLE('',#38290,3.1);
#38310=CARTESIAN_POINT('',(48.016923,46.633846,1546.6));
#38320=VERTEX_POINT('',#38310);
#38330=CARTESIAN_POINT('',(54.216923,46.633846,1546.6));
#38340=VERTEX_POINT('',#38330);
#38350=EDGE_CURVE('',#38320,#38340,#38300,.T.);
#38360=ORIENTED_EDGE('',*,*,#38350,.F.);
#38370=CARTESIAN_POINT('',(54.216923,46.633846,1.));
#38380=DIRECTION('',(0.,0.,1.));
#38390=VECTOR('',#38380,1.);
#38400=LINE('',#38370,#38390);
#38410=CARTESIAN_POINT('',(54.216923,46.633846,1555.4));
#38420=VERTEX_POINT('',#38410);
#38430=EDGE_CURVE('',#38340,#38420,#38400,.T.);
#38440=ORIENTED_EDGE('',*,*,#38430,.F.);
#38450=CARTESIAN_POINT('',(51.116923,46.633846,1555.4));
#38460=DIRECTION('',(0.,1.,0.));
#38470=DIRECTION('',(1.,0.,0.));
#38480=AXIS2_PLACEMENT_3D('',#38450,#38460,#38470);
#38490=CIRCLE('',#38480,3.1);
#38500=CARTESIAN_POINT('',(48.016923,46.633846,1555.4));
#38510=VERTEX_POINT('',#38500);
#38520=EDGE_CURVE('',#38510,#38420,#38490,.T.);
#38530=ORIENTED_EDGE('',*,*,#38520,.T.);
#38540=CARTESIAN_POINT('',(48.016923,46.633846,1.));
#38550=DIRECTION('',(0.,0.,-1.));
#38560=VECTOR('',#38550,1.);
#38570=LINE('',#38540,#38560);
#38580=EDGE_CURVE('',#38510,#38320,#38570,.T.);
#38590=ORIENTED_EDGE('',*,*,#38580,.F.);
#38600=EDGE_LOOP('',(#38590,#38530,#38440,#38360));
#38610=FACE_BOUND('',#38600,.T.);
#38620=CARTESIAN_POINT('',(51.116923,46.633846,480.4));
#38630=DIRECTION('',(0.,1.,0.));
#38640=DIRECTION('',(1.,0.,0.));
#38650=AXIS2_PLACEMENT_3D('',#38620,#38630,#38640);
#38660=CIRCLE('',#38650,3.1);
#38670=CARTESIAN_POINT('',(48.016923,46.633846,480.4));
#38680=VERTEX_POINT('',#38670);
#38690=CARTESIAN_POINT('',(54.216923,46.633846,480.4));
#38700=VERTEX_POINT('',#38690);
#38710=EDGE_CURVE('',#38680,#38700,#38660,.T.);
#38720=ORIENTED_EDGE('',*,*,#38710,.T.);
#38730=CARTESIAN_POINT('',(48.016923,46.633846,1.));
#38740=DIRECTION('',(0.,0.,-1.));
#38750=VECTOR('',#38740,1.);
#38760=LINE('',#38730,#38750);
#38770=CARTESIAN_POINT('',(48.016923,46.633846,471.6));
#38780=VERTEX_POINT('',#38770);
#38790=EDGE_CURVE('',#38680,#38780,#38760,.T.);
#38800=ORIENTED_EDGE('',*,*,#38790,.F.);
#38810=CARTESIAN_POINT('',(51.116923,46.633846,471.6));
#38820=DIRECTION('',(0.,-1.,0.));
#38830=DIRECTION('',(1.,0.,0.));
#38840=AXIS2_PLACEMENT_3D('',#38810,#38820,#38830);
#38850=CIRCLE('',#38840,3.1);
#38860=CARTESIAN_POINT('',(54.216923,46.633846,471.6));
#38870=VERTEX_POINT('',#38860);
#38880=EDGE_CURVE('',#38780,#38870,#38850,.T.);
#38890=ORIENTED_EDGE('',*,*,#38880,.F.);
#38900=CARTESIAN_POINT('',(54.216923,46.633846,1.));
#38910=DIRECTION('',(0.,0.,1.));
#38920=VECTOR('',#38910,1.);
#38930=LINE('',#38900,#38920);
#38940=EDGE_CURVE('',#38870,#38700,#38930,.T.);
#38950=ORIENTED_EDGE('',*,*,#38940,.F.);
#38960=EDGE_LOOP('',(#38950,#38890,#38800,#38720));
#38970=FACE_BOUND('',#38960,.T.);
#38980=CARTESIAN_POINT('',(48.016923,46.633846,1.));
#38990=DIRECTION('',(0.,0.,-1.));
#39000=VECTOR('',#38990,1.);
#39010=LINE('',#38980,#39000);
#39020=CARTESIAN_POINT('',(48.016923,46.633846,655.4));
#39030=VERTEX_POINT('',#39020);
#39040=CARTESIAN_POINT('',(48.016923,46.633846,646.6));
#39050=VERTEX_POINT('',#39040);
#39060=EDGE_CURVE('',#39030,#39050,#39010,.T.);
#39070=ORIENTED_EDGE('',*,*,#39060,.F.);
#39080=CARTESIAN_POINT('',(51.116923,46.633846,646.6));
#39090=DIRECTION('',(0.,-1.,0.));
#39100=DIRECTION('',(1.,0.,0.));
#39110=AXIS2_PLACEMENT_3D('',#39080,#39090,#39100);
#39120=CIRCLE('',#39110,3.1);
#39130=CARTESIAN_POINT('',(54.216923,46.633846,646.6));
#39140=VERTEX_POINT('',#39130);
#39150=EDGE_CURVE('',#39050,#39140,#39120,.T.);
#39160=ORIENTED_EDGE('',*,*,#39150,.F.);
#39170=CARTESIAN_POINT('',(54.216923,46.633846,1.));
#39180=DIRECTION('',(0.,0.,1.));
#39190=VECTOR('',#39180,1.);
#39200=LINE('',#39170,#39190);
#39210=CARTESIAN_POINT('',(54.216923,46.633846,655.4));
#39220=VERTEX_POINT('',#39210);
#39230=EDGE_CURVE('',#39140,#39220,#39200,.T.);
#39240=ORIENTED_EDGE('',*,*,#39230,.F.);
#39250=CARTESIAN_POINT('',(51.116923,46.633846,655.4));
#39260=DIRECTION('',(0.,1.,0.));
#39270=DIRECTION('',(1.,0.,0.));
#39280=AXIS2_PLACEMENT_3D('',#39250,#39260,#39270);
#39290=CIRCLE('',#39280,3.1);
#39300=EDGE_CURVE('',#39030,#39220,#39290,.T.);
#39310=ORIENTED_EDGE('',*,*,#39300,.T.);
#39320=EDGE_LOOP('',(#39310,#39240,#39160,#39070));
#39330=FACE_BOUND('',#39320,.T.);
#39340=CARTESIAN_POINT('',(51.116923,46.633846,1905.4));
#39350=DIRECTION('',(0.,1.,0.));
#39360=DIRECTION('',(1.,0.,0.));
#39370=AXIS2_PLACEMENT_3D('',#39340,#39350,#39360);
#39380=CIRCLE('',#39370,3.1);
#39390=CARTESIAN_POINT('',(48.016923,46.633846,1905.4));
#39400=VERTEX_POINT('',#39390);
#39410=CARTESIAN_POINT('',(54.216923,46.633846,1905.4));
#39420=VERTEX_POINT('',#39410);
#39430=EDGE_CURVE('',#39400,#39420,#39380,.T.);
#39440=ORIENTED_EDGE('',*,*,#39430,.T.);
#39450=CARTESIAN_POINT('',(48.016923,46.633846,1.));
#39460=DIRECTION('',(0.,0.,-1.));
#39470=VECTOR('',#39460,1.);
#39480=LINE('',#39450,#39470);
#39490=CARTESIAN_POINT('',(48.016923,46.633846,1896.6));
#39500=VERTEX_POINT('',#39490);
#39510=EDGE_CURVE('',#39400,#39500,#39480,.T.);
#39520=ORIENTED_EDGE('',*,*,#39510,.F.);
#39530=CARTESIAN_POINT('',(51.116923,46.633846,1896.6));
#39540=DIRECTION('',(0.,-1.,0.));
#39550=DIRECTION('',(1.,0.,0.));
#39560=AXIS2_PLACEMENT_3D('',#39530,#39540,#39550);
#39570=CIRCLE('',#39560,3.1);
#39580=CARTESIAN_POINT('',(54.216923,46.633846,1896.6));
#39590=VERTEX_POINT('',#39580);
#39600=EDGE_CURVE('',#39500,#39590,#39570,.T.);
#39610=ORIENTED_EDGE('',*,*,#39600,.F.);
#39620=CARTESIAN_POINT('',(54.216923,46.633846,1.));
#39630=DIRECTION('',(0.,0.,1.));
#39640=VECTOR('',#39630,1.);
#39650=LINE('',#39620,#39640);
#39660=EDGE_CURVE('',#39590,#39420,#39650,.T.);
#39670=ORIENTED_EDGE('',*,*,#39660,.F.);
#39680=EDGE_LOOP('',(#39670,#39610,#39520,#39440));
#39690=FACE_BOUND('',#39680,.T.);
#39700=CARTESIAN_POINT('',(51.116923,46.633846,980.4));
#39710=DIRECTION('',(0.,1.,0.));
#39720=DIRECTION('',(1.,0.,0.));
#39730=AXIS2_PLACEMENT_3D('',#39700,#39710,#39720);
#39740=CIRCLE('',#39730,3.1);
#39750=CARTESIAN_POINT('',(48.016923,46.633846,980.4));
#39760=VERTEX_POINT('',#39750);
#39770=CARTESIAN_POINT('',(54.216923,46.633846,980.4));
#39780=VERTEX_POINT('',#39770);
#39790=EDGE_CURVE('',#39760,#39780,#39740,.T.);
#39800=ORIENTED_EDGE('',*,*,#39790,.T.);
#39810=CARTESIAN_POINT('',(48.016923,46.633846,1.));
#39820=DIRECTION('',(0.,0.,-1.));
#39830=VECTOR('',#39820,1.);
#39840=LINE('',#39810,#39830);
#39850=CARTESIAN_POINT('',(48.016923,46.633846,971.6));
#39860=VERTEX_POINT('',#39850);
#39870=EDGE_CURVE('',#39760,#39860,#39840,.T.);
#39880=ORIENTED_EDGE('',*,*,#39870,.F.);
#39890=CARTESIAN_POINT('',(51.116923,46.633846,971.6));
#39900=DIRECTION('',(0.,-1.,0.));
#39910=DIRECTION('',(1.,0.,0.));
#39920=AXIS2_PLACEMENT_3D('',#39890,#39900,#39910);
#39930=CIRCLE('',#39920,3.1);
#39940=CARTESIAN_POINT('',(54.216923,46.633846,971.6));
#39950=VERTEX_POINT('',#39940);
#39960=EDGE_CURVE('',#39860,#39950,#39930,.T.);
#39970=ORIENTED_EDGE('',*,*,#39960,.F.);
#39980=CARTESIAN_POINT('',(54.216923,46.633846,1.));
#39990=DIRECTION('',(0.,0.,1.));
#40000=VECTOR('',#39990,1.);
#40010=LINE('',#39980,#40000);
#40020=EDGE_CURVE('',#39950,#39780,#40010,.T.);
#40030=ORIENTED_EDGE('',*,*,#40020,.F.);
#40040=EDGE_LOOP('',(#40030,#39970,#39880,#39800));
#40050=FACE_BOUND('',#40040,.T.);
#40060=CARTESIAN_POINT('',(51.116923,46.633846,1296.6));
#40070=DIRECTION('',(0.,-1.,0.));
#40080=DIRECTION('',(1.,0.,0.));
#40090=AXIS2_PLACEMENT_3D('',#40060,#40070,#40080);
#40100=CIRCLE('',#40090,3.1);
#40110=CARTESIAN_POINT('',(48.016923,46.633846,1296.6));
#40120=VERTEX_POINT('',#40110);
#40130=CARTESIAN_POINT('',(54.216923,46.633846,1296.6));
#40140=VERTEX_POINT('',#40130);
#40150=EDGE_CURVE('',#40120,#40140,#40100,.T.);
#40160=ORIENTED_EDGE('',*,*,#40150,.F.);
#40170=CARTESIAN_POINT('',(54.216923,46.633846,1.));
#40180=DIRECTION('',(0.,0.,1.));
#40190=VECTOR('',#40180,1.);
#40200=LINE('',#40170,#40190);
#40210=CARTESIAN_POINT('',(54.216923,46.633846,1305.4));
#40220=VERTEX_POINT('',#40210);
#40230=EDGE_CURVE('',#40140,#40220,#40200,.T.);
#40240=ORIENTED_EDGE('',*,*,#40230,.F.);
#40250=CARTESIAN_POINT('',(51.116923,46.633846,1305.4));
#40260=DIRECTION('',(0.,1.,0.));
#40270=DIRECTION('',(1.,0.,0.));
#40280=AXIS2_PLACEMENT_3D('',#40250,#40260,#40270);
#40290=CIRCLE('',#40280,3.1);
#40300=CARTESIAN_POINT('',(48.016923,46.633846,1305.4));
#40310=VERTEX_POINT('',#40300);
#40320=EDGE_CURVE('',#40310,#40220,#40290,.T.);
#40330=ORIENTED_EDGE('',*,*,#40320,.T.);
#40340=CARTESIAN_POINT('',(48.016923,46.633846,1.));
#40350=DIRECTION('',(0.,0.,-1.));
#40360=VECTOR('',#40350,1.);
#40370=LINE('',#40340,#40360);
#40380=EDGE_CURVE('',#40310,#40120,#40370,.T.);
#40390=ORIENTED_EDGE('',*,*,#40380,.F.);
#40400=EDGE_LOOP('',(#40390,#40330,#40240,#40160));
#40410=FACE_BOUND('',#40400,.T.);
#40420=CARTESIAN_POINT('',(48.016923,46.633846,1.));
#40430=DIRECTION('',(0.,0.,-1.));
#40440=VECTOR('',#40430,1.);
#40450=LINE('',#40420,#40440);
#40460=CARTESIAN_POINT('',(48.016923,46.633846,705.4));
#40470=VERTEX_POINT('',#40460);
#40480=CARTESIAN_POINT('',(48.016923,46.633846,696.6));
#40490=VERTEX_POINT('',#40480);
#40500=EDGE_CURVE('',#40470,#40490,#40450,.T.);
#40510=ORIENTED_EDGE('',*,*,#40500,.F.);
#40520=CARTESIAN_POINT('',(51.116923,46.633846,696.6));
#40530=DIRECTION('',(0.,-1.,0.));
#40540=DIRECTION('',(1.,0.,0.));
#40550=AXIS2_PLACEMENT_3D('',#40520,#40530,#40540);
#40560=CIRCLE('',#40550,3.1);
#40570=CARTESIAN_POINT('',(54.216923,46.633846,696.6));
#40580=VERTEX_POINT('',#40570);
#40590=EDGE_CURVE('',#40490,#40580,#40560,.T.);
#40600=ORIENTED_EDGE('',*,*,#40590,.F.);
#40610=CARTESIAN_POINT('',(54.216923,46.633846,1.));
#40620=DIRECTION('',(0.,0.,1.));
#40630=VECTOR('',#40620,1.);
#40640=LINE('',#40610,#40630);
#40650=CARTESIAN_POINT('',(54.216923,46.633846,705.4));
#40660=VERTEX_POINT('',#40650);
#40670=EDGE_CURVE('',#40580,#40660,#40640,.T.);
#40680=ORIENTED_EDGE('',*,*,#40670,.F.);
#40690=CARTESIAN_POINT('',(51.116923,46.633846,705.4));
#40700=DIRECTION('',(0.,1.,0.));
#40710=DIRECTION('',(1.,0.,0.));
#40720=AXIS2_PLACEMENT_3D('',#40690,#40700,#40710);
#40730=CIRCLE('',#40720,3.1);
#40740=EDGE_CURVE('',#40470,#40660,#40730,.T.);
#40750=ORIENTED_EDGE('',*,*,#40740,.T.);
#40760=EDGE_LOOP('',(#40750,#40680,#40600,#40510));
#40770=FACE_BOUND('',#40760,.T.);
#40780=CARTESIAN_POINT('',(54.216923,46.633846,1.));
#40790=DIRECTION('',(0.,0.,1.));
#40800=VECTOR('',#40790,1.);
#40810=LINE('',#40780,#40800);
#40820=CARTESIAN_POINT('',(54.216923,46.633846,271.6));
#40830=VERTEX_POINT('',#40820);
#40840=CARTESIAN_POINT('',(54.216923,46.633846,280.4));
#40850=VERTEX_POINT('',#40840);
#40860=EDGE_CURVE('',#40830,#40850,#40810,.T.);
#40870=ORIENTED_EDGE('',*,*,#40860,.F.);
#40880=CARTESIAN_POINT('',(51.116923,46.633846,280.4));
#40890=DIRECTION('',(0.,1.,0.));
#40900=DIRECTION('',(1.,0.,0.));
#40910=AXIS2_PLACEMENT_3D('',#40880,#40890,#40900);
#40920=CIRCLE('',#40910,3.1);
#40930=CARTESIAN_POINT('',(48.016923,46.633846,280.4));
#40940=VERTEX_POINT('',#40930);
#40950=EDGE_CURVE('',#40940,#40850,#40920,.T.);
#40960=ORIENTED_EDGE('',*,*,#40950,.T.);
#40970=CARTESIAN_POINT('',(48.016923,46.633846,1.));
#40980=DIRECTION('',(0.,0.,-1.));
#40990=VECTOR('',#40980,1.);
#41000=LINE('',#40970,#40990);
#41010=CARTESIAN_POINT('',(48.016923,46.633846,271.6));
#41020=VERTEX_POINT('',#41010);
#41030=EDGE_CURVE('',#40940,#41020,#41000,.T.);
#41040=ORIENTED_EDGE('',*,*,#41030,.F.);
#41050=CARTESIAN_POINT('',(51.116923,46.633846,271.6));
#41060=DIRECTION('',(0.,-1.,0.));
#41070=DIRECTION('',(1.,0.,0.));
#41080=AXIS2_PLACEMENT_3D('',#41050,#41060,#41070);
#41090=CIRCLE('',#41080,3.1);
#41100=EDGE_CURVE('',#41020,#40830,#41090,.T.);
#41110=ORIENTED_EDGE('',*,*,#41100,.F.);
#41120=EDGE_LOOP('',(#41110,#41040,#40960,#40870));
#41130=FACE_BOUND('',#41120,.T.);
#41140=ORIENTED_EDGE('',*,*,#6370,.F.);
#41150=ORIENTED_EDGE('',*,*,#16480,.F.);
#41160=ORIENTED_EDGE('',*,*,#16110,.F.);
#41170=CARTESIAN_POINT('',(51.116923,46.633846,155.4));
#41180=DIRECTION('',(0.,1.,0.));
#41190=DIRECTION('',(1.,0.,0.));
#41200=AXIS2_PLACEMENT_3D('',#41170,#41180,#41190);
#41210=CIRCLE('',#41200,3.1);
#41220=EDGE_CURVE('',#6360,#16020,#41210,.T.);
#41230=ORIENTED_EDGE('',*,*,#41220,.T.);
#41240=EDGE_LOOP('',(#41230,#41160,#41150,#41140));
#41250=FACE_BOUND('',#41240,.T.);
#41260=ORIENTED_EDGE('',*,*,#11530,.F.);
#41270=ORIENTED_EDGE('',*,*,#15320,.T.);
#41280=ORIENTED_EDGE('',*,*,#16780,.F.);
#41290=ORIENTED_EDGE('',*,*,#8860,.F.);
#41300=EDGE_LOOP('',(#41290,#41280,#41270,#41260));
#41310=FACE_BOUND('',#41300,.T.);
#41320=ORIENTED_EDGE('',*,*,#12450,.F.);
#41330=ORIENTED_EDGE('',*,*,#7910,.F.);
#41340=ORIENTED_EDGE('',*,*,#11830,.T.);
#41350=ORIENTED_EDGE('',*,*,#9340,.F.);
#41360=EDGE_LOOP('',(#41350,#41340,#41330,#41320));
#41370=FACE_BOUND('',#41360,.T.);
#41380=ORIENTED_EDGE('',*,*,#14920,.F.);
#41390=ORIENTED_EDGE('',*,*,#4030,.F.);
#41400=ORIENTED_EDGE('',*,*,#12850,.T.);
#41410=ORIENTED_EDGE('',*,*,#14310,.F.);
#41420=EDGE_LOOP('',(#41410,#41400,#41390,#41380));
#41430=FACE_BOUND('',#41420,.T.);
#41440=ORIENTED_EDGE('',*,*,#3180,.F.);
#41450=ORIENTED_EDGE('',*,*,#12140,.T.);
#41460=ORIENTED_EDGE('',*,*,#10210,.F.);
#41470=ORIENTED_EDGE('',*,*,#13540,.F.);
#41480=EDGE_LOOP('',(#41470,#41460,#41450,#41440));
#41490=FACE_BOUND('',#41480,.T.);
#41500=ORIENTED_EDGE('',*,*,#5890,.F.);
#41510=ORIENTED_EDGE('',*,*,#13930,.F.);
#41520=ORIENTED_EDGE('',*,*,#14610,.T.);
#41530=ORIENTED_EDGE('',*,*,#13170,.F.);
#41540=EDGE_LOOP('',(#41530,#41520,#41510,#41500));
#41550=FACE_BOUND('',#41540,.T.);
#41560=CARTESIAN_POINT('',(51.116923,46.633846,21.5999999999999));
#41570=DIRECTION('',(0.,-1.,0.));
#41580=DIRECTION('',(1.,0.,0.));
#41590=AXIS2_PLACEMENT_3D('',#41560,#41570,#41580);
#41600=CIRCLE('',#41590,3.1);
#41610=CARTESIAN_POINT('',(48.016923,46.633846,21.5999999999999));
#41620=VERTEX_POINT('',#41610);
#41630=EDGE_CURVE('',#41620,#8370,#41600,.T.);
#41640=ORIENTED_EDGE('',*,*,#41630,.F.);
#41650=ORIENTED_EDGE('',*,*,#8380,.F.);
#41660=ORIENTED_EDGE('',*,*,#9800,.T.);
#41670=CARTESIAN_POINT('',(48.016923,46.633846,1.));
#41680=DIRECTION('',(0.,0.,-1.));
#41690=VECTOR('',#41680,1.);
#41700=LINE('',#41670,#41690);
#41710=EDGE_CURVE('',#9720,#41620,#41700,.T.);
#41720=ORIENTED_EDGE('',*,*,#41710,.F.);
#41730=EDGE_LOOP('',(#41720,#41660,#41650,#41640));
#41740=FACE_BOUND('',#41730,.T.);
#41750=CARTESIAN_POINT('',(48.016923,46.633846,1.));
#41760=DIRECTION('',(0.,0.,-1.));
#41770=VECTOR('',#41760,1.);
#41780=LINE('',#41750,#41770);
#41790=CARTESIAN_POINT('',(48.016923,46.633846,380.4));
#41800=VERTEX_POINT('',#41790);
#41810=CARTESIAN_POINT('',(48.016923,46.633846,371.6));
#41820=VERTEX_POINT('',#41810);
#41830=EDGE_CURVE('',#41800,#41820,#41780,.T.);
#41840=ORIENTED_EDGE('',*,*,#41830,.F.);
#41850=CARTESIAN_POINT('',(51.116923,46.633846,371.6));
#41860=DIRECTION('',(0.,-1.,0.));
#41870=DIRECTION('',(1.,0.,0.));
#41880=AXIS2_PLACEMENT_3D('',#41850,#41860,#41870);
#41890=CIRCLE('',#41880,3.1);
#41900=CARTESIAN_POINT('',(54.216923,46.633846,371.6));
#41910=VERTEX_POINT('',#41900);
#41920=EDGE_CURVE('',#41820,#41910,#41890,.T.);
#41930=ORIENTED_EDGE('',*,*,#41920,.F.);
#41940=CARTESIAN_POINT('',(54.216923,46.633846,1.));
#41950=DIRECTION('',(0.,0.,1.));
#41960=VECTOR('',#41950,1.);
#41970=LINE('',#41940,#41960);
#41980=CARTESIAN_POINT('',(54.216923,46.633846,380.4));
#41990=VERTEX_POINT('',#41980);
#42000=EDGE_CURVE('',#41910,#41990,#41970,.T.);
#42010=ORIENTED_EDGE('',*,*,#42000,.F.);
#42020=CARTESIAN_POINT('',(51.116923,46.633846,380.4));
#42030=DIRECTION('',(0.,1.,0.));
#42040=DIRECTION('',(1.,0.,0.));
#42050=AXIS2_PLACEMENT_3D('',#42020,#42030,#42040);
#42060=CIRCLE('',#42050,3.1);
#42070=EDGE_CURVE('',#41800,#41990,#42060,.T.);
#42080=ORIENTED_EDGE('',*,*,#42070,.T.);
#42090=EDGE_LOOP('',(#42080,#42010,#41930,#41840));
#42100=FACE_BOUND('',#42090,.T.);
#42110=CARTESIAN_POINT('',(48.016923,46.633846,1.));
#42120=DIRECTION('',(0.,0.,-1.));
#42130=VECTOR('',#42120,1.);
#42140=LINE('',#42110,#42130);
#42150=CARTESIAN_POINT('',(48.016923,46.633846,1280.4));
#42160=VERTEX_POINT('',#42150);
#42170=CARTESIAN_POINT('',(48.016923,46.633846,1271.6));
#42180=VERTEX_POINT('',#42170);
#42190=EDGE_CURVE('',#42160,#42180,#42140,.T.);
#42200=ORIENTED_EDGE('',*,*,#42190,.F.);
#42210=CARTESIAN_POINT('',(51.116923,46.633846,1271.6));
#42220=DIRECTION('',(0.,-1.,0.));
#42230=DIRECTION('',(1.,0.,0.));
#42240=AXIS2_PLACEMENT_3D('',#42210,#42220,#42230);
#42250=CIRCLE('',#42240,3.1);
#42260=CARTESIAN_POINT('',(54.216923,46.633846,1271.6));
#42270=VERTEX_POINT('',#42260);
#42280=EDGE_CURVE('',#42180,#42270,#42250,.T.);
#42290=ORIENTED_EDGE('',*,*,#42280,.F.);
#42300=CARTESIAN_POINT('',(54.216923,46.633846,1.));
#42310=DIRECTION('',(0.,0.,1.));
#42320=VECTOR('',#42310,1.);
#42330=LINE('',#42300,#42320);
#42340=CARTESIAN_POINT('',(54.216923,46.633846,1280.4));
#42350=VERTEX_POINT('',#42340);
#42360=EDGE_CURVE('',#42270,#42350,#42330,.T.);
#42370=ORIENTED_EDGE('',*,*,#42360,.F.);
#42380=CARTESIAN_POINT('',(51.116923,46.633846,1280.4));
#42390=DIRECTION('',(0.,1.,0.));
#42400=DIRECTION('',(1.,0.,0.));
#42410=AXIS2_PLACEMENT_3D('',#42380,#42390,#42400);
#42420=CIRCLE('',#42410,3.1);
#42430=EDGE_CURVE('',#42160,#42350,#42420,.T.);
#42440=ORIENTED_EDGE('',*,*,#42430,.T.);
#42450=EDGE_LOOP('',(#42440,#42370,#42290,#42200));
#42460=FACE_BOUND('',#42450,.T.);
#42470=CARTESIAN_POINT('',(51.116923,46.633846,605.4));
#42480=DIRECTION('',(0.,1.,0.));
#42490=DIRECTION('',(1.,0.,0.));
#42500=AXIS2_PLACEMENT_3D('',#42470,#42480,#42490);
#42510=CIRCLE('',#42500,3.1);
#42520=CARTESIAN_POINT('',(48.016923,46.633846,605.4));
#42530=VERTEX_POINT('',#42520);
#42540=CARTESIAN_POINT('',(54.216923,46.633846,605.4));
#42550=VERTEX_POINT('',#42540);
#42560=EDGE_CURVE('',#42530,#42550,#42510,.T.);
#42570=ORIENTED_EDGE('',*,*,#42560,.T.);
#42580=CARTESIAN_POINT('',(48.016923,46.633846,1.));
#42590=DIRECTION('',(0.,0.,-1.));
#42600=VECTOR('',#42590,1.);
#42610=LINE('',#42580,#42600);
#42620=CARTESIAN_POINT('',(48.016923,46.633846,596.6));
#42630=VERTEX_POINT('',#42620);
#42640=EDGE_CURVE('',#42530,#42630,#42610,.T.);
#42650=ORIENTED_EDGE('',*,*,#42640,.F.);
#42660=CARTESIAN_POINT('',(51.116923,46.633846,596.6));
#42670=DIRECTION('',(0.,-1.,0.));
#42680=DIRECTION('',(1.,0.,0.));
#42690=AXIS2_PLACEMENT_3D('',#42660,#42670,#42680);
#42700=CIRCLE('',#42690,3.1);
#42710=CARTESIAN_POINT('',(54.216923,46.633846,596.6));
#42720=VERTEX_POINT('',#42710);
#42730=EDGE_CURVE('',#42630,#42720,#42700,.T.);
#42740=ORIENTED_EDGE('',*,*,#42730,.F.);
#42750=CARTESIAN_POINT('',(54.216923,46.633846,1.));
#42760=DIRECTION('',(0.,0.,1.));
#42770=VECTOR('',#42760,1.);
#42780=LINE('',#42750,#42770);
#42790=EDGE_CURVE('',#42720,#42550,#42780,.T.);
#42800=ORIENTED_EDGE('',*,*,#42790,.F.);
#42810=EDGE_LOOP('',(#42800,#42740,#42650,#42570));
#42820=FACE_BOUND('',#42810,.T.);
#42830=CARTESIAN_POINT('',(54.216923,46.633846,1.));
#42840=DIRECTION('',(0.,0.,1.));
#42850=VECTOR('',#42840,1.);
#42860=LINE('',#42830,#42850);
#42870=CARTESIAN_POINT('',(54.216923,46.633846,571.6));
#42880=VERTEX_POINT('',#42870);
#42890=CARTESIAN_POINT('',(54.216923,46.633846,580.4));
#42900=VERTEX_POINT('',#42890);
#42910=EDGE_CURVE('',#42880,#42900,#42860,.T.);
#42920=ORIENTED_EDGE('',*,*,#42910,.F.);
#42930=CARTESIAN_POINT('',(51.116923,46.633846,580.4));
#42940=DIRECTION('',(0.,1.,0.));
#42950=DIRECTION('',(1.,0.,0.));
#42960=AXIS2_PLACEMENT_3D('',#42930,#42940,#42950);
#42970=CIRCLE('',#42960,3.1);
#42980=CARTESIAN_POINT('',(48.016923,46.633846,580.4));
#42990=VERTEX_POINT('',#42980);
#43000=EDGE_CURVE('',#42990,#42900,#42970,.T.);
#43010=ORIENTED_EDGE('',*,*,#43000,.T.);
#43020=CARTESIAN_POINT('',(48.016923,46.633846,1.));
#43030=DIRECTION('',(0.,0.,-1.));
#43040=VECTOR('',#43030,1.);
#43050=LINE('',#43020,#43040);
#43060=CARTESIAN_POINT('',(48.016923,46.633846,571.6));
#43070=VERTEX_POINT('',#43060);
#43080=EDGE_CURVE('',#42990,#43070,#43050,.T.);
#43090=ORIENTED_EDGE('',*,*,#43080,.F.);
#43100=CARTESIAN_POINT('',(51.116923,46.633846,571.6));
#43110=DIRECTION('',(0.,-1.,0.));
#43120=DIRECTION('',(1.,0.,0.));
#43130=AXIS2_PLACEMENT_3D('',#43100,#43110,#43120);
#43140=CIRCLE('',#43130,3.1);
#43150=EDGE_CURVE('',#43070,#42880,#43140,.T.);
#43160=ORIENTED_EDGE('',*,*,#43150,.F.);
#43170=EDGE_LOOP('',(#43160,#43090,#43010,#42920));
#43180=FACE_BOUND('',#43170,.T.);
#43190=CARTESIAN_POINT('',(48.016923,46.633846,1.));
#43200=DIRECTION('',(0.,0.,-1.));
#43210=VECTOR('',#43200,1.);
#43220=LINE('',#43190,#43210);
#43230=CARTESIAN_POINT('',(48.016923,46.633846,1330.4));
#43240=VERTEX_POINT('',#43230);
#43250=CARTESIAN_POINT('',(48.016923,46.633846,1321.6));
#43260=VERTEX_POINT('',#43250);
#43270=EDGE_CURVE('',#43240,#43260,#43220,.T.);
#43280=ORIENTED_EDGE('',*,*,#43270,.F.);
#43290=CARTESIAN_POINT('',(51.116923,46.633846,1321.6));
#43300=DIRECTION('',(0.,-1.,0.));
#43310=DIRECTION('',(1.,0.,0.));
#43320=AXIS2_PLACEMENT_3D('',#43290,#43300,#43310);
#43330=CIRCLE('',#43320,3.1);
#43340=CARTESIAN_POINT('',(54.216923,46.633846,1321.6));
#43350=VERTEX_POINT('',#43340);
#43360=EDGE_CURVE('',#43260,#43350,#43330,.T.);
#43370=ORIENTED_EDGE('',*,*,#43360,.F.);
#43380=CARTESIAN_POINT('',(54.216923,46.633846,1.));
#43390=DIRECTION('',(0.,0.,1.));
#43400=VECTOR('',#43390,1.);
#43410=LINE('',#43380,#43400);
#43420=CARTESIAN_POINT('',(54.216923,46.633846,1330.4));
#43430=VERTEX_POINT('',#43420);
#43440=EDGE_CURVE('',#43350,#43430,#43410,.T.);
#43450=ORIENTED_EDGE('',*,*,#43440,.F.);
#43460=CARTESIAN_POINT('',(51.116923,46.633846,1330.4));
#43470=DIRECTION('',(0.,1.,0.));
#43480=DIRECTION('',(1.,0.,0.));
#43490=AXIS2_PLACEMENT_3D('',#43460,#43470,#43480);
#43500=CIRCLE('',#43490,3.1);
#43510=EDGE_CURVE('',#43240,#43430,#43500,.T.);
#43520=ORIENTED_EDGE('',*,*,#43510,.T.);
#43530=EDGE_LOOP('',(#43520,#43450,#43370,#43280));
#43540=FACE_BOUND('',#43530,.T.);
#43550=ORIENTED_EDGE('',*,*,#6750,.T.);
#43560=ORIENTED_EDGE('',*,*,#1060,.F.);
#43570=ORIENTED_EDGE('',*,*,#2490,.F.);
#43580=ORIENTED_EDGE('',*,*,#2120,.T.);
#43590=ORIENTED_EDGE('',*,*,#2780,.F.);
#43600=ORIENTED_EDGE('',*,*,#310,.T.);
#43610=ORIENTED_EDGE('',*,*,#7430,.F.);
#43620=CARTESIAN_POINT('',(0.,46.633846,2001.));
#43630=DIRECTION('',(1.,0.,0.));
#43640=VECTOR('',#43630,1.);
#43650=LINE('',#43620,#43640);
#43660=CARTESIAN_POINT('',(48.016923,46.633846,2001.));
#43670=VERTEX_POINT('',#43660);
#43680=EDGE_CURVE('',#7420,#43670,#43650,.T.);
#43690=ORIENTED_EDGE('',*,*,#43680,.F.);
#43700=CARTESIAN_POINT('',(48.016923,46.633846,0.));
#43710=DIRECTION('',(0.,0.,-1.));
#43720=VECTOR('',#43710,1.);
#43730=LINE('',#43700,#43720);
#43740=CARTESIAN_POINT('',(48.016923,46.633846,1996.6));
#43750=VERTEX_POINT('',#43740);
#43760=EDGE_CURVE('',#43670,#43750,#43730,.T.);
#43770=ORIENTED_EDGE('',*,*,#43760,.F.);
#43780=CARTESIAN_POINT('',(51.116923,46.633846,1996.6));
#43790=DIRECTION('',(0.,-1.,0.));
#43800=DIRECTION('',(1.,0.,0.));
#43810=AXIS2_PLACEMENT_3D('',#43780,#43790,#43800);
#43820=CIRCLE('',#43810,3.1);
#43830=CARTESIAN_POINT('',(54.216923,46.633846,1996.6));
#43840=VERTEX_POINT('',#43830);
#43850=EDGE_CURVE('',#43750,#43840,#43820,.T.);
#43860=ORIENTED_EDGE('',*,*,#43850,.F.);
#43870=CARTESIAN_POINT('',(54.216923,46.633846,1.));
#43880=DIRECTION('',(0.,0.,1.));
#43890=VECTOR('',#43880,1.);
#43900=LINE('',#43870,#43890);
#43910=EDGE_CURVE('',#43840,#10900,#43900,.T.);
#43920=ORIENTED_EDGE('',*,*,#43910,.F.);
#43930=ORIENTED_EDGE('',*,*,#11220,.F.);
#43940=EDGE_LOOP('',(#43930,#43920,#43860,#43770,#43690,#43610,#43600,
#43590,#43580,#43570,#43560,#43550));
#43950=FACE_OUTER_BOUND('',#43940,.T.);
#43960=ADVANCED_FACE('',(#17370,#17730,#18090,#18450,#18810,#19170,
#19530,#19890,#20250,#20610,#20970,#21330,#21690,#22050,#22410,#22770,
#23130,#23490,#23850,#24210,#24570,#24930,#25290,#25650,#26010,#26370,
#26730,#27090,#27450,#27810,#28170,#28530,#28890,#29250,#29610,#29970,
#30330,#30690,#31050,#31410,#31770,#32130,#32490,#32850,#33210,#33570,
#33930,#34290,#34650,#35010,#35370,#35730,#36090,#36450,#36810,#37170,
#37530,#37890,#38250,#38610,#38970,#39330,#39690,#40050,#40410,#40770,
#41130,#41250,#41310,#41370,#41430,#41490,#41550,#41740,#42100,#42460,
#42820,#43180,#43540,#43950),#17010,.F.);
#43970=COLOUR_RGB('',0.823529481887817,0.823529481887817,
0.784313797950745);
#43980=FILL_AREA_STYLE_COLOUR('',#43970);
#43990=FILL_AREA_STYLE('',(#43980));
#44000=SURFACE_STYLE_FILL_AREA(#43990);
#44010=SURFACE_SIDE_STYLE('',(#44000));
#44020=SURFACE_STYLE_USAGE(.BOTH.,#44010);
#44030=PRESENTATION_STYLE_ASSIGNMENT((#44020));
#44040=CARTESIAN_POINT('',(58.5978992460958,48.133846,15.3027523849477))
;
#44050=DIRECTION('',(0.,1.,-0.));
#44060=DIRECTION('',(-1.,0.,0.));
#44070=AXIS2_PLACEMENT_3D('',#44040,#44050,#44060);
#44080=PLANE('',#44070);
#44090=CARTESIAN_POINT('',(51.116923,48.133846,421.6));
#44100=DIRECTION('',(0.,-1.,0.));
#44110=DIRECTION('',(1.,0.,0.));
#44120=AXIS2_PLACEMENT_3D('',#44090,#44100,#44110);
#44130=CIRCLE('',#44120,3.1);
#44140=CARTESIAN_POINT('',(48.016923,48.133846,421.6));
#44150=VERTEX_POINT('',#44140);
#44160=CARTESIAN_POINT('',(54.216923,48.133846,421.6));
#44170=VERTEX_POINT('',#44160);
#44180=EDGE_CURVE('',#44150,#44170,#44130,.T.);
#44190=ORIENTED_EDGE('',*,*,#44180,.T.);
#44200=CARTESIAN_POINT('',(48.016923,48.133846,1.));
#44210=DIRECTION('',(0.,0.,-1.));
#44220=VECTOR('',#44210,1.);
#44230=LINE('',#44200,#44220);
#44240=CARTESIAN_POINT('',(48.016923,48.133846,430.4));
#44250=VERTEX_POINT('',#44240);
#44260=EDGE_CURVE('',#44250,#44150,#44230,.T.);
#44270=ORIENTED_EDGE('',*,*,#44260,.T.);
#44280=CARTESIAN_POINT('',(51.116923,48.133846,430.4));
#44290=DIRECTION('',(0.,1.,0.));
#44300=DIRECTION('',(1.,0.,0.));
#44310=AXIS2_PLACEMENT_3D('',#44280,#44290,#44300);
#44320=CIRCLE('',#44310,3.1);
#44330=CARTESIAN_POINT('',(54.216923,48.133846,430.4));
#44340=VERTEX_POINT('',#44330);
#44350=EDGE_CURVE('',#44250,#44340,#44320,.T.);
#44360=ORIENTED_EDGE('',*,*,#44350,.F.);
#44370=CARTESIAN_POINT('',(54.216923,48.133846,1.));
#44380=DIRECTION('',(0.,0.,1.));
#44390=VECTOR('',#44380,1.);
#44400=LINE('',#44370,#44390);
#44410=EDGE_CURVE('',#44170,#44340,#44400,.T.);
#44420=ORIENTED_EDGE('',*,*,#44410,.T.);
#44430=EDGE_LOOP('',(#44420,#44360,#44270,#44190));
#44440=FACE_BOUND('',#44430,.T.);
#44450=CARTESIAN_POINT('',(51.116923,48.133846,746.6));
#44460=DIRECTION('',(0.,-1.,0.));
#44470=DIRECTION('',(1.,0.,0.));
#44480=AXIS2_PLACEMENT_3D('',#44450,#44460,#44470);
#44490=CIRCLE('',#44480,3.1);
#44500=CARTESIAN_POINT('',(48.016923,48.133846,746.6));
#44510=VERTEX_POINT('',#44500);
#44520=CARTESIAN_POINT('',(54.216923,48.133846,746.6));
#44530=VERTEX_POINT('',#44520);
#44540=EDGE_CURVE('',#44510,#44530,#44490,.T.);
#44550=ORIENTED_EDGE('',*,*,#44540,.T.);
#44560=CARTESIAN_POINT('',(48.016923,48.133846,1.));
#44570=DIRECTION('',(0.,0.,-1.));
#44580=VECTOR('',#44570,1.);
#44590=LINE('',#44560,#44580);
#44600=CARTESIAN_POINT('',(48.016923,48.133846,755.4));
#44610=VERTEX_POINT('',#44600);
#44620=EDGE_CURVE('',#44610,#44510,#44590,.T.);
#44630=ORIENTED_EDGE('',*,*,#44620,.T.);
#44640=CARTESIAN_POINT('',(51.116923,48.133846,755.4));
#44650=DIRECTION('',(0.,1.,0.));
#44660=DIRECTION('',(1.,0.,0.));
#44670=AXIS2_PLACEMENT_3D('',#44640,#44650,#44660);
#44680=CIRCLE('',#44670,3.1);
#44690=CARTESIAN_POINT('',(54.216923,48.133846,755.4));
#44700=VERTEX_POINT('',#44690);
#44710=EDGE_CURVE('',#44610,#44700,#44680,.T.);
#44720=ORIENTED_EDGE('',*,*,#44710,.F.);
#44730=CARTESIAN_POINT('',(54.216923,48.133846,1.));
#44740=DIRECTION('',(0.,0.,1.));
#44750=VECTOR('',#44740,1.);
#44760=LINE('',#44730,#44750);
#44770=EDGE_CURVE('',#44530,#44700,#44760,.T.);
#44780=ORIENTED_EDGE('',*,*,#44770,.T.);
#44790=EDGE_LOOP('',(#44780,#44720,#44630,#44550));
#44800=FACE_BOUND('',#44790,.T.);
#44810=CARTESIAN_POINT('',(54.216923,48.133846,1.));
#44820=DIRECTION('',(0.,0.,1.));
#44830=VECTOR('',#44820,1.);
#44840=LINE('',#44810,#44830);
#44850=CARTESIAN_POINT('',(54.216923,48.133846,1071.6));
#44860=VERTEX_POINT('',#44850);
#44870=CARTESIAN_POINT('',(54.216923,48.133846,1080.4));
#44880=VERTEX_POINT('',#44870);
#44890=EDGE_CURVE('',#44860,#44880,#44840,.T.);
#44900=ORIENTED_EDGE('',*,*,#44890,.T.);
#44910=CARTESIAN_POINT('',(51.116923,48.133846,1071.6));
#44920=DIRECTION('',(0.,-1.,0.));
#44930=DIRECTION('',(1.,0.,0.));
#44940=AXIS2_PLACEMENT_3D('',#44910,#44920,#44930);
#44950=CIRCLE('',#44940,3.1);
#44960=CARTESIAN_POINT('',(48.016923,48.133846,1071.6));
#44970=VERTEX_POINT('',#44960);
#44980=EDGE_CURVE('',#44970,#44860,#44950,.T.);
#44990=ORIENTED_EDGE('',*,*,#44980,.T.);
#45000=CARTESIAN_POINT('',(48.016923,48.133846,1.));
#45010=DIRECTION('',(0.,0.,-1.));
#45020=VECTOR('',#45010,1.);
#45030=LINE('',#45000,#45020);
#45040=CARTESIAN_POINT('',(48.016923,48.133846,1080.4));
#45050=VERTEX_POINT('',#45040);
#45060=EDGE_CURVE('',#45050,#44970,#45030,.T.);
#45070=ORIENTED_EDGE('',*,*,#45060,.T.);
#45080=CARTESIAN_POINT('',(51.116923,48.133846,1080.4));
#45090=DIRECTION('',(0.,1.,0.));
#45100=DIRECTION('',(1.,0.,0.));
#45110=AXIS2_PLACEMENT_3D('',#45080,#45090,#45100);
#45120=CIRCLE('',#45110,3.1);
#45130=EDGE_CURVE('',#45050,#44880,#45120,.T.);
#45140=ORIENTED_EDGE('',*,*,#45130,.F.);
#45150=EDGE_LOOP('',(#45140,#45070,#44990,#44900));
#45160=FACE_BOUND('',#45150,.T.);
#45170=CARTESIAN_POINT('',(48.016923,48.133846,1.));
#45180=DIRECTION('',(0.,0.,-1.));
#45190=VECTOR('',#45180,1.);
#45200=LINE('',#45170,#45190);
#45210=CARTESIAN_POINT('',(48.016923,48.133846,355.4));
#45220=VERTEX_POINT('',#45210);
#45230=CARTESIAN_POINT('',(48.016923,48.133846,346.6));
#45240=VERTEX_POINT('',#45230);
#45250=EDGE_CURVE('',#45220,#45240,#45200,.T.);
#45260=ORIENTED_EDGE('',*,*,#45250,.T.);
#45270=CARTESIAN_POINT('',(51.116923,48.133846,355.4));
#45280=DIRECTION('',(0.,1.,0.));
#45290=DIRECTION('',(1.,0.,0.));
#45300=AXIS2_PLACEMENT_3D('',#45270,#45280,#45290);
#45310=CIRCLE('',#45300,3.1);
#45320=CARTESIAN_POINT('',(54.216923,48.133846,355.4));
#45330=VERTEX_POINT('',#45320);
#45340=EDGE_CURVE('',#45220,#45330,#45310,.T.);
#45350=ORIENTED_EDGE('',*,*,#45340,.F.);
#45360=CARTESIAN_POINT('',(54.216923,48.133846,1.));
#45370=DIRECTION('',(0.,0.,1.));
#45380=VECTOR('',#45370,1.);
#45390=LINE('',#45360,#45380);
#45400=CARTESIAN_POINT('',(54.216923,48.133846,346.6));
#45410=VERTEX_POINT('',#45400);
#45420=EDGE_CURVE('',#45410,#45330,#45390,.T.);
#45430=ORIENTED_EDGE('',*,*,#45420,.T.);
#45440=CARTESIAN_POINT('',(51.116923,48.133846,346.6));
#45450=DIRECTION('',(0.,-1.,0.));
#45460=DIRECTION('',(1.,0.,0.));
#45470=AXIS2_PLACEMENT_3D('',#45440,#45450,#45460);
#45480=CIRCLE('',#45470,3.1);
#45490=EDGE_CURVE('',#45240,#45410,#45480,.T.);
#45500=ORIENTED_EDGE('',*,*,#45490,.T.);
#45510=EDGE_LOOP('',(#45500,#45430,#45350,#45260));
#45520=FACE_BOUND('',#45510,.T.);
#45530=CARTESIAN_POINT('',(54.216923,48.133846,1.));
#45540=DIRECTION('',(0.,0.,1.));
#45550=VECTOR('',#45540,1.);
#45560=LINE('',#45530,#45550);
#45570=CARTESIAN_POINT('',(54.216923,48.133846,1446.6));
#45580=VERTEX_POINT('',#45570);
#45590=CARTESIAN_POINT('',(54.216923,48.133846,1455.4));
#45600=VERTEX_POINT('',#45590);
#45610=EDGE_CURVE('',#45580,#45600,#45560,.T.);
#45620=ORIENTED_EDGE('',*,*,#45610,.T.);
#45630=CARTESIAN_POINT('',(51.116923,48.133846,1446.6));
#45640=DIRECTION('',(0.,-1.,0.));
#45650=DIRECTION('',(1.,0.,0.));
#45660=AXIS2_PLACEMENT_3D('',#45630,#45640,#45650);
#45670=CIRCLE('',#45660,3.1);
#45680=CARTESIAN_POINT('',(48.016923,48.133846,1446.6));
#45690=VERTEX_POINT('',#45680);
#45700=EDGE_CURVE('',#45690,#45580,#45670,.T.);
#45710=ORIENTED_EDGE('',*,*,#45700,.T.);
#45720=CARTESIAN_POINT('',(48.016923,48.133846,1.));
#45730=DIRECTION('',(0.,0.,-1.));
#45740=VECTOR('',#45730,1.);
#45750=LINE('',#45720,#45740);
#45760=CARTESIAN_POINT('',(48.016923,48.133846,1455.4));
#45770=VERTEX_POINT('',#45760);
#45780=EDGE_CURVE('',#45770,#45690,#45750,.T.);
#45790=ORIENTED_EDGE('',*,*,#45780,.T.);
#45800=CARTESIAN_POINT('',(51.116923,48.133846,1455.4));
#45810=DIRECTION('',(0.,1.,0.));
#45820=DIRECTION('',(1.,0.,0.));
#45830=AXIS2_PLACEMENT_3D('',#45800,#45810,#45820);
#45840=CIRCLE('',#45830,3.1);
#45850=EDGE_CURVE('',#45770,#45600,#45840,.T.);
#45860=ORIENTED_EDGE('',*,*,#45850,.F.);
#45870=EDGE_LOOP('',(#45860,#45790,#45710,#45620));
#45880=FACE_BOUND('',#45870,.T.);
#45890=CARTESIAN_POINT('',(51.116923,48.133846,1921.6));
#45900=DIRECTION('',(0.,-1.,0.));
#45910=DIRECTION('',(1.,0.,0.));
#45920=AXIS2_PLACEMENT_3D('',#45890,#45900,#45910);
#45930=CIRCLE('',#45920,3.1);
#45940=CARTESIAN_POINT('',(48.016923,48.133846,1921.6));
#45950=VERTEX_POINT('',#45940);
#45960=CARTESIAN_POINT('',(54.216923,48.133846,1921.6));
#45970=VERTEX_POINT('',#45960);
#45980=EDGE_CURVE('',#45950,#45970,#45930,.T.);
#45990=ORIENTED_EDGE('',*,*,#45980,.T.);
#46000=CARTESIAN_POINT('',(48.016923,48.133846,1.));
#46010=DIRECTION('',(0.,0.,-1.));
#46020=VECTOR('',#46010,1.);
#46030=LINE('',#46000,#46020);
#46040=CARTESIAN_POINT('',(48.016923,48.133846,1930.4));
#46050=VERTEX_POINT('',#46040);
#46060=EDGE_CURVE('',#46050,#45950,#46030,.T.);
#46070=ORIENTED_EDGE('',*,*,#46060,.T.);
#46080=CARTESIAN_POINT('',(51.116923,48.133846,1930.4));
#46090=DIRECTION('',(0.,1.,0.));
#46100=DIRECTION('',(1.,0.,0.));
#46110=AXIS2_PLACEMENT_3D('',#46080,#46090,#46100);
#46120=CIRCLE('',#46110,3.1);
#46130=CARTESIAN_POINT('',(54.216923,48.133846,1930.4));
#46140=VERTEX_POINT('',#46130);
#46150=EDGE_CURVE('',#46050,#46140,#46120,.T.);
#46160=ORIENTED_EDGE('',*,*,#46150,.F.);
#46170=CARTESIAN_POINT('',(54.216923,48.133846,1.));
#46180=DIRECTION('',(0.,0.,1.));
#46190=VECTOR('',#46180,1.);
#46200=LINE('',#46170,#46190);
#46210=EDGE_CURVE('',#45970,#46140,#46200,.T.);
#46220=ORIENTED_EDGE('',*,*,#46210,.T.);
#46230=EDGE_LOOP('',(#46220,#46160,#46070,#45990));
#46240=FACE_BOUND('',#46230,.T.);
#46250=CARTESIAN_POINT('',(54.216923,48.133846,1.));
#46260=DIRECTION('',(0.,0.,1.));
#46270=VECTOR('',#46260,1.);
#46280=LINE('',#46250,#46270);
#46290=CARTESIAN_POINT('',(54.216923,48.133846,1046.6));
#46300=VERTEX_POINT('',#46290);
#46310=CARTESIAN_POINT('',(54.216923,48.133846,1055.4));
#46320=VERTEX_POINT('',#46310);
#46330=EDGE_CURVE('',#46300,#46320,#46280,.T.);
#46340=ORIENTED_EDGE('',*,*,#46330,.T.);
#46350=CARTESIAN_POINT('',(51.116923,48.133846,1046.6));
#46360=DIRECTION('',(0.,-1.,0.));
#46370=DIRECTION('',(1.,0.,0.));
#46380=AXIS2_PLACEMENT_3D('',#46350,#46360,#46370);
#46390=CIRCLE('',#46380,3.1);
#46400=CARTESIAN_POINT('',(48.016923,48.133846,1046.6));
#46410=VERTEX_POINT('',#46400);
#46420=EDGE_CURVE('',#46410,#46300,#46390,.T.);
#46430=ORIENTED_EDGE('',*,*,#46420,.T.);
#46440=CARTESIAN_POINT('',(48.016923,48.133846,1.));
#46450=DIRECTION('',(0.,0.,-1.));
#46460=VECTOR('',#46450,1.);
#46470=LINE('',#46440,#46460);
#46480=CARTESIAN_POINT('',(48.016923,48.133846,1055.4));
#46490=VERTEX_POINT('',#46480);
#46500=EDGE_CURVE('',#46490,#46410,#46470,.T.);
#46510=ORIENTED_EDGE('',*,*,#46500,.T.);
#46520=CARTESIAN_POINT('',(51.116923,48.133846,1055.4));
#46530=DIRECTION('',(0.,1.,0.));
#46540=DIRECTION('',(1.,0.,0.));
#46550=AXIS2_PLACEMENT_3D('',#46520,#46530,#46540);
#46560=CIRCLE('',#46550,3.1);
#46570=EDGE_CURVE('',#46490,#46320,#46560,.T.);
#46580=ORIENTED_EDGE('',*,*,#46570,.F.);
#46590=EDGE_LOOP('',(#46580,#46510,#46430,#46340));
#46600=FACE_BOUND('',#46590,.T.);
#46610=CARTESIAN_POINT('',(51.116923,48.133846,980.4));
#46620=DIRECTION('',(0.,1.,0.));
#46630=DIRECTION('',(1.,0.,0.));
#46640=AXIS2_PLACEMENT_3D('',#46610,#46620,#46630);
#46650=CIRCLE('',#46640,3.1);
#46660=CARTESIAN_POINT('',(48.016923,48.133846,980.4));
#46670=VERTEX_POINT('',#46660);
#46680=CARTESIAN_POINT('',(54.216923,48.133846,980.4));
#46690=VERTEX_POINT('',#46680);
#46700=EDGE_CURVE('',#46670,#46690,#46650,.T.);
#46710=ORIENTED_EDGE('',*,*,#46700,.F.);
#46720=CARTESIAN_POINT('',(54.216923,48.133846,1.));
#46730=DIRECTION('',(0.,0.,1.));
#46740=VECTOR('',#46730,1.);
#46750=LINE('',#46720,#46740);
#46760=CARTESIAN_POINT('',(54.216923,48.133846,971.6));
#46770=VERTEX_POINT('',#46760);
#46780=EDGE_CURVE('',#46770,#46690,#46750,.T.);
#46790=ORIENTED_EDGE('',*,*,#46780,.T.);
#46800=CARTESIAN_POINT('',(51.116923,48.133846,971.6));
#46810=DIRECTION('',(0.,-1.,0.));
#46820=DIRECTION('',(1.,0.,0.));
#46830=AXIS2_PLACEMENT_3D('',#46800,#46810,#46820);
#46840=CIRCLE('',#46830,3.1);
#46850=CARTESIAN_POINT('',(48.016923,48.133846,971.6));
#46860=VERTEX_POINT('',#46850);
#46870=EDGE_CURVE('',#46860,#46770,#46840,.T.);
#46880=ORIENTED_EDGE('',*,*,#46870,.T.);
#46890=CARTESIAN_POINT('',(48.016923,48.133846,1.));
#46900=DIRECTION('',(0.,0.,-1.));
#46910=VECTOR('',#46900,1.);
#46920=LINE('',#46890,#46910);
#46930=EDGE_CURVE('',#46670,#46860,#46920,.T.);
#46940=ORIENTED_EDGE('',*,*,#46930,.T.);
#46950=EDGE_LOOP('',(#46940,#46880,#46790,#46710));
#46960=FACE_BOUND('',#46950,.T.);
#46970=CARTESIAN_POINT('',(48.016923,48.133846,1.));
#46980=DIRECTION('',(0.,0.,-1.));
#46990=VECTOR('',#46980,1.);
#47000=LINE('',#46970,#46990);
#47010=CARTESIAN_POINT('',(48.016923,48.133846,230.4));
#47020=VERTEX_POINT('',#47010);
#47030=CARTESIAN_POINT('',(48.016923,48.133846,221.6));
#47040=VERTEX_POINT('',#47030);
#47050=EDGE_CURVE('',#47020,#47040,#47000,.T.);
#47060=ORIENTED_EDGE('',*,*,#47050,.T.);
#47070=CARTESIAN_POINT('',(51.116923,48.133846,230.4));
#47080=DIRECTION('',(0.,1.,0.));
#47090=DIRECTION('',(1.,0.,0.));
#47100=AXIS2_PLACEMENT_3D('',#47070,#47080,#47090);
#47110=CIRCLE('',#47100,3.1);
#47120=CARTESIAN_POINT('',(54.216923,48.133846,230.4));
#47130=VERTEX_POINT('',#47120);
#47140=EDGE_CURVE('',#47020,#47130,#47110,.T.);
#47150=ORIENTED_EDGE('',*,*,#47140,.F.);
#47160=CARTESIAN_POINT('',(54.216923,48.133846,1.));
#47170=DIRECTION('',(0.,0.,1.));
#47180=VECTOR('',#47170,1.);
#47190=LINE('',#47160,#47180);
#47200=CARTESIAN_POINT('',(54.216923,48.133846,221.6));
#47210=VERTEX_POINT('',#47200);
#47220=EDGE_CURVE('',#47210,#47130,#47190,.T.);
#47230=ORIENTED_EDGE('',*,*,#47220,.T.);
#47240=CARTESIAN_POINT('',(51.116923,48.133846,221.6));
#47250=DIRECTION('',(0.,-1.,0.));
#47260=DIRECTION('',(1.,0.,0.));
#47270=AXIS2_PLACEMENT_3D('',#47240,#47250,#47260);
#47280=CIRCLE('',#47270,3.1);
#47290=EDGE_CURVE('',#47040,#47210,#47280,.T.);
#47300=ORIENTED_EDGE('',*,*,#47290,.T.);
#47310=EDGE_LOOP('',(#47300,#47230,#47150,#47060));
#47320=FACE_BOUND('',#47310,.T.);
#47330=CARTESIAN_POINT('',(54.216923,48.133846,1.));
#47340=DIRECTION('',(0.,0.,1.));
#47350=VECTOR('',#47340,1.);
#47360=LINE('',#47330,#47350);
#47370=CARTESIAN_POINT('',(54.216923,48.133846,1196.6));
#47380=VERTEX_POINT('',#47370);
#47390=CARTESIAN_POINT('',(54.216923,48.133846,1205.4));
#47400=VERTEX_POINT('',#47390);
#47410=EDGE_CURVE('',#47380,#47400,#47360,.T.);
#47420=ORIENTED_EDGE('',*,*,#47410,.T.);
#47430=CARTESIAN_POINT('',(51.116923,48.133846,1196.6));
#47440=DIRECTION('',(0.,-1.,0.));
#47450=DIRECTION('',(1.,0.,0.));
#47460=AXIS2_PLACEMENT_3D('',#47430,#47440,#47450);
#47470=CIRCLE('',#47460,3.1);
#47480=CARTESIAN_POINT('',(48.016923,48.133846,1196.6));
#47490=VERTEX_POINT('',#47480);
#47500=EDGE_CURVE('',#47490,#47380,#47470,.T.);
#47510=ORIENTED_EDGE('',*,*,#47500,.T.);
#47520=CARTESIAN_POINT('',(48.016923,48.133846,1.));
#47530=DIRECTION('',(0.,0.,-1.));
#47540=VECTOR('',#47530,1.);
#47550=LINE('',#47520,#47540);
#47560=CARTESIAN_POINT('',(48.016923,48.133846,1205.4));
#47570=VERTEX_POINT('',#47560);
#47580=EDGE_CURVE('',#47570,#47490,#47550,.T.);
#47590=ORIENTED_EDGE('',*,*,#47580,.T.);
#47600=CARTESIAN_POINT('',(51.116923,48.133846,1205.4));
#47610=DIRECTION('',(0.,1.,0.));
#47620=DIRECTION('',(1.,0.,0.));
#47630=AXIS2_PLACEMENT_3D('',#47600,#47610,#47620);
#47640=CIRCLE('',#47630,3.1);
#47650=EDGE_CURVE('',#47570,#47400,#47640,.T.);
#47660=ORIENTED_EDGE('',*,*,#47650,.F.);
#47670=EDGE_LOOP('',(#47660,#47590,#47510,#47420));
#47680=FACE_BOUND('',#47670,.T.);
#47690=CARTESIAN_POINT('',(54.216923,48.133846,1.));
#47700=DIRECTION('',(0.,0.,1.));
#47710=VECTOR('',#47700,1.);
#47720=LINE('',#47690,#47710);
#47730=CARTESIAN_POINT('',(54.216923,48.133846,646.6));
#47740=VERTEX_POINT('',#47730);
#47750=CARTESIAN_POINT('',(54.216923,48.133846,655.4));
#47760=VERTEX_POINT('',#47750);
#47770=EDGE_CURVE('',#47740,#47760,#47720,.T.);
#47780=ORIENTED_EDGE('',*,*,#47770,.T.);
#47790=CARTESIAN_POINT('',(51.116923,48.133846,646.6));
#47800=DIRECTION('',(0.,-1.,0.));
#47810=DIRECTION('',(1.,0.,0.));
#47820=AXIS2_PLACEMENT_3D('',#47790,#47800,#47810);
#47830=CIRCLE('',#47820,3.1);
#47840=CARTESIAN_POINT('',(48.016923,48.133846,646.6));
#47850=VERTEX_POINT('',#47840);
#47860=EDGE_CURVE('',#47850,#47740,#47830,.T.);
#47870=ORIENTED_EDGE('',*,*,#47860,.T.);
#47880=CARTESIAN_POINT('',(48.016923,48.133846,1.));
#47890=DIRECTION('',(0.,0.,-1.));
#47900=VECTOR('',#47890,1.);
#47910=LINE('',#47880,#47900);
#47920=CARTESIAN_POINT('',(48.016923,48.133846,655.4));
#47930=VERTEX_POINT('',#47920);
#47940=EDGE_CURVE('',#47930,#47850,#47910,.T.);
#47950=ORIENTED_EDGE('',*,*,#47940,.T.);
#47960=CARTESIAN_POINT('',(51.116923,48.133846,655.4));
#47970=DIRECTION('',(0.,1.,0.));
#47980=DIRECTION('',(1.,0.,0.));
#47990=AXIS2_PLACEMENT_3D('',#47960,#47970,#47980);
#48000=CIRCLE('',#47990,3.1);
#48010=EDGE_CURVE('',#47930,#47760,#48000,.T.);
#48020=ORIENTED_EDGE('',*,*,#48010,.F.);
#48030=EDGE_LOOP('',(#48020,#47950,#47870,#47780));
#48040=FACE_BOUND('',#48030,.T.);
#48050=CARTESIAN_POINT('',(51.116923,48.133846,1771.6));
#48060=DIRECTION('',(0.,-1.,0.));
#48070=DIRECTION('',(1.,0.,0.));
#48080=AXIS2_PLACEMENT_3D('',#48050,#48060,#48070);
#48090=CIRCLE('',#48080,3.1);
#48100=CARTESIAN_POINT('',(48.016923,48.133846,1771.6));
#48110=VERTEX_POINT('',#48100);
#48120=CARTESIAN_POINT('',(54.216923,48.133846,1771.6));
#48130=VERTEX_POINT('',#48120);
#48140=EDGE_CURVE('',#48110,#48130,#48090,.T.);
#48150=ORIENTED_EDGE('',*,*,#48140,.T.);
#48160=CARTESIAN_POINT('',(48.016923,48.133846,1.));
#48170=DIRECTION('',(0.,0.,-1.));
#48180=VECTOR('',#48170,1.);
#48190=LINE('',#48160,#48180);
#48200=CARTESIAN_POINT('',(48.016923,48.133846,1780.4));
#48210=VERTEX_POINT('',#48200);
#48220=EDGE_CURVE('',#48210,#48110,#48190,.T.);
#48230=ORIENTED_EDGE('',*,*,#48220,.T.);
#48240=CARTESIAN_POINT('',(51.116923,48.133846,1780.4));
#48250=DIRECTION('',(0.,1.,0.));
#48260=DIRECTION('',(1.,0.,0.));
#48270=AXIS2_PLACEMENT_3D('',#48240,#48250,#48260);
#48280=CIRCLE('',#48270,3.1);
#48290=CARTESIAN_POINT('',(54.216923,48.133846,1780.4));
#48300=VERTEX_POINT('',#48290);
#48310=EDGE_CURVE('',#48210,#48300,#48280,.T.);
#48320=ORIENTED_EDGE('',*,*,#48310,.F.);
#48330=CARTESIAN_POINT('',(54.216923,48.133846,1.));
#48340=DIRECTION('',(0.,0.,1.));
#48350=VECTOR('',#48340,1.);
#48360=LINE('',#48330,#48350);
#48370=EDGE_CURVE('',#48130,#48300,#48360,.T.);
#48380=ORIENTED_EDGE('',*,*,#48370,.T.);
#48390=EDGE_LOOP('',(#48380,#48320,#48230,#48150));
#48400=FACE_BOUND('',#48390,.T.);
#48410=CARTESIAN_POINT('',(51.116923,48.133846,1671.6));
#48420=DIRECTION('',(0.,-1.,0.));
#48430=DIRECTION('',(1.,0.,0.));
#48440=AXIS2_PLACEMENT_3D('',#48410,#48420,#48430);
#48450=CIRCLE('',#48440,3.1);
#48460=CARTESIAN_POINT('',(48.016923,48.133846,1671.6));
#48470=VERTEX_POINT('',#48460);
#48480=CARTESIAN_POINT('',(54.216923,48.133846,1671.6));
#48490=VERTEX_POINT('',#48480);
#48500=EDGE_CURVE('',#48470,#48490,#48450,.T.);
#48510=ORIENTED_EDGE('',*,*,#48500,.T.);
#48520=CARTESIAN_POINT('',(48.016923,48.133846,1.));
#48530=DIRECTION('',(0.,0.,-1.));
#48540=VECTOR('',#48530,1.);
#48550=LINE('',#48520,#48540);
#48560=CARTESIAN_POINT('',(48.016923,48.133846,1680.4));
#48570=VERTEX_POINT('',#48560);
#48580=EDGE_CURVE('',#48570,#48470,#48550,.T.);
#48590=ORIENTED_EDGE('',*,*,#48580,.T.);
#48600=CARTESIAN_POINT('',(51.116923,48.133846,1680.4));
#48610=DIRECTION('',(0.,1.,0.));
#48620=DIRECTION('',(1.,0.,0.));
#48630=AXIS2_PLACEMENT_3D('',#48600,#48610,#48620);
#48640=CIRCLE('',#48630,3.1);
#48650=CARTESIAN_POINT('',(54.216923,48.133846,1680.4));
#48660=VERTEX_POINT('',#48650);
#48670=EDGE_CURVE('',#48570,#48660,#48640,.T.);
#48680=ORIENTED_EDGE('',*,*,#48670,.F.);
#48690=CARTESIAN_POINT('',(54.216923,48.133846,1.));
#48700=DIRECTION('',(0.,0.,1.));
#48710=VECTOR('',#48700,1.);
#48720=LINE('',#48690,#48710);
#48730=EDGE_CURVE('',#48490,#48660,#48720,.T.);
#48740=ORIENTED_EDGE('',*,*,#48730,.T.);
#48750=EDGE_LOOP('',(#48740,#48680,#48590,#48510));
#48760=FACE_BOUND('',#48750,.T.);
#48770=CARTESIAN_POINT('',(54.216923,48.133846,1.));
#48780=DIRECTION('',(0.,0.,1.));
#48790=VECTOR('',#48780,1.);
#48800=LINE('',#48770,#48790);
#48810=CARTESIAN_POINT('',(54.216923,48.133846,1521.6));
#48820=VERTEX_POINT('',#48810);
#48830=CARTESIAN_POINT('',(54.216923,48.133846,1530.4));
#48840=VERTEX_POINT('',#48830);
#48850=EDGE_CURVE('',#48820,#48840,#48800,.T.);
#48860=ORIENTED_EDGE('',*,*,#48850,.T.);
#48870=CARTESIAN_POINT('',(51.116923,48.133846,1521.6));
#48880=DIRECTION('',(0.,-1.,0.));
#48890=DIRECTION('',(1.,0.,0.));
#48900=AXIS2_PLACEMENT_3D('',#48870,#48880,#48890);
#48910=CIRCLE('',#48900,3.1);
#48920=CARTESIAN_POINT('',(48.016923,48.133846,1521.6));
#48930=VERTEX_POINT('',#48920);
#48940=EDGE_CURVE('',#48930,#48820,#48910,.T.);
#48950=ORIENTED_EDGE('',*,*,#48940,.T.);
#48960=CARTESIAN_POINT('',(48.016923,48.133846,1.));
#48970=DIRECTION('',(0.,0.,-1.));
#48980=VECTOR('',#48970,1.);
#48990=LINE('',#48960,#48980);
#49000=CARTESIAN_POINT('',(48.016923,48.133846,1530.4));
#49010=VERTEX_POINT('',#49000);
#49020=EDGE_CURVE('',#49010,#48930,#48990,.T.);
#49030=ORIENTED_EDGE('',*,*,#49020,.T.);
#49040=CARTESIAN_POINT('',(51.116923,48.133846,1530.4));
#49050=DIRECTION('',(0.,1.,0.));
#49060=DIRECTION('',(1.,0.,0.));
#49070=AXIS2_PLACEMENT_3D('',#49040,#49050,#49060);
#49080=CIRCLE('',#49070,3.1);
#49090=EDGE_CURVE('',#49010,#48840,#49080,.T.);
#49100=ORIENTED_EDGE('',*,*,#49090,.F.);
#49110=EDGE_LOOP('',(#49100,#49030,#48950,#48860));
#49120=FACE_BOUND('',#49110,.T.);
#49130=CARTESIAN_POINT('',(54.216923,48.133846,1.));
#49140=DIRECTION('',(0.,0.,1.));
#49150=VECTOR('',#49140,1.);
#49160=LINE('',#49130,#49150);
#49170=CARTESIAN_POINT('',(54.216923,48.133846,621.6));
#49180=VERTEX_POINT('',#49170);
#49190=CARTESIAN_POINT('',(54.216923,48.133846,630.4));
#49200=VERTEX_POINT('',#49190);
#49210=EDGE_CURVE('',#49180,#49200,#49160,.T.);
#49220=ORIENTED_EDGE('',*,*,#49210,.T.);
#49230=CARTESIAN_POINT('',(51.116923,48.133846,621.6));
#49240=DIRECTION('',(0.,-1.,0.));
#49250=DIRECTION('',(1.,0.,0.));
#49260=AXIS2_PLACEMENT_3D('',#49230,#49240,#49250);
#49270=CIRCLE('',#49260,3.1);
#49280=CARTESIAN_POINT('',(48.016923,48.133846,621.6));
#49290=VERTEX_POINT('',#49280);
#49300=EDGE_CURVE('',#49290,#49180,#49270,.T.);
#49310=ORIENTED_EDGE('',*,*,#49300,.T.);
#49320=CARTESIAN_POINT('',(48.016923,48.133846,1.));
#49330=DIRECTION('',(0.,0.,-1.));
#49340=VECTOR('',#49330,1.);
#49350=LINE('',#49320,#49340);
#49360=CARTESIAN_POINT('',(48.016923,48.133846,630.4));
#49370=VERTEX_POINT('',#49360);
#49380=EDGE_CURVE('',#49370,#49290,#49350,.T.);
#49390=ORIENTED_EDGE('',*,*,#49380,.T.);
#49400=CARTESIAN_POINT('',(51.116923,48.133846,630.4));
#49410=DIRECTION('',(0.,1.,0.));
#49420=DIRECTION('',(1.,0.,0.));
#49430=AXIS2_PLACEMENT_3D('',#49400,#49410,#49420);
#49440=CIRCLE('',#49430,3.1);
#49450=EDGE_CURVE('',#49370,#49200,#49440,.T.);
#49460=ORIENTED_EDGE('',*,*,#49450,.F.);
#49470=EDGE_LOOP('',(#49460,#49390,#49310,#49220));
#49480=FACE_BOUND('',#49470,.T.);
#49490=CARTESIAN_POINT('',(51.116923,48.133846,1546.6));
#49500=DIRECTION('',(0.,-1.,0.));
#49510=DIRECTION('',(1.,0.,0.));
#49520=AXIS2_PLACEMENT_3D('',#49490,#49500,#49510);
#49530=CIRCLE('',#49520,3.1);
#49540=CARTESIAN_POINT('',(48.016923,48.133846,1546.6));
#49550=VERTEX_POINT('',#49540);
#49560=CARTESIAN_POINT('',(54.216923,48.133846,1546.6));
#49570=VERTEX_POINT('',#49560);
#49580=EDGE_CURVE('',#49550,#49570,#49530,.T.);
#49590=ORIENTED_EDGE('',*,*,#49580,.T.);
#49600=CARTESIAN_POINT('',(48.016923,48.133846,1.));
#49610=DIRECTION('',(0.,0.,-1.));
#49620=VECTOR('',#49610,1.);
#49630=LINE('',#49600,#49620);
#49640=CARTESIAN_POINT('',(48.016923,48.133846,1555.4));
#49650=VERTEX_POINT('',#49640);
#49660=EDGE_CURVE('',#49650,#49550,#49630,.T.);
#49670=ORIENTED_EDGE('',*,*,#49660,.T.);
#49680=CARTESIAN_POINT('',(51.116923,48.133846,1555.4));
#49690=DIRECTION('',(0.,1.,0.));
#49700=DIRECTION('',(1.,0.,0.));
#49710=AXIS2_PLACEMENT_3D('',#49680,#49690,#49700);
#49720=CIRCLE('',#49710,3.1);
#49730=CARTESIAN_POINT('',(54.216923,48.133846,1555.4));
#49740=VERTEX_POINT('',#49730);
#49750=EDGE_CURVE('',#49650,#49740,#49720,.T.);
#49760=ORIENTED_EDGE('',*,*,#49750,.F.);
#49770=CARTESIAN_POINT('',(54.216923,48.133846,1.));
#49780=DIRECTION('',(0.,0.,1.));
#49790=VECTOR('',#49780,1.);
#49800=LINE('',#49770,#49790);
#49810=EDGE_CURVE('',#49570,#49740,#49800,.T.);
#49820=ORIENTED_EDGE('',*,*,#49810,.T.);
#49830=EDGE_LOOP('',(#49820,#49760,#49670,#49590));
#49840=FACE_BOUND('',#49830,.T.);
#49850=CARTESIAN_POINT('',(48.016923,48.133846,1.));
#49860=DIRECTION('',(0.,0.,-1.));
#49870=VECTOR('',#49860,1.);
#49880=LINE('',#49850,#49870);
#49890=CARTESIAN_POINT('',(48.016923,48.133846,380.4));
#49900=VERTEX_POINT('',#49890);
#49910=CARTESIAN_POINT('',(48.016923,48.133846,371.6));
#49920=VERTEX_POINT('',#49910);
#49930=EDGE_CURVE('',#49900,#49920,#49880,.T.);
#49940=ORIENTED_EDGE('',*,*,#49930,.T.);
#49950=CARTESIAN_POINT('',(51.116923,48.133846,380.4));
#49960=DIRECTION('',(0.,1.,0.));
#49970=DIRECTION('',(1.,0.,0.));
#49980=AXIS2_PLACEMENT_3D('',#49950,#49960,#49970);
#49990=CIRCLE('',#49980,3.1);
#50000=CARTESIAN_POINT('',(54.216923,48.133846,380.4));
#50010=VERTEX_POINT('',#50000);
#50020=EDGE_CURVE('',#49900,#50010,#49990,.T.);
#50030=ORIENTED_EDGE('',*,*,#50020,.F.);
#50040=CARTESIAN_POINT('',(54.216923,48.133846,1.));
#50050=DIRECTION('',(0.,0.,1.));
#50060=VECTOR('',#50050,1.);
#50070=LINE('',#50040,#50060);
#50080=CARTESIAN_POINT('',(54.216923,48.133846,371.6));
#50090=VERTEX_POINT('',#50080);
#50100=EDGE_CURVE('',#50090,#50010,#50070,.T.);
#50110=ORIENTED_EDGE('',*,*,#50100,.T.);
#50120=CARTESIAN_POINT('',(51.116923,48.133846,371.6));
#50130=DIRECTION('',(0.,-1.,0.));
#50140=DIRECTION('',(1.,0.,0.));
#50150=AXIS2_PLACEMENT_3D('',#50120,#50130,#50140);
#50160=CIRCLE('',#50150,3.1);
#50170=EDGE_CURVE('',#49920,#50090,#50160,.T.);
#50180=ORIENTED_EDGE('',*,*,#50170,.T.);
#50190=EDGE_LOOP('',(#50180,#50110,#50030,#49940));
#50200=FACE_BOUND('',#50190,.T.);
#50210=CARTESIAN_POINT('',(51.116923,48.133846,1896.6));
#50220=DIRECTION('',(0.,-1.,0.));
#50230=DIRECTION('',(1.,0.,0.));
#50240=AXIS2_PLACEMENT_3D('',#50210,#50220,#50230);
#50250=CIRCLE('',#50240,3.1);
#50260=CARTESIAN_POINT('',(48.016923,48.133846,1896.6));
#50270=VERTEX_POINT('',#50260);
#50280=CARTESIAN_POINT('',(54.216923,48.133846,1896.6));
#50290=VERTEX_POINT('',#50280);
#50300=EDGE_CURVE('',#50270,#50290,#50250,.T.);
#50310=ORIENTED_EDGE('',*,*,#50300,.T.);
#50320=CARTESIAN_POINT('',(48.016923,48.133846,1.));
#50330=DIRECTION('',(0.,0.,-1.));
#50340=VECTOR('',#50330,1.);
#50350=LINE('',#50320,#50340);
#50360=CARTESIAN_POINT('',(48.016923,48.133846,1905.4));
#50370=VERTEX_POINT('',#50360);
#50380=EDGE_CURVE('',#50370,#50270,#50350,.T.);
#50390=ORIENTED_EDGE('',*,*,#50380,.T.);
#50400=CARTESIAN_POINT('',(51.116923,48.133846,1905.4));
#50410=DIRECTION('',(0.,1.,0.));
#50420=DIRECTION('',(1.,0.,0.));
#50430=AXIS2_PLACEMENT_3D('',#50400,#50410,#50420);
#50440=CIRCLE('',#50430,3.1);
#50450=CARTESIAN_POINT('',(54.216923,48.133846,1905.4));
#50460=VERTEX_POINT('',#50450);
#50470=EDGE_CURVE('',#50370,#50460,#50440,.T.);
#50480=ORIENTED_EDGE('',*,*,#50470,.F.);
#50490=CARTESIAN_POINT('',(54.216923,48.133846,1.));
#50500=DIRECTION('',(0.,0.,1.));
#50510=VECTOR('',#50500,1.);
#50520=LINE('',#50490,#50510);
#50530=EDGE_CURVE('',#50290,#50460,#50520,.T.);
#50540=ORIENTED_EDGE('',*,*,#50530,.T.);
#50550=EDGE_LOOP('',(#50540,#50480,#50390,#50310));
#50560=FACE_BOUND('',#50550,.T.);
#50570=CARTESIAN_POINT('',(54.216923,48.133846,1.));
#50580=DIRECTION('',(0.,0.,1.));
#50590=VECTOR('',#50580,1.);
#50600=LINE('',#50570,#50590);
#50610=CARTESIAN_POINT('',(54.216923,48.133846,296.6));
#50620=VERTEX_POINT('',#50610);
#50630=CARTESIAN_POINT('',(54.216923,48.133846,305.4));
#50640=VERTEX_POINT('',#50630);
#50650=EDGE_CURVE('',#50620,#50640,#50600,.T.);
#50660=ORIENTED_EDGE('',*,*,#50650,.T.);
#50670=CARTESIAN_POINT('',(51.116923,48.133846,296.6));
#50680=DIRECTION('',(0.,-1.,0.));
#50690=DIRECTION('',(1.,0.,0.));
#50700=AXIS2_PLACEMENT_3D('',#50670,#50680,#50690);
#50710=CIRCLE('',#50700,3.1);
#50720=CARTESIAN_POINT('',(48.016923,48.133846,296.6));
#50730=VERTEX_POINT('',#50720);
#50740=EDGE_CURVE('',#50730,#50620,#50710,.T.);
#50750=ORIENTED_EDGE('',*,*,#50740,.T.);
#50760=CARTESIAN_POINT('',(48.016923,48.133846,1.));
#50770=DIRECTION('',(0.,0.,-1.));
#50780=VECTOR('',#50770,1.);
#50790=LINE('',#50760,#50780);
#50800=CARTESIAN_POINT('',(48.016923,48.133846,305.4));
#50810=VERTEX_POINT('',#50800);
#50820=EDGE_CURVE('',#50810,#50730,#50790,.T.);
#50830=ORIENTED_EDGE('',*,*,#50820,.T.);
#50840=CARTESIAN_POINT('',(51.116923,48.133846,305.4));
#50850=DIRECTION('',(0.,1.,0.));
#50860=DIRECTION('',(1.,0.,0.));
#50870=AXIS2_PLACEMENT_3D('',#50840,#50850,#50860);
#50880=CIRCLE('',#50870,3.1);
#50890=EDGE_CURVE('',#50810,#50640,#50880,.T.);
#50900=ORIENTED_EDGE('',*,*,#50890,.F.);
#50910=EDGE_LOOP('',(#50900,#50830,#50750,#50660));
#50920=FACE_BOUND('',#50910,.T.);
#50930=CARTESIAN_POINT('',(51.116923,48.133846,1305.4));
#50940=DIRECTION('',(0.,1.,0.));
#50950=DIRECTION('',(1.,0.,0.));
#50960=AXIS2_PLACEMENT_3D('',#50930,#50940,#50950);
#50970=CIRCLE('',#50960,3.1);
#50980=CARTESIAN_POINT('',(48.016923,48.133846,1305.4));
#50990=VERTEX_POINT('',#50980);
#51000=CARTESIAN_POINT('',(54.216923,48.133846,1305.4));
#51010=VERTEX_POINT('',#51000);
#51020=EDGE_CURVE('',#50990,#51010,#50970,.T.);
#51030=ORIENTED_EDGE('',*,*,#51020,.F.);
#51040=CARTESIAN_POINT('',(54.216923,48.133846,1.));
#51050=DIRECTION('',(0.,0.,1.));
#51060=VECTOR('',#51050,1.);
#51070=LINE('',#51040,#51060);
#51080=CARTESIAN_POINT('',(54.216923,48.133846,1296.6));
#51090=VERTEX_POINT('',#51080);
#51100=EDGE_CURVE('',#51090,#51010,#51070,.T.);
#51110=ORIENTED_EDGE('',*,*,#51100,.T.);
#51120=CARTESIAN_POINT('',(51.116923,48.133846,1296.6));
#51130=DIRECTION('',(0.,-1.,0.));
#51140=DIRECTION('',(1.,0.,0.));
#51150=AXIS2_PLACEMENT_3D('',#51120,#51130,#51140);
#51160=CIRCLE('',#51150,3.1);
#51170=CARTESIAN_POINT('',(48.016923,48.133846,1296.6));
#51180=VERTEX_POINT('',#51170);
#51190=EDGE_CURVE('',#51180,#51090,#51160,.T.);
#51200=ORIENTED_EDGE('',*,*,#51190,.T.);
#51210=CARTESIAN_POINT('',(48.016923,48.133846,1.));
#51220=DIRECTION('',(0.,0.,-1.));
#51230=VECTOR('',#51220,1.);
#51240=LINE('',#51210,#51230);
#51250=EDGE_CURVE('',#50990,#51180,#51240,.T.);
#51260=ORIENTED_EDGE('',*,*,#51250,.T.);
#51270=EDGE_LOOP('',(#51260,#51200,#51110,#51030));
#51280=FACE_BOUND('',#51270,.T.);
#51290=CARTESIAN_POINT('',(51.116923,48.133846,1721.6));
#51300=DIRECTION('',(0.,-1.,0.));
#51310=DIRECTION('',(1.,0.,0.));
#51320=AXIS2_PLACEMENT_3D('',#51290,#51300,#51310);
#51330=CIRCLE('',#51320,3.1);
#51340=CARTESIAN_POINT('',(48.016923,48.133846,1721.6));
#51350=VERTEX_POINT('',#51340);
#51360=CARTESIAN_POINT('',(54.216923,48.133846,1721.6));
#51370=VERTEX_POINT('',#51360);
#51380=EDGE_CURVE('',#51350,#51370,#51330,.T.);
#51390=ORIENTED_EDGE('',*,*,#51380,.T.);
#51400=CARTESIAN_POINT('',(48.016923,48.133846,1.));
#51410=DIRECTION('',(0.,0.,-1.));
#51420=VECTOR('',#51410,1.);
#51430=LINE('',#51400,#51420);
#51440=CARTESIAN_POINT('',(48.016923,48.133846,1730.4));
#51450=VERTEX_POINT('',#51440);
#51460=EDGE_CURVE('',#51450,#51350,#51430,.T.);
#51470=ORIENTED_EDGE('',*,*,#51460,.T.);
#51480=CARTESIAN_POINT('',(51.116923,48.133846,1730.4));
#51490=DIRECTION('',(0.,1.,0.));
#51500=DIRECTION('',(1.,0.,0.));
#51510=AXIS2_PLACEMENT_3D('',#51480,#51490,#51500);
#51520=CIRCLE('',#51510,3.1);
#51530=CARTESIAN_POINT('',(54.216923,48.133846,1730.4));
#51540=VERTEX_POINT('',#51530);
#51550=EDGE_CURVE('',#51450,#51540,#51520,.T.);
#51560=ORIENTED_EDGE('',*,*,#51550,.F.);
#51570=CARTESIAN_POINT('',(54.216923,48.133846,1.));
#51580=DIRECTION('',(0.,0.,1.));
#51590=VECTOR('',#51580,1.);
#51600=LINE('',#51570,#51590);
#51610=EDGE_CURVE('',#51370,#51540,#51600,.T.);
#51620=ORIENTED_EDGE('',*,*,#51610,.T.);
#51630=EDGE_LOOP('',(#51620,#51560,#51470,#51390));
#51640=FACE_BOUND('',#51630,.T.);
#51650=CARTESIAN_POINT('',(51.116923,48.133846,471.6));
#51660=DIRECTION('',(0.,-1.,0.));
#51670=DIRECTION('',(1.,0.,0.));
#51680=AXIS2_PLACEMENT_3D('',#51650,#51660,#51670);
#51690=CIRCLE('',#51680,3.1);
#51700=CARTESIAN_POINT('',(48.016923,48.133846,471.6));
#51710=VERTEX_POINT('',#51700);
#51720=CARTESIAN_POINT('',(54.216923,48.133846,471.6));
#51730=VERTEX_POINT('',#51720);
#51740=EDGE_CURVE('',#51710,#51730,#51690,.T.);
#51750=ORIENTED_EDGE('',*,*,#51740,.T.);
#51760=CARTESIAN_POINT('',(48.016923,48.133846,1.));
#51770=DIRECTION('',(0.,0.,-1.));
#51780=VECTOR('',#51770,1.);
#51790=LINE('',#51760,#51780);
#51800=CARTESIAN_POINT('',(48.016923,48.133846,480.4));
#51810=VERTEX_POINT('',#51800);
#51820=EDGE_CURVE('',#51810,#51710,#51790,.T.);
#51830=ORIENTED_EDGE('',*,*,#51820,.T.);
#51840=CARTESIAN_POINT('',(51.116923,48.133846,480.4));
#51850=DIRECTION('',(0.,1.,0.));
#51860=DIRECTION('',(1.,0.,0.));
#51870=AXIS2_PLACEMENT_3D('',#51840,#51850,#51860);
#51880=CIRCLE('',#51870,3.1);
#51890=CARTESIAN_POINT('',(54.216923,48.133846,480.4));
#51900=VERTEX_POINT('',#51890);
#51910=EDGE_CURVE('',#51810,#51900,#51880,.T.);
#51920=ORIENTED_EDGE('',*,*,#51910,.F.);
#51930=CARTESIAN_POINT('',(54.216923,48.133846,1.));
#51940=DIRECTION('',(0.,0.,1.));
#51950=VECTOR('',#51940,1.);
#51960=LINE('',#51930,#51950);
#51970=EDGE_CURVE('',#51730,#51900,#51960,.T.);
#51980=ORIENTED_EDGE('',*,*,#51970,.T.);
#51990=EDGE_LOOP('',(#51980,#51920,#51830,#51750));
#52000=FACE_BOUND('',#51990,.T.);
#52010=CARTESIAN_POINT('',(54.216923,48.133846,1.));
#52020=DIRECTION('',(0.,0.,1.));
#52030=VECTOR('',#52020,1.);
#52040=LINE('',#52010,#52030);
#52050=CARTESIAN_POINT('',(54.216923,48.133846,521.6));
#52060=VERTEX_POINT('',#52050);
#52070=CARTESIAN_POINT('',(54.216923,48.133846,530.4));
#52080=VERTEX_POINT('',#52070);
#52090=EDGE_CURVE('',#52060,#52080,#52040,.T.);
#52100=ORIENTED_EDGE('',*,*,#52090,.T.);
#52110=CARTESIAN_POINT('',(51.116923,48.133846,521.6));
#52120=DIRECTION('',(0.,-1.,0.));
#52130=DIRECTION('',(1.,0.,0.));
#52140=AXIS2_PLACEMENT_3D('',#52110,#52120,#52130);
#52150=CIRCLE('',#52140,3.1);
#52160=CARTESIAN_POINT('',(48.016923,48.133846,521.6));
#52170=VERTEX_POINT('',#52160);
#52180=EDGE_CURVE('',#52170,#52060,#52150,.T.);
#52190=ORIENTED_EDGE('',*,*,#52180,.T.);
#52200=CARTESIAN_POINT('',(48.016923,48.133846,1.));
#52210=DIRECTION('',(0.,0.,-1.));
#52220=VECTOR('',#52210,1.);
#52230=LINE('',#52200,#52220);
#52240=CARTESIAN_POINT('',(48.016923,48.133846,530.4));
#52250=VERTEX_POINT('',#52240);
#52260=EDGE_CURVE('',#52250,#52170,#52230,.T.);
#52270=ORIENTED_EDGE('',*,*,#52260,.T.);
#52280=CARTESIAN_POINT('',(51.116923,48.133846,530.4));
#52290=DIRECTION('',(0.,1.,0.));
#52300=DIRECTION('',(1.,0.,0.));
#52310=AXIS2_PLACEMENT_3D('',#52280,#52290,#52300);
#52320=CIRCLE('',#52310,3.1);
#52330=EDGE_CURVE('',#52250,#52080,#52320,.T.);
#52340=ORIENTED_EDGE('',*,*,#52330,.F.);
#52350=EDGE_LOOP('',(#52340,#52270,#52190,#52100));
#52360=FACE_BOUND('',#52350,.T.);
#52370=CARTESIAN_POINT('',(51.116923,48.133846,1255.4));
#52380=DIRECTION('',(0.,1.,0.));
#52390=DIRECTION('',(1.,0.,0.));
#52400=AXIS2_PLACEMENT_3D('',#52370,#52380,#52390);
#52410=CIRCLE('',#52400,3.1);
#52420=CARTESIAN_POINT('',(48.016923,48.133846,1255.4));
#52430=VERTEX_POINT('',#52420);
#52440=CARTESIAN_POINT('',(54.216923,48.133846,1255.4));
#52450=VERTEX_POINT('',#52440);
#52460=EDGE_CURVE('',#52430,#52450,#52410,.T.);
#52470=ORIENTED_EDGE('',*,*,#52460,.F.);
#52480=CARTESIAN_POINT('',(54.216923,48.133846,1.));
#52490=DIRECTION('',(0.,0.,1.));
#52500=VECTOR('',#52490,1.);
#52510=LINE('',#52480,#52500);
#52520=CARTESIAN_POINT('',(54.216923,48.133846,1246.6));
#52530=VERTEX_POINT('',#52520);
#52540=EDGE_CURVE('',#52530,#52450,#52510,.T.);
#52550=ORIENTED_EDGE('',*,*,#52540,.T.);
#52560=CARTESIAN_POINT('',(51.116923,48.133846,1246.6));
#52570=DIRECTION('',(0.,-1.,0.));
#52580=DIRECTION('',(1.,0.,0.));
#52590=AXIS2_PLACEMENT_3D('',#52560,#52570,#52580);
#52600=CIRCLE('',#52590,3.1);
#52610=CARTESIAN_POINT('',(48.016923,48.133846,1246.6));
#52620=VERTEX_POINT('',#52610);
#52630=EDGE_CURVE('',#52620,#52530,#52600,.T.);
#52640=ORIENTED_EDGE('',*,*,#52630,.T.);
#52650=CARTESIAN_POINT('',(48.016923,48.133846,1.));
#52660=DIRECTION('',(0.,0.,-1.));
#52670=VECTOR('',#52660,1.);
#52680=LINE('',#52650,#52670);
#52690=EDGE_CURVE('',#52430,#52620,#52680,.T.);
#52700=ORIENTED_EDGE('',*,*,#52690,.T.);
#52710=EDGE_LOOP('',(#52700,#52640,#52550,#52470));
#52720=FACE_BOUND('',#52710,.T.);
#52730=CARTESIAN_POINT('',(51.116923,48.133846,1571.6));
#52740=DIRECTION('',(0.,-1.,0.));
#52750=DIRECTION('',(1.,0.,0.));
#52760=AXIS2_PLACEMENT_3D('',#52730,#52740,#52750);
#52770=CIRCLE('',#52760,3.1);
#52780=CARTESIAN_POINT('',(48.016923,48.133846,1571.6));
#52790=VERTEX_POINT('',#52780);
#52800=CARTESIAN_POINT('',(54.216923,48.133846,1571.6));
#52810=VERTEX_POINT('',#52800);
#52820=EDGE_CURVE('',#52790,#52810,#52770,.T.);
#52830=ORIENTED_EDGE('',*,*,#52820,.T.);
#52840=CARTESIAN_POINT('',(48.016923,48.133846,1.));
#52850=DIRECTION('',(0.,0.,-1.));
#52860=VECTOR('',#52850,1.);
#52870=LINE('',#52840,#52860);
#52880=CARTESIAN_POINT('',(48.016923,48.133846,1580.4));
#52890=VERTEX_POINT('',#52880);
#52900=EDGE_CURVE('',#52890,#52790,#52870,.T.);
#52910=ORIENTED_EDGE('',*,*,#52900,.T.);
#52920=CARTESIAN_POINT('',(51.116923,48.133846,1580.4));
#52930=DIRECTION('',(0.,1.,0.));
#52940=DIRECTION('',(1.,0.,0.));
#52950=AXIS2_PLACEMENT_3D('',#52920,#52930,#52940);
#52960=CIRCLE('',#52950,3.1);
#52970=CARTESIAN_POINT('',(54.216923,48.133846,1580.4));
#52980=VERTEX_POINT('',#52970);
#52990=EDGE_CURVE('',#52890,#52980,#52960,.T.);
#53000=ORIENTED_EDGE('',*,*,#52990,.F.);
#53010=CARTESIAN_POINT('',(54.216923,48.133846,1.));
#53020=DIRECTION('',(0.,0.,1.));
#53030=VECTOR('',#53020,1.);
#53040=LINE('',#53010,#53030);
#53050=EDGE_CURVE('',#52810,#52980,#53040,.T.);
#53060=ORIENTED_EDGE('',*,*,#53050,.T.);
#53070=EDGE_LOOP('',(#53060,#53000,#52910,#52830));
#53080=FACE_BOUND('',#53070,.T.);
#53090=CARTESIAN_POINT('',(51.116923,48.133846,1846.6));
#53100=DIRECTION('',(0.,-1.,0.));
#53110=DIRECTION('',(1.,0.,0.));
#53120=AXIS2_PLACEMENT_3D('',#53090,#53100,#53110);
#53130=CIRCLE('',#53120,3.1);
#53140=CARTESIAN_POINT('',(48.016923,48.133846,1846.6));
#53150=VERTEX_POINT('',#53140);
#53160=CARTESIAN_POINT('',(54.216923,48.133846,1846.6));
#53170=VERTEX_POINT('',#53160);
#53180=EDGE_CURVE('',#53150,#53170,#53130,.T.);
#53190=ORIENTED_EDGE('',*,*,#53180,.T.);
#53200=CARTESIAN_POINT('',(48.016923,48.133846,1.));
#53210=DIRECTION('',(0.,0.,-1.));
#53220=VECTOR('',#53210,1.);
#53230=LINE('',#53200,#53220);
#53240=CARTESIAN_POINT('',(48.016923,48.133846,1855.4));
#53250=VERTEX_POINT('',#53240);
#53260=EDGE_CURVE('',#53250,#53150,#53230,.T.);
#53270=ORIENTED_EDGE('',*,*,#53260,.T.);
#53280=CARTESIAN_POINT('',(51.116923,48.133846,1855.4));
#53290=DIRECTION('',(0.,1.,0.));
#53300=DIRECTION('',(1.,0.,0.));
#53310=AXIS2_PLACEMENT_3D('',#53280,#53290,#53300);
#53320=CIRCLE('',#53310,3.1);
#53330=CARTESIAN_POINT('',(54.216923,48.133846,1855.4));
#53340=VERTEX_POINT('',#53330);
#53350=EDGE_CURVE('',#53250,#53340,#53320,.T.);
#53360=ORIENTED_EDGE('',*,*,#53350,.F.);
#53370=CARTESIAN_POINT('',(54.216923,48.133846,1.));
#53380=DIRECTION('',(0.,0.,1.));
#53390=VECTOR('',#53380,1.);
#53400=LINE('',#53370,#53390);
#53410=EDGE_CURVE('',#53170,#53340,#53400,.T.);
#53420=ORIENTED_EDGE('',*,*,#53410,.T.);
#53430=EDGE_LOOP('',(#53420,#53360,#53270,#53190));
#53440=FACE_BOUND('',#53430,.T.);
#53450=CARTESIAN_POINT('',(54.216923,48.133846,1.));
#53460=DIRECTION('',(0.,0.,1.));
#53470=VECTOR('',#53460,1.);
#53480=LINE('',#53450,#53470);
#53490=CARTESIAN_POINT('',(54.216923,48.133846,846.6));
#53500=VERTEX_POINT('',#53490);
#53510=CARTESIAN_POINT('',(54.216923,48.133846,855.4));
#53520=VERTEX_POINT('',#53510);
#53530=EDGE_CURVE('',#53500,#53520,#53480,.T.);
#53540=ORIENTED_EDGE('',*,*,#53530,.T.);
#53550=CARTESIAN_POINT('',(51.116923,48.133846,846.6));
#53560=DIRECTION('',(0.,-1.,0.));
#53570=DIRECTION('',(1.,0.,0.));
#53580=AXIS2_PLACEMENT_3D('',#53550,#53560,#53570);
#53590=CIRCLE('',#53580,3.1);
#53600=CARTESIAN_POINT('',(48.016923,48.133846,846.6));
#53610=VERTEX_POINT('',#53600);
#53620=EDGE_CURVE('',#53610,#53500,#53590,.T.);
#53630=ORIENTED_EDGE('',*,*,#53620,.T.);
#53640=CARTESIAN_POINT('',(48.016923,48.133846,1.));
#53650=DIRECTION('',(0.,0.,-1.));
#53660=VECTOR('',#53650,1.);
#53670=LINE('',#53640,#53660);
#53680=CARTESIAN_POINT('',(48.016923,48.133846,855.4));
#53690=VERTEX_POINT('',#53680);
#53700=EDGE_CURVE('',#53690,#53610,#53670,.T.);
#53710=ORIENTED_EDGE('',*,*,#53700,.T.);
#53720=CARTESIAN_POINT('',(51.116923,48.133846,855.4));
#53730=DIRECTION('',(0.,1.,0.));
#53740=DIRECTION('',(1.,0.,0.));
#53750=AXIS2_PLACEMENT_3D('',#53720,#53730,#53740);
#53760=CIRCLE('',#53750,3.1);
#53770=EDGE_CURVE('',#53690,#53520,#53760,.T.);
#53780=ORIENTED_EDGE('',*,*,#53770,.F.);
#53790=EDGE_LOOP('',(#53780,#53710,#53630,#53540));
#53800=FACE_BOUND('',#53790,.T.);
#53810=CARTESIAN_POINT('',(51.116923,48.133846,546.6));
#53820=DIRECTION('',(0.,-1.,0.));
#53830=DIRECTION('',(1.,0.,0.));
#53840=AXIS2_PLACEMENT_3D('',#53810,#53820,#53830);
#53850=CIRCLE('',#53840,3.1);
#53860=CARTESIAN_POINT('',(48.016923,48.133846,546.6));
#53870=VERTEX_POINT('',#53860);
#53880=CARTESIAN_POINT('',(54.216923,48.133846,546.6));
#53890=VERTEX_POINT('',#53880);
#53900=EDGE_CURVE('',#53870,#53890,#53850,.T.);
#53910=ORIENTED_EDGE('',*,*,#53900,.T.);
#53920=CARTESIAN_POINT('',(48.016923,48.133846,1.));
#53930=DIRECTION('',(0.,0.,-1.));
#53940=VECTOR('',#53930,1.);
#53950=LINE('',#53920,#53940);
#53960=CARTESIAN_POINT('',(48.016923,48.133846,555.4));
#53970=VERTEX_POINT('',#53960);
#53980=EDGE_CURVE('',#53970,#53870,#53950,.T.);
#53990=ORIENTED_EDGE('',*,*,#53980,.T.);
#54000=CARTESIAN_POINT('',(51.116923,48.133846,555.4));
#54010=DIRECTION('',(0.,1.,0.));
#54020=DIRECTION('',(1.,0.,0.));
#54030=AXIS2_PLACEMENT_3D('',#54000,#54010,#54020);
#54040=CIRCLE('',#54030,3.1);
#54050=CARTESIAN_POINT('',(54.216923,48.133846,555.4));
#54060=VERTEX_POINT('',#54050);
#54070=EDGE_CURVE('',#53970,#54060,#54040,.T.);
#54080=ORIENTED_EDGE('',*,*,#54070,.F.);
#54090=CARTESIAN_POINT('',(54.216923,48.133846,1.));
#54100=DIRECTION('',(0.,0.,1.));
#54110=VECTOR('',#54100,1.);
#54120=LINE('',#54090,#54110);
#54130=EDGE_CURVE('',#53890,#54060,#54120,.T.);
#54140=ORIENTED_EDGE('',*,*,#54130,.T.);
#54150=EDGE_LOOP('',(#54140,#54080,#53990,#53910));
#54160=FACE_BOUND('',#54150,.T.);
#54170=CARTESIAN_POINT('',(51.116923,48.133846,605.4));
#54180=DIRECTION('',(0.,1.,0.));
#54190=DIRECTION('',(1.,0.,0.));
#54200=AXIS2_PLACEMENT_3D('',#54170,#54180,#54190);
#54210=CIRCLE('',#54200,3.1);
#54220=CARTESIAN_POINT('',(48.016923,48.133846,605.4));
#54230=VERTEX_POINT('',#54220);
#54240=CARTESIAN_POINT('',(54.216923,48.133846,605.4));
#54250=VERTEX_POINT('',#54240);
#54260=EDGE_CURVE('',#54230,#54250,#54210,.T.);
#54270=ORIENTED_EDGE('',*,*,#54260,.F.);
#54280=CARTESIAN_POINT('',(54.216923,48.133846,1.));
#54290=DIRECTION('',(0.,0.,1.));
#54300=VECTOR('',#54290,1.);
#54310=LINE('',#54280,#54300);
#54320=CARTESIAN_POINT('',(54.216923,48.133846,596.6));
#54330=VERTEX_POINT('',#54320);
#54340=EDGE_CURVE('',#54330,#54250,#54310,.T.);
#54350=ORIENTED_EDGE('',*,*,#54340,.T.);
#54360=CARTESIAN_POINT('',(51.116923,48.133846,596.6));
#54370=DIRECTION('',(0.,-1.,0.));
#54380=DIRECTION('',(1.,0.,0.));
#54390=AXIS2_PLACEMENT_3D('',#54360,#54370,#54380);
#54400=CIRCLE('',#54390,3.1);
#54410=CARTESIAN_POINT('',(48.016923,48.133846,596.6));
#54420=VERTEX_POINT('',#54410);
#54430=EDGE_CURVE('',#54420,#54330,#54400,.T.);
#54440=ORIENTED_EDGE('',*,*,#54430,.T.);
#54450=CARTESIAN_POINT('',(48.016923,48.133846,1.));
#54460=DIRECTION('',(0.,0.,-1.));
#54470=VECTOR('',#54460,1.);
#54480=LINE('',#54450,#54470);
#54490=EDGE_CURVE('',#54230,#54420,#54480,.T.);
#54500=ORIENTED_EDGE('',*,*,#54490,.T.);
#54510=EDGE_LOOP('',(#54500,#54440,#54350,#54270));
#54520=FACE_BOUND('',#54510,.T.);
#54530=CARTESIAN_POINT('',(54.216923,48.133846,1.));
#54540=DIRECTION('',(0.,0.,1.));
#54550=VECTOR('',#54540,1.);
#54560=LINE('',#54530,#54550);
#54570=CARTESIAN_POINT('',(54.216923,48.133846,1871.6));
#54580=VERTEX_POINT('',#54570);
#54590=CARTESIAN_POINT('',(54.216923,48.133846,1880.4));
#54600=VERTEX_POINT('',#54590);
#54610=EDGE_CURVE('',#54580,#54600,#54560,.T.);
#54620=ORIENTED_EDGE('',*,*,#54610,.T.);
#54630=CARTESIAN_POINT('',(51.116923,48.133846,1871.6));
#54640=DIRECTION('',(0.,-1.,0.));
#54650=DIRECTION('',(1.,0.,0.));
#54660=AXIS2_PLACEMENT_3D('',#54630,#54640,#54650);
#54670=CIRCLE('',#54660,3.1);
#54680=CARTESIAN_POINT('',(48.016923,48.133846,1871.6));
#54690=VERTEX_POINT('',#54680);
#54700=EDGE_CURVE('',#54690,#54580,#54670,.T.);
#54710=ORIENTED_EDGE('',*,*,#54700,.T.);
#54720=CARTESIAN_POINT('',(48.016923,48.133846,1.));
#54730=DIRECTION('',(0.,0.,-1.));
#54740=VECTOR('',#54730,1.);
#54750=LINE('',#54720,#54740);
#54760=CARTESIAN_POINT('',(48.016923,48.133846,1880.4));
#54770=VERTEX_POINT('',#54760);
#54780=EDGE_CURVE('',#54770,#54690,#54750,.T.);
#54790=ORIENTED_EDGE('',*,*,#54780,.T.);
#54800=CARTESIAN_POINT('',(51.116923,48.133846,1880.4));
#54810=DIRECTION('',(0.,1.,0.));
#54820=DIRECTION('',(1.,0.,0.));
#54830=AXIS2_PLACEMENT_3D('',#54800,#54810,#54820);
#54840=CIRCLE('',#54830,3.1);
#54850=EDGE_CURVE('',#54770,#54600,#54840,.T.);
#54860=ORIENTED_EDGE('',*,*,#54850,.F.);
#54870=EDGE_LOOP('',(#54860,#54790,#54710,#54620));
#54880=FACE_BOUND('',#54870,.T.);
#54890=CARTESIAN_POINT('',(54.216923,48.133846,1.));
#54900=DIRECTION('',(0.,0.,1.));
#54910=VECTOR('',#54900,1.);
#54920=LINE('',#54890,#54910);
#54930=CARTESIAN_POINT('',(54.216923,48.133846,1096.6));
#54940=VERTEX_POINT('',#54930);
#54950=CARTESIAN_POINT('',(54.216923,48.133846,1105.4));
#54960=VERTEX_POINT('',#54950);
#54970=EDGE_CURVE('',#54940,#54960,#54920,.T.);
#54980=ORIENTED_EDGE('',*,*,#54970,.T.);
#54990=CARTESIAN_POINT('',(51.116923,48.133846,1096.6));
#55000=DIRECTION('',(0.,-1.,0.));
#55010=DIRECTION('',(1.,0.,0.));
#55020=AXIS2_PLACEMENT_3D('',#54990,#55000,#55010);
#55030=CIRCLE('',#55020,3.1);
#55040=CARTESIAN_POINT('',(48.016923,48.133846,1096.6));
#55050=VERTEX_POINT('',#55040);
#55060=EDGE_CURVE('',#55050,#54940,#55030,.T.);
#55070=ORIENTED_EDGE('',*,*,#55060,.T.);
#55080=CARTESIAN_POINT('',(48.016923,48.133846,1.));
#55090=DIRECTION('',(0.,0.,-1.));
#55100=VECTOR('',#55090,1.);
#55110=LINE('',#55080,#55100);
#55120=CARTESIAN_POINT('',(48.016923,48.133846,1105.4));
#55130=VERTEX_POINT('',#55120);
#55140=EDGE_CURVE('',#55130,#55050,#55110,.T.);
#55150=ORIENTED_EDGE('',*,*,#55140,.T.);
#55160=CARTESIAN_POINT('',(51.116923,48.133846,1105.4));
#55170=DIRECTION('',(0.,1.,0.));
#55180=DIRECTION('',(1.,0.,0.));
#55190=AXIS2_PLACEMENT_3D('',#55160,#55170,#55180);
#55200=CIRCLE('',#55190,3.1);
#55210=EDGE_CURVE('',#55130,#54960,#55200,.T.);
#55220=ORIENTED_EDGE('',*,*,#55210,.F.);
#55230=EDGE_LOOP('',(#55220,#55150,#55070,#54980));
#55240=FACE_BOUND('',#55230,.T.);
#55250=CARTESIAN_POINT('',(54.216923,48.133846,1.));
#55260=DIRECTION('',(0.,0.,1.));
#55270=VECTOR('',#55260,1.);
#55280=LINE('',#55250,#55270);
#55290=CARTESIAN_POINT('',(54.216923,48.133846,1596.6));
#55300=VERTEX_POINT('',#55290);
#55310=CARTESIAN_POINT('',(54.216923,48.133846,1605.4));
#55320=VERTEX_POINT('',#55310);
#55330=EDGE_CURVE('',#55300,#55320,#55280,.T.);
#55340=ORIENTED_EDGE('',*,*,#55330,.T.);
#55350=CARTESIAN_POINT('',(51.116923,48.133846,1596.6));
#55360=DIRECTION('',(0.,-1.,0.));
#55370=DIRECTION('',(1.,0.,0.));
#55380=AXIS2_PLACEMENT_3D('',#55350,#55360,#55370);
#55390=CIRCLE('',#55380,3.1);
#55400=CARTESIAN_POINT('',(48.016923,48.133846,1596.6));
#55410=VERTEX_POINT('',#55400);
#55420=EDGE_CURVE('',#55410,#55300,#55390,.T.);
#55430=ORIENTED_EDGE('',*,*,#55420,.T.);
#55440=CARTESIAN_POINT('',(48.016923,48.133846,1.));
#55450=DIRECTION('',(0.,0.,-1.));
#55460=VECTOR('',#55450,1.);
#55470=LINE('',#55440,#55460);
#55480=CARTESIAN_POINT('',(48.016923,48.133846,1605.4));
#55490=VERTEX_POINT('',#55480);
#55500=EDGE_CURVE('',#55490,#55410,#55470,.T.);
#55510=ORIENTED_EDGE('',*,*,#55500,.T.);
#55520=CARTESIAN_POINT('',(51.116923,48.133846,1605.4));
#55530=DIRECTION('',(0.,1.,0.));
#55540=DIRECTION('',(1.,0.,0.));
#55550=AXIS2_PLACEMENT_3D('',#55520,#55530,#55540);
#55560=CIRCLE('',#55550,3.1);
#55570=EDGE_CURVE('',#55490,#55320,#55560,.T.);
#55580=ORIENTED_EDGE('',*,*,#55570,.F.);
#55590=EDGE_LOOP('',(#55580,#55510,#55430,#55340));
#55600=FACE_BOUND('',#55590,.T.);
#55610=CARTESIAN_POINT('',(54.216923,48.133846,1.));
#55620=DIRECTION('',(0.,0.,1.));
#55630=VECTOR('',#55620,1.);
#55640=LINE('',#55610,#55630);
#55650=CARTESIAN_POINT('',(54.216923,48.133846,1621.6));
#55660=VERTEX_POINT('',#55650);
#55670=CARTESIAN_POINT('',(54.216923,48.133846,1630.4));
#55680=VERTEX_POINT('',#55670);
#55690=EDGE_CURVE('',#55660,#55680,#55640,.T.);
#55700=ORIENTED_EDGE('',*,*,#55690,.T.);
#55710=CARTESIAN_POINT('',(51.116923,48.133846,1621.6));
#55720=DIRECTION('',(0.,-1.,0.));
#55730=DIRECTION('',(1.,0.,0.));
#55740=AXIS2_PLACEMENT_3D('',#55710,#55720,#55730);
#55750=CIRCLE('',#55740,3.1);
#55760=CARTESIAN_POINT('',(48.016923,48.133846,1621.6));
#55770=VERTEX_POINT('',#55760);
#55780=EDGE_CURVE('',#55770,#55660,#55750,.T.);
#55790=ORIENTED_EDGE('',*,*,#55780,.T.);
#55800=CARTESIAN_POINT('',(48.016923,48.133846,1.));
#55810=DIRECTION('',(0.,0.,-1.));
#55820=VECTOR('',#55810,1.);
#55830=LINE('',#55800,#55820);
#55840=CARTESIAN_POINT('',(48.016923,48.133846,1630.4));
#55850=VERTEX_POINT('',#55840);
#55860=EDGE_CURVE('',#55850,#55770,#55830,.T.);
#55870=ORIENTED_EDGE('',*,*,#55860,.T.);
#55880=CARTESIAN_POINT('',(51.116923,48.133846,1630.4));
#55890=DIRECTION('',(0.,1.,0.));
#55900=DIRECTION('',(1.,0.,0.));
#55910=AXIS2_PLACEMENT_3D('',#55880,#55890,#55900);
#55920=CIRCLE('',#55910,3.1);
#55930=EDGE_CURVE('',#55850,#55680,#55920,.T.);
#55940=ORIENTED_EDGE('',*,*,#55930,.F.);
#55950=EDGE_LOOP('',(#55940,#55870,#55790,#55700));
#55960=FACE_BOUND('',#55950,.T.);
#55970=CARTESIAN_POINT('',(54.216923,48.133846,1.));
#55980=DIRECTION('',(0.,0.,1.));
#55990=VECTOR('',#55980,1.);
#56000=LINE('',#55970,#55990);
#56010=CARTESIAN_POINT('',(54.216923,48.133846,1821.6));
#56020=VERTEX_POINT('',#56010);
#56030=CARTESIAN_POINT('',(54.216923,48.133846,1830.4));
#56040=VERTEX_POINT('',#56030);
#56050=EDGE_CURVE('',#56020,#56040,#56000,.T.);
#56060=ORIENTED_EDGE('',*,*,#56050,.T.);
#56070=CARTESIAN_POINT('',(51.116923,48.133846,1821.6));
#56080=DIRECTION('',(0.,-1.,0.));
#56090=DIRECTION('',(1.,0.,0.));
#56100=AXIS2_PLACEMENT_3D('',#56070,#56080,#56090);
#56110=CIRCLE('',#56100,3.1);
#56120=CARTESIAN_POINT('',(48.016923,48.133846,1821.6));
#56130=VERTEX_POINT('',#56120);
#56140=EDGE_CURVE('',#56130,#56020,#56110,.T.);
#56150=ORIENTED_EDGE('',*,*,#56140,.T.);
#56160=CARTESIAN_POINT('',(48.016923,48.133846,1.));
#56170=DIRECTION('',(0.,0.,-1.));
#56180=VECTOR('',#56170,1.);
#56190=LINE('',#56160,#56180);
#56200=CARTESIAN_POINT('',(48.016923,48.133846,1830.4));
#56210=VERTEX_POINT('',#56200);
#56220=EDGE_CURVE('',#56210,#56130,#56190,.T.);
#56230=ORIENTED_EDGE('',*,*,#56220,.T.);
#56240=CARTESIAN_POINT('',(51.116923,48.133846,1830.4));
#56250=DIRECTION('',(0.,1.,0.));
#56260=DIRECTION('',(1.,0.,0.));
#56270=AXIS2_PLACEMENT_3D('',#56240,#56250,#56260);
#56280=CIRCLE('',#56270,3.1);
#56290=EDGE_CURVE('',#56210,#56040,#56280,.T.);
#56300=ORIENTED_EDGE('',*,*,#56290,.F.);
#56310=EDGE_LOOP('',(#56300,#56230,#56150,#56060));
#56320=FACE_BOUND('',#56310,.T.);
#56330=CARTESIAN_POINT('',(54.216923,48.133846,1.));
#56340=DIRECTION('',(0.,0.,1.));
#56350=VECTOR('',#56340,1.);
#56360=LINE('',#56330,#56350);
#56370=CARTESIAN_POINT('',(54.216923,48.133846,1946.6));
#56380=VERTEX_POINT('',#56370);
#56390=CARTESIAN_POINT('',(54.216923,48.133846,1955.4));
#56400=VERTEX_POINT('',#56390);
#56410=EDGE_CURVE('',#56380,#56400,#56360,.T.);
#56420=ORIENTED_EDGE('',*,*,#56410,.T.);
#56430=CARTESIAN_POINT('',(51.116923,48.133846,1946.6));
#56440=DIRECTION('',(0.,-1.,0.));
#56450=DIRECTION('',(1.,0.,0.));
#56460=AXIS2_PLACEMENT_3D('',#56430,#56440,#56450);
#56470=CIRCLE('',#56460,3.1);
#56480=CARTESIAN_POINT('',(48.016923,48.133846,1946.6));
#56490=VERTEX_POINT('',#56480);
#56500=EDGE_CURVE('',#56490,#56380,#56470,.T.);
#56510=ORIENTED_EDGE('',*,*,#56500,.T.);
#56520=CARTESIAN_POINT('',(48.016923,48.133846,1.));
#56530=DIRECTION('',(0.,0.,-1.));
#56540=VECTOR('',#56530,1.);
#56550=LINE('',#56520,#56540);
#56560=CARTESIAN_POINT('',(48.016923,48.133846,1955.4));
#56570=VERTEX_POINT('',#56560);
#56580=EDGE_CURVE('',#56570,#56490,#56550,.T.);
#56590=ORIENTED_EDGE('',*,*,#56580,.T.);
#56600=CARTESIAN_POINT('',(51.116923,48.133846,1955.4));
#56610=DIRECTION('',(0.,1.,0.));
#56620=DIRECTION('',(1.,0.,0.));
#56630=AXIS2_PLACEMENT_3D('',#56600,#56610,#56620);
#56640=CIRCLE('',#56630,3.1);
#56650=EDGE_CURVE('',#56570,#56400,#56640,.T.);
#56660=ORIENTED_EDGE('',*,*,#56650,.F.);
#56670=EDGE_LOOP('',(#56660,#56590,#56510,#56420));
#56680=FACE_BOUND('',#56670,.T.);
#56690=CARTESIAN_POINT('',(51.116923,48.133846,730.4));
#56700=DIRECTION('',(0.,1.,0.));
#56710=DIRECTION('',(1.,0.,0.));
#56720=AXIS2_PLACEMENT_3D('',#56690,#56700,#56710);
#56730=CIRCLE('',#56720,3.1);
#56740=CARTESIAN_POINT('',(48.016923,48.133846,730.4));
#56750=VERTEX_POINT('',#56740);
#56760=CARTESIAN_POINT('',(54.216923,48.133846,730.4));
#56770=VERTEX_POINT('',#56760);
#56780=EDGE_CURVE('',#56750,#56770,#56730,.T.);
#56790=ORIENTED_EDGE('',*,*,#56780,.F.);
#56800=CARTESIAN_POINT('',(54.216923,48.133846,1.));
#56810=DIRECTION('',(0.,0.,1.));
#56820=VECTOR('',#56810,1.);
#56830=LINE('',#56800,#56820);
#56840=CARTESIAN_POINT('',(54.216923,48.133846,721.6));
#56850=VERTEX_POINT('',#56840);
#56860=EDGE_CURVE('',#56850,#56770,#56830,.T.);
#56870=ORIENTED_EDGE('',*,*,#56860,.T.);
#56880=CARTESIAN_POINT('',(51.116923,48.133846,721.6));
#56890=DIRECTION('',(0.,-1.,0.));
#56900=DIRECTION('',(1.,0.,0.));
#56910=AXIS2_PLACEMENT_3D('',#56880,#56890,#56900);
#56920=CIRCLE('',#56910,3.1);
#56930=CARTESIAN_POINT('',(48.016923,48.133846,721.6));
#56940=VERTEX_POINT('',#56930);
#56950=EDGE_CURVE('',#56940,#56850,#56920,.T.);
#56960=ORIENTED_EDGE('',*,*,#56950,.T.);
#56970=CARTESIAN_POINT('',(48.016923,48.133846,1.));
#56980=DIRECTION('',(0.,0.,-1.));
#56990=VECTOR('',#56980,1.);
#57000=LINE('',#56970,#56990);
#57010=EDGE_CURVE('',#56750,#56940,#57000,.T.);
#57020=ORIENTED_EDGE('',*,*,#57010,.T.);
#57030=EDGE_LOOP('',(#57020,#56960,#56870,#56790));
#57040=FACE_BOUND('',#57030,.T.);
#57050=CARTESIAN_POINT('',(54.216923,48.133846,1.));
#57060=DIRECTION('',(0.,0.,1.));
#57070=VECTOR('',#57060,1.);
#57080=LINE('',#57050,#57070);
#57090=CARTESIAN_POINT('',(54.216923,48.133846,996.6));
#57100=VERTEX_POINT('',#57090);
#57110=CARTESIAN_POINT('',(54.216923,48.133846,1005.4));
#57120=VERTEX_POINT('',#57110);
#57130=EDGE_CURVE('',#57100,#57120,#57080,.T.);
#57140=ORIENTED_EDGE('',*,*,#57130,.T.);
#57150=CARTESIAN_POINT('',(51.116923,48.133846,996.6));
#57160=DIRECTION('',(0.,-1.,0.));
#57170=DIRECTION('',(1.,0.,0.));
#57180=AXIS2_PLACEMENT_3D('',#57150,#57160,#57170);
#57190=CIRCLE('',#57180,3.1);
#57200=CARTESIAN_POINT('',(48.016923,48.133846,996.6));
#57210=VERTEX_POINT('',#57200);
#57220=EDGE_CURVE('',#57210,#57100,#57190,.T.);
#57230=ORIENTED_EDGE('',*,*,#57220,.T.);
#57240=CARTESIAN_POINT('',(48.016923,48.133846,1.));
#57250=DIRECTION('',(0.,0.,-1.));
#57260=VECTOR('',#57250,1.);
#57270=LINE('',#57240,#57260);
#57280=CARTESIAN_POINT('',(48.016923,48.133846,1005.4));
#57290=VERTEX_POINT('',#57280);
#57300=EDGE_CURVE('',#57290,#57210,#57270,.T.);
#57310=ORIENTED_EDGE('',*,*,#57300,.T.);
#57320=CARTESIAN_POINT('',(51.116923,48.133846,1005.4));
#57330=DIRECTION('',(0.,1.,0.));
#57340=DIRECTION('',(1.,0.,0.));
#57350=AXIS2_PLACEMENT_3D('',#57320,#57330,#57340);
#57360=CIRCLE('',#57350,3.1);
#57370=EDGE_CURVE('',#57290,#57120,#57360,.T.);
#57380=ORIENTED_EDGE('',*,*,#57370,.F.);
#57390=EDGE_LOOP('',(#57380,#57310,#57230,#57140));
#57400=FACE_BOUND('',#57390,.T.);
#57410=CARTESIAN_POINT('',(51.116923,48.133846,1355.4));
#57420=DIRECTION('',(0.,1.,0.));
#57430=DIRECTION('',(1.,0.,0.));
#57440=AXIS2_PLACEMENT_3D('',#57410,#57420,#57430);
#57450=CIRCLE('',#57440,3.1);
#57460=CARTESIAN_POINT('',(48.016923,48.133846,1355.4));
#57470=VERTEX_POINT('',#57460);
#57480=CARTESIAN_POINT('',(54.216923,48.133846,1355.4));
#57490=VERTEX_POINT('',#57480);
#57500=EDGE_CURVE('',#57470,#57490,#57450,.T.);
#57510=ORIENTED_EDGE('',*,*,#57500,.F.);
#57520=CARTESIAN_POINT('',(54.216923,48.133846,1.));
#57530=DIRECTION('',(0.,0.,1.));
#57540=VECTOR('',#57530,1.);
#57550=LINE('',#57520,#57540);
#57560=CARTESIAN_POINT('',(54.216923,48.133846,1346.6));
#57570=VERTEX_POINT('',#57560);
#57580=EDGE_CURVE('',#57570,#57490,#57550,.T.);
#57590=ORIENTED_EDGE('',*,*,#57580,.T.);
#57600=CARTESIAN_POINT('',(51.116923,48.133846,1346.6));
#57610=DIRECTION('',(0.,-1.,0.));
#57620=DIRECTION('',(1.,0.,0.));
#57630=AXIS2_PLACEMENT_3D('',#57600,#57610,#57620);
#57640=CIRCLE('',#57630,3.1);
#57650=CARTESIAN_POINT('',(48.016923,48.133846,1346.6));
#57660=VERTEX_POINT('',#57650);
#57670=EDGE_CURVE('',#57660,#57570,#57640,.T.);
#57680=ORIENTED_EDGE('',*,*,#57670,.T.);
#57690=CARTESIAN_POINT('',(48.016923,48.133846,1.));
#57700=DIRECTION('',(0.,0.,-1.));
#57710=VECTOR('',#57700,1.);
#57720=LINE('',#57690,#57710);
#57730=EDGE_CURVE('',#57470,#57660,#57720,.T.);
#57740=ORIENTED_EDGE('',*,*,#57730,.T.);
#57750=EDGE_LOOP('',(#57740,#57680,#57590,#57510));
#57760=FACE_BOUND('',#57750,.T.);
#57770=CARTESIAN_POINT('',(54.216923,48.133846,1.));
#57780=DIRECTION('',(0.,0.,1.));
#57790=VECTOR('',#57780,1.);
#57800=LINE('',#57770,#57790);
#57810=CARTESIAN_POINT('',(54.216923,48.133846,1471.6));
#57820=VERTEX_POINT('',#57810);
#57830=CARTESIAN_POINT('',(54.216923,48.133846,1480.4));
#57840=VERTEX_POINT('',#57830);
#57850=EDGE_CURVE('',#57820,#57840,#57800,.T.);
#57860=ORIENTED_EDGE('',*,*,#57850,.T.);
#57870=CARTESIAN_POINT('',(51.116923,48.133846,1471.6));
#57880=DIRECTION('',(0.,-1.,0.));
#57890=DIRECTION('',(1.,0.,0.));
#57900=AXIS2_PLACEMENT_3D('',#57870,#57880,#57890);
#57910=CIRCLE('',#57900,3.1);
#57920=CARTESIAN_POINT('',(48.016923,48.133846,1471.6));
#57930=VERTEX_POINT('',#57920);
#57940=EDGE_CURVE('',#57930,#57820,#57910,.T.);
#57950=ORIENTED_EDGE('',*,*,#57940,.T.);
#57960=CARTESIAN_POINT('',(48.016923,48.133846,1.));
#57970=DIRECTION('',(0.,0.,-1.));
#57980=VECTOR('',#57970,1.);
#57990=LINE('',#57960,#57980);
#58000=CARTESIAN_POINT('',(48.016923,48.133846,1480.4));
#58010=VERTEX_POINT('',#58000);
#58020=EDGE_CURVE('',#58010,#57930,#57990,.T.);
#58030=ORIENTED_EDGE('',*,*,#58020,.T.);
#58040=CARTESIAN_POINT('',(51.116923,48.133846,1480.4));
#58050=DIRECTION('',(0.,1.,0.));
#58060=DIRECTION('',(1.,0.,0.));
#58070=AXIS2_PLACEMENT_3D('',#58040,#58050,#58060);
#58080=CIRCLE('',#58070,3.1);
#58090=EDGE_CURVE('',#58010,#57840,#58080,.T.);
#58100=ORIENTED_EDGE('',*,*,#58090,.F.);
#58110=EDGE_LOOP('',(#58100,#58030,#57950,#57860));
#58120=FACE_BOUND('',#58110,.T.);
#58130=CARTESIAN_POINT('',(51.116923,48.133846,946.6));
#58140=DIRECTION('',(0.,-1.,0.));
#58150=DIRECTION('',(1.,0.,0.));
#58160=AXIS2_PLACEMENT_3D('',#58130,#58140,#58150);
#58170=CIRCLE('',#58160,3.1);
#58180=CARTESIAN_POINT('',(48.016923,48.133846,946.6));
#58190=VERTEX_POINT('',#58180);
#58200=CARTESIAN_POINT('',(54.216923,48.133846,946.6));
#58210=VERTEX_POINT('',#58200);
#58220=EDGE_CURVE('',#58190,#58210,#58170,.T.);
#58230=ORIENTED_EDGE('',*,*,#58220,.T.);
#58240=CARTESIAN_POINT('',(48.016923,48.133846,1.));
#58250=DIRECTION('',(0.,0.,-1.));
#58260=VECTOR('',#58250,1.);
#58270=LINE('',#58240,#58260);
#58280=CARTESIAN_POINT('',(48.016923,48.133846,955.4));
#58290=VERTEX_POINT('',#58280);
#58300=EDGE_CURVE('',#58290,#58190,#58270,.T.);
#58310=ORIENTED_EDGE('',*,*,#58300,.T.);
#58320=CARTESIAN_POINT('',(51.116923,48.133846,955.4));
#58330=DIRECTION('',(0.,1.,0.));
#58340=DIRECTION('',(1.,0.,0.));
#58350=AXIS2_PLACEMENT_3D('',#58320,#58330,#58340);
#58360=CIRCLE('',#58350,3.1);
#58370=CARTESIAN_POINT('',(54.216923,48.133846,955.4));
#58380=VERTEX_POINT('',#58370);
#58390=EDGE_CURVE('',#58290,#58380,#58360,.T.);
#58400=ORIENTED_EDGE('',*,*,#58390,.F.);
#58410=CARTESIAN_POINT('',(54.216923,48.133846,1.));
#58420=DIRECTION('',(0.,0.,1.));
#58430=VECTOR('',#58420,1.);
#58440=LINE('',#58410,#58430);
#58450=EDGE_CURVE('',#58210,#58380,#58440,.T.);
#58460=ORIENTED_EDGE('',*,*,#58450,.T.);
#58470=EDGE_LOOP('',(#58460,#58400,#58310,#58230));
#58480=FACE_BOUND('',#58470,.T.);
#58490=CARTESIAN_POINT('',(51.116923,48.133846,1146.6));
#58500=DIRECTION('',(0.,-1.,0.));
#58510=DIRECTION('',(1.,0.,0.));
#58520=AXIS2_PLACEMENT_3D('',#58490,#58500,#58510);
#58530=CIRCLE('',#58520,3.1);
#58540=CARTESIAN_POINT('',(48.016923,48.133846,1146.6));
#58550=VERTEX_POINT('',#58540);
#58560=CARTESIAN_POINT('',(54.216923,48.133846,1146.6));
#58570=VERTEX_POINT('',#58560);
#58580=EDGE_CURVE('',#58550,#58570,#58530,.T.);
#58590=ORIENTED_EDGE('',*,*,#58580,.T.);
#58600=CARTESIAN_POINT('',(48.016923,48.133846,1.));
#58610=DIRECTION('',(0.,0.,-1.));
#58620=VECTOR('',#58610,1.);
#58630=LINE('',#58600,#58620);
#58640=CARTESIAN_POINT('',(48.016923,48.133846,1155.4));
#58650=VERTEX_POINT('',#58640);
#58660=EDGE_CURVE('',#58650,#58550,#58630,.T.);
#58670=ORIENTED_EDGE('',*,*,#58660,.T.);
#58680=CARTESIAN_POINT('',(51.116923,48.133846,1155.4));
#58690=DIRECTION('',(0.,1.,0.));
#58700=DIRECTION('',(1.,0.,0.));
#58710=AXIS2_PLACEMENT_3D('',#58680,#58690,#58700);
#58720=CIRCLE('',#58710,3.1);
#58730=CARTESIAN_POINT('',(54.216923,48.133846,1155.4));
#58740=VERTEX_POINT('',#58730);
#58750=EDGE_CURVE('',#58650,#58740,#58720,.T.);
#58760=ORIENTED_EDGE('',*,*,#58750,.F.);
#58770=CARTESIAN_POINT('',(54.216923,48.133846,1.));
#58780=DIRECTION('',(0.,0.,1.));
#58790=VECTOR('',#58780,1.);
#58800=LINE('',#58770,#58790);
#58810=EDGE_CURVE('',#58570,#58740,#58800,.T.);
#58820=ORIENTED_EDGE('',*,*,#58810,.T.);
#58830=EDGE_LOOP('',(#58820,#58760,#58670,#58590));
#58840=FACE_BOUND('',#58830,.T.);
#58850=CARTESIAN_POINT('',(54.216923,48.133846,1.));
#58860=DIRECTION('',(0.,0.,1.));
#58870=VECTOR('',#58860,1.);
#58880=LINE('',#58850,#58870);
#58890=CARTESIAN_POINT('',(54.216923,48.133846,271.6));
#58900=VERTEX_POINT('',#58890);
#58910=CARTESIAN_POINT('',(54.216923,48.133846,280.4));
#58920=VERTEX_POINT('',#58910);
#58930=EDGE_CURVE('',#58900,#58920,#58880,.T.);
#58940=ORIENTED_EDGE('',*,*,#58930,.T.);
#58950=CARTESIAN_POINT('',(51.116923,48.133846,271.6));
#58960=DIRECTION('',(0.,-1.,0.));
#58970=DIRECTION('',(1.,0.,0.));
#58980=AXIS2_PLACEMENT_3D('',#58950,#58960,#58970);
#58990=CIRCLE('',#58980,3.1);
#59000=CARTESIAN_POINT('',(48.016923,48.133846,271.6));
#59010=VERTEX_POINT('',#59000);
#59020=EDGE_CURVE('',#59010,#58900,#58990,.T.);
#59030=ORIENTED_EDGE('',*,*,#59020,.T.);
#59040=CARTESIAN_POINT('',(48.016923,48.133846,1.));
#59050=DIRECTION('',(0.,0.,-1.));
#59060=VECTOR('',#59050,1.);
#59070=LINE('',#59040,#59060);
#59080=CARTESIAN_POINT('',(48.016923,48.133846,280.4));
#59090=VERTEX_POINT('',#59080);
#59100=EDGE_CURVE('',#59090,#59010,#59070,.T.);
#59110=ORIENTED_EDGE('',*,*,#59100,.T.);
#59120=CARTESIAN_POINT('',(51.116923,48.133846,280.4));
#59130=DIRECTION('',(0.,1.,0.));
#59140=DIRECTION('',(1.,0.,0.));
#59150=AXIS2_PLACEMENT_3D('',#59120,#59130,#59140);
#59160=CIRCLE('',#59150,3.1);
#59170=EDGE_CURVE('',#59090,#58920,#59160,.T.);
#59180=ORIENTED_EDGE('',*,*,#59170,.F.);
#59190=EDGE_LOOP('',(#59180,#59110,#59030,#58940));
#59200=FACE_BOUND('',#59190,.T.);
#59210=CARTESIAN_POINT('',(54.216923,48.133846,1.));
#59220=DIRECTION('',(0.,0.,1.));
#59230=VECTOR('',#59220,1.);
#59240=LINE('',#59210,#59230);
#59250=CARTESIAN_POINT('',(54.216923,48.133846,671.6));
#59260=VERTEX_POINT('',#59250);
#59270=CARTESIAN_POINT('',(54.216923,48.133846,680.4));
#59280=VERTEX_POINT('',#59270);
#59290=EDGE_CURVE('',#59260,#59280,#59240,.T.);
#59300=ORIENTED_EDGE('',*,*,#59290,.T.);
#59310=CARTESIAN_POINT('',(51.116923,48.133846,671.6));
#59320=DIRECTION('',(0.,-1.,0.));
#59330=DIRECTION('',(1.,0.,0.));
#59340=AXIS2_PLACEMENT_3D('',#59310,#59320,#59330);
#59350=CIRCLE('',#59340,3.1);
#59360=CARTESIAN_POINT('',(48.016923,48.133846,671.6));
#59370=VERTEX_POINT('',#59360);
#59380=EDGE_CURVE('',#59370,#59260,#59350,.T.);
#59390=ORIENTED_EDGE('',*,*,#59380,.T.);
#59400=CARTESIAN_POINT('',(48.016923,48.133846,1.));
#59410=DIRECTION('',(0.,0.,-1.));
#59420=VECTOR('',#59410,1.);
#59430=LINE('',#59400,#59420);
#59440=CARTESIAN_POINT('',(48.016923,48.133846,680.4));
#59450=VERTEX_POINT('',#59440);
#59460=EDGE_CURVE('',#59450,#59370,#59430,.T.);
#59470=ORIENTED_EDGE('',*,*,#59460,.T.);
#59480=CARTESIAN_POINT('',(51.116923,48.133846,680.4));
#59490=DIRECTION('',(0.,1.,0.));
#59500=DIRECTION('',(1.,0.,0.));
#59510=AXIS2_PLACEMENT_3D('',#59480,#59490,#59500);
#59520=CIRCLE('',#59510,3.1);
#59530=EDGE_CURVE('',#59450,#59280,#59520,.T.);
#59540=ORIENTED_EDGE('',*,*,#59530,.F.);
#59550=EDGE_LOOP('',(#59540,#59470,#59390,#59300));
#59560=FACE_BOUND('',#59550,.T.);
#59570=CARTESIAN_POINT('',(51.116923,48.133846,896.6));
#59580=DIRECTION('',(0.,-1.,0.));
#59590=DIRECTION('',(1.,0.,0.));
#59600=AXIS2_PLACEMENT_3D('',#59570,#59580,#59590);
#59610=CIRCLE('',#59600,3.1);
#59620=CARTESIAN_POINT('',(48.016923,48.133846,896.6));
#59630=VERTEX_POINT('',#59620);
#59640=CARTESIAN_POINT('',(54.216923,48.133846,896.6));
#59650=VERTEX_POINT('',#59640);
#59660=EDGE_CURVE('',#59630,#59650,#59610,.T.);
#59670=ORIENTED_EDGE('',*,*,#59660,.T.);
#59680=CARTESIAN_POINT('',(48.016923,48.133846,1.));
#59690=DIRECTION('',(0.,0.,-1.));
#59700=VECTOR('',#59690,1.);
#59710=LINE('',#59680,#59700);
#59720=CARTESIAN_POINT('',(48.016923,48.133846,905.4));
#59730=VERTEX_POINT('',#59720);
#59740=EDGE_CURVE('',#59730,#59630,#59710,.T.);
#59750=ORIENTED_EDGE('',*,*,#59740,.T.);
#59760=CARTESIAN_POINT('',(51.116923,48.133846,905.4));
#59770=DIRECTION('',(0.,1.,0.));
#59780=DIRECTION('',(1.,0.,0.));
#59790=AXIS2_PLACEMENT_3D('',#59760,#59770,#59780);
#59800=CIRCLE('',#59790,3.1);
#59810=CARTESIAN_POINT('',(54.216923,48.133846,905.4));
#59820=VERTEX_POINT('',#59810);
#59830=EDGE_CURVE('',#59730,#59820,#59800,.T.);
#59840=ORIENTED_EDGE('',*,*,#59830,.F.);
#59850=CARTESIAN_POINT('',(54.216923,48.133846,1.));
#59860=DIRECTION('',(0.,0.,1.));
#59870=VECTOR('',#59860,1.);
#59880=LINE('',#59850,#59870);
#59890=EDGE_CURVE('',#59650,#59820,#59880,.T.);
#59900=ORIENTED_EDGE('',*,*,#59890,.T.);
#59910=EDGE_LOOP('',(#59900,#59840,#59750,#59670));
#59920=FACE_BOUND('',#59910,.T.);
#59930=CARTESIAN_POINT('',(51.116923,48.133846,1396.6));
#59940=DIRECTION('',(0.,-1.,0.));
#59950=DIRECTION('',(1.,0.,0.));
#59960=AXIS2_PLACEMENT_3D('',#59930,#59940,#59950);
#59970=CIRCLE('',#59960,3.1);
#59980=CARTESIAN_POINT('',(48.016923,48.133846,1396.6));
#59990=VERTEX_POINT('',#59980);
#60000=CARTESIAN_POINT('',(54.216923,48.133846,1396.6));
#60010=VERTEX_POINT('',#60000);
#60020=EDGE_CURVE('',#59990,#60010,#59970,.T.);
#60030=ORIENTED_EDGE('',*,*,#60020,.T.);
#60040=CARTESIAN_POINT('',(48.016923,48.133846,1.));
#60050=DIRECTION('',(0.,0.,-1.));
#60060=VECTOR('',#60050,1.);
#60070=LINE('',#60040,#60060);
#60080=CARTESIAN_POINT('',(48.016923,48.133846,1405.4));
#60090=VERTEX_POINT('',#60080);
#60100=EDGE_CURVE('',#60090,#59990,#60070,.T.);
#60110=ORIENTED_EDGE('',*,*,#60100,.T.);
#60120=CARTESIAN_POINT('',(51.116923,48.133846,1405.4));
#60130=DIRECTION('',(0.,1.,0.));
#60140=DIRECTION('',(1.,0.,0.));
#60150=AXIS2_PLACEMENT_3D('',#60120,#60130,#60140);
#60160=CIRCLE('',#60150,3.1);
#60170=CARTESIAN_POINT('',(54.216923,48.133846,1405.4));
#60180=VERTEX_POINT('',#60170);
#60190=EDGE_CURVE('',#60090,#60180,#60160,.T.);
#60200=ORIENTED_EDGE('',*,*,#60190,.F.);
#60210=CARTESIAN_POINT('',(54.216923,48.133846,1.));
#60220=DIRECTION('',(0.,0.,1.));
#60230=VECTOR('',#60220,1.);
#60240=LINE('',#60210,#60230);
#60250=EDGE_CURVE('',#60010,#60180,#60240,.T.);
#60260=ORIENTED_EDGE('',*,*,#60250,.T.);
#60270=EDGE_LOOP('',(#60260,#60200,#60110,#60030));
#60280=FACE_BOUND('',#60270,.T.);
#60290=CARTESIAN_POINT('',(51.116923,48.133846,921.6));
#60300=DIRECTION('',(0.,-1.,0.));
#60310=DIRECTION('',(1.,0.,0.));
#60320=AXIS2_PLACEMENT_3D('',#60290,#60300,#60310);
#60330=CIRCLE('',#60320,3.1);
#60340=CARTESIAN_POINT('',(48.016923,48.133846,921.6));
#60350=VERTEX_POINT('',#60340);
#60360=CARTESIAN_POINT('',(54.216923,48.133846,921.6));
#60370=VERTEX_POINT('',#60360);
#60380=EDGE_CURVE('',#60350,#60370,#60330,.T.);
#60390=ORIENTED_EDGE('',*,*,#60380,.T.);
#60400=CARTESIAN_POINT('',(48.016923,48.133846,1.));
#60410=DIRECTION('',(0.,0.,-1.));
#60420=VECTOR('',#60410,1.);
#60430=LINE('',#60400,#60420);
#60440=CARTESIAN_POINT('',(48.016923,48.133846,930.4));
#60450=VERTEX_POINT('',#60440);
#60460=EDGE_CURVE('',#60450,#60350,#60430,.T.);
#60470=ORIENTED_EDGE('',*,*,#60460,.T.);
#60480=CARTESIAN_POINT('',(51.116923,48.133846,930.4));
#60490=DIRECTION('',(0.,1.,0.));
#60500=DIRECTION('',(1.,0.,0.));
#60510=AXIS2_PLACEMENT_3D('',#60480,#60490,#60500);
#60520=CIRCLE('',#60510,3.1);
#60530=CARTESIAN_POINT('',(54.216923,48.133846,930.4));
#60540=VERTEX_POINT('',#60530);
#60550=EDGE_CURVE('',#60450,#60540,#60520,.T.);
#60560=ORIENTED_EDGE('',*,*,#60550,.F.);
#60570=CARTESIAN_POINT('',(54.216923,48.133846,1.));
#60580=DIRECTION('',(0.,0.,1.));
#60590=VECTOR('',#60580,1.);
#60600=LINE('',#60570,#60590);
#60610=EDGE_CURVE('',#60370,#60540,#60600,.T.);
#60620=ORIENTED_EDGE('',*,*,#60610,.T.);
#60630=EDGE_LOOP('',(#60620,#60560,#60470,#60390));
#60640=FACE_BOUND('',#60630,.T.);
#60650=CARTESIAN_POINT('',(54.216923,48.133846,1.));
#60660=DIRECTION('',(0.,0.,1.));
#60670=VECTOR('',#60660,1.);
#60680=LINE('',#60650,#60670);
#60690=CARTESIAN_POINT('',(54.216923,48.133846,1321.6));
#60700=VERTEX_POINT('',#60690);
#60710=CARTESIAN_POINT('',(54.216923,48.133846,1330.4));
#60720=VERTEX_POINT('',#60710);
#60730=EDGE_CURVE('',#60700,#60720,#60680,.T.);
#60740=ORIENTED_EDGE('',*,*,#60730,.T.);
#60750=CARTESIAN_POINT('',(51.116923,48.133846,1321.6));
#60760=DIRECTION('',(0.,-1.,0.));
#60770=DIRECTION('',(1.,0.,0.));
#60780=AXIS2_PLACEMENT_3D('',#60750,#60760,#60770);
#60790=CIRCLE('',#60780,3.1);
#60800=CARTESIAN_POINT('',(48.016923,48.133846,1321.6));
#60810=VERTEX_POINT('',#60800);
#60820=EDGE_CURVE('',#60810,#60700,#60790,.T.);
#60830=ORIENTED_EDGE('',*,*,#60820,.T.);
#60840=CARTESIAN_POINT('',(48.016923,48.133846,1.));
#60850=DIRECTION('',(0.,0.,-1.));
#60860=VECTOR('',#60850,1.);
#60870=LINE('',#60840,#60860);
#60880=CARTESIAN_POINT('',(48.016923,48.133846,1330.4));
#60890=VERTEX_POINT('',#60880);
#60900=EDGE_CURVE('',#60890,#60810,#60870,.T.);
#60910=ORIENTED_EDGE('',*,*,#60900,.T.);
#60920=CARTESIAN_POINT('',(51.116923,48.133846,1330.4));
#60930=DIRECTION('',(0.,1.,0.));
#60940=DIRECTION('',(1.,0.,0.));
#60950=AXIS2_PLACEMENT_3D('',#60920,#60930,#60940);
#60960=CIRCLE('',#60950,3.1);
#60970=EDGE_CURVE('',#60890,#60720,#60960,.T.);
#60980=ORIENTED_EDGE('',*,*,#60970,.F.);
#60990=EDGE_LOOP('',(#60980,#60910,#60830,#60740));
#61000=FACE_BOUND('',#60990,.T.);
#61010=CARTESIAN_POINT('',(51.116923,48.133846,1655.4));
#61020=DIRECTION('',(0.,1.,0.));
#61030=DIRECTION('',(1.,0.,0.));
#61040=AXIS2_PLACEMENT_3D('',#61010,#61020,#61030);
#61050=CIRCLE('',#61040,3.1);
#61060=CARTESIAN_POINT('',(48.016923,48.133846,1655.4));
#61070=VERTEX_POINT('',#61060);
#61080=CARTESIAN_POINT('',(54.216923,48.133846,1655.4));
#61090=VERTEX_POINT('',#61080);
#61100=EDGE_CURVE('',#61070,#61090,#61050,.T.);
#61110=ORIENTED_EDGE('',*,*,#61100,.F.);
#61120=CARTESIAN_POINT('',(54.216923,48.133846,1.));
#61130=DIRECTION('',(0.,0.,1.));
#61140=VECTOR('',#61130,1.);
#61150=LINE('',#61120,#61140);
#61160=CARTESIAN_POINT('',(54.216923,48.133846,1646.6));
#61170=VERTEX_POINT('',#61160);
#61180=EDGE_CURVE('',#61170,#61090,#61150,.T.);
#61190=ORIENTED_EDGE('',*,*,#61180,.T.);
#61200=CARTESIAN_POINT('',(51.116923,48.133846,1646.6));
#61210=DIRECTION('',(0.,-1.,0.));
#61220=DIRECTION('',(1.,0.,0.));
#61230=AXIS2_PLACEMENT_3D('',#61200,#61210,#61220);
#61240=CIRCLE('',#61230,3.1);
#61250=CARTESIAN_POINT('',(48.016923,48.133846,1646.6));
#61260=VERTEX_POINT('',#61250);
#61270=EDGE_CURVE('',#61260,#61170,#61240,.T.);
#61280=ORIENTED_EDGE('',*,*,#61270,.T.);
#61290=CARTESIAN_POINT('',(48.016923,48.133846,1.));
#61300=DIRECTION('',(0.,0.,-1.));
#61310=VECTOR('',#61300,1.);
#61320=LINE('',#61290,#61310);
#61330=EDGE_CURVE('',#61070,#61260,#61320,.T.);
#61340=ORIENTED_EDGE('',*,*,#61330,.T.);
#61350=EDGE_LOOP('',(#61340,#61280,#61190,#61110));
#61360=FACE_BOUND('',#61350,.T.);
#61370=CARTESIAN_POINT('',(54.216923,48.133846,1.));
#61380=DIRECTION('',(0.,0.,1.));
#61390=VECTOR('',#61380,1.);
#61400=LINE('',#61370,#61390);
#61410=CARTESIAN_POINT('',(54.216923,48.133846,396.6));
#61420=VERTEX_POINT('',#61410);
#61430=CARTESIAN_POINT('',(54.216923,48.133846,405.4));
#61440=VERTEX_POINT('',#61430);
#61450=EDGE_CURVE('',#61420,#61440,#61400,.T.);
#61460=ORIENTED_EDGE('',*,*,#61450,.T.);
#61470=CARTESIAN_POINT('',(51.116923,48.133846,396.6));
#61480=DIRECTION('',(0.,-1.,0.));
#61490=DIRECTION('',(1.,0.,0.));
#61500=AXIS2_PLACEMENT_3D('',#61470,#61480,#61490);
#61510=CIRCLE('',#61500,3.1);
#61520=CARTESIAN_POINT('',(48.016923,48.133846,396.6));
#61530=VERTEX_POINT('',#61520);
#61540=EDGE_CURVE('',#61530,#61420,#61510,.T.);
#61550=ORIENTED_EDGE('',*,*,#61540,.T.);
#61560=CARTESIAN_POINT('',(48.016923,48.133846,1.));
#61570=DIRECTION('',(0.,0.,-1.));
#61580=VECTOR('',#61570,1.);
#61590=LINE('',#61560,#61580);
#61600=CARTESIAN_POINT('',(48.016923,48.133846,405.4));
#61610=VERTEX_POINT('',#61600);
#61620=EDGE_CURVE('',#61610,#61530,#61590,.T.);
#61630=ORIENTED_EDGE('',*,*,#61620,.T.);
#61640=CARTESIAN_POINT('',(51.116923,48.133846,405.4));
#61650=DIRECTION('',(0.,1.,0.));
#61660=DIRECTION('',(1.,0.,0.));
#61670=AXIS2_PLACEMENT_3D('',#61640,#61650,#61660);
#61680=CIRCLE('',#61670,3.1);
#61690=EDGE_CURVE('',#61610,#61440,#61680,.T.);
#61700=ORIENTED_EDGE('',*,*,#61690,.F.);
#61710=EDGE_LOOP('',(#61700,#61630,#61550,#61460));
#61720=FACE_BOUND('',#61710,.T.);
#61730=CARTESIAN_POINT('',(51.116923,48.133846,771.6));
#61740=DIRECTION('',(0.,-1.,0.));
#61750=DIRECTION('',(1.,0.,0.));
#61760=AXIS2_PLACEMENT_3D('',#61730,#61740,#61750);
#61770=CIRCLE('',#61760,3.1);
#61780=CARTESIAN_POINT('',(48.016923,48.133846,771.6));
#61790=VERTEX_POINT('',#61780);
#61800=CARTESIAN_POINT('',(54.216923,48.133846,771.6));
#61810=VERTEX_POINT('',#61800);
#61820=EDGE_CURVE('',#61790,#61810,#61770,.T.);
#61830=ORIENTED_EDGE('',*,*,#61820,.T.);
#61840=CARTESIAN_POINT('',(48.016923,48.133846,1.));
#61850=DIRECTION('',(0.,0.,-1.));
#61860=VECTOR('',#61850,1.);
#61870=LINE('',#61840,#61860);
#61880=CARTESIAN_POINT('',(48.016923,48.133846,780.4));
#61890=VERTEX_POINT('',#61880);
#61900=EDGE_CURVE('',#61890,#61790,#61870,.T.);
#61910=ORIENTED_EDGE('',*,*,#61900,.T.);
#61920=CARTESIAN_POINT('',(51.116923,48.133846,780.4));
#61930=DIRECTION('',(0.,1.,0.));
#61940=DIRECTION('',(1.,0.,0.));
#61950=AXIS2_PLACEMENT_3D('',#61920,#61930,#61940);
#61960=CIRCLE('',#61950,3.1);
#61970=CARTESIAN_POINT('',(54.216923,48.133846,780.4));
#61980=VERTEX_POINT('',#61970);
#61990=EDGE_CURVE('',#61890,#61980,#61960,.T.);
#62000=ORIENTED_EDGE('',*,*,#61990,.F.);
#62010=CARTESIAN_POINT('',(54.216923,48.133846,1.));
#62020=DIRECTION('',(0.,0.,1.));
#62030=VECTOR('',#62020,1.);
#62040=LINE('',#62010,#62030);
#62050=EDGE_CURVE('',#61810,#61980,#62040,.T.);
#62060=ORIENTED_EDGE('',*,*,#62050,.T.);
#62070=EDGE_LOOP('',(#62060,#62000,#61910,#61830));
#62080=FACE_BOUND('',#62070,.T.);
#62090=CARTESIAN_POINT('',(54.216923,48.133846,1.));
#62100=DIRECTION('',(0.,0.,1.));
#62110=VECTOR('',#62100,1.);
#62120=LINE('',#62090,#62110);
#62130=CARTESIAN_POINT('',(54.216923,48.133846,1796.6));
#62140=VERTEX_POINT('',#62130);
#62150=CARTESIAN_POINT('',(54.216923,48.133846,1805.4));
#62160=VERTEX_POINT('',#62150);
#62170=EDGE_CURVE('',#62140,#62160,#62120,.T.);
#62180=ORIENTED_EDGE('',*,*,#62170,.T.);
#62190=CARTESIAN_POINT('',(51.116923,48.133846,1796.6));
#62200=DIRECTION('',(0.,-1.,0.));
#62210=DIRECTION('',(1.,0.,0.));
#62220=AXIS2_PLACEMENT_3D('',#62190,#62200,#62210);
#62230=CIRCLE('',#62220,3.1);
#62240=CARTESIAN_POINT('',(48.016923,48.133846,1796.6));
#62250=VERTEX_POINT('',#62240);
#62260=EDGE_CURVE('',#62250,#62140,#62230,.T.);
#62270=ORIENTED_EDGE('',*,*,#62260,.T.);
#62280=CARTESIAN_POINT('',(48.016923,48.133846,1.));
#62290=DIRECTION('',(0.,0.,-1.));
#62300=VECTOR('',#62290,1.);
#62310=LINE('',#62280,#62300);
#62320=CARTESIAN_POINT('',(48.016923,48.133846,1805.4));
#62330=VERTEX_POINT('',#62320);
#62340=EDGE_CURVE('',#62330,#62250,#62310,.T.);
#62350=ORIENTED_EDGE('',*,*,#62340,.T.);
#62360=CARTESIAN_POINT('',(51.116923,48.133846,1805.4));
#62370=DIRECTION('',(0.,1.,0.));
#62380=DIRECTION('',(1.,0.,0.));
#62390=AXIS2_PLACEMENT_3D('',#62360,#62370,#62380);
#62400=CIRCLE('',#62390,3.1);
#62410=EDGE_CURVE('',#62330,#62160,#62400,.T.);
#62420=ORIENTED_EDGE('',*,*,#62410,.F.);
#62430=EDGE_LOOP('',(#62420,#62350,#62270,#62180));
#62440=FACE_BOUND('',#62430,.T.);
#62450=CARTESIAN_POINT('',(51.116923,48.133846,1705.4));
#62460=DIRECTION('',(0.,1.,0.));
#62470=DIRECTION('',(1.,0.,0.));
#62480=AXIS2_PLACEMENT_3D('',#62450,#62460,#62470);
#62490=CIRCLE('',#62480,3.1);
#62500=CARTESIAN_POINT('',(48.016923,48.133846,1705.4));
#62510=VERTEX_POINT('',#62500);
#62520=CARTESIAN_POINT('',(54.216923,48.133846,1705.4));
#62530=VERTEX_POINT('',#62520);
#62540=EDGE_CURVE('',#62510,#62530,#62490,.T.);
#62550=ORIENTED_EDGE('',*,*,#62540,.F.);
#62560=CARTESIAN_POINT('',(54.216923,48.133846,1.));
#62570=DIRECTION('',(0.,0.,1.));
#62580=VECTOR('',#62570,1.);
#62590=LINE('',#62560,#62580);
#62600=CARTESIAN_POINT('',(54.216923,48.133846,1696.6));
#62610=VERTEX_POINT('',#62600);
#62620=EDGE_CURVE('',#62610,#62530,#62590,.T.);
#62630=ORIENTED_EDGE('',*,*,#62620,.T.);
#62640=CARTESIAN_POINT('',(51.116923,48.133846,1696.6));
#62650=DIRECTION('',(0.,-1.,0.));
#62660=DIRECTION('',(1.,0.,0.));
#62670=AXIS2_PLACEMENT_3D('',#62640,#62650,#62660);
#62680=CIRCLE('',#62670,3.1);
#62690=CARTESIAN_POINT('',(48.016923,48.133846,1696.6));
#62700=VERTEX_POINT('',#62690);
#62710=EDGE_CURVE('',#62700,#62610,#62680,.T.);
#62720=ORIENTED_EDGE('',*,*,#62710,.T.);
#62730=CARTESIAN_POINT('',(48.016923,48.133846,1.));
#62740=DIRECTION('',(0.,0.,-1.));
#62750=VECTOR('',#62740,1.);
#62760=LINE('',#62730,#62750);
#62770=EDGE_CURVE('',#62510,#62700,#62760,.T.);
#62780=ORIENTED_EDGE('',*,*,#62770,.T.);
#62790=EDGE_LOOP('',(#62780,#62720,#62630,#62550));
#62800=FACE_BOUND('',#62790,.T.);
#62810=CARTESIAN_POINT('',(54.216923,48.133846,1.));
#62820=DIRECTION('',(0.,0.,1.));
#62830=VECTOR('',#62820,1.);
#62840=LINE('',#62810,#62830);
#62850=CARTESIAN_POINT('',(54.216923,48.133846,1271.6));
#62860=VERTEX_POINT('',#62850);
#62870=CARTESIAN_POINT('',(54.216923,48.133846,1280.4));
#62880=VERTEX_POINT('',#62870);
#62890=EDGE_CURVE('',#62860,#62880,#62840,.T.);
#62900=ORIENTED_EDGE('',*,*,#62890,.T.);
#62910=CARTESIAN_POINT('',(51.116923,48.133846,1271.6));
#62920=DIRECTION('',(0.,-1.,0.));
#62930=DIRECTION('',(1.,0.,0.));
#62940=AXIS2_PLACEMENT_3D('',#62910,#62920,#62930);
#62950=CIRCLE('',#62940,3.1);
#62960=CARTESIAN_POINT('',(48.016923,48.133846,1271.6));
#62970=VERTEX_POINT('',#62960);
#62980=EDGE_CURVE('',#62970,#62860,#62950,.T.);
#62990=ORIENTED_EDGE('',*,*,#62980,.T.);
#63000=CARTESIAN_POINT('',(48.016923,48.133846,1.));
#63010=DIRECTION('',(0.,0.,-1.));
#63020=VECTOR('',#63010,1.);
#63030=LINE('',#63000,#63020);
#63040=CARTESIAN_POINT('',(48.016923,48.133846,1280.4));
#63050=VERTEX_POINT('',#63040);
#63060=EDGE_CURVE('',#63050,#62970,#63030,.T.);
#63070=ORIENTED_EDGE('',*,*,#63060,.T.);
#63080=CARTESIAN_POINT('',(51.116923,48.133846,1280.4));
#63090=DIRECTION('',(0.,1.,0.));
#63100=DIRECTION('',(1.,0.,0.));
#63110=AXIS2_PLACEMENT_3D('',#63080,#63090,#63100);
#63120=CIRCLE('',#63110,3.1);
#63130=EDGE_CURVE('',#63050,#62880,#63120,.T.);
#63140=ORIENTED_EDGE('',*,*,#63130,.F.);
#63150=EDGE_LOOP('',(#63140,#63070,#62990,#62900));
#63160=FACE_BOUND('',#63150,.T.);
#63170=CARTESIAN_POINT('',(54.216923,48.133846,1.));
#63180=DIRECTION('',(0.,0.,1.));
#63190=VECTOR('',#63180,1.);
#63200=LINE('',#63170,#63190);
#63210=CARTESIAN_POINT('',(54.216923,48.133846,1371.6));
#63220=VERTEX_POINT('',#63210);
#63230=CARTESIAN_POINT('',(54.216923,48.133846,1380.4));
#63240=VERTEX_POINT('',#63230);
#63250=EDGE_CURVE('',#63220,#63240,#63200,.T.);
#63260=ORIENTED_EDGE('',*,*,#63250,.T.);
#63270=CARTESIAN_POINT('',(51.116923,48.133846,1371.6));
#63280=DIRECTION('',(0.,-1.,0.));
#63290=DIRECTION('',(1.,0.,0.));
#63300=AXIS2_PLACEMENT_3D('',#63270,#63280,#63290);
#63310=CIRCLE('',#63300,3.1);
#63320=CARTESIAN_POINT('',(48.016923,48.133846,1371.6));
#63330=VERTEX_POINT('',#63320);
#63340=EDGE_CURVE('',#63330,#63220,#63310,.T.);
#63350=ORIENTED_EDGE('',*,*,#63340,.T.);
#63360=CARTESIAN_POINT('',(48.016923,48.133846,1.));
#63370=DIRECTION('',(0.,0.,-1.));
#63380=VECTOR('',#63370,1.);
#63390=LINE('',#63360,#63380);
#63400=CARTESIAN_POINT('',(48.016923,48.133846,1380.4));
#63410=VERTEX_POINT('',#63400);
#63420=EDGE_CURVE('',#63410,#63330,#63390,.T.);
#63430=ORIENTED_EDGE('',*,*,#63420,.T.);
#63440=CARTESIAN_POINT('',(51.116923,48.133846,1380.4));
#63450=DIRECTION('',(0.,1.,0.));
#63460=DIRECTION('',(1.,0.,0.));
#63470=AXIS2_PLACEMENT_3D('',#63440,#63450,#63460);
#63480=CIRCLE('',#63470,3.1);
#63490=EDGE_CURVE('',#63410,#63240,#63480,.T.);
#63500=ORIENTED_EDGE('',*,*,#63490,.F.);
#63510=EDGE_LOOP('',(#63500,#63430,#63350,#63260));
#63520=FACE_BOUND('',#63510,.T.);
#63530=CARTESIAN_POINT('',(54.216923,48.133846,1.));
#63540=DIRECTION('',(0.,0.,1.));
#63550=VECTOR('',#63540,1.);
#63560=LINE('',#63530,#63550);
#63570=CARTESIAN_POINT('',(54.216923,48.133846,796.6));
#63580=VERTEX_POINT('',#63570);
#63590=CARTESIAN_POINT('',(54.216923,48.133846,805.4));
#63600=VERTEX_POINT('',#63590);
#63610=EDGE_CURVE('',#63580,#63600,#63560,.T.);
#63620=ORIENTED_EDGE('',*,*,#63610,.T.);
#63630=CARTESIAN_POINT('',(51.116923,48.133846,796.6));
#63640=DIRECTION('',(0.,-1.,0.));
#63650=DIRECTION('',(1.,0.,0.));
#63660=AXIS2_PLACEMENT_3D('',#63630,#63640,#63650);
#63670=CIRCLE('',#63660,3.1);
#63680=CARTESIAN_POINT('',(48.016923,48.133846,796.6));
#63690=VERTEX_POINT('',#63680);
#63700=EDGE_CURVE('',#63690,#63580,#63670,.T.);
#63710=ORIENTED_EDGE('',*,*,#63700,.T.);
#63720=CARTESIAN_POINT('',(48.016923,48.133846,1.));
#63730=DIRECTION('',(0.,0.,-1.));
#63740=VECTOR('',#63730,1.);
#63750=LINE('',#63720,#63740);
#63760=CARTESIAN_POINT('',(48.016923,48.133846,805.4));
#63770=VERTEX_POINT('',#63760);
#63780=EDGE_CURVE('',#63770,#63690,#63750,.T.);
#63790=ORIENTED_EDGE('',*,*,#63780,.T.);
#63800=CARTESIAN_POINT('',(51.116923,48.133846,805.4));
#63810=DIRECTION('',(0.,1.,0.));
#63820=DIRECTION('',(1.,0.,0.));
#63830=AXIS2_PLACEMENT_3D('',#63800,#63810,#63820);
#63840=CIRCLE('',#63830,3.1);
#63850=EDGE_CURVE('',#63770,#63600,#63840,.T.);
#63860=ORIENTED_EDGE('',*,*,#63850,.F.);
#63870=EDGE_LOOP('',(#63860,#63790,#63710,#63620));
#63880=FACE_BOUND('',#63870,.T.);
#63890=CARTESIAN_POINT('',(54.216923,48.133846,1.));
#63900=DIRECTION('',(0.,0.,1.));
#63910=VECTOR('',#63900,1.);
#63920=LINE('',#63890,#63910);
#63930=CARTESIAN_POINT('',(54.216923,48.133846,246.6));
#63940=VERTEX_POINT('',#63930);
#63950=CARTESIAN_POINT('',(54.216923,48.133846,255.4));
#63960=VERTEX_POINT('',#63950);
#63970=EDGE_CURVE('',#63940,#63960,#63920,.T.);
#63980=ORIENTED_EDGE('',*,*,#63970,.T.);
#63990=CARTESIAN_POINT('',(51.116923,48.133846,246.6));
#64000=DIRECTION('',(0.,-1.,0.));
#64010=DIRECTION('',(1.,0.,0.));
#64020=AXIS2_PLACEMENT_3D('',#63990,#64000,#64010);
#64030=CIRCLE('',#64020,3.1);
#64040=CARTESIAN_POINT('',(48.016923,48.133846,246.6));
#64050=VERTEX_POINT('',#64040);
#64060=EDGE_CURVE('',#64050,#63940,#64030,.T.);
#64070=ORIENTED_EDGE('',*,*,#64060,.T.);
#64080=CARTESIAN_POINT('',(48.016923,48.133846,1.));
#64090=DIRECTION('',(0.,0.,-1.));
#64100=VECTOR('',#64090,1.);
#64110=LINE('',#64080,#64100);
#64120=CARTESIAN_POINT('',(48.016923,48.133846,255.4));
#64130=VERTEX_POINT('',#64120);
#64140=EDGE_CURVE('',#64130,#64050,#64110,.T.);
#64150=ORIENTED_EDGE('',*,*,#64140,.T.);
#64160=CARTESIAN_POINT('',(51.116923,48.133846,255.4));
#64170=DIRECTION('',(0.,1.,0.));
#64180=DIRECTION('',(1.,0.,0.));
#64190=AXIS2_PLACEMENT_3D('',#64160,#64170,#64180);
#64200=CIRCLE('',#64190,3.1);
#64210=EDGE_CURVE('',#64130,#63960,#64200,.T.);
#64220=ORIENTED_EDGE('',*,*,#64210,.F.);
#64230=EDGE_LOOP('',(#64220,#64150,#64070,#63980));
#64240=FACE_BOUND('',#64230,.T.);
#64250=CARTESIAN_POINT('',(51.116923,48.133846,1130.4));
#64260=DIRECTION('',(0.,1.,0.));
#64270=DIRECTION('',(1.,0.,0.));
#64280=AXIS2_PLACEMENT_3D('',#64250,#64260,#64270);
#64290=CIRCLE('',#64280,3.1);
#64300=CARTESIAN_POINT('',(48.016923,48.133846,1130.4));
#64310=VERTEX_POINT('',#64300);
#64320=CARTESIAN_POINT('',(54.216923,48.133846,1130.4));
#64330=VERTEX_POINT('',#64320);
#64340=EDGE_CURVE('',#64310,#64330,#64290,.T.);
#64350=ORIENTED_EDGE('',*,*,#64340,.F.);
#64360=CARTESIAN_POINT('',(54.216923,48.133846,1.));
#64370=DIRECTION('',(0.,0.,1.));
#64380=VECTOR('',#64370,1.);
#64390=LINE('',#64360,#64380);
#64400=CARTESIAN_POINT('',(54.216923,48.133846,1121.6));
#64410=VERTEX_POINT('',#64400);
#64420=EDGE_CURVE('',#64410,#64330,#64390,.T.);
#64430=ORIENTED_EDGE('',*,*,#64420,.T.);
#64440=CARTESIAN_POINT('',(51.116923,48.133846,1121.6));
#64450=DIRECTION('',(0.,-1.,0.));
#64460=DIRECTION('',(1.,0.,0.));
#64470=AXIS2_PLACEMENT_3D('',#64440,#64450,#64460);
#64480=CIRCLE('',#64470,3.1);
#64490=CARTESIAN_POINT('',(48.016923,48.133846,1121.6));
#64500=VERTEX_POINT('',#64490);
#64510=EDGE_CURVE('',#64500,#64410,#64480,.T.);
#64520=ORIENTED_EDGE('',*,*,#64510,.T.);
#64530=CARTESIAN_POINT('',(48.016923,48.133846,1.));
#64540=DIRECTION('',(0.,0.,-1.));
#64550=VECTOR('',#64540,1.);
#64560=LINE('',#64530,#64550);
#64570=EDGE_CURVE('',#64310,#64500,#64560,.T.);
#64580=ORIENTED_EDGE('',*,*,#64570,.T.);
#64590=EDGE_LOOP('',(#64580,#64520,#64430,#64350));
#64600=FACE_BOUND('',#64590,.T.);
#64610=CARTESIAN_POINT('',(54.216923,48.133846,1.));
#64620=DIRECTION('',(0.,0.,1.));
#64630=VECTOR('',#64620,1.);
#64640=LINE('',#64610,#64630);
#64650=CARTESIAN_POINT('',(54.216923,48.133846,696.6));
#64660=VERTEX_POINT('',#64650);
#64670=CARTESIAN_POINT('',(54.216923,48.133846,705.4));
#64680=VERTEX_POINT('',#64670);
#64690=EDGE_CURVE('',#64660,#64680,#64640,.T.);
#64700=ORIENTED_EDGE('',*,*,#64690,.T.);
#64710=CARTESIAN_POINT('',(51.116923,48.133846,696.6));
#64720=DIRECTION('',(0.,-1.,0.));
#64730=DIRECTION('',(1.,0.,0.));
#64740=AXIS2_PLACEMENT_3D('',#64710,#64720,#64730);
#64750=CIRCLE('',#64740,3.1);
#64760=CARTESIAN_POINT('',(48.016923,48.133846,696.6));
#64770=VERTEX_POINT('',#64760);
#64780=EDGE_CURVE('',#64770,#64660,#64750,.T.);
#64790=ORIENTED_EDGE('',*,*,#64780,.T.);
#64800=CARTESIAN_POINT('',(48.016923,48.133846,1.));
#64810=DIRECTION('',(0.,0.,-1.));
#64820=VECTOR('',#64810,1.);
#64830=LINE('',#64800,#64820);
#64840=CARTESIAN_POINT('',(48.016923,48.133846,705.4));
#64850=VERTEX_POINT('',#64840);
#64860=EDGE_CURVE('',#64850,#64770,#64830,.T.);
#64870=ORIENTED_EDGE('',*,*,#64860,.T.);
#64880=CARTESIAN_POINT('',(51.116923,48.133846,705.4));
#64890=DIRECTION('',(0.,1.,0.));
#64900=DIRECTION('',(1.,0.,0.));
#64910=AXIS2_PLACEMENT_3D('',#64880,#64890,#64900);
#64920=CIRCLE('',#64910,3.1);
#64930=EDGE_CURVE('',#64850,#64680,#64920,.T.);
#64940=ORIENTED_EDGE('',*,*,#64930,.F.);
#64950=EDGE_LOOP('',(#64940,#64870,#64790,#64700));
#64960=FACE_BOUND('',#64950,.T.);
#64970=CARTESIAN_POINT('',(54.216923,48.133846,1.));
#64980=DIRECTION('',(0.,0.,1.));
#64990=VECTOR('',#64980,1.);
#65000=LINE('',#64970,#64990);
#65010=CARTESIAN_POINT('',(54.216923,48.133846,571.6));
#65020=VERTEX_POINT('',#65010);
#65030=CARTESIAN_POINT('',(54.216923,48.133846,580.4));
#65040=VERTEX_POINT('',#65030);
#65050=EDGE_CURVE('',#65020,#65040,#65000,.T.);
#65060=ORIENTED_EDGE('',*,*,#65050,.T.);
#65070=CARTESIAN_POINT('',(51.116923,48.133846,571.6));
#65080=DIRECTION('',(0.,-1.,0.));
#65090=DIRECTION('',(1.,0.,0.));
#65100=AXIS2_PLACEMENT_3D('',#65070,#65080,#65090);
#65110=CIRCLE('',#65100,3.1);
#65120=CARTESIAN_POINT('',(48.016923,48.133846,571.6));
#65130=VERTEX_POINT('',#65120);
#65140=EDGE_CURVE('',#65130,#65020,#65110,.T.);
#65150=ORIENTED_EDGE('',*,*,#65140,.T.);
#65160=CARTESIAN_POINT('',(48.016923,48.133846,1.));
#65170=DIRECTION('',(0.,0.,-1.));
#65180=VECTOR('',#65170,1.);
#65190=LINE('',#65160,#65180);
#65200=CARTESIAN_POINT('',(48.016923,48.133846,580.4));
#65210=VERTEX_POINT('',#65200);
#65220=EDGE_CURVE('',#65210,#65130,#65190,.T.);
#65230=ORIENTED_EDGE('',*,*,#65220,.T.);
#65240=CARTESIAN_POINT('',(51.116923,48.133846,580.4));
#65250=DIRECTION('',(0.,1.,0.));
#65260=DIRECTION('',(1.,0.,0.));
#65270=AXIS2_PLACEMENT_3D('',#65240,#65250,#65260);
#65280=CIRCLE('',#65270,3.1);
#65290=EDGE_CURVE('',#65210,#65040,#65280,.T.);
#65300=ORIENTED_EDGE('',*,*,#65290,.F.);
#65310=EDGE_LOOP('',(#65300,#65230,#65150,#65060));
#65320=FACE_BOUND('',#65310,.T.);
#65330=CARTESIAN_POINT('',(54.216923,48.133846,1.));
#65340=DIRECTION('',(0.,0.,1.));
#65350=VECTOR('',#65340,1.);
#65360=LINE('',#65330,#65350);
#65370=CARTESIAN_POINT('',(54.216923,48.133846,1221.6));
#65380=VERTEX_POINT('',#65370);
#65390=CARTESIAN_POINT('',(54.216923,48.133846,1230.4));
#65400=VERTEX_POINT('',#65390);
#65410=EDGE_CURVE('',#65380,#65400,#65360,.T.);
#65420=ORIENTED_EDGE('',*,*,#65410,.T.);
#65430=CARTESIAN_POINT('',(51.116923,48.133846,1221.6));
#65440=DIRECTION('',(0.,-1.,0.));
#65450=DIRECTION('',(1.,0.,0.));
#65460=AXIS2_PLACEMENT_3D('',#65430,#65440,#65450);
#65470=CIRCLE('',#65460,3.1);
#65480=CARTESIAN_POINT('',(48.016923,48.133846,1221.6));
#65490=VERTEX_POINT('',#65480);
#65500=EDGE_CURVE('',#65490,#65380,#65470,.T.);
#65510=ORIENTED_EDGE('',*,*,#65500,.T.);
#65520=CARTESIAN_POINT('',(48.016923,48.133846,1.));
#65530=DIRECTION('',(0.,0.,-1.));
#65540=VECTOR('',#65530,1.);
#65550=LINE('',#65520,#65540);
#65560=CARTESIAN_POINT('',(48.016923,48.133846,1230.4));
#65570=VERTEX_POINT('',#65560);
#65580=EDGE_CURVE('',#65570,#65490,#65550,.T.);
#65590=ORIENTED_EDGE('',*,*,#65580,.T.);
#65600=CARTESIAN_POINT('',(51.116923,48.133846,1230.4));
#65610=DIRECTION('',(0.,1.,0.));
#65620=DIRECTION('',(1.,0.,0.));
#65630=AXIS2_PLACEMENT_3D('',#65600,#65610,#65620);
#65640=CIRCLE('',#65630,3.1);
#65650=EDGE_CURVE('',#65570,#65400,#65640,.T.);
#65660=ORIENTED_EDGE('',*,*,#65650,.F.);
#65670=EDGE_LOOP('',(#65660,#65590,#65510,#65420));
#65680=FACE_BOUND('',#65670,.T.);
#65690=CARTESIAN_POINT('',(51.116923,48.133846,1755.4));
#65700=DIRECTION('',(0.,1.,0.));
#65710=DIRECTION('',(1.,0.,0.));
#65720=AXIS2_PLACEMENT_3D('',#65690,#65700,#65710);
#65730=CIRCLE('',#65720,3.1);
#65740=CARTESIAN_POINT('',(48.016923,48.133846,1755.4));
#65750=VERTEX_POINT('',#65740);
#65760=CARTESIAN_POINT('',(54.216923,48.133846,1755.4));
#65770=VERTEX_POINT('',#65760);
#65780=EDGE_CURVE('',#65750,#65770,#65730,.T.);
#65790=ORIENTED_EDGE('',*,*,#65780,.F.);
#65800=CARTESIAN_POINT('',(54.216923,48.133846,1.));
#65810=DIRECTION('',(0.,0.,1.));
#65820=VECTOR('',#65810,1.);
#65830=LINE('',#65800,#65820);
#65840=CARTESIAN_POINT('',(54.216923,48.133846,1746.6));
#65850=VERTEX_POINT('',#65840);
#65860=EDGE_CURVE('',#65850,#65770,#65830,.T.);
#65870=ORIENTED_EDGE('',*,*,#65860,.T.);
#65880=CARTESIAN_POINT('',(51.116923,48.133846,1746.6));
#65890=DIRECTION('',(0.,-1.,0.));
#65900=DIRECTION('',(1.,0.,0.));
#65910=AXIS2_PLACEMENT_3D('',#65880,#65890,#65900);
#65920=CIRCLE('',#65910,3.1);
#65930=CARTESIAN_POINT('',(48.016923,48.133846,1746.6));
#65940=VERTEX_POINT('',#65930);
#65950=EDGE_CURVE('',#65940,#65850,#65920,.T.);
#65960=ORIENTED_EDGE('',*,*,#65950,.T.);
#65970=CARTESIAN_POINT('',(48.016923,48.133846,1.));
#65980=DIRECTION('',(0.,0.,-1.));
#65990=VECTOR('',#65980,1.);
#66000=LINE('',#65970,#65990);
#66010=EDGE_CURVE('',#65750,#65940,#66000,.T.);
#66020=ORIENTED_EDGE('',*,*,#66010,.T.);
#66030=EDGE_LOOP('',(#66020,#65960,#65870,#65790));
#66040=FACE_BOUND('',#66030,.T.);
#66050=CARTESIAN_POINT('',(54.216923,48.133846,1.));
#66060=DIRECTION('',(0.,0.,1.));
#66070=VECTOR('',#66060,1.);
#66080=LINE('',#66050,#66070);
#66090=CARTESIAN_POINT('',(54.216923,48.133846,1971.6));
#66100=VERTEX_POINT('',#66090);
#66110=CARTESIAN_POINT('',(54.216923,48.133846,1980.4));
#66120=VERTEX_POINT('',#66110);
#66130=EDGE_CURVE('',#66100,#66120,#66080,.T.);
#66140=ORIENTED_EDGE('',*,*,#66130,.T.);
#66150=CARTESIAN_POINT('',(51.116923,48.133846,1971.6));
#66160=DIRECTION('',(0.,-1.,0.));
#66170=DIRECTION('',(1.,0.,0.));
#66180=AXIS2_PLACEMENT_3D('',#66150,#66160,#66170);
#66190=CIRCLE('',#66180,3.1);
#66200=CARTESIAN_POINT('',(48.016923,48.133846,1971.6));
#66210=VERTEX_POINT('',#66200);
#66220=EDGE_CURVE('',#66210,#66100,#66190,.T.);
#66230=ORIENTED_EDGE('',*,*,#66220,.T.);
#66240=CARTESIAN_POINT('',(48.016923,48.133846,1.));
#66250=DIRECTION('',(0.,0.,-1.));
#66260=VECTOR('',#66250,1.);
#66270=LINE('',#66240,#66260);
#66280=CARTESIAN_POINT('',(48.016923,48.133846,1980.4));
#66290=VERTEX_POINT('',#66280);
#66300=EDGE_CURVE('',#66290,#66210,#66270,.T.);
#66310=ORIENTED_EDGE('',*,*,#66300,.T.);
#66320=CARTESIAN_POINT('',(51.116923,48.133846,1980.4));
#66330=DIRECTION('',(0.,1.,0.));
#66340=DIRECTION('',(1.,0.,0.));
#66350=AXIS2_PLACEMENT_3D('',#66320,#66330,#66340);
#66360=CIRCLE('',#66350,3.1);
#66370=EDGE_CURVE('',#66290,#66120,#66360,.T.);
#66380=ORIENTED_EDGE('',*,*,#66370,.F.);
#66390=EDGE_LOOP('',(#66380,#66310,#66230,#66140));
#66400=FACE_BOUND('',#66390,.T.);
#66410=CARTESIAN_POINT('',(51.116923,48.133846,1021.6));
#66420=DIRECTION('',(0.,-1.,0.));
#66430=DIRECTION('',(1.,0.,0.));
#66440=AXIS2_PLACEMENT_3D('',#66410,#66420,#66430);
#66450=CIRCLE('',#66440,3.1);
#66460=CARTESIAN_POINT('',(48.016923,48.133846,1021.6));
#66470=VERTEX_POINT('',#66460);
#66480=CARTESIAN_POINT('',(54.216923,48.133846,1021.6));
#66490=VERTEX_POINT('',#66480);
#66500=EDGE_CURVE('',#66470,#66490,#66450,.T.);
#66510=ORIENTED_EDGE('',*,*,#66500,.T.);
#66520=CARTESIAN_POINT('',(48.016923,48.133846,1.));
#66530=DIRECTION('',(0.,0.,-1.));
#66540=VECTOR('',#66530,1.);
#66550=LINE('',#66520,#66540);
#66560=CARTESIAN_POINT('',(48.016923,48.133846,1030.4));
#66570=VERTEX_POINT('',#66560);
#66580=EDGE_CURVE('',#66570,#66470,#66550,.T.);
#66590=ORIENTED_EDGE('',*,*,#66580,.T.);
#66600=CARTESIAN_POINT('',(51.116923,48.133846,1030.4));
#66610=DIRECTION('',(0.,1.,0.));
#66620=DIRECTION('',(1.,0.,0.));
#66630=AXIS2_PLACEMENT_3D('',#66600,#66610,#66620);
#66640=CIRCLE('',#66630,3.1);
#66650=CARTESIAN_POINT('',(54.216923,48.133846,1030.4));
#66660=VERTEX_POINT('',#66650);
#66670=EDGE_CURVE('',#66570,#66660,#66640,.T.);
#66680=ORIENTED_EDGE('',*,*,#66670,.F.);
#66690=CARTESIAN_POINT('',(54.216923,48.133846,1.));
#66700=DIRECTION('',(0.,0.,1.));
#66710=VECTOR('',#66700,1.);
#66720=LINE('',#66690,#66710);
#66730=EDGE_CURVE('',#66490,#66660,#66720,.T.);
#66740=ORIENTED_EDGE('',*,*,#66730,.T.);
#66750=EDGE_LOOP('',(#66740,#66680,#66590,#66510));
#66760=FACE_BOUND('',#66750,.T.);
#66770=CARTESIAN_POINT('',(54.216923,48.133846,1.));
#66780=DIRECTION('',(0.,0.,1.));
#66790=VECTOR('',#66780,1.);
#66800=LINE('',#66770,#66790);
#66810=CARTESIAN_POINT('',(54.216923,48.133846,196.6));
#66820=VERTEX_POINT('',#66810);
#66830=CARTESIAN_POINT('',(54.216923,48.133846,205.4));
#66840=VERTEX_POINT('',#66830);
#66850=EDGE_CURVE('',#66820,#66840,#66800,.T.);
#66860=ORIENTED_EDGE('',*,*,#66850,.T.);
#66870=CARTESIAN_POINT('',(51.116923,48.133846,196.6));
#66880=DIRECTION('',(0.,-1.,0.));
#66890=DIRECTION('',(1.,0.,0.));
#66900=AXIS2_PLACEMENT_3D('',#66870,#66880,#66890);
#66910=CIRCLE('',#66900,3.1);
#66920=CARTESIAN_POINT('',(48.016923,48.133846,196.6));
#66930=VERTEX_POINT('',#66920);
#66940=EDGE_CURVE('',#66930,#66820,#66910,.T.);
#66950=ORIENTED_EDGE('',*,*,#66940,.T.);
#66960=CARTESIAN_POINT('',(48.016923,48.133846,1.));
#66970=DIRECTION('',(0.,0.,-1.));
#66980=VECTOR('',#66970,1.);
#66990=LINE('',#66960,#66980);
#67000=CARTESIAN_POINT('',(48.016923,48.133846,205.4));
#67010=VERTEX_POINT('',#67000);
#67020=EDGE_CURVE('',#67010,#66930,#66990,.T.);
#67030=ORIENTED_EDGE('',*,*,#67020,.T.);
#67040=CARTESIAN_POINT('',(51.116923,48.133846,205.4));
#67050=DIRECTION('',(0.,1.,0.));
#67060=DIRECTION('',(1.,0.,0.));
#67070=AXIS2_PLACEMENT_3D('',#67040,#67050,#67060);
#67080=CIRCLE('',#67070,3.1);
#67090=EDGE_CURVE('',#67010,#66840,#67080,.T.);
#67100=ORIENTED_EDGE('',*,*,#67090,.F.);
#67110=EDGE_LOOP('',(#67100,#67030,#66950,#66860));
#67120=FACE_BOUND('',#67110,.T.);
#67130=CARTESIAN_POINT('',(51.116923,48.133846,446.6));
#67140=DIRECTION('',(0.,-1.,0.));
#67150=DIRECTION('',(1.,0.,0.));
#67160=AXIS2_PLACEMENT_3D('',#67130,#67140,#67150);
#67170=CIRCLE('',#67160,3.1);
#67180=CARTESIAN_POINT('',(48.016923,48.133846,446.6));
#67190=VERTEX_POINT('',#67180);
#67200=CARTESIAN_POINT('',(54.216923,48.133846,446.6));
#67210=VERTEX_POINT('',#67200);
#67220=EDGE_CURVE('',#67190,#67210,#67170,.T.);
#67230=ORIENTED_EDGE('',*,*,#67220,.T.);
#67240=CARTESIAN_POINT('',(48.016923,48.133846,1.));
#67250=DIRECTION('',(0.,0.,-1.));
#67260=VECTOR('',#67250,1.);
#67270=LINE('',#67240,#67260);
#67280=CARTESIAN_POINT('',(48.016923,48.133846,455.4));
#67290=VERTEX_POINT('',#67280);
#67300=EDGE_CURVE('',#67290,#67190,#67270,.T.);
#67310=ORIENTED_EDGE('',*,*,#67300,.T.);
#67320=CARTESIAN_POINT('',(51.116923,48.133846,455.4));
#67330=DIRECTION('',(0.,1.,0.));
#67340=DIRECTION('',(1.,0.,0.));
#67350=AXIS2_PLACEMENT_3D('',#67320,#67330,#67340);
#67360=CIRCLE('',#67350,3.1);
#67370=CARTESIAN_POINT('',(54.216923,48.133846,455.4));
#67380=VERTEX_POINT('',#67370);
#67390=EDGE_CURVE('',#67290,#67380,#67360,.T.);
#67400=ORIENTED_EDGE('',*,*,#67390,.F.);
#67410=CARTESIAN_POINT('',(54.216923,48.133846,1.));
#67420=DIRECTION('',(0.,0.,1.));
#67430=VECTOR('',#67420,1.);
#67440=LINE('',#67410,#67430);
#67450=EDGE_CURVE('',#67210,#67380,#67440,.T.);
#67460=ORIENTED_EDGE('',*,*,#67450,.T.);
#67470=EDGE_LOOP('',(#67460,#67400,#67310,#67230));
#67480=FACE_BOUND('',#67470,.T.);
#67490=CARTESIAN_POINT('',(51.116923,48.133846,1505.4));
#67500=DIRECTION('',(0.,1.,0.));
#67510=DIRECTION('',(1.,0.,0.));
#67520=AXIS2_PLACEMENT_3D('',#67490,#67500,#67510);
#67530=CIRCLE('',#67520,3.1);
#67540=CARTESIAN_POINT('',(48.016923,48.133846,1505.4));
#67550=VERTEX_POINT('',#67540);
#67560=CARTESIAN_POINT('',(54.216923,48.133846,1505.4));
#67570=VERTEX_POINT('',#67560);
#67580=EDGE_CURVE('',#67550,#67570,#67530,.T.);
#67590=ORIENTED_EDGE('',*,*,#67580,.F.);
#67600=CARTESIAN_POINT('',(54.216923,48.133846,1.));
#67610=DIRECTION('',(0.,0.,1.));
#67620=VECTOR('',#67610,1.);
#67630=LINE('',#67600,#67620);
#67640=CARTESIAN_POINT('',(54.216923,48.133846,1496.6));
#67650=VERTEX_POINT('',#67640);
#67660=EDGE_CURVE('',#67650,#67570,#67630,.T.);
#67670=ORIENTED_EDGE('',*,*,#67660,.T.);
#67680=CARTESIAN_POINT('',(51.116923,48.133846,1496.6));
#67690=DIRECTION('',(0.,-1.,0.));
#67700=DIRECTION('',(1.,0.,0.));
#67710=AXIS2_PLACEMENT_3D('',#67680,#67690,#67700);
#67720=CIRCLE('',#67710,3.1);
#67730=CARTESIAN_POINT('',(48.016923,48.133846,1496.6));
#67740=VERTEX_POINT('',#67730);
#67750=EDGE_CURVE('',#67740,#67650,#67720,.T.);
#67760=ORIENTED_EDGE('',*,*,#67750,.T.);
#67770=CARTESIAN_POINT('',(48.016923,48.133846,1.));
#67780=DIRECTION('',(0.,0.,-1.));
#67790=VECTOR('',#67780,1.);
#67800=LINE('',#67770,#67790);
#67810=EDGE_CURVE('',#67550,#67740,#67800,.T.);
#67820=ORIENTED_EDGE('',*,*,#67810,.T.);
#67830=EDGE_LOOP('',(#67820,#67760,#67670,#67590));
#67840=FACE_BOUND('',#67830,.T.);
#67850=CARTESIAN_POINT('',(48.016923,48.133846,1.));
#67860=DIRECTION('',(0.,0.,-1.));
#67870=VECTOR('',#67860,1.);
#67880=LINE('',#67850,#67870);
#67890=CARTESIAN_POINT('',(48.016923,48.133846,1430.4));
#67900=VERTEX_POINT('',#67890);
#67910=CARTESIAN_POINT('',(48.016923,48.133846,1421.6));
#67920=VERTEX_POINT('',#67910);
#67930=EDGE_CURVE('',#67900,#67920,#67880,.T.);
#67940=ORIENTED_EDGE('',*,*,#67930,.T.);
#67950=CARTESIAN_POINT('',(51.116923,48.133846,1430.4));
#67960=DIRECTION('',(0.,1.,0.));
#67970=DIRECTION('',(1.,0.,0.));
#67980=AXIS2_PLACEMENT_3D('',#67950,#67960,#67970);
#67990=CIRCLE('',#67980,3.1);
#68000=CARTESIAN_POINT('',(54.216923,48.133846,1430.4));
#68010=VERTEX_POINT('',#68000);
#68020=EDGE_CURVE('',#67900,#68010,#67990,.T.);
#68030=ORIENTED_EDGE('',*,*,#68020,.F.);
#68040=CARTESIAN_POINT('',(54.216923,48.133846,1.));
#68050=DIRECTION('',(0.,0.,1.));
#68060=VECTOR('',#68050,1.);
#68070=LINE('',#68040,#68060);
#68080=CARTESIAN_POINT('',(54.216923,48.133846,1421.6));
#68090=VERTEX_POINT('',#68080);
#68100=EDGE_CURVE('',#68090,#68010,#68070,.T.);
#68110=ORIENTED_EDGE('',*,*,#68100,.T.);
#68120=CARTESIAN_POINT('',(51.116923,48.133846,1421.6));
#68130=DIRECTION('',(0.,-1.,0.));
#68140=DIRECTION('',(1.,0.,0.));
#68150=AXIS2_PLACEMENT_3D('',#68120,#68130,#68140);
#68160=CIRCLE('',#68150,3.1);
#68170=EDGE_CURVE('',#67920,#68090,#68160,.T.);
#68180=ORIENTED_EDGE('',*,*,#68170,.T.);
#68190=EDGE_LOOP('',(#68180,#68110,#68030,#67940));
#68200=FACE_BOUND('',#68190,.T.);
#68210=ORIENTED_EDGE('',*,*,#16850,.T.);
#68220=ORIENTED_EDGE('',*,*,#15400,.F.);
#68230=ORIENTED_EDGE('',*,*,#11600,.T.);
#68240=ORIENTED_EDGE('',*,*,#9010,.T.);
#68250=EDGE_LOOP('',(#68240,#68230,#68220,#68210));
#68260=FACE_BOUND('',#68250,.T.);
#68270=CARTESIAN_POINT('',(51.116923,48.133846,21.5999999999999));
#68280=DIRECTION('',(0.,-1.,0.));
#68290=DIRECTION('',(1.,0.,0.));
#68300=AXIS2_PLACEMENT_3D('',#68270,#68280,#68290);
#68310=CIRCLE('',#68300,3.1);
#68320=CARTESIAN_POINT('',(48.016923,48.133846,21.5999999999999));
#68330=VERTEX_POINT('',#68320);
#68340=EDGE_CURVE('',#68330,#8450,#68310,.T.);
#68350=ORIENTED_EDGE('',*,*,#68340,.T.);
#68360=CARTESIAN_POINT('',(48.016923,48.133846,1.));
#68370=DIRECTION('',(0.,0.,-1.));
#68380=VECTOR('',#68370,1.);
#68390=LINE('',#68360,#68380);
#68400=EDGE_CURVE('',#9700,#68330,#68390,.T.);
#68410=ORIENTED_EDGE('',*,*,#68400,.T.);
#68420=ORIENTED_EDGE('',*,*,#9880,.F.);
#68430=ORIENTED_EDGE('',*,*,#8520,.T.);
#68440=EDGE_LOOP('',(#68430,#68420,#68410,#68350));
#68450=FACE_BOUND('',#68440,.T.);
#68460=ORIENTED_EDGE('',*,*,#12220,.F.);
#68470=ORIENTED_EDGE('',*,*,#3320,.T.);
#68480=ORIENTED_EDGE('',*,*,#13620,.T.);
#68490=ORIENTED_EDGE('',*,*,#10350,.T.);
#68500=EDGE_LOOP('',(#68490,#68480,#68470,#68460));
#68510=FACE_BOUND('',#68500,.T.);
#68520=ORIENTED_EDGE('',*,*,#12930,.F.);
#68530=ORIENTED_EDGE('',*,*,#4170,.T.);
#68540=ORIENTED_EDGE('',*,*,#15000,.T.);
#68550=ORIENTED_EDGE('',*,*,#14380,.T.);
#68560=EDGE_LOOP('',(#68550,#68540,#68530,#68520));
#68570=FACE_BOUND('',#68560,.T.);
#68580=ORIENTED_EDGE('',*,*,#11910,.F.);
#68590=ORIENTED_EDGE('',*,*,#8050,.F.);
#68600=ORIENTED_EDGE('',*,*,#12530,.T.);
#68610=ORIENTED_EDGE('',*,*,#9480,.F.);
#68620=EDGE_LOOP('',(#68610,#68600,#68590,#68580));
#68630=FACE_BOUND('',#68620,.T.);
#68640=ORIENTED_EDGE('',*,*,#16560,.T.);
#68650=ORIENTED_EDGE('',*,*,#6510,.T.);
#68660=CARTESIAN_POINT('',(51.116923,48.133846,155.4));
#68670=DIRECTION('',(0.,1.,0.));
#68680=DIRECTION('',(1.,0.,0.));
#68690=AXIS2_PLACEMENT_3D('',#68660,#68670,#68680);
#68700=CIRCLE('',#68690,3.1);
#68710=EDGE_CURVE('',#6440,#16000,#68700,.T.);
#68720=ORIENTED_EDGE('',*,*,#68710,.F.);
#68730=ORIENTED_EDGE('',*,*,#16250,.T.);
#68740=EDGE_LOOP('',(#68730,#68720,#68650,#68640));
#68750=FACE_BOUND('',#68740,.T.);
#68760=ORIENTED_EDGE('',*,*,#14690,.F.);
#68770=ORIENTED_EDGE('',*,*,#14000,.T.);
#68780=ORIENTED_EDGE('',*,*,#6040,.T.);
#68790=ORIENTED_EDGE('',*,*,#13310,.T.);
#68800=EDGE_LOOP('',(#68790,#68780,#68770,#68760));
#68810=FACE_BOUND('',#68800,.T.);
#68820=CARTESIAN_POINT('',(51.116923,48.133846,821.6));
#68830=DIRECTION('',(0.,-1.,0.));
#68840=DIRECTION('',(1.,0.,0.));
#68850=AXIS2_PLACEMENT_3D('',#68820,#68830,#68840);
#68860=CIRCLE('',#68850,3.1);
#68870=CARTESIAN_POINT('',(48.016923,48.133846,821.6));
#68880=VERTEX_POINT('',#68870);
#68890=CARTESIAN_POINT('',(54.216923,48.133846,821.6));
#68900=VERTEX_POINT('',#68890);
#68910=EDGE_CURVE('',#68880,#68900,#68860,.T.);
#68920=ORIENTED_EDGE('',*,*,#68910,.T.);
#68930=CARTESIAN_POINT('',(48.016923,48.133846,1.));
#68940=DIRECTION('',(0.,0.,-1.));
#68950=VECTOR('',#68940,1.);
#68960=LINE('',#68930,#68950);
#68970=CARTESIAN_POINT('',(48.016923,48.133846,830.4));
#68980=VERTEX_POINT('',#68970);
#68990=EDGE_CURVE('',#68980,#68880,#68960,.T.);
#69000=ORIENTED_EDGE('',*,*,#68990,.T.);
#69010=CARTESIAN_POINT('',(51.116923,48.133846,830.4));
#69020=DIRECTION('',(0.,1.,0.));
#69030=DIRECTION('',(1.,0.,0.));
#69040=AXIS2_PLACEMENT_3D('',#69010,#69020,#69030);
#69050=CIRCLE('',#69040,3.1);
#69060=CARTESIAN_POINT('',(54.216923,48.133846,830.4));
#69070=VERTEX_POINT('',#69060);
#69080=EDGE_CURVE('',#68980,#69070,#69050,.T.);
#69090=ORIENTED_EDGE('',*,*,#69080,.F.);
#69100=CARTESIAN_POINT('',(54.216923,48.133846,1.));
#69110=DIRECTION('',(0.,0.,1.));
#69120=VECTOR('',#69110,1.);
#69130=LINE('',#69100,#69120);
#69140=EDGE_CURVE('',#68900,#69070,#69130,.T.);
#69150=ORIENTED_EDGE('',*,*,#69140,.T.);
#69160=EDGE_LOOP('',(#69150,#69090,#69000,#68920));
#69170=FACE_BOUND('',#69160,.T.);
#69180=CARTESIAN_POINT('',(48.016923,48.133846,1.));
#69190=DIRECTION('',(0.,0.,-1.));
#69200=VECTOR('',#69190,1.);
#69210=LINE('',#69180,#69200);
#69220=CARTESIAN_POINT('',(48.016923,48.133846,330.4));
#69230=VERTEX_POINT('',#69220);
#69240=CARTESIAN_POINT('',(48.016923,48.133846,321.6));
#69250=VERTEX_POINT('',#69240);
#69260=EDGE_CURVE('',#69230,#69250,#69210,.T.);
#69270=ORIENTED_EDGE('',*,*,#69260,.T.);
#69280=CARTESIAN_POINT('',(51.116923,48.133846,330.4));
#69290=DIRECTION('',(0.,1.,0.));
#69300=DIRECTION('',(1.,0.,0.));
#69310=AXIS2_PLACEMENT_3D('',#69280,#69290,#69300);
#69320=CIRCLE('',#69310,3.1);
#69330=CARTESIAN_POINT('',(54.216923,48.133846,330.4));
#69340=VERTEX_POINT('',#69330);
#69350=EDGE_CURVE('',#69230,#69340,#69320,.T.);
#69360=ORIENTED_EDGE('',*,*,#69350,.F.);
#69370=CARTESIAN_POINT('',(54.216923,48.133846,1.));
#69380=DIRECTION('',(0.,0.,1.));
#69390=VECTOR('',#69380,1.);
#69400=LINE('',#69370,#69390);
#69410=CARTESIAN_POINT('',(54.216923,48.133846,321.6));
#69420=VERTEX_POINT('',#69410);
#69430=EDGE_CURVE('',#69420,#69340,#69400,.T.);
#69440=ORIENTED_EDGE('',*,*,#69430,.T.);
#69450=CARTESIAN_POINT('',(51.116923,48.133846,321.6));
#69460=DIRECTION('',(0.,-1.,0.));
#69470=DIRECTION('',(1.,0.,0.));
#69480=AXIS2_PLACEMENT_3D('',#69450,#69460,#69470);
#69490=CIRCLE('',#69480,3.1);
#69500=EDGE_CURVE('',#69250,#69420,#69490,.T.);
#69510=ORIENTED_EDGE('',*,*,#69500,.T.);
#69520=EDGE_LOOP('',(#69510,#69440,#69360,#69270));
#69530=FACE_BOUND('',#69520,.T.);
#69540=CARTESIAN_POINT('',(54.216923,48.133846,1.));
#69550=DIRECTION('',(0.,0.,1.));
#69560=VECTOR('',#69550,1.);
#69570=LINE('',#69540,#69560);
#69580=CARTESIAN_POINT('',(54.216923,48.133846,871.6));
#69590=VERTEX_POINT('',#69580);
#69600=CARTESIAN_POINT('',(54.216923,48.133846,880.4));
#69610=VERTEX_POINT('',#69600);
#69620=EDGE_CURVE('',#69590,#69610,#69570,.T.);
#69630=ORIENTED_EDGE('',*,*,#69620,.T.);
#69640=CARTESIAN_POINT('',(51.116923,48.133846,871.6));
#69650=DIRECTION('',(0.,-1.,0.));
#69660=DIRECTION('',(1.,0.,0.));
#69670=AXIS2_PLACEMENT_3D('',#69640,#69650,#69660);
#69680=CIRCLE('',#69670,3.1);
#69690=CARTESIAN_POINT('',(48.016923,48.133846,871.6));
#69700=VERTEX_POINT('',#69690);
#69710=EDGE_CURVE('',#69700,#69590,#69680,.T.);
#69720=ORIENTED_EDGE('',*,*,#69710,.T.);
#69730=CARTESIAN_POINT('',(48.016923,48.133846,1.));
#69740=DIRECTION('',(0.,0.,-1.));
#69750=VECTOR('',#69740,1.);
#69760=LINE('',#69730,#69750);
#69770=CARTESIAN_POINT('',(48.016923,48.133846,880.4));
#69780=VERTEX_POINT('',#69770);
#69790=EDGE_CURVE('',#69780,#69700,#69760,.T.);
#69800=ORIENTED_EDGE('',*,*,#69790,.T.);
#69810=CARTESIAN_POINT('',(51.116923,48.133846,880.4));
#69820=DIRECTION('',(0.,1.,0.));
#69830=DIRECTION('',(1.,0.,0.));
#69840=AXIS2_PLACEMENT_3D('',#69810,#69820,#69830);
#69850=CIRCLE('',#69840,3.1);
#69860=EDGE_CURVE('',#69780,#69610,#69850,.T.);
#69870=ORIENTED_EDGE('',*,*,#69860,.F.);
#69880=EDGE_LOOP('',(#69870,#69800,#69720,#69630));
#69890=FACE_BOUND('',#69880,.T.);
#69900=CARTESIAN_POINT('',(54.216923,48.133846,1.));
#69910=DIRECTION('',(0.,0.,1.));
#69920=VECTOR('',#69910,1.);
#69930=LINE('',#69900,#69920);
#69940=CARTESIAN_POINT('',(54.216923,48.133846,1171.6));
#69950=VERTEX_POINT('',#69940);
#69960=CARTESIAN_POINT('',(54.216923,48.133846,1180.4));
#69970=VERTEX_POINT('',#69960);
#69980=EDGE_CURVE('',#69950,#69970,#69930,.T.);
#69990=ORIENTED_EDGE('',*,*,#69980,.T.);
#70000=CARTESIAN_POINT('',(51.116923,48.133846,1171.6));
#70010=DIRECTION('',(0.,-1.,0.));
#70020=DIRECTION('',(1.,0.,0.));
#70030=AXIS2_PLACEMENT_3D('',#70000,#70010,#70020);
#70040=CIRCLE('',#70030,3.1);
#70050=CARTESIAN_POINT('',(48.016923,48.133846,1171.6));
#70060=VERTEX_POINT('',#70050);
#70070=EDGE_CURVE('',#70060,#69950,#70040,.T.);
#70080=ORIENTED_EDGE('',*,*,#70070,.T.);
#70090=CARTESIAN_POINT('',(48.016923,48.133846,1.));
#70100=DIRECTION('',(0.,0.,-1.));
#70110=VECTOR('',#70100,1.);
#70120=LINE('',#70090,#70110);
#70130=CARTESIAN_POINT('',(48.016923,48.133846,1180.4));
#70140=VERTEX_POINT('',#70130);
#70150=EDGE_CURVE('',#70140,#70060,#70120,.T.);
#70160=ORIENTED_EDGE('',*,*,#70150,.T.);
#70170=CARTESIAN_POINT('',(51.116923,48.133846,1180.4));
#70180=DIRECTION('',(0.,1.,0.));
#70190=DIRECTION('',(1.,0.,0.));
#70200=AXIS2_PLACEMENT_3D('',#70170,#70180,#70190);
#70210=CIRCLE('',#70200,3.1);
#70220=EDGE_CURVE('',#70140,#69970,#70210,.T.);
#70230=ORIENTED_EDGE('',*,*,#70220,.F.);
#70240=EDGE_LOOP('',(#70230,#70160,#70080,#69990));
#70250=FACE_BOUND('',#70240,.T.);
#70260=CARTESIAN_POINT('',(51.116923,48.133846,505.4));
#70270=DIRECTION('',(0.,1.,0.));
#70280=DIRECTION('',(1.,0.,0.));
#70290=AXIS2_PLACEMENT_3D('',#70260,#70270,#70280);
#70300=CIRCLE('',#70290,3.1);
#70310=CARTESIAN_POINT('',(48.016923,48.133846,505.4));
#70320=VERTEX_POINT('',#70310);
#70330=CARTESIAN_POINT('',(54.216923,48.133846,505.4));
#70340=VERTEX_POINT('',#70330);
#70350=EDGE_CURVE('',#70320,#70340,#70300,.T.);
#70360=ORIENTED_EDGE('',*,*,#70350,.F.);
#70370=CARTESIAN_POINT('',(54.216923,48.133846,1.));
#70380=DIRECTION('',(0.,0.,1.));
#70390=VECTOR('',#70380,1.);
#70400=LINE('',#70370,#70390);
#70410=CARTESIAN_POINT('',(54.216923,48.133846,496.6));
#70420=VERTEX_POINT('',#70410);
#70430=EDGE_CURVE('',#70420,#70340,#70400,.T.);
#70440=ORIENTED_EDGE('',*,*,#70430,.T.);
#70450=CARTESIAN_POINT('',(51.116923,48.133846,496.6));
#70460=DIRECTION('',(0.,-1.,0.));
#70470=DIRECTION('',(1.,0.,0.));
#70480=AXIS2_PLACEMENT_3D('',#70450,#70460,#70470);
#70490=CIRCLE('',#70480,3.1);
#70500=CARTESIAN_POINT('',(48.016923,48.133846,496.6));
#70510=VERTEX_POINT('',#70500);
#70520=EDGE_CURVE('',#70510,#70420,#70490,.T.);
#70530=ORIENTED_EDGE('',*,*,#70520,.T.);
#70540=CARTESIAN_POINT('',(48.016923,48.133846,1.));
#70550=DIRECTION('',(0.,0.,-1.));
#70560=VECTOR('',#70550,1.);
#70570=LINE('',#70540,#70560);
#70580=EDGE_CURVE('',#70320,#70510,#70570,.T.);
#70590=ORIENTED_EDGE('',*,*,#70580,.T.);
#70600=EDGE_LOOP('',(#70590,#70530,#70440,#70360));
#70610=FACE_BOUND('',#70600,.T.);
#70620=CARTESIAN_POINT('',(54.216923,48.133846,1.));
#70630=DIRECTION('',(0.,0.,1.));
#70640=VECTOR('',#70630,1.);
#70650=LINE('',#70620,#70640);
#70660=CARTESIAN_POINT('',(54.216923,48.133846,1996.6));
#70670=VERTEX_POINT('',#70660);
#70680=EDGE_CURVE('',#70670,#10880,#70650,.T.);
#70690=ORIENTED_EDGE('',*,*,#70680,.T.);
#70700=CARTESIAN_POINT('',(51.116923,48.133846,1996.6));
#70710=DIRECTION('',(0.,-1.,0.));
#70720=DIRECTION('',(1.,0.,0.));
#70730=AXIS2_PLACEMENT_3D('',#70700,#70710,#70720);
#70740=CIRCLE('',#70730,3.1);
#70750=CARTESIAN_POINT('',(48.016923,48.133846,1996.6));
#70760=VERTEX_POINT('',#70750);
#70770=EDGE_CURVE('',#70760,#70670,#70740,.T.);
#70780=ORIENTED_EDGE('',*,*,#70770,.T.);
#70790=CARTESIAN_POINT('',(48.016923,48.133846,0.));
#70800=DIRECTION('',(0.,0.,-1.));
#70810=VECTOR('',#70800,1.);
#70820=LINE('',#70790,#70810);
#70830=CARTESIAN_POINT('',(48.016923,48.133846,2001.));
#70840=VERTEX_POINT('',#70830);
#70850=EDGE_CURVE('',#70840,#70760,#70820,.T.);
#70860=ORIENTED_EDGE('',*,*,#70850,.T.);
#70870=CARTESIAN_POINT('',(0.,48.133846,2001.));
#70880=DIRECTION('',(1.,0.,0.));
#70890=VECTOR('',#70880,1.);
#70900=LINE('',#70870,#70890);
#70910=EDGE_CURVE('',#15630,#70840,#70900,.T.);
#70920=ORIENTED_EDGE('',*,*,#70910,.T.);
#70930=ORIENTED_EDGE('',*,*,#15640,.T.);
#70940=ORIENTED_EDGE('',*,*,#470,.F.);
#70950=ORIENTED_EDGE('',*,*,#2850,.T.);
#70960=ORIENTED_EDGE('',*,*,#2270,.F.);
#70970=ORIENTED_EDGE('',*,*,#2560,.T.);
#70980=ORIENTED_EDGE('',*,*,#1720,.T.);
#70990=ORIENTED_EDGE('',*,*,#3690,.F.);
#71000=ORIENTED_EDGE('',*,*,#10970,.T.);
#71010=EDGE_LOOP('',(#71000,#70990,#70980,#70970,#70960,#70950,#70940,
#70930,#70920,#70860,#70780,#70690));
#71020=FACE_OUTER_BOUND('',#71010,.T.);
#71030=ADVANCED_FACE('',(#44440,#44800,#45160,#45520,#45880,#46240,
#46600,#46960,#47320,#47680,#48040,#48400,#48760,#49120,#49480,#49840,
#50200,#50560,#50920,#51280,#51640,#52000,#52360,#52720,#53080,#53440,
#53800,#54160,#54520,#54880,#55240,#55600,#55960,#56320,#56680,#57040,
#57400,#57760,#58120,#58480,#58840,#59200,#59560,#59920,#60280,#60640,
#61000,#61360,#61720,#62080,#62440,#62800,#63160,#63520,#63880,#64240,
#64600,#64960,#65320,#65680,#66040,#66400,#66760,#67120,#67480,#67840,
#68200,#68260,#68450,#68510,#68570,#68630,#68750,#68810,#69170,#69530,
#69890,#70250,#70610,#71020),#44080,.T.);
#71040=COLOUR_RGB('',0.823529481887817,0.823529481887817,
0.784313797950745);
#71050=FILL_AREA_STYLE_COLOUR('',#71040);
#71060=FILL_AREA_STYLE('',(#71050));
#71070=SURFACE_STYLE_FILL_AREA(#71060);
#71080=SURFACE_SIDE_STYLE('',(#71070));
#71090=SURFACE_STYLE_USAGE(.BOTH.,#71080);
#71100=PRESENTATION_STYLE_ASSIGNMENT((#71090));
#71110=CARTESIAN_POINT('',(51.116923,48.133846,155.4));
#71120=DIRECTION('',(0.,1.,0.));
#71130=DIRECTION('',(1.,0.,0.));
#71140=AXIS2_PLACEMENT_3D('',#71110,#71120,#71130);
#71150=CYLINDRICAL_SURFACE('',#71140,3.1);
#71160=ORIENTED_EDGE('',*,*,#6450,.F.);
#71170=ORIENTED_EDGE('',*,*,#41220,.F.);
#71180=ORIENTED_EDGE('',*,*,#16030,.T.);
#71190=ORIENTED_EDGE('',*,*,#68710,.T.);
#71200=EDGE_LOOP('',(#71190,#71180,#71170,#71160));
#71210=FACE_OUTER_BOUND('',#71200,.T.);
#71220=ADVANCED_FACE('',(#71210),#71150,.F.);
#71230=COLOUR_RGB('',0.823529481887817,0.823529481887817,
0.784313797950745);
#71240=FILL_AREA_STYLE_COLOUR('',#71230);
#71250=FILL_AREA_STYLE('',(#71240));
#71260=SURFACE_STYLE_FILL_AREA(#71250);
#71270=SURFACE_SIDE_STYLE('',(#71260));
#71280=SURFACE_STYLE_USAGE(.BOTH.,#71270);
#71290=PRESENTATION_STYLE_ASSIGNMENT((#71280));
#71300=CARTESIAN_POINT('',(51.116923,48.133846,21.5999999999999));
#71310=DIRECTION('',(0.,-1.,0.));
#71320=DIRECTION('',(1.,0.,0.));
#71330=AXIS2_PLACEMENT_3D('',#71300,#71310,#71320);
#71340=CYLINDRICAL_SURFACE('',#71330,3.1);
#71350=ORIENTED_EDGE('',*,*,#8460,.F.);
#71360=ORIENTED_EDGE('',*,*,#41630,.T.);
#71370=CARTESIAN_POINT('',(48.016923,48.133846,21.5999999999999));
#71380=DIRECTION('',(0.,-1.,0.));
#71390=VECTOR('',#71380,1.);
#71400=LINE('',#71370,#71390);
#71410=EDGE_CURVE('',#68330,#41620,#71400,.T.);
#71420=ORIENTED_EDGE('',*,*,#71410,.T.);
#71430=ORIENTED_EDGE('',*,*,#68340,.F.);
#71440=EDGE_LOOP('',(#71430,#71420,#71360,#71350));
#71450=FACE_OUTER_BOUND('',#71440,.T.);
#71460=ADVANCED_FACE('',(#71450),#71340,.F.);
#71470=COLOUR_RGB('',0.823529481887817,0.823529481887817,
0.784313797950745);
#71480=FILL_AREA_STYLE_COLOUR('',#71470);
#71490=FILL_AREA_STYLE('',(#71480));
#71500=SURFACE_STYLE_FILL_AREA(#71490);
#71510=SURFACE_SIDE_STYLE('',(#71500));
#71520=SURFACE_STYLE_USAGE(.BOTH.,#71510);
#71530=PRESENTATION_STYLE_ASSIGNMENT((#71520));
#71540=CARTESIAN_POINT('',(48.016923,48.133846,30.4000000000001));
#71550=DIRECTION('',(1.,0.,-0.));
#71560=DIRECTION('',(0.,0.,1.));
#71570=AXIS2_PLACEMENT_3D('',#71540,#71550,#71560);
#71580=PLANE('',#71570);
#71590=ORIENTED_EDGE('',*,*,#71410,.F.);
#71600=ORIENTED_EDGE('',*,*,#41710,.T.);
#71610=ORIENTED_EDGE('',*,*,#9730,.T.);
#71620=ORIENTED_EDGE('',*,*,#68400,.F.);
#71630=EDGE_LOOP('',(#71620,#71610,#71600,#71590));
#71640=FACE_OUTER_BOUND('',#71630,.T.);
#71650=ADVANCED_FACE('',(#71640),#71580,.T.);
#71660=COLOUR_RGB('',0.823529481887817,0.823529481887817,
0.784313797950745);
#71670=FILL_AREA_STYLE_COLOUR('',#71660);
#71680=FILL_AREA_STYLE('',(#71670));
#71690=SURFACE_STYLE_FILL_AREA(#71680);
#71700=SURFACE_SIDE_STYLE('',(#71690));
#71710=SURFACE_STYLE_USAGE(.BOTH.,#71700);
#71720=PRESENTATION_STYLE_ASSIGNMENT((#71710));
#71730=ORIENTED_EDGE('',*,*,#43680,.T.);
#71740=ORIENTED_EDGE('',*,*,#7580,.F.);
#71750=CARTESIAN_POINT('',(36.366923,58.883846,2001.));
#71760=DIRECTION('',(0.,0.,-1.));
#71770=DIRECTION('',(-1.,0.,0.));
#71780=AXIS2_PLACEMENT_3D('',#71750,#71760,#71770);
#71790=CIRCLE('',#71780,1.25);
#71800=EDGE_CURVE('',#5100,#7510,#71790,.T.);
#71810=ORIENTED_EDGE('',*,*,#71800,.T.);
#71820=ORIENTED_EDGE('',*,*,#5110,.F.);
#71830=ORIENTED_EDGE('',*,*,#4790,.F.);
#71840=ORIENTED_EDGE('',*,*,#4480,.F.);
#71850=CARTESIAN_POINT('',(36.366923,58.883846,2001.));
#71860=DIRECTION('',(0.,0.,1.));
#71870=DIRECTION('',(1.,0.,0.));
#71880=AXIS2_PLACEMENT_3D('',#71850,#71860,#71870);
#71890=CIRCLE('',#71880,2.75);
#71900=EDGE_CURVE('',#15710,#4390,#71890,.T.);
#71910=ORIENTED_EDGE('',*,*,#71900,.T.);
#71920=ORIENTED_EDGE('',*,*,#15720,.F.);
#71930=ORIENTED_EDGE('',*,*,#70910,.F.);
#71940=CARTESIAN_POINT('',(48.016923,0.,2001.));
#71950=DIRECTION('',(0.,-1.,0.));
#71960=VECTOR('',#71950,1.);
#71970=LINE('',#71940,#71960);
#71980=EDGE_CURVE('',#70840,#43670,#71970,.T.);
#71990=ORIENTED_EDGE('',*,*,#71980,.F.);
#72000=EDGE_LOOP('',(#71990,#71930,#71920,#71910,#71840,#71830,#71820,
#71810,#71740,#71730));
#72010=FACE_OUTER_BOUND('',#72000,.T.);
#72020=ADVANCED_FACE('',(#72010),#10820,.T.);
#72030=COLOUR_RGB('',0.823529481887817,0.823529481887817,
0.784313797950745);
#72040=FILL_AREA_STYLE_COLOUR('',#72030);
#72050=FILL_AREA_STYLE('',(#72040));
#72060=SURFACE_STYLE_FILL_AREA(#72050);
#72070=SURFACE_SIDE_STYLE('',(#72060));
#72080=SURFACE_STYLE_USAGE(.BOTH.,#72070);
#72090=PRESENTATION_STYLE_ASSIGNMENT((#72080));
#72100=CARTESIAN_POINT('',(54.216923,48.133846,1996.6));
#72110=DIRECTION('',(-1.,-0.,-0.));
#72120=DIRECTION('',(0.,0.,-1.));
#72130=AXIS2_PLACEMENT_3D('',#72100,#72110,#72120);
#72140=PLANE('',#72130);
#72150=CARTESIAN_POINT('',(54.216923,48.133846,1996.6));
#72160=DIRECTION('',(0.,-1.,0.));
#72170=VECTOR('',#72160,1.);
#72180=LINE('',#72150,#72170);
#72190=EDGE_CURVE('',#70670,#43840,#72180,.T.);
#72200=ORIENTED_EDGE('',*,*,#72190,.T.);
#72210=ORIENTED_EDGE('',*,*,#70680,.F.);
#72220=ORIENTED_EDGE('',*,*,#10910,.F.);
#72230=ORIENTED_EDGE('',*,*,#43910,.T.);
#72240=EDGE_LOOP('',(#72230,#72220,#72210,#72200));
#72250=FACE_OUTER_BOUND('',#72240,.T.);
#72260=ADVANCED_FACE('',(#72250),#72140,.T.);
#72270=COLOUR_RGB('',0.823529481887817,0.823529481887817,
0.784313797950745);
#72280=FILL_AREA_STYLE_COLOUR('',#72270);
#72290=FILL_AREA_STYLE('',(#72280));
#72300=SURFACE_STYLE_FILL_AREA(#72290);
#72310=SURFACE_SIDE_STYLE('',(#72300));
#72320=SURFACE_STYLE_USAGE(.BOTH.,#72310);
#72330=PRESENTATION_STYLE_ASSIGNMENT((#72320));
#72340=CARTESIAN_POINT('',(51.116923,48.133846,1996.6));
#72350=DIRECTION('',(0.,-1.,0.));
#72360=DIRECTION('',(1.,0.,0.));
#72370=AXIS2_PLACEMENT_3D('',#72340,#72350,#72360);
#72380=CYLINDRICAL_SURFACE('',#72370,3.1);
#72390=ORIENTED_EDGE('',*,*,#72190,.F.);
#72400=ORIENTED_EDGE('',*,*,#43850,.T.);
#72410=CARTESIAN_POINT('',(48.016923,48.133846,1996.6));
#72420=DIRECTION('',(0.,-1.,0.));
#72430=VECTOR('',#72420,1.);
#72440=LINE('',#72410,#72430);
#72450=EDGE_CURVE('',#70760,#43750,#72440,.T.);
#72460=ORIENTED_EDGE('',*,*,#72450,.T.);
#72470=ORIENTED_EDGE('',*,*,#70770,.F.);
#72480=EDGE_LOOP('',(#72470,#72460,#72400,#72390));
#72490=FACE_OUTER_BOUND('',#72480,.T.);
#72500=ADVANCED_FACE('',(#72490),#72380,.F.);
#72510=COLOUR_RGB('',0.823529481887817,0.823529481887817,
0.784313797950745);
#72520=FILL_AREA_STYLE_COLOUR('',#72510);
#72530=FILL_AREA_STYLE('',(#72520));
#72540=SURFACE_STYLE_FILL_AREA(#72530);
#72550=SURFACE_SIDE_STYLE('',(#72540));
#72560=SURFACE_STYLE_USAGE(.BOTH.,#72550);
#72570=PRESENTATION_STYLE_ASSIGNMENT((#72560));
#72580=CARTESIAN_POINT('',(48.016923,48.133846,2005.4));
#72590=DIRECTION('',(1.,0.,-0.));
#72600=DIRECTION('',(0.,0.,1.));
#72610=AXIS2_PLACEMENT_3D('',#72580,#72590,#72600);
#72620=PLANE('',#72610);
#72630=ORIENTED_EDGE('',*,*,#72450,.F.);
#72640=ORIENTED_EDGE('',*,*,#43760,.T.);
#72650=ORIENTED_EDGE('',*,*,#71980,.T.);
#72660=ORIENTED_EDGE('',*,*,#70850,.F.);
#72670=EDGE_LOOP('',(#72660,#72650,#72640,#72630));
#72680=FACE_OUTER_BOUND('',#72670,.T.);
#72690=ADVANCED_FACE('',(#72680),#72620,.T.);
#72700=COLOUR_RGB('',0.823529481887817,0.823529481887817,
0.784313797950745);
#72710=FILL_AREA_STYLE_COLOUR('',#72700);
#72720=FILL_AREA_STYLE('',(#72710));
#72730=SURFACE_STYLE_FILL_AREA(#72720);
#72740=SURFACE_SIDE_STYLE('',(#72730));
#72750=SURFACE_STYLE_USAGE(.BOTH.,#72740);
#72760=PRESENTATION_STYLE_ASSIGNMENT((#72750));
#72770=CARTESIAN_POINT('',(54.216923,48.133846,821.6));
#72780=DIRECTION('',(-1.,-0.,-0.));
#72790=DIRECTION('',(0.,0.,-1.));
#72800=AXIS2_PLACEMENT_3D('',#72770,#72780,#72790);
#72810=PLANE('',#72800);
#72820=CARTESIAN_POINT('',(54.216923,48.133846,830.4));
#72830=DIRECTION('',(0.,-1.,0.));
#72840=VECTOR('',#72830,1.);
#72850=LINE('',#72820,#72840);
#72860=EDGE_CURVE('',#69070,#29340,#72850,.T.);
#72870=ORIENTED_EDGE('',*,*,#72860,.F.);
#72880=ORIENTED_EDGE('',*,*,#29580,.T.);
#72890=CARTESIAN_POINT('',(54.216923,48.133846,821.6));
#72900=DIRECTION('',(0.,-1.,0.));
#72910=VECTOR('',#72900,1.);
#72920=LINE('',#72890,#72910);
#72930=EDGE_CURVE('',#68900,#29510,#72920,.T.);
#72940=ORIENTED_EDGE('',*,*,#72930,.T.);
#72950=ORIENTED_EDGE('',*,*,#69140,.F.);
#72960=EDGE_LOOP('',(#72950,#72940,#72880,#72870));
#72970=FACE_OUTER_BOUND('',#72960,.T.);
#72980=ADVANCED_FACE('',(#72970),#72810,.T.);
#72990=COLOUR_RGB('',0.823529481887817,0.823529481887817,
0.784313797950745);
#73000=FILL_AREA_STYLE_COLOUR('',#72990);
#73010=FILL_AREA_STYLE('',(#73000));
#73020=SURFACE_STYLE_FILL_AREA(#73010);
#73030=SURFACE_SIDE_STYLE('',(#73020));
#73040=SURFACE_STYLE_USAGE(.BOTH.,#73030);
#73050=PRESENTATION_STYLE_ASSIGNMENT((#73040));
#73060=CARTESIAN_POINT('',(51.116923,48.133846,821.6));
#73070=DIRECTION('',(0.,-1.,0.));
#73080=DIRECTION('',(1.,0.,0.));
#73090=AXIS2_PLACEMENT_3D('',#73060,#73070,#73080);
#73100=CYLINDRICAL_SURFACE('',#73090,3.1);
#73110=ORIENTED_EDGE('',*,*,#72930,.F.);
#73120=ORIENTED_EDGE('',*,*,#29520,.T.);
#73130=CARTESIAN_POINT('',(48.016923,48.133846,821.6));
#73140=DIRECTION('',(0.,-1.,0.));
#73150=VECTOR('',#73140,1.);
#73160=LINE('',#73130,#73150);
#73170=EDGE_CURVE('',#68880,#29420,#73160,.T.);
#73180=ORIENTED_EDGE('',*,*,#73170,.T.);
#73190=ORIENTED_EDGE('',*,*,#68910,.F.);
#73200=EDGE_LOOP('',(#73190,#73180,#73120,#73110));
#73210=FACE_OUTER_BOUND('',#73200,.T.);
#73220=ADVANCED_FACE('',(#73210),#73100,.F.);
#73230=COLOUR_RGB('',0.823529481887817,0.823529481887817,
0.784313797950745);
#73240=FILL_AREA_STYLE_COLOUR('',#73230);
#73250=FILL_AREA_STYLE('',(#73240));
#73260=SURFACE_STYLE_FILL_AREA(#73250);
#73270=SURFACE_SIDE_STYLE('',(#73260));
#73280=SURFACE_STYLE_USAGE(.BOTH.,#73270);
#73290=PRESENTATION_STYLE_ASSIGNMENT((#73280));
#73300=CARTESIAN_POINT('',(48.016923,48.133846,830.4));
#73310=DIRECTION('',(1.,0.,-0.));
#73320=DIRECTION('',(0.,0.,1.));
#73330=AXIS2_PLACEMENT_3D('',#73300,#73310,#73320);
#73340=PLANE('',#73330);
#73350=ORIENTED_EDGE('',*,*,#73170,.F.);
#73360=ORIENTED_EDGE('',*,*,#29430,.T.);
#73370=CARTESIAN_POINT('',(48.016923,48.133846,830.4));
#73380=DIRECTION('',(0.,-1.,0.));
#73390=VECTOR('',#73380,1.);
#73400=LINE('',#73370,#73390);
#73410=EDGE_CURVE('',#68980,#29320,#73400,.T.);
#73420=ORIENTED_EDGE('',*,*,#73410,.T.);
#73430=ORIENTED_EDGE('',*,*,#68990,.F.);
#73440=EDGE_LOOP('',(#73430,#73420,#73360,#73350));
#73450=FACE_OUTER_BOUND('',#73440,.T.);
#73460=ADVANCED_FACE('',(#73450),#73340,.T.);
#73470=COLOUR_RGB('',0.823529481887817,0.823529481887817,
0.784313797950745);
#73480=FILL_AREA_STYLE_COLOUR('',#73470);
#73490=FILL_AREA_STYLE('',(#73480));
#73500=SURFACE_STYLE_FILL_AREA(#73490);
#73510=SURFACE_SIDE_STYLE('',(#73500));
#73520=SURFACE_STYLE_USAGE(.BOTH.,#73510);
#73530=PRESENTATION_STYLE_ASSIGNMENT((#73520));
#73540=CARTESIAN_POINT('',(51.116923,48.133846,830.4));
#73550=DIRECTION('',(0.,1.,0.));
#73560=DIRECTION('',(1.,0.,0.));
#73570=AXIS2_PLACEMENT_3D('',#73540,#73550,#73560);
#73580=CYLINDRICAL_SURFACE('',#73570,3.1);
#73590=ORIENTED_EDGE('',*,*,#73410,.F.);
#73600=ORIENTED_EDGE('',*,*,#29350,.F.);
#73610=ORIENTED_EDGE('',*,*,#72860,.T.);
#73620=ORIENTED_EDGE('',*,*,#69080,.T.);
#73630=EDGE_LOOP('',(#73620,#73610,#73600,#73590));
#73640=FACE_OUTER_BOUND('',#73630,.T.);
#73650=ADVANCED_FACE('',(#73640),#73580,.F.);
#73660=COLOUR_RGB('',0.823529481887817,0.823529481887817,
0.784313797950745);
#73670=FILL_AREA_STYLE_COLOUR('',#73660);
#73680=FILL_AREA_STYLE('',(#73670));
#73690=SURFACE_STYLE_FILL_AREA(#73680);
#73700=SURFACE_SIDE_STYLE('',(#73690));
#73710=SURFACE_STYLE_USAGE(.BOTH.,#73700);
#73720=PRESENTATION_STYLE_ASSIGNMENT((#73710));
#73730=CARTESIAN_POINT('',(51.116923,48.133846,321.6));
#73740=DIRECTION('',(0.,-1.,0.));
#73750=DIRECTION('',(1.,0.,0.));
#73760=AXIS2_PLACEMENT_3D('',#73730,#73740,#73750);
#73770=CYLINDRICAL_SURFACE('',#73760,3.1);
#73780=CARTESIAN_POINT('',(54.216923,48.133846,321.6));
#73790=DIRECTION('',(0.,-1.,0.));
#73800=VECTOR('',#73790,1.);
#73810=LINE('',#73780,#73800);
#73820=EDGE_CURVE('',#69420,#24020,#73810,.T.);
#73830=ORIENTED_EDGE('',*,*,#73820,.F.);
#73840=ORIENTED_EDGE('',*,*,#24030,.T.);
#73850=CARTESIAN_POINT('',(48.016923,48.133846,321.6));
#73860=DIRECTION('',(0.,-1.,0.));
#73870=VECTOR('',#73860,1.);
#73880=LINE('',#73850,#73870);
#73890=EDGE_CURVE('',#69250,#23930,#73880,.T.);
#73900=ORIENTED_EDGE('',*,*,#73890,.T.);
#73910=ORIENTED_EDGE('',*,*,#69500,.F.);
#73920=EDGE_LOOP('',(#73910,#73900,#73840,#73830));
#73930=FACE_OUTER_BOUND('',#73920,.T.);
#73940=ADVANCED_FACE('',(#73930),#73770,.F.);
#73950=COLOUR_RGB('',0.823529481887817,0.823529481887817,
0.784313797950745);
#73960=FILL_AREA_STYLE_COLOUR('',#73950);
#73970=FILL_AREA_STYLE('',(#73960));
#73980=SURFACE_STYLE_FILL_AREA(#73970);
#73990=SURFACE_SIDE_STYLE('',(#73980));
#74000=SURFACE_STYLE_USAGE(.BOTH.,#73990);
#74010=PRESENTATION_STYLE_ASSIGNMENT((#74000));
#74020=CARTESIAN_POINT('',(48.016923,48.133846,330.4));
#74030=DIRECTION('',(1.,0.,-0.));
#74040=DIRECTION('',(0.,0.,1.));
#74050=AXIS2_PLACEMENT_3D('',#74020,#74030,#74040);
#74060=PLANE('',#74050);
#74070=ORIENTED_EDGE('',*,*,#73890,.F.);
#74080=ORIENTED_EDGE('',*,*,#23940,.T.);
#74090=CARTESIAN_POINT('',(48.016923,48.133846,330.4));
#74100=DIRECTION('',(0.,-1.,0.));
#74110=VECTOR('',#74100,1.);
#74120=LINE('',#74090,#74110);
#74130=EDGE_CURVE('',#69230,#23910,#74120,.T.);
#74140=ORIENTED_EDGE('',*,*,#74130,.T.);
#74150=ORIENTED_EDGE('',*,*,#69260,.F.);
#74160=EDGE_LOOP('',(#74150,#74140,#74080,#74070));
#74170=FACE_OUTER_BOUND('',#74160,.T.);
#74180=ADVANCED_FACE('',(#74170),#74060,.T.);
#74190=COLOUR_RGB('',0.823529481887817,0.823529481887817,
0.784313797950745);
#74200=FILL_AREA_STYLE_COLOUR('',#74190);
#74210=FILL_AREA_STYLE('',(#74200));
#74220=SURFACE_STYLE_FILL_AREA(#74210);
#74230=SURFACE_SIDE_STYLE('',(#74220));
#74240=SURFACE_STYLE_USAGE(.BOTH.,#74230);
#74250=PRESENTATION_STYLE_ASSIGNMENT((#74240));
#74260=CARTESIAN_POINT('',(51.116923,48.133846,330.4));
#74270=DIRECTION('',(0.,1.,0.));
#74280=DIRECTION('',(1.,0.,0.));
#74290=AXIS2_PLACEMENT_3D('',#74260,#74270,#74280);
#74300=CYLINDRICAL_SURFACE('',#74290,3.1);
#74310=ORIENTED_EDGE('',*,*,#74130,.F.);
#74320=ORIENTED_EDGE('',*,*,#24180,.F.);
#74330=CARTESIAN_POINT('',(54.216923,48.133846,330.4));
#74340=DIRECTION('',(0.,-1.,0.));
#74350=VECTOR('',#74340,1.);
#74360=LINE('',#74330,#74350);
#74370=EDGE_CURVE('',#69340,#24100,#74360,.T.);
#74380=ORIENTED_EDGE('',*,*,#74370,.T.);
#74390=ORIENTED_EDGE('',*,*,#69350,.T.);
#74400=EDGE_LOOP('',(#74390,#74380,#74320,#74310));
#74410=FACE_OUTER_BOUND('',#74400,.T.);
#74420=ADVANCED_FACE('',(#74410),#74300,.F.);
#74430=COLOUR_RGB('',0.823529481887817,0.823529481887817,
0.784313797950745);
#74440=FILL_AREA_STYLE_COLOUR('',#74430);
#74450=FILL_AREA_STYLE('',(#74440));
#74460=SURFACE_STYLE_FILL_AREA(#74450);
#74470=SURFACE_SIDE_STYLE('',(#74460));
#74480=SURFACE_STYLE_USAGE(.BOTH.,#74470);
#74490=PRESENTATION_STYLE_ASSIGNMENT((#74480));
#74500=CARTESIAN_POINT('',(54.216923,48.133846,321.6));
#74510=DIRECTION('',(-1.,-0.,-0.));
#74520=DIRECTION('',(0.,0.,-1.));
#74530=AXIS2_PLACEMENT_3D('',#74500,#74510,#74520);
#74540=PLANE('',#74530);
#74550=ORIENTED_EDGE('',*,*,#74370,.F.);
#74560=ORIENTED_EDGE('',*,*,#24110,.T.);
#74570=ORIENTED_EDGE('',*,*,#73820,.T.);
#74580=ORIENTED_EDGE('',*,*,#69430,.F.);
#74590=EDGE_LOOP('',(#74580,#74570,#74560,#74550));
#74600=FACE_OUTER_BOUND('',#74590,.T.);
#74610=ADVANCED_FACE('',(#74600),#74540,.T.);
#74620=COLOUR_RGB('',0.823529481887817,0.823529481887817,
0.784313797950745);
#74630=FILL_AREA_STYLE_COLOUR('',#74620);
#74640=FILL_AREA_STYLE('',(#74630));
#74650=SURFACE_STYLE_FILL_AREA(#74640);
#74660=SURFACE_SIDE_STYLE('',(#74650));
#74670=SURFACE_STYLE_USAGE(.BOTH.,#74660);
#74680=PRESENTATION_STYLE_ASSIGNMENT((#74670));
#74690=CARTESIAN_POINT('',(54.216923,48.133846,871.6));
#74700=DIRECTION('',(-1.,-0.,-0.));
#74710=DIRECTION('',(0.,0.,-1.));
#74720=AXIS2_PLACEMENT_3D('',#74690,#74700,#74710);
#74730=PLANE('',#74720);
#74740=CARTESIAN_POINT('',(54.216923,48.133846,880.4));
#74750=DIRECTION('',(0.,-1.,0.));
#74760=VECTOR('',#74750,1.);
#74770=LINE('',#74740,#74760);
#74780=EDGE_CURVE('',#69610,#26450,#74770,.T.);
#74790=ORIENTED_EDGE('',*,*,#74780,.F.);
#74800=ORIENTED_EDGE('',*,*,#26460,.T.);
#74810=CARTESIAN_POINT('',(54.216923,48.133846,871.6));
#74820=DIRECTION('',(0.,-1.,0.));
#74830=VECTOR('',#74820,1.);
#74840=LINE('',#74810,#74830);
#74850=EDGE_CURVE('',#69590,#26430,#74840,.T.);
#74860=ORIENTED_EDGE('',*,*,#74850,.T.);
#74870=ORIENTED_EDGE('',*,*,#69620,.F.);
#74880=EDGE_LOOP('',(#74870,#74860,#74800,#74790));
#74890=FACE_OUTER_BOUND('',#74880,.T.);
#74900=ADVANCED_FACE('',(#74890),#74730,.T.);
#74910=COLOUR_RGB('',0.823529481887817,0.823529481887817,
0.784313797950745);
#74920=FILL_AREA_STYLE_COLOUR('',#74910);
#74930=FILL_AREA_STYLE('',(#74920));
#74940=SURFACE_STYLE_FILL_AREA(#74930);
#74950=SURFACE_SIDE_STYLE('',(#74940));
#74960=SURFACE_STYLE_USAGE(.BOTH.,#74950);
#74970=PRESENTATION_STYLE_ASSIGNMENT((#74960));
#74980=CARTESIAN_POINT('',(51.116923,48.133846,871.6));
#74990=DIRECTION('',(0.,-1.,0.));
#75000=DIRECTION('',(1.,0.,0.));
#75010=AXIS2_PLACEMENT_3D('',#74980,#74990,#75000);
#75020=CYLINDRICAL_SURFACE('',#75010,3.1);
#75030=ORIENTED_EDGE('',*,*,#74850,.F.);
#75040=ORIENTED_EDGE('',*,*,#26700,.T.);
#75050=CARTESIAN_POINT('',(48.016923,48.133846,871.6));
#75060=DIRECTION('',(0.,-1.,0.));
#75070=VECTOR('',#75060,1.);
#75080=LINE('',#75050,#75070);
#75090=EDGE_CURVE('',#69700,#26620,#75080,.T.);
#75100=ORIENTED_EDGE('',*,*,#75090,.T.);
#75110=ORIENTED_EDGE('',*,*,#69710,.F.);
#75120=EDGE_LOOP('',(#75110,#75100,#75040,#75030));
#75130=FACE_OUTER_BOUND('',#75120,.T.);
#75140=ADVANCED_FACE('',(#75130),#75020,.F.);
#75150=COLOUR_RGB('',0.823529481887817,0.823529481887817,
0.784313797950745);
#75160=FILL_AREA_STYLE_COLOUR('',#75150);
#75170=FILL_AREA_STYLE('',(#75160));
#75180=SURFACE_STYLE_FILL_AREA(#75170);
#75190=SURFACE_SIDE_STYLE('',(#75180));
#75200=SURFACE_STYLE_USAGE(.BOTH.,#75190);
#75210=PRESENTATION_STYLE_ASSIGNMENT((#75200));
#75220=CARTESIAN_POINT('',(48.016923,48.133846,880.4));
#75230=DIRECTION('',(1.,0.,-0.));
#75240=DIRECTION('',(0.,0.,1.));
#75250=AXIS2_PLACEMENT_3D('',#75220,#75230,#75240);
#75260=PLANE('',#75250);
#75270=ORIENTED_EDGE('',*,*,#75090,.F.);
#75280=ORIENTED_EDGE('',*,*,#26630,.T.);
#75290=CARTESIAN_POINT('',(48.016923,48.133846,880.4));
#75300=DIRECTION('',(0.,-1.,0.));
#75310=VECTOR('',#75300,1.);
#75320=LINE('',#75290,#75310);
#75330=EDGE_CURVE('',#69780,#26540,#75320,.T.);
#75340=ORIENTED_EDGE('',*,*,#75330,.T.);
#75350=ORIENTED_EDGE('',*,*,#69790,.F.);
#75360=EDGE_LOOP('',(#75350,#75340,#75280,#75270));
#75370=FACE_OUTER_BOUND('',#75360,.T.);
#75380=ADVANCED_FACE('',(#75370),#75260,.T.);
#75390=COLOUR_RGB('',0.823529481887817,0.823529481887817,
0.784313797950745);
#75400=FILL_AREA_STYLE_COLOUR('',#75390);
#75410=FILL_AREA_STYLE('',(#75400));
#75420=SURFACE_STYLE_FILL_AREA(#75410);
#75430=SURFACE_SIDE_STYLE('',(#75420));
#75440=SURFACE_STYLE_USAGE(.BOTH.,#75430);
#75450=PRESENTATION_STYLE_ASSIGNMENT((#75440));
#75460=CARTESIAN_POINT('',(51.116923,48.133846,880.4));
#75470=DIRECTION('',(0.,1.,0.));
#75480=DIRECTION('',(1.,0.,0.));
#75490=AXIS2_PLACEMENT_3D('',#75460,#75470,#75480);
#75500=CYLINDRICAL_SURFACE('',#75490,3.1);
#75510=ORIENTED_EDGE('',*,*,#75330,.F.);
#75520=ORIENTED_EDGE('',*,*,#26550,.F.);
#75530=ORIENTED_EDGE('',*,*,#74780,.T.);
#75540=ORIENTED_EDGE('',*,*,#69860,.T.);
#75550=EDGE_LOOP('',(#75540,#75530,#75520,#75510));
#75560=FACE_OUTER_BOUND('',#75550,.T.);
#75570=ADVANCED_FACE('',(#75560),#75500,.F.);
#75580=COLOUR_RGB('',0.823529481887817,0.823529481887817,
0.784313797950745);
#75590=FILL_AREA_STYLE_COLOUR('',#75580);
#75600=FILL_AREA_STYLE('',(#75590));
#75610=SURFACE_STYLE_FILL_AREA(#75600);
#75620=SURFACE_SIDE_STYLE('',(#75610));
#75630=SURFACE_STYLE_USAGE(.BOTH.,#75620);
#75640=PRESENTATION_STYLE_ASSIGNMENT((#75630));
#75650=CARTESIAN_POINT('',(54.216923,48.133846,1171.6));
#75660=DIRECTION('',(-1.,-0.,-0.));
#75670=DIRECTION('',(0.,0.,-1.));
#75680=AXIS2_PLACEMENT_3D('',#75650,#75660,#75670);
#75690=PLANE('',#75680);
#75700=CARTESIAN_POINT('',(54.216923,48.133846,1180.4));
#75710=DIRECTION('',(0.,-1.,0.));
#75720=VECTOR('',#75710,1.);
#75730=LINE('',#75700,#75720);
#75740=EDGE_CURVE('',#69970,#32020,#75730,.T.);
#75750=ORIENTED_EDGE('',*,*,#75740,.F.);
#75760=ORIENTED_EDGE('',*,*,#32030,.T.);
#75770=CARTESIAN_POINT('',(54.216923,48.133846,1171.6));
#75780=DIRECTION('',(0.,-1.,0.));
#75790=VECTOR('',#75780,1.);
#75800=LINE('',#75770,#75790);
#75810=EDGE_CURVE('',#69950,#31940,#75800,.T.);
#75820=ORIENTED_EDGE('',*,*,#75810,.T.);
#75830=ORIENTED_EDGE('',*,*,#69980,.F.);
#75840=EDGE_LOOP('',(#75830,#75820,#75760,#75750));
#75850=FACE_OUTER_BOUND('',#75840,.T.);
#75860=ADVANCED_FACE('',(#75850),#75690,.T.);
#75870=COLOUR_RGB('',0.823529481887817,0.823529481887817,
0.784313797950745);
#75880=FILL_AREA_STYLE_COLOUR('',#75870);
#75890=FILL_AREA_STYLE('',(#75880));
#75900=SURFACE_STYLE_FILL_AREA(#75890);
#75910=SURFACE_SIDE_STYLE('',(#75900));
#75920=SURFACE_STYLE_USAGE(.BOTH.,#75910);
#75930=PRESENTATION_STYLE_ASSIGNMENT((#75920));
#75940=CARTESIAN_POINT('',(51.116923,48.133846,1171.6));
#75950=DIRECTION('',(0.,-1.,0.));
#75960=DIRECTION('',(1.,0.,0.));
#75970=AXIS2_PLACEMENT_3D('',#75940,#75950,#75960);
#75980=CYLINDRICAL_SURFACE('',#75970,3.1);
#75990=ORIENTED_EDGE('',*,*,#75810,.F.);
#76000=ORIENTED_EDGE('',*,*,#31950,.T.);
#76010=CARTESIAN_POINT('',(48.016923,48.133846,1171.6));
#76020=DIRECTION('',(0.,-1.,0.));
#76030=VECTOR('',#76020,1.);
#76040=LINE('',#76010,#76030);
#76050=EDGE_CURVE('',#70060,#31850,#76040,.T.);
#76060=ORIENTED_EDGE('',*,*,#76050,.T.);
#76070=ORIENTED_EDGE('',*,*,#70070,.F.);
#76080=EDGE_LOOP('',(#76070,#76060,#76000,#75990));
#76090=FACE_OUTER_BOUND('',#76080,.T.);
#76100=ADVANCED_FACE('',(#76090),#75980,.F.);
#76110=COLOUR_RGB('',0.823529481887817,0.823529481887817,
0.784313797950745);
#76120=FILL_AREA_STYLE_COLOUR('',#76110);
#76130=FILL_AREA_STYLE('',(#76120));
#76140=SURFACE_STYLE_FILL_AREA(#76130);
#76150=SURFACE_SIDE_STYLE('',(#76140));
#76160=SURFACE_STYLE_USAGE(.BOTH.,#76150);
#76170=PRESENTATION_STYLE_ASSIGNMENT((#76160));
#76180=CARTESIAN_POINT('',(48.016923,48.133846,1180.4));
#76190=DIRECTION('',(1.,0.,-0.));
#76200=DIRECTION('',(0.,0.,1.));
#76210=AXIS2_PLACEMENT_3D('',#76180,#76190,#76200);
#76220=PLANE('',#76210);
#76230=ORIENTED_EDGE('',*,*,#76050,.F.);
#76240=ORIENTED_EDGE('',*,*,#31860,.T.);
#76250=CARTESIAN_POINT('',(48.016923,48.133846,1180.4));
#76260=DIRECTION('',(0.,-1.,0.));
#76270=VECTOR('',#76260,1.);
#76280=LINE('',#76250,#76270);
#76290=EDGE_CURVE('',#70140,#31830,#76280,.T.);
#76300=ORIENTED_EDGE('',*,*,#76290,.T.);
#76310=ORIENTED_EDGE('',*,*,#70150,.F.);
#76320=EDGE_LOOP('',(#76310,#76300,#76240,#76230));
#76330=FACE_OUTER_BOUND('',#76320,.T.);
#76340=ADVANCED_FACE('',(#76330),#76220,.T.);
#76350=COLOUR_RGB('',0.823529481887817,0.823529481887817,
0.784313797950745);
#76360=FILL_AREA_STYLE_COLOUR('',#76350);
#76370=FILL_AREA_STYLE('',(#76360));
#76380=SURFACE_STYLE_FILL_AREA(#76370);
#76390=SURFACE_SIDE_STYLE('',(#76380));
#76400=SURFACE_STYLE_USAGE(.BOTH.,#76390);
#76410=PRESENTATION_STYLE_ASSIGNMENT((#76400));
#76420=CARTESIAN_POINT('',(51.116923,48.133846,1180.4));
#76430=DIRECTION('',(0.,1.,0.));
#76440=DIRECTION('',(1.,0.,0.));
#76450=AXIS2_PLACEMENT_3D('',#76420,#76430,#76440);
#76460=CYLINDRICAL_SURFACE('',#76450,3.1);
#76470=ORIENTED_EDGE('',*,*,#76290,.F.);
#76480=ORIENTED_EDGE('',*,*,#32100,.F.);
#76490=ORIENTED_EDGE('',*,*,#75740,.T.);
#76500=ORIENTED_EDGE('',*,*,#70220,.T.);
#76510=EDGE_LOOP('',(#76500,#76490,#76480,#76470));
#76520=FACE_OUTER_BOUND('',#76510,.T.);
#76530=ADVANCED_FACE('',(#76520),#76460,.F.);
#76540=COLOUR_RGB('',0.823529481887817,0.823529481887817,
0.784313797950745);
#76550=FILL_AREA_STYLE_COLOUR('',#76540);
#76560=FILL_AREA_STYLE('',(#76550));
#76570=SURFACE_STYLE_FILL_AREA(#76560);
#76580=SURFACE_SIDE_STYLE('',(#76570));
#76590=SURFACE_STYLE_USAGE(.BOTH.,#76580);
#76600=PRESENTATION_STYLE_ASSIGNMENT((#76590));
#76610=CARTESIAN_POINT('',(51.116923,48.133846,496.6));
#76620=DIRECTION('',(0.,-1.,0.));
#76630=DIRECTION('',(1.,0.,0.));
#76640=AXIS2_PLACEMENT_3D('',#76610,#76620,#76630);
#76650=CYLINDRICAL_SURFACE('',#76640,3.1);
#76660=CARTESIAN_POINT('',(54.216923,48.133846,496.6));
#76670=DIRECTION('',(0.,-1.,0.));
#76680=VECTOR('',#76670,1.);
#76690=LINE('',#76660,#76680);
#76700=EDGE_CURVE('',#70420,#34190,#76690,.T.);
#76710=ORIENTED_EDGE('',*,*,#76700,.F.);
#76720=ORIENTED_EDGE('',*,*,#34200,.T.);
#76730=CARTESIAN_POINT('',(48.016923,48.133846,496.6));
#76740=DIRECTION('',(0.,-1.,0.));
#76750=VECTOR('',#76740,1.);
#76760=LINE('',#76730,#76750);
#76770=EDGE_CURVE('',#70510,#34100,#76760,.T.);
#76780=ORIENTED_EDGE('',*,*,#76770,.T.);
#76790=ORIENTED_EDGE('',*,*,#70520,.F.);
#76800=EDGE_LOOP('',(#76790,#76780,#76720,#76710));
#76810=FACE_OUTER_BOUND('',#76800,.T.);
#76820=ADVANCED_FACE('',(#76810),#76650,.F.);
#76830=COLOUR_RGB('',0.823529481887817,0.823529481887817,
0.784313797950745);
#76840=FILL_AREA_STYLE_COLOUR('',#76830);
#76850=FILL_AREA_STYLE('',(#76840));
#76860=SURFACE_STYLE_FILL_AREA(#76850);
#76870=SURFACE_SIDE_STYLE('',(#76860));
#76880=SURFACE_STYLE_USAGE(.BOTH.,#76870);
#76890=PRESENTATION_STYLE_ASSIGNMENT((#76880));
#76900=CARTESIAN_POINT('',(54.216923,48.133846,496.6));
#76910=DIRECTION('',(-1.,-0.,-0.));
#76920=DIRECTION('',(0.,0.,-1.));
#76930=AXIS2_PLACEMENT_3D('',#76900,#76910,#76920);
#76940=PLANE('',#76930);
#76950=CARTESIAN_POINT('',(54.216923,48.133846,505.4));
#76960=DIRECTION('',(0.,-1.,0.));
#76970=VECTOR('',#76960,1.);
#76980=LINE('',#76950,#76970);
#76990=EDGE_CURVE('',#70340,#34020,#76980,.T.);
#77000=ORIENTED_EDGE('',*,*,#76990,.F.);
#77010=ORIENTED_EDGE('',*,*,#34260,.T.);
#77020=ORIENTED_EDGE('',*,*,#76700,.T.);
#77030=ORIENTED_EDGE('',*,*,#70430,.F.);
#77040=EDGE_LOOP('',(#77030,#77020,#77010,#77000));
#77050=FACE_OUTER_BOUND('',#77040,.T.);
#77060=ADVANCED_FACE('',(#77050),#76940,.T.);
#77070=COLOUR_RGB('',0.823529481887817,0.823529481887817,
0.784313797950745);
#77080=FILL_AREA_STYLE_COLOUR('',#77070);
#77090=FILL_AREA_STYLE('',(#77080));
#77100=SURFACE_STYLE_FILL_AREA(#77090);
#77110=SURFACE_SIDE_STYLE('',(#77100));
#77120=SURFACE_STYLE_USAGE(.BOTH.,#77110);
#77130=PRESENTATION_STYLE_ASSIGNMENT((#77120));
#77140=CARTESIAN_POINT('',(51.116923,48.133846,505.4));
#77150=DIRECTION('',(0.,1.,0.));
#77160=DIRECTION('',(1.,0.,0.));
#77170=AXIS2_PLACEMENT_3D('',#77140,#77150,#77160);
#77180=CYLINDRICAL_SURFACE('',#77170,3.1);
#77190=CARTESIAN_POINT('',(48.016923,48.133846,505.4));
#77200=DIRECTION('',(0.,-1.,0.));
#77210=VECTOR('',#77200,1.);
#77220=LINE('',#77190,#77210);
#77230=EDGE_CURVE('',#70320,#34000,#77220,.T.);
#77240=ORIENTED_EDGE('',*,*,#77230,.F.);
#77250=ORIENTED_EDGE('',*,*,#34030,.F.);
#77260=ORIENTED_EDGE('',*,*,#76990,.T.);
#77270=ORIENTED_EDGE('',*,*,#70350,.T.);
#77280=EDGE_LOOP('',(#77270,#77260,#77250,#77240));
#77290=FACE_OUTER_BOUND('',#77280,.T.);
#77300=ADVANCED_FACE('',(#77290),#77180,.F.);
#77310=COLOUR_RGB('',0.823529481887817,0.823529481887817,
0.784313797950745);
#77320=FILL_AREA_STYLE_COLOUR('',#77310);
#77330=FILL_AREA_STYLE('',(#77320));
#77340=SURFACE_STYLE_FILL_AREA(#77330);
#77350=SURFACE_SIDE_STYLE('',(#77340));
#77360=SURFACE_STYLE_USAGE(.BOTH.,#77350);
#77370=PRESENTATION_STYLE_ASSIGNMENT((#77360));
#77380=CARTESIAN_POINT('',(48.016923,48.133846,505.4));
#77390=DIRECTION('',(1.,0.,-0.));
#77400=DIRECTION('',(0.,0.,1.));
#77410=AXIS2_PLACEMENT_3D('',#77380,#77390,#77400);
#77420=PLANE('',#77410);
#77430=ORIENTED_EDGE('',*,*,#76770,.F.);
#77440=ORIENTED_EDGE('',*,*,#34110,.T.);
#77450=ORIENTED_EDGE('',*,*,#77230,.T.);
#77460=ORIENTED_EDGE('',*,*,#70580,.F.);
#77470=EDGE_LOOP('',(#77460,#77450,#77440,#77430));
#77480=FACE_OUTER_BOUND('',#77470,.T.);
#77490=ADVANCED_FACE('',(#77480),#77420,.T.);
#77500=COLOUR_RGB('',0.823529481887817,0.823529481887817,
0.784313797950745);
#77510=FILL_AREA_STYLE_COLOUR('',#77500);
#77520=FILL_AREA_STYLE('',(#77510));
#77530=SURFACE_STYLE_FILL_AREA(#77520);
#77540=SURFACE_SIDE_STYLE('',(#77530));
#77550=SURFACE_STYLE_USAGE(.BOTH.,#77540);
#77560=PRESENTATION_STYLE_ASSIGNMENT((#77550));
#77570=CARTESIAN_POINT('',(54.216923,48.133846,421.6));
#77580=DIRECTION('',(-1.,-0.,-0.));
#77590=DIRECTION('',(0.,0.,-1.));
#77600=AXIS2_PLACEMENT_3D('',#77570,#77580,#77590);
#77610=PLANE('',#77600);
#77620=CARTESIAN_POINT('',(54.216923,48.133846,430.4));
#77630=DIRECTION('',(0.,-1.,0.));
#77640=VECTOR('',#77630,1.);
#77650=LINE('',#77620,#77640);
#77660=EDGE_CURVE('',#44340,#21780,#77650,.T.);
#77670=ORIENTED_EDGE('',*,*,#77660,.F.);
#77680=ORIENTED_EDGE('',*,*,#22020,.T.);
#77690=CARTESIAN_POINT('',(54.216923,48.133846,421.6));
#77700=DIRECTION('',(0.,-1.,0.));
#77710=VECTOR('',#77700,1.);
#77720=LINE('',#77690,#77710);
#77730=EDGE_CURVE('',#44170,#21950,#77720,.T.);
#77740=ORIENTED_EDGE('',*,*,#77730,.T.);
#77750=ORIENTED_EDGE('',*,*,#44410,.F.);
#77760=EDGE_LOOP('',(#77750,#77740,#77680,#77670));
#77770=FACE_OUTER_BOUND('',#77760,.T.);
#77780=ADVANCED_FACE('',(#77770),#77610,.T.);
#77790=COLOUR_RGB('',0.823529481887817,0.823529481887817,
0.784313797950745);
#77800=FILL_AREA_STYLE_COLOUR('',#77790);
#77810=FILL_AREA_STYLE('',(#77800));
#77820=SURFACE_STYLE_FILL_AREA(#77810);
#77830=SURFACE_SIDE_STYLE('',(#77820));
#77840=SURFACE_STYLE_USAGE(.BOTH.,#77830);
#77850=PRESENTATION_STYLE_ASSIGNMENT((#77840));
#77860=CARTESIAN_POINT('',(51.116923,48.133846,421.6));
#77870=DIRECTION('',(0.,-1.,0.));
#77880=DIRECTION('',(1.,0.,0.));
#77890=AXIS2_PLACEMENT_3D('',#77860,#77870,#77880);
#77900=CYLINDRICAL_SURFACE('',#77890,3.1);
#77910=ORIENTED_EDGE('',*,*,#77730,.F.);
#77920=ORIENTED_EDGE('',*,*,#21960,.T.);
#77930=CARTESIAN_POINT('',(48.016923,48.133846,421.6));
#77940=DIRECTION('',(0.,-1.,0.));
#77950=VECTOR('',#77940,1.);
#77960=LINE('',#77930,#77950);
#77970=EDGE_CURVE('',#44150,#21860,#77960,.T.);
#77980=ORIENTED_EDGE('',*,*,#77970,.T.);
#77990=ORIENTED_EDGE('',*,*,#44180,.F.);
#78000=EDGE_LOOP('',(#77990,#77980,#77920,#77910));
#78010=FACE_OUTER_BOUND('',#78000,.T.);
#78020=ADVANCED_FACE('',(#78010),#77900,.F.);
#78030=COLOUR_RGB('',0.823529481887817,0.823529481887817,
0.784313797950745);
#78040=FILL_AREA_STYLE_COLOUR('',#78030);
#78050=FILL_AREA_STYLE('',(#78040));
#78060=SURFACE_STYLE_FILL_AREA(#78050);
#78070=SURFACE_SIDE_STYLE('',(#78060));
#78080=SURFACE_STYLE_USAGE(.BOTH.,#78070);
#78090=PRESENTATION_STYLE_ASSIGNMENT((#78080));
#78100=CARTESIAN_POINT('',(48.016923,48.133846,430.4));
#78110=DIRECTION('',(1.,0.,-0.));
#78120=DIRECTION('',(0.,0.,1.));
#78130=AXIS2_PLACEMENT_3D('',#78100,#78110,#78120);
#78140=PLANE('',#78130);
#78150=ORIENTED_EDGE('',*,*,#77970,.F.);
#78160=ORIENTED_EDGE('',*,*,#21870,.T.);
#78170=CARTESIAN_POINT('',(48.016923,48.133846,430.4));
#78180=DIRECTION('',(0.,-1.,0.));
#78190=VECTOR('',#78180,1.);
#78200=LINE('',#78170,#78190);
#78210=EDGE_CURVE('',#44250,#21760,#78200,.T.);
#78220=ORIENTED_EDGE('',*,*,#78210,.T.);
#78230=ORIENTED_EDGE('',*,*,#44260,.F.);
#78240=EDGE_LOOP('',(#78230,#78220,#78160,#78150));
#78250=FACE_OUTER_BOUND('',#78240,.T.);
#78260=ADVANCED_FACE('',(#78250),#78140,.T.);
#78270=COLOUR_RGB('',0.823529481887817,0.823529481887817,
0.784313797950745);
#78280=FILL_AREA_STYLE_COLOUR('',#78270);
#78290=FILL_AREA_STYLE('',(#78280));
#78300=SURFACE_STYLE_FILL_AREA(#78290);
#78310=SURFACE_SIDE_STYLE('',(#78300));
#78320=SURFACE_STYLE_USAGE(.BOTH.,#78310);
#78330=PRESENTATION_STYLE_ASSIGNMENT((#78320));
#78340=CARTESIAN_POINT('',(51.116923,48.133846,430.4));
#78350=DIRECTION('',(0.,1.,0.));
#78360=DIRECTION('',(1.,0.,0.));
#78370=AXIS2_PLACEMENT_3D('',#78340,#78350,#78360);
#78380=CYLINDRICAL_SURFACE('',#78370,3.1);
#78390=ORIENTED_EDGE('',*,*,#78210,.F.);
#78400=ORIENTED_EDGE('',*,*,#21790,.F.);
#78410=ORIENTED_EDGE('',*,*,#77660,.T.);
#78420=ORIENTED_EDGE('',*,*,#44350,.T.);
#78430=EDGE_LOOP('',(#78420,#78410,#78400,#78390));
#78440=FACE_OUTER_BOUND('',#78430,.T.);
#78450=ADVANCED_FACE('',(#78440),#78380,.F.);
#78460=COLOUR_RGB('',0.823529481887817,0.823529481887817,
0.784313797950745);
#78470=FILL_AREA_STYLE_COLOUR('',#78460);
#78480=FILL_AREA_STYLE('',(#78470));
#78490=SURFACE_STYLE_FILL_AREA(#78480);
#78500=SURFACE_SIDE_STYLE('',(#78490));
#78510=SURFACE_STYLE_USAGE(.BOTH.,#78500);
#78520=PRESENTATION_STYLE_ASSIGNMENT((#78510));
#78530=CARTESIAN_POINT('',(54.216923,48.133846,746.6));
#78540=DIRECTION('',(-1.,-0.,-0.));
#78550=DIRECTION('',(0.,0.,-1.));
#78560=AXIS2_PLACEMENT_3D('',#78530,#78540,#78550);
#78570=PLANE('',#78560);
#78580=CARTESIAN_POINT('',(54.216923,48.133846,755.4));
#78590=DIRECTION('',(0.,-1.,0.));
#78600=VECTOR('',#78590,1.);
#78610=LINE('',#78580,#78600);
#78620=EDGE_CURVE('',#44700,#31500,#78610,.T.);
#78630=ORIENTED_EDGE('',*,*,#78620,.F.);
#78640=ORIENTED_EDGE('',*,*,#31740,.T.);
#78650=CARTESIAN_POINT('',(54.216923,48.133846,746.6));
#78660=DIRECTION('',(0.,-1.,0.));
#78670=VECTOR('',#78660,1.);
#78680=LINE('',#78650,#78670);
#78690=EDGE_CURVE('',#44530,#31670,#78680,.T.);
#78700=ORIENTED_EDGE('',*,*,#78690,.T.);
#78710=ORIENTED_EDGE('',*,*,#44770,.F.);
#78720=EDGE_LOOP('',(#78710,#78700,#78640,#78630));
#78730=FACE_OUTER_BOUND('',#78720,.T.);
#78740=ADVANCED_FACE('',(#78730),#78570,.T.);
#78750=COLOUR_RGB('',0.823529481887817,0.823529481887817,
0.784313797950745);
#78760=FILL_AREA_STYLE_COLOUR('',#78750);
#78770=FILL_AREA_STYLE('',(#78760));
#78780=SURFACE_STYLE_FILL_AREA(#78770);
#78790=SURFACE_SIDE_STYLE('',(#78780));
#78800=SURFACE_STYLE_USAGE(.BOTH.,#78790);
#78810=PRESENTATION_STYLE_ASSIGNMENT((#78800));
#78820=CARTESIAN_POINT('',(51.116923,48.133846,746.6));
#78830=DIRECTION('',(0.,-1.,0.));
#78840=DIRECTION('',(1.,0.,0.));
#78850=AXIS2_PLACEMENT_3D('',#78820,#78830,#78840);
#78860=CYLINDRICAL_SURFACE('',#78850,3.1);
#78870=ORIENTED_EDGE('',*,*,#78690,.F.);
#78880=ORIENTED_EDGE('',*,*,#31680,.T.);
#78890=CARTESIAN_POINT('',(48.016923,48.133846,746.6));
#78900=DIRECTION('',(0.,-1.,0.));
#78910=VECTOR('',#78900,1.);
#78920=LINE('',#78890,#78910);
#78930=EDGE_CURVE('',#44510,#31580,#78920,.T.);
#78940=ORIENTED_EDGE('',*,*,#78930,.T.);
#78950=ORIENTED_EDGE('',*,*,#44540,.F.);
#78960=EDGE_LOOP('',(#78950,#78940,#78880,#78870));
#78970=FACE_OUTER_BOUND('',#78960,.T.);
#78980=ADVANCED_FACE('',(#78970),#78860,.F.);
#78990=COLOUR_RGB('',0.823529481887817,0.823529481887817,
0.784313797950745);
#79000=FILL_AREA_STYLE_COLOUR('',#78990);
#79010=FILL_AREA_STYLE('',(#79000));
#79020=SURFACE_STYLE_FILL_AREA(#79010);
#79030=SURFACE_SIDE_STYLE('',(#79020));
#79040=SURFACE_STYLE_USAGE(.BOTH.,#79030);
#79050=PRESENTATION_STYLE_ASSIGNMENT((#79040));
#79060=CARTESIAN_POINT('',(48.016923,48.133846,755.4));
#79070=DIRECTION('',(1.,0.,-0.));
#79080=DIRECTION('',(0.,0.,1.));
#79090=AXIS2_PLACEMENT_3D('',#79060,#79070,#79080);
#79100=PLANE('',#79090);
#79110=ORIENTED_EDGE('',*,*,#78930,.F.);
#79120=ORIENTED_EDGE('',*,*,#31590,.T.);
#79130=CARTESIAN_POINT('',(48.016923,48.133846,755.4));
#79140=DIRECTION('',(0.,-1.,0.));
#79150=VECTOR('',#79140,1.);
#79160=LINE('',#79130,#79150);
#79170=EDGE_CURVE('',#44610,#31480,#79160,.T.);
#79180=ORIENTED_EDGE('',*,*,#79170,.T.);
#79190=ORIENTED_EDGE('',*,*,#44620,.F.);
#79200=EDGE_LOOP('',(#79190,#79180,#79120,#79110));
#79210=FACE_OUTER_BOUND('',#79200,.T.);
#79220=ADVANCED_FACE('',(#79210),#79100,.T.);
#79230=COLOUR_RGB('',0.823529481887817,0.823529481887817,
0.784313797950745);
#79240=FILL_AREA_STYLE_COLOUR('',#79230);
#79250=FILL_AREA_STYLE('',(#79240));
#79260=SURFACE_STYLE_FILL_AREA(#79250);
#79270=SURFACE_SIDE_STYLE('',(#79260));
#79280=SURFACE_STYLE_USAGE(.BOTH.,#79270);
#79290=PRESENTATION_STYLE_ASSIGNMENT((#79280));
#79300=CARTESIAN_POINT('',(51.116923,48.133846,755.4));
#79310=DIRECTION('',(0.,1.,0.));
#79320=DIRECTION('',(1.,0.,0.));
#79330=AXIS2_PLACEMENT_3D('',#79300,#79310,#79320);
#79340=CYLINDRICAL_SURFACE('',#79330,3.1);
#79350=ORIENTED_EDGE('',*,*,#79170,.F.);
#79360=ORIENTED_EDGE('',*,*,#31510,.F.);
#79370=ORIENTED_EDGE('',*,*,#78620,.T.);
#79380=ORIENTED_EDGE('',*,*,#44710,.T.);
#79390=EDGE_LOOP('',(#79380,#79370,#79360,#79350));
#79400=FACE_OUTER_BOUND('',#79390,.T.);
#79410=ADVANCED_FACE('',(#79400),#79340,.F.);
#79420=COLOUR_RGB('',0.823529481887817,0.823529481887817,
0.784313797950745);
#79430=FILL_AREA_STYLE_COLOUR('',#79420);
#79440=FILL_AREA_STYLE('',(#79430));
#79450=SURFACE_STYLE_FILL_AREA(#79440);
#79460=SURFACE_SIDE_STYLE('',(#79450));
#79470=SURFACE_STYLE_USAGE(.BOTH.,#79460);
#79480=PRESENTATION_STYLE_ASSIGNMENT((#79470));
#79490=CARTESIAN_POINT('',(54.216923,48.133846,1071.6));
#79500=DIRECTION('',(-1.,-0.,-0.));
#79510=DIRECTION('',(0.,0.,-1.));
#79520=AXIS2_PLACEMENT_3D('',#79490,#79500,#79510);
#79530=PLANE('',#79520);
#79540=CARTESIAN_POINT('',(54.216923,48.133846,1080.4));
#79550=DIRECTION('',(0.,-1.,0.));
#79560=VECTOR('',#79550,1.);
#79570=LINE('',#79540,#79560);
#79580=EDGE_CURVE('',#44880,#21410,#79570,.T.);
#79590=ORIENTED_EDGE('',*,*,#79580,.F.);
#79600=ORIENTED_EDGE('',*,*,#21420,.T.);
#79610=CARTESIAN_POINT('',(54.216923,48.133846,1071.6));
#79620=DIRECTION('',(0.,-1.,0.));
#79630=VECTOR('',#79620,1.);
#79640=LINE('',#79610,#79630);
#79650=EDGE_CURVE('',#44860,#21390,#79640,.T.);
#79660=ORIENTED_EDGE('',*,*,#79650,.T.);
#79670=ORIENTED_EDGE('',*,*,#44890,.F.);
#79680=EDGE_LOOP('',(#79670,#79660,#79600,#79590));
#79690=FACE_OUTER_BOUND('',#79680,.T.);
#79700=ADVANCED_FACE('',(#79690),#79530,.T.);
#79710=COLOUR_RGB('',0.823529481887817,0.823529481887817,
0.784313797950745);
#79720=FILL_AREA_STYLE_COLOUR('',#79710);
#79730=FILL_AREA_STYLE('',(#79720));
#79740=SURFACE_STYLE_FILL_AREA(#79730);
#79750=SURFACE_SIDE_STYLE('',(#79740));
#79760=SURFACE_STYLE_USAGE(.BOTH.,#79750);
#79770=PRESENTATION_STYLE_ASSIGNMENT((#79760));
#79780=CARTESIAN_POINT('',(51.116923,48.133846,1071.6));
#79790=DIRECTION('',(0.,-1.,0.));
#79800=DIRECTION('',(1.,0.,0.));
#79810=AXIS2_PLACEMENT_3D('',#79780,#79790,#79800);
#79820=CYLINDRICAL_SURFACE('',#79810,3.1);
#79830=ORIENTED_EDGE('',*,*,#79650,.F.);
#79840=ORIENTED_EDGE('',*,*,#21660,.T.);
#79850=CARTESIAN_POINT('',(48.016923,48.133846,1071.6));
#79860=DIRECTION('',(0.,-1.,0.));
#79870=VECTOR('',#79860,1.);
#79880=LINE('',#79850,#79870);
#79890=EDGE_CURVE('',#44970,#21580,#79880,.T.);
#79900=ORIENTED_EDGE('',*,*,#79890,.T.);
#79910=ORIENTED_EDGE('',*,*,#44980,.F.);
#79920=EDGE_LOOP('',(#79910,#79900,#79840,#79830));
#79930=FACE_OUTER_BOUND('',#79920,.T.);
#79940=ADVANCED_FACE('',(#79930),#79820,.F.);
#79950=COLOUR_RGB('',0.823529481887817,0.823529481887817,
0.784313797950745);
#79960=FILL_AREA_STYLE_COLOUR('',#79950);
#79970=FILL_AREA_STYLE('',(#79960));
#79980=SURFACE_STYLE_FILL_AREA(#79970);
#79990=SURFACE_SIDE_STYLE('',(#79980));
#80000=SURFACE_STYLE_USAGE(.BOTH.,#79990);
#80010=PRESENTATION_STYLE_ASSIGNMENT((#80000));
#80020=CARTESIAN_POINT('',(48.016923,48.133846,1080.4));
#80030=DIRECTION('',(1.,0.,-0.));
#80040=DIRECTION('',(0.,0.,1.));
#80050=AXIS2_PLACEMENT_3D('',#80020,#80030,#80040);
#80060=PLANE('',#80050);
#80070=ORIENTED_EDGE('',*,*,#79890,.F.);
#80080=ORIENTED_EDGE('',*,*,#21590,.T.);
#80090=CARTESIAN_POINT('',(48.016923,48.133846,1080.4));
#80100=DIRECTION('',(0.,-1.,0.));
#80110=VECTOR('',#80100,1.);
#80120=LINE('',#80090,#80110);
#80130=EDGE_CURVE('',#45050,#21500,#80120,.T.);
#80140=ORIENTED_EDGE('',*,*,#80130,.T.);
#80150=ORIENTED_EDGE('',*,*,#45060,.F.);
#80160=EDGE_LOOP('',(#80150,#80140,#80080,#80070));
#80170=FACE_OUTER_BOUND('',#80160,.T.);
#80180=ADVANCED_FACE('',(#80170),#80060,.T.);
#80190=COLOUR_RGB('',0.823529481887817,0.823529481887817,
0.784313797950745);
#80200=FILL_AREA_STYLE_COLOUR('',#80190);
#80210=FILL_AREA_STYLE('',(#80200));
#80220=SURFACE_STYLE_FILL_AREA(#80210);
#80230=SURFACE_SIDE_STYLE('',(#80220));
#80240=SURFACE_STYLE_USAGE(.BOTH.,#80230);
#80250=PRESENTATION_STYLE_ASSIGNMENT((#80240));
#80260=CARTESIAN_POINT('',(51.116923,48.133846,1080.4));
#80270=DIRECTION('',(0.,1.,0.));
#80280=DIRECTION('',(1.,0.,0.));
#80290=AXIS2_PLACEMENT_3D('',#80260,#80270,#80280);
#80300=CYLINDRICAL_SURFACE('',#80290,3.1);
#80310=ORIENTED_EDGE('',*,*,#80130,.F.);
#80320=ORIENTED_EDGE('',*,*,#21510,.F.);
#80330=ORIENTED_EDGE('',*,*,#79580,.T.);
#80340=ORIENTED_EDGE('',*,*,#45130,.T.);
#80350=EDGE_LOOP('',(#80340,#80330,#80320,#80310));
#80360=FACE_OUTER_BOUND('',#80350,.T.);
#80370=ADVANCED_FACE('',(#80360),#80300,.F.);
#80380=COLOUR_RGB('',0.823529481887817,0.823529481887817,
0.784313797950745);
#80390=FILL_AREA_STYLE_COLOUR('',#80380);
#80400=FILL_AREA_STYLE('',(#80390));
#80410=SURFACE_STYLE_FILL_AREA(#80400);
#80420=SURFACE_SIDE_STYLE('',(#80410));
#80430=SURFACE_STYLE_USAGE(.BOTH.,#80420);
#80440=PRESENTATION_STYLE_ASSIGNMENT((#80430));
#80450=CARTESIAN_POINT('',(51.116923,48.133846,346.6));
#80460=DIRECTION('',(0.,-1.,0.));
#80470=DIRECTION('',(1.,0.,0.));
#80480=AXIS2_PLACEMENT_3D('',#80450,#80460,#80470);
#80490=CYLINDRICAL_SURFACE('',#80480,3.1);
#80500=CARTESIAN_POINT('',(54.216923,48.133846,346.6));
#80510=DIRECTION('',(0.,-1.,0.));
#80520=VECTOR('',#80510,1.);
#80530=LINE('',#80500,#80520);
#80540=EDGE_CURVE('',#45410,#21140,#80530,.T.);
#80550=ORIENTED_EDGE('',*,*,#80540,.F.);
#80560=ORIENTED_EDGE('',*,*,#21150,.T.);
#80570=CARTESIAN_POINT('',(48.016923,48.133846,346.6));
#80580=DIRECTION('',(0.,-1.,0.));
#80590=VECTOR('',#80580,1.);
#80600=LINE('',#80570,#80590);
#80610=EDGE_CURVE('',#45240,#21050,#80600,.T.);
#80620=ORIENTED_EDGE('',*,*,#80610,.T.);
#80630=ORIENTED_EDGE('',*,*,#45490,.F.);
#80640=EDGE_LOOP('',(#80630,#80620,#80560,#80550));
#80650=FACE_OUTER_BOUND('',#80640,.T.);
#80660=ADVANCED_FACE('',(#80650),#80490,.F.);
#80670=COLOUR_RGB('',0.823529481887817,0.823529481887817,
0.784313797950745);
#80680=FILL_AREA_STYLE_COLOUR('',#80670);
#80690=FILL_AREA_STYLE('',(#80680));
#80700=SURFACE_STYLE_FILL_AREA(#80690);
#80710=SURFACE_SIDE_STYLE('',(#80700));
#80720=SURFACE_STYLE_USAGE(.BOTH.,#80710);
#80730=PRESENTATION_STYLE_ASSIGNMENT((#80720));
#80740=CARTESIAN_POINT('',(48.016923,48.133846,355.4));
#80750=DIRECTION('',(1.,0.,-0.));
#80760=DIRECTION('',(0.,0.,1.));
#80770=AXIS2_PLACEMENT_3D('',#80740,#80750,#80760);
#80780=PLANE('',#80770);
#80790=ORIENTED_EDGE('',*,*,#80610,.F.);
#80800=ORIENTED_EDGE('',*,*,#21060,.T.);
#80810=CARTESIAN_POINT('',(48.016923,48.133846,355.4));
#80820=DIRECTION('',(0.,-1.,0.));
#80830=VECTOR('',#80820,1.);
#80840=LINE('',#80810,#80830);
#80850=EDGE_CURVE('',#45220,#21030,#80840,.T.);
#80860=ORIENTED_EDGE('',*,*,#80850,.T.);
#80870=ORIENTED_EDGE('',*,*,#45250,.F.);
#80880=EDGE_LOOP('',(#80870,#80860,#80800,#80790));
#80890=FACE_OUTER_BOUND('',#80880,.T.);
#80900=ADVANCED_FACE('',(#80890),#80780,.T.);
#80910=COLOUR_RGB('',0.823529481887817,0.823529481887817,
0.784313797950745);
#80920=FILL_AREA_STYLE_COLOUR('',#80910);
#80930=FILL_AREA_STYLE('',(#80920));
#80940=SURFACE_STYLE_FILL_AREA(#80930);
#80950=SURFACE_SIDE_STYLE('',(#80940));
#80960=SURFACE_STYLE_USAGE(.BOTH.,#80950);
#80970=PRESENTATION_STYLE_ASSIGNMENT((#80960));
#80980=CARTESIAN_POINT('',(51.116923,48.133846,355.4));
#80990=DIRECTION('',(0.,1.,0.));
#81000=DIRECTION('',(1.,0.,0.));
#81010=AXIS2_PLACEMENT_3D('',#80980,#80990,#81000);
#81020=CYLINDRICAL_SURFACE('',#81010,3.1);
#81030=ORIENTED_EDGE('',*,*,#80850,.F.);
#81040=ORIENTED_EDGE('',*,*,#21300,.F.);
#81050=CARTESIAN_POINT('',(54.216923,48.133846,355.4));
#81060=DIRECTION('',(0.,-1.,0.));
#81070=VECTOR('',#81060,1.);
#81080=LINE('',#81050,#81070);
#81090=EDGE_CURVE('',#45330,#21220,#81080,.T.);
#81100=ORIENTED_EDGE('',*,*,#81090,.T.);
#81110=ORIENTED_EDGE('',*,*,#45340,.T.);
#81120=EDGE_LOOP('',(#81110,#81100,#81040,#81030));
#81130=FACE_OUTER_BOUND('',#81120,.T.);
#81140=ADVANCED_FACE('',(#81130),#81020,.F.);
#81150=COLOUR_RGB('',0.823529481887817,0.823529481887817,
0.784313797950745);
#81160=FILL_AREA_STYLE_COLOUR('',#81150);
#81170=FILL_AREA_STYLE('',(#81160));
#81180=SURFACE_STYLE_FILL_AREA(#81170);
#81190=SURFACE_SIDE_STYLE('',(#81180));
#81200=SURFACE_STYLE_USAGE(.BOTH.,#81190);
#81210=PRESENTATION_STYLE_ASSIGNMENT((#81200));
#81220=CARTESIAN_POINT('',(54.216923,48.133846,346.6));
#81230=DIRECTION('',(-1.,-0.,-0.));
#81240=DIRECTION('',(0.,0.,-1.));
#81250=AXIS2_PLACEMENT_3D('',#81220,#81230,#81240);
#81260=PLANE('',#81250);
#81270=ORIENTED_EDGE('',*,*,#81090,.F.);
#81280=ORIENTED_EDGE('',*,*,#21230,.T.);
#81290=ORIENTED_EDGE('',*,*,#80540,.T.);
#81300=ORIENTED_EDGE('',*,*,#45420,.F.);
#81310=EDGE_LOOP('',(#81300,#81290,#81280,#81270));
#81320=FACE_OUTER_BOUND('',#81310,.T.);
#81330=ADVANCED_FACE('',(#81320),#81260,.T.);
#81340=COLOUR_RGB('',0.823529481887817,0.823529481887817,
0.784313797950745);
#81350=FILL_AREA_STYLE_COLOUR('',#81340);
#81360=FILL_AREA_STYLE('',(#81350));
#81370=SURFACE_STYLE_FILL_AREA(#81360);
#81380=SURFACE_SIDE_STYLE('',(#81370));
#81390=SURFACE_STYLE_USAGE(.BOTH.,#81380);
#81400=PRESENTATION_STYLE_ASSIGNMENT((#81390));
#81410=CARTESIAN_POINT('',(54.216923,48.133846,1446.6));
#81420=DIRECTION('',(-1.,-0.,-0.));
#81430=DIRECTION('',(0.,0.,-1.));
#81440=AXIS2_PLACEMENT_3D('',#81410,#81420,#81430);
#81450=PLANE('',#81440);
#81460=CARTESIAN_POINT('',(54.216923,48.133846,1455.4));
#81470=DIRECTION('',(0.,-1.,0.));
#81480=VECTOR('',#81470,1.);
#81490=LINE('',#81460,#81480);
#81500=EDGE_CURVE('',#45600,#35620,#81490,.T.);
#81510=ORIENTED_EDGE('',*,*,#81500,.F.);
#81520=ORIENTED_EDGE('',*,*,#35630,.T.);
#81530=CARTESIAN_POINT('',(54.216923,48.133846,1446.6));
#81540=DIRECTION('',(0.,-1.,0.));
#81550=VECTOR('',#81540,1.);
#81560=LINE('',#81530,#81550);
#81570=EDGE_CURVE('',#45580,#35540,#81560,.T.);
#81580=ORIENTED_EDGE('',*,*,#81570,.T.);
#81590=ORIENTED_EDGE('',*,*,#45610,.F.);
#81600=EDGE_LOOP('',(#81590,#81580,#81520,#81510));
#81610=FACE_OUTER_BOUND('',#81600,.T.);
#81620=ADVANCED_FACE('',(#81610),#81450,.T.);
#81630=COLOUR_RGB('',0.823529481887817,0.823529481887817,
0.784313797950745);
#81640=FILL_AREA_STYLE_COLOUR('',#81630);
#81650=FILL_AREA_STYLE('',(#81640));
#81660=SURFACE_STYLE_FILL_AREA(#81650);
#81670=SURFACE_SIDE_STYLE('',(#81660));
#81680=SURFACE_STYLE_USAGE(.BOTH.,#81670);
#81690=PRESENTATION_STYLE_ASSIGNMENT((#81680));
#81700=CARTESIAN_POINT('',(51.116923,48.133846,1446.6));
#81710=DIRECTION('',(0.,-1.,0.));
#81720=DIRECTION('',(1.,0.,0.));
#81730=AXIS2_PLACEMENT_3D('',#81700,#81710,#81720);
#81740=CYLINDRICAL_SURFACE('',#81730,3.1);
#81750=ORIENTED_EDGE('',*,*,#81570,.F.);
#81760=ORIENTED_EDGE('',*,*,#35550,.T.);
#81770=CARTESIAN_POINT('',(48.016923,48.133846,1446.6));
#81780=DIRECTION('',(0.,-1.,0.));
#81790=VECTOR('',#81780,1.);
#81800=LINE('',#81770,#81790);
#81810=EDGE_CURVE('',#45690,#35450,#81800,.T.);
#81820=ORIENTED_EDGE('',*,*,#81810,.T.);
#81830=ORIENTED_EDGE('',*,*,#45700,.F.);
#81840=EDGE_LOOP('',(#81830,#81820,#81760,#81750));
#81850=FACE_OUTER_BOUND('',#81840,.T.);
#81860=ADVANCED_FACE('',(#81850),#81740,.F.);
#81870=COLOUR_RGB('',0.823529481887817,0.823529481887817,
0.784313797950745);
#81880=FILL_AREA_STYLE_COLOUR('',#81870);
#81890=FILL_AREA_STYLE('',(#81880));
#81900=SURFACE_STYLE_FILL_AREA(#81890);
#81910=SURFACE_SIDE_STYLE('',(#81900));
#81920=SURFACE_STYLE_USAGE(.BOTH.,#81910);
#81930=PRESENTATION_STYLE_ASSIGNMENT((#81920));
#81940=CARTESIAN_POINT('',(48.016923,48.133846,1455.4));
#81950=DIRECTION('',(1.,0.,-0.));
#81960=DIRECTION('',(0.,0.,1.));
#81970=AXIS2_PLACEMENT_3D('',#81940,#81950,#81960);
#81980=PLANE('',#81970);
#81990=ORIENTED_EDGE('',*,*,#81810,.F.);
#82000=ORIENTED_EDGE('',*,*,#35460,.T.);
#82010=CARTESIAN_POINT('',(48.016923,48.133846,1455.4));
#82020=DIRECTION('',(0.,-1.,0.));
#82030=VECTOR('',#82020,1.);
#82040=LINE('',#82010,#82030);
#82050=EDGE_CURVE('',#45770,#35430,#82040,.T.);
#82060=ORIENTED_EDGE('',*,*,#82050,.T.);
#82070=ORIENTED_EDGE('',*,*,#45780,.F.);
#82080=EDGE_LOOP('',(#82070,#82060,#82000,#81990));
#82090=FACE_OUTER_BOUND('',#82080,.T.);
#82100=ADVANCED_FACE('',(#82090),#81980,.T.);
#82110=COLOUR_RGB('',0.823529481887817,0.823529481887817,
0.784313797950745);
#82120=FILL_AREA_STYLE_COLOUR('',#82110);
#82130=FILL_AREA_STYLE('',(#82120));
#82140=SURFACE_STYLE_FILL_AREA(#82130);
#82150=SURFACE_SIDE_STYLE('',(#82140));
#82160=SURFACE_STYLE_USAGE(.BOTH.,#82150);
#82170=PRESENTATION_STYLE_ASSIGNMENT((#82160));
#82180=CARTESIAN_POINT('',(51.116923,48.133846,1455.4));
#82190=DIRECTION('',(0.,1.,0.));
#82200=DIRECTION('',(1.,0.,0.));
#82210=AXIS2_PLACEMENT_3D('',#82180,#82190,#82200);
#82220=CYLINDRICAL_SURFACE('',#82210,3.1);
#82230=ORIENTED_EDGE('',*,*,#82050,.F.);
#82240=ORIENTED_EDGE('',*,*,#35700,.F.);
#82250=ORIENTED_EDGE('',*,*,#81500,.T.);
#82260=ORIENTED_EDGE('',*,*,#45850,.T.);
#82270=EDGE_LOOP('',(#82260,#82250,#82240,#82230));
#82280=FACE_OUTER_BOUND('',#82270,.T.);
#82290=ADVANCED_FACE('',(#82280),#82220,.F.);
#82300=COLOUR_RGB('',0.823529481887817,0.823529481887817,
0.784313797950745);
#82310=FILL_AREA_STYLE_COLOUR('',#82300);
#82320=FILL_AREA_STYLE('',(#82310));
#82330=SURFACE_STYLE_FILL_AREA(#82320);
#82340=SURFACE_SIDE_STYLE('',(#82330));
#82350=SURFACE_STYLE_USAGE(.BOTH.,#82340);
#82360=PRESENTATION_STYLE_ASSIGNMENT((#82350));
#82370=CARTESIAN_POINT('',(54.216923,48.133846,1921.6));
#82380=DIRECTION('',(-1.,-0.,-0.));
#82390=DIRECTION('',(0.,0.,-1.));
#82400=AXIS2_PLACEMENT_3D('',#82370,#82380,#82390);
#82410=PLANE('',#82400);
#82420=CARTESIAN_POINT('',(54.216923,48.133846,1930.4));
#82430=DIRECTION('',(0.,-1.,0.));
#82440=VECTOR('',#82430,1.);
#82450=LINE('',#82420,#82440);
#82460=EDGE_CURVE('',#46140,#20060,#82450,.T.);
#82470=ORIENTED_EDGE('',*,*,#82460,.F.);
#82480=ORIENTED_EDGE('',*,*,#20070,.T.);
#82490=CARTESIAN_POINT('',(54.216923,48.133846,1921.6));
#82500=DIRECTION('',(0.,-1.,0.));
#82510=VECTOR('',#82500,1.);
#82520=LINE('',#82490,#82510);
#82530=EDGE_CURVE('',#45970,#19980,#82520,.T.);
#82540=ORIENTED_EDGE('',*,*,#82530,.T.);
#82550=ORIENTED_EDGE('',*,*,#46210,.F.);
#82560=EDGE_LOOP('',(#82550,#82540,#82480,#82470));
#82570=FACE_OUTER_BOUND('',#82560,.T.);
#82580=ADVANCED_FACE('',(#82570),#82410,.T.);
#82590=COLOUR_RGB('',0.823529481887817,0.823529481887817,
0.784313797950745);
#82600=FILL_AREA_STYLE_COLOUR('',#82590);
#82610=FILL_AREA_STYLE('',(#82600));
#82620=SURFACE_STYLE_FILL_AREA(#82610);
#82630=SURFACE_SIDE_STYLE('',(#82620));
#82640=SURFACE_STYLE_USAGE(.BOTH.,#82630);
#82650=PRESENTATION_STYLE_ASSIGNMENT((#82640));
#82660=CARTESIAN_POINT('',(51.116923,48.133846,1921.6));
#82670=DIRECTION('',(0.,-1.,0.));
#82680=DIRECTION('',(1.,0.,0.));
#82690=AXIS2_PLACEMENT_3D('',#82660,#82670,#82680);
#82700=CYLINDRICAL_SURFACE('',#82690,3.1);
#82710=ORIENTED_EDGE('',*,*,#82530,.F.);
#82720=ORIENTED_EDGE('',*,*,#19990,.T.);
#82730=CARTESIAN_POINT('',(48.016923,48.133846,1921.6));
#82740=DIRECTION('',(0.,-1.,0.));
#82750=VECTOR('',#82740,1.);
#82760=LINE('',#82730,#82750);
#82770=EDGE_CURVE('',#45950,#19960,#82760,.T.);
#82780=ORIENTED_EDGE('',*,*,#82770,.T.);
#82790=ORIENTED_EDGE('',*,*,#45980,.F.);
#82800=EDGE_LOOP('',(#82790,#82780,#82720,#82710));
#82810=FACE_OUTER_BOUND('',#82800,.T.);
#82820=ADVANCED_FACE('',(#82810),#82700,.F.);
#82830=COLOUR_RGB('',0.823529481887817,0.823529481887817,
0.784313797950745);
#82840=FILL_AREA_STYLE_COLOUR('',#82830);
#82850=FILL_AREA_STYLE('',(#82840));
#82860=SURFACE_STYLE_FILL_AREA(#82850);
#82870=SURFACE_SIDE_STYLE('',(#82860));
#82880=SURFACE_STYLE_USAGE(.BOTH.,#82870);
#82890=PRESENTATION_STYLE_ASSIGNMENT((#82880));
#82900=CARTESIAN_POINT('',(48.016923,48.133846,1930.4));
#82910=DIRECTION('',(1.,0.,-0.));
#82920=DIRECTION('',(0.,0.,1.));
#82930=AXIS2_PLACEMENT_3D('',#82900,#82910,#82920);
#82940=PLANE('',#82930);
#82950=ORIENTED_EDGE('',*,*,#82770,.F.);
#82960=ORIENTED_EDGE('',*,*,#20220,.T.);
#82970=CARTESIAN_POINT('',(48.016923,48.133846,1930.4));
#82980=DIRECTION('',(0.,-1.,0.));
#82990=VECTOR('',#82980,1.);
#83000=LINE('',#82970,#82990);
#83010=EDGE_CURVE('',#46050,#20150,#83000,.T.);
#83020=ORIENTED_EDGE('',*,*,#83010,.T.);
#83030=ORIENTED_EDGE('',*,*,#46060,.F.);
#83040=EDGE_LOOP('',(#83030,#83020,#82960,#82950));
#83050=FACE_OUTER_BOUND('',#83040,.T.);
#83060=ADVANCED_FACE('',(#83050),#82940,.T.);
#83070=COLOUR_RGB('',0.823529481887817,0.823529481887817,
0.784313797950745);
#83080=FILL_AREA_STYLE_COLOUR('',#83070);
#83090=FILL_AREA_STYLE('',(#83080));
#83100=SURFACE_STYLE_FILL_AREA(#83090);
#83110=SURFACE_SIDE_STYLE('',(#83100));
#83120=SURFACE_STYLE_USAGE(.BOTH.,#83110);
#83130=PRESENTATION_STYLE_ASSIGNMENT((#83120));
#83140=CARTESIAN_POINT('',(51.116923,48.133846,1930.4));
#83150=DIRECTION('',(0.,1.,0.));
#83160=DIRECTION('',(1.,0.,0.));
#83170=AXIS2_PLACEMENT_3D('',#83140,#83150,#83160);
#83180=CYLINDRICAL_SURFACE('',#83170,3.1);
#83190=ORIENTED_EDGE('',*,*,#83010,.F.);
#83200=ORIENTED_EDGE('',*,*,#20160,.F.);
#83210=ORIENTED_EDGE('',*,*,#82460,.T.);
#83220=ORIENTED_EDGE('',*,*,#46150,.T.);
#83230=EDGE_LOOP('',(#83220,#83210,#83200,#83190));
#83240=FACE_OUTER_BOUND('',#83230,.T.);
#83250=ADVANCED_FACE('',(#83240),#83180,.F.);
#83260=COLOUR_RGB('',0.823529481887817,0.823529481887817,
0.784313797950745);
#83270=FILL_AREA_STYLE_COLOUR('',#83260);
#83280=FILL_AREA_STYLE('',(#83270));
#83290=SURFACE_STYLE_FILL_AREA(#83280);
#83300=SURFACE_SIDE_STYLE('',(#83290));
#83310=SURFACE_STYLE_USAGE(.BOTH.,#83300);
#83320=PRESENTATION_STYLE_ASSIGNMENT((#83310));
#83330=CARTESIAN_POINT('',(54.216923,48.133846,1046.6));
#83340=DIRECTION('',(-1.,-0.,-0.));
#83350=DIRECTION('',(0.,0.,-1.));
#83360=AXIS2_PLACEMENT_3D('',#83330,#83340,#83350);
#83370=PLANE('',#83360);
#83380=CARTESIAN_POINT('',(54.216923,48.133846,1055.4));
#83390=DIRECTION('',(0.,-1.,0.));
#83400=VECTOR('',#83390,1.);
#83410=LINE('',#83380,#83400);
#83420=EDGE_CURVE('',#46320,#37060,#83410,.T.);
#83430=ORIENTED_EDGE('',*,*,#83420,.F.);
#83440=ORIENTED_EDGE('',*,*,#37070,.T.);
#83450=CARTESIAN_POINT('',(54.216923,48.133846,1046.6));
#83460=DIRECTION('',(0.,-1.,0.));
#83470=VECTOR('',#83460,1.);
#83480=LINE('',#83450,#83470);
#83490=EDGE_CURVE('',#46300,#36980,#83480,.T.);
#83500=ORIENTED_EDGE('',*,*,#83490,.T.);
#83510=ORIENTED_EDGE('',*,*,#46330,.F.);
#83520=EDGE_LOOP('',(#83510,#83500,#83440,#83430));
#83530=FACE_OUTER_BOUND('',#83520,.T.);
#83540=ADVANCED_FACE('',(#83530),#83370,.T.);
#83550=COLOUR_RGB('',0.823529481887817,0.823529481887817,
0.784313797950745);
#83560=FILL_AREA_STYLE_COLOUR('',#83550);
#83570=FILL_AREA_STYLE('',(#83560));
#83580=SURFACE_STYLE_FILL_AREA(#83570);
#83590=SURFACE_SIDE_STYLE('',(#83580));
#83600=SURFACE_STYLE_USAGE(.BOTH.,#83590);
#83610=PRESENTATION_STYLE_ASSIGNMENT((#83600));
#83620=CARTESIAN_POINT('',(51.116923,48.133846,1046.6));
#83630=DIRECTION('',(0.,-1.,0.));
#83640=DIRECTION('',(1.,0.,0.));
#83650=AXIS2_PLACEMENT_3D('',#83620,#83630,#83640);
#83660=CYLINDRICAL_SURFACE('',#83650,3.1);
#83670=ORIENTED_EDGE('',*,*,#83490,.F.);
#83680=ORIENTED_EDGE('',*,*,#36990,.T.);
#83690=CARTESIAN_POINT('',(48.016923,48.133846,1046.6));
#83700=DIRECTION('',(0.,-1.,0.));
#83710=VECTOR('',#83700,1.);
#83720=LINE('',#83690,#83710);
#83730=EDGE_CURVE('',#46410,#36890,#83720,.T.);
#83740=ORIENTED_EDGE('',*,*,#83730,.T.);
#83750=ORIENTED_EDGE('',*,*,#46420,.F.);
#83760=EDGE_LOOP('',(#83750,#83740,#83680,#83670));
#83770=FACE_OUTER_BOUND('',#83760,.T.);
#83780=ADVANCED_FACE('',(#83770),#83660,.F.);
#83790=COLOUR_RGB('',0.823529481887817,0.823529481887817,
0.784313797950745);
#83800=FILL_AREA_STYLE_COLOUR('',#83790);
#83810=FILL_AREA_STYLE('',(#83800));
#83820=SURFACE_STYLE_FILL_AREA(#83810);
#83830=SURFACE_SIDE_STYLE('',(#83820));
#83840=SURFACE_STYLE_USAGE(.BOTH.,#83830);
#83850=PRESENTATION_STYLE_ASSIGNMENT((#83840));
#83860=CARTESIAN_POINT('',(48.016923,48.133846,1055.4));
#83870=DIRECTION('',(1.,0.,-0.));
#83880=DIRECTION('',(0.,0.,1.));
#83890=AXIS2_PLACEMENT_3D('',#83860,#83870,#83880);
#83900=PLANE('',#83890);
#83910=ORIENTED_EDGE('',*,*,#83730,.F.);
#83920=ORIENTED_EDGE('',*,*,#36900,.T.);
#83930=CARTESIAN_POINT('',(48.016923,48.133846,1055.4));
#83940=DIRECTION('',(0.,-1.,0.));
#83950=VECTOR('',#83940,1.);
#83960=LINE('',#83930,#83950);
#83970=EDGE_CURVE('',#46490,#36870,#83960,.T.);
#83980=ORIENTED_EDGE('',*,*,#83970,.T.);
#83990=ORIENTED_EDGE('',*,*,#46500,.F.);
#84000=EDGE_LOOP('',(#83990,#83980,#83920,#83910));
#84010=FACE_OUTER_BOUND('',#84000,.T.);
#84020=ADVANCED_FACE('',(#84010),#83900,.T.);
#84030=COLOUR_RGB('',0.823529481887817,0.823529481887817,
0.784313797950745);
#84040=FILL_AREA_STYLE_COLOUR('',#84030);
#84050=FILL_AREA_STYLE('',(#84040));
#84060=SURFACE_STYLE_FILL_AREA(#84050);
#84070=SURFACE_SIDE_STYLE('',(#84060));
#84080=SURFACE_STYLE_USAGE(.BOTH.,#84070);
#84090=PRESENTATION_STYLE_ASSIGNMENT((#84080));
#84100=CARTESIAN_POINT('',(51.116923,48.133846,1055.4));
#84110=DIRECTION('',(0.,1.,0.));
#84120=DIRECTION('',(1.,0.,0.));
#84130=AXIS2_PLACEMENT_3D('',#84100,#84110,#84120);
#84140=CYLINDRICAL_SURFACE('',#84130,3.1);
#84150=ORIENTED_EDGE('',*,*,#83970,.F.);
#84160=ORIENTED_EDGE('',*,*,#37140,.F.);
#84170=ORIENTED_EDGE('',*,*,#83420,.T.);
#84180=ORIENTED_EDGE('',*,*,#46570,.T.);
#84190=EDGE_LOOP('',(#84180,#84170,#84160,#84150));
#84200=FACE_OUTER_BOUND('',#84190,.T.);
#84210=ADVANCED_FACE('',(#84200),#84140,.F.);
#84220=COLOUR_RGB('',0.823529481887817,0.823529481887817,
0.784313797950745);
#84230=FILL_AREA_STYLE_COLOUR('',#84220);
#84240=FILL_AREA_STYLE('',(#84230));
#84250=SURFACE_STYLE_FILL_AREA(#84240);
#84260=SURFACE_SIDE_STYLE('',(#84250));
#84270=SURFACE_STYLE_USAGE(.BOTH.,#84260);
#84280=PRESENTATION_STYLE_ASSIGNMENT((#84270));
#84290=CARTESIAN_POINT('',(51.116923,48.133846,971.6));
#84300=DIRECTION('',(0.,-1.,0.));
#84310=DIRECTION('',(1.,0.,0.));
#84320=AXIS2_PLACEMENT_3D('',#84290,#84300,#84310);
#84330=CYLINDRICAL_SURFACE('',#84320,3.1);
#84340=CARTESIAN_POINT('',(54.216923,48.133846,971.6));
#84350=DIRECTION('',(0.,-1.,0.));
#84360=VECTOR('',#84350,1.);
#84370=LINE('',#84340,#84360);
#84380=EDGE_CURVE('',#46770,#39950,#84370,.T.);
#84390=ORIENTED_EDGE('',*,*,#84380,.F.);
#84400=ORIENTED_EDGE('',*,*,#39960,.T.);
#84410=CARTESIAN_POINT('',(48.016923,48.133846,971.6));
#84420=DIRECTION('',(0.,-1.,0.));
#84430=VECTOR('',#84420,1.);
#84440=LINE('',#84410,#84430);
#84450=EDGE_CURVE('',#46860,#39860,#84440,.T.);
#84460=ORIENTED_EDGE('',*,*,#84450,.T.);
#84470=ORIENTED_EDGE('',*,*,#46870,.F.);
#84480=EDGE_LOOP('',(#84470,#84460,#84400,#84390));
#84490=FACE_OUTER_BOUND('',#84480,.T.);
#84500=ADVANCED_FACE('',(#84490),#84330,.F.);
#84510=COLOUR_RGB('',0.823529481887817,0.823529481887817,
0.784313797950745);
#84520=FILL_AREA_STYLE_COLOUR('',#84510);
#84530=FILL_AREA_STYLE('',(#84520));
#84540=SURFACE_STYLE_FILL_AREA(#84530);
#84550=SURFACE_SIDE_STYLE('',(#84540));
#84560=SURFACE_STYLE_USAGE(.BOTH.,#84550);
#84570=PRESENTATION_STYLE_ASSIGNMENT((#84560));
#84580=CARTESIAN_POINT('',(54.216923,48.133846,971.6));
#84590=DIRECTION('',(-1.,-0.,-0.));
#84600=DIRECTION('',(0.,0.,-1.));
#84610=AXIS2_PLACEMENT_3D('',#84580,#84590,#84600);
#84620=PLANE('',#84610);
#84630=CARTESIAN_POINT('',(54.216923,48.133846,980.4));
#84640=DIRECTION('',(0.,-1.,0.));
#84650=VECTOR('',#84640,1.);
#84660=LINE('',#84630,#84650);
#84670=EDGE_CURVE('',#46690,#39780,#84660,.T.);
#84680=ORIENTED_EDGE('',*,*,#84670,.F.);
#84690=ORIENTED_EDGE('',*,*,#40020,.T.);
#84700=ORIENTED_EDGE('',*,*,#84380,.T.);
#84710=ORIENTED_EDGE('',*,*,#46780,.F.);
#84720=EDGE_LOOP('',(#84710,#84700,#84690,#84680));
#84730=FACE_OUTER_BOUND('',#84720,.T.);
#84740=ADVANCED_FACE('',(#84730),#84620,.T.);
#84750=COLOUR_RGB('',0.823529481887817,0.823529481887817,
0.784313797950745);
#84760=FILL_AREA_STYLE_COLOUR('',#84750);
#84770=FILL_AREA_STYLE('',(#84760));
#84780=SURFACE_STYLE_FILL_AREA(#84770);
#84790=SURFACE_SIDE_STYLE('',(#84780));
#84800=SURFACE_STYLE_USAGE(.BOTH.,#84790);
#84810=PRESENTATION_STYLE_ASSIGNMENT((#84800));
#84820=CARTESIAN_POINT('',(51.116923,48.133846,980.4));
#84830=DIRECTION('',(0.,1.,0.));
#84840=DIRECTION('',(1.,0.,0.));
#84850=AXIS2_PLACEMENT_3D('',#84820,#84830,#84840);
#84860=CYLINDRICAL_SURFACE('',#84850,3.1);
#84870=CARTESIAN_POINT('',(48.016923,48.133846,980.4));
#84880=DIRECTION('',(0.,-1.,0.));
#84890=VECTOR('',#84880,1.);
#84900=LINE('',#84870,#84890);
#84910=EDGE_CURVE('',#46670,#39760,#84900,.T.);
#84920=ORIENTED_EDGE('',*,*,#84910,.F.);
#84930=ORIENTED_EDGE('',*,*,#39790,.F.);
#84940=ORIENTED_EDGE('',*,*,#84670,.T.);
#84950=ORIENTED_EDGE('',*,*,#46700,.T.);
#84960=EDGE_LOOP('',(#84950,#84940,#84930,#84920));
#84970=FACE_OUTER_BOUND('',#84960,.T.);
#84980=ADVANCED_FACE('',(#84970),#84860,.F.);
#84990=COLOUR_RGB('',0.823529481887817,0.823529481887817,
0.784313797950745);
#85000=FILL_AREA_STYLE_COLOUR('',#84990);
#85010=FILL_AREA_STYLE('',(#85000));
#85020=SURFACE_STYLE_FILL_AREA(#85010);
#85030=SURFACE_SIDE_STYLE('',(#85020));
#85040=SURFACE_STYLE_USAGE(.BOTH.,#85030);
#85050=PRESENTATION_STYLE_ASSIGNMENT((#85040));
#85060=CARTESIAN_POINT('',(48.016923,48.133846,980.4));
#85070=DIRECTION('',(1.,0.,-0.));
#85080=DIRECTION('',(0.,0.,1.));
#85090=AXIS2_PLACEMENT_3D('',#85060,#85070,#85080);
#85100=PLANE('',#85090);
#85110=ORIENTED_EDGE('',*,*,#84450,.F.);
#85120=ORIENTED_EDGE('',*,*,#39870,.T.);
#85130=ORIENTED_EDGE('',*,*,#84910,.T.);
#85140=ORIENTED_EDGE('',*,*,#46930,.F.);
#85150=EDGE_LOOP('',(#85140,#85130,#85120,#85110));
#85160=FACE_OUTER_BOUND('',#85150,.T.);
#85170=ADVANCED_FACE('',(#85160),#85100,.T.);
#85180=COLOUR_RGB('',0.823529481887817,0.823529481887817,
0.784313797950745);
#85190=FILL_AREA_STYLE_COLOUR('',#85180);
#85200=FILL_AREA_STYLE('',(#85190));
#85210=SURFACE_STYLE_FILL_AREA(#85200);
#85220=SURFACE_SIDE_STYLE('',(#85210));
#85230=SURFACE_STYLE_USAGE(.BOTH.,#85220);
#85240=PRESENTATION_STYLE_ASSIGNMENT((#85230));
#85250=CARTESIAN_POINT('',(51.116923,48.133846,221.6));
#85260=DIRECTION('',(0.,-1.,0.));
#85270=DIRECTION('',(1.,0.,0.));
#85280=AXIS2_PLACEMENT_3D('',#85250,#85260,#85270);
#85290=CYLINDRICAL_SURFACE('',#85280,3.1);
#85300=CARTESIAN_POINT('',(54.216923,48.133846,221.6));
#85310=DIRECTION('',(0.,-1.,0.));
#85320=VECTOR('',#85310,1.);
#85330=LINE('',#85300,#85320);
#85340=EDGE_CURVE('',#47210,#18260,#85330,.T.);
#85350=ORIENTED_EDGE('',*,*,#85340,.F.);
#85360=ORIENTED_EDGE('',*,*,#18270,.T.);
#85370=CARTESIAN_POINT('',(48.016923,48.133846,221.6));
#85380=DIRECTION('',(0.,-1.,0.));
#85390=VECTOR('',#85380,1.);
#85400=LINE('',#85370,#85390);
#85410=EDGE_CURVE('',#47040,#18170,#85400,.T.);
#85420=ORIENTED_EDGE('',*,*,#85410,.T.);
#85430=ORIENTED_EDGE('',*,*,#47290,.F.);
#85440=EDGE_LOOP('',(#85430,#85420,#85360,#85350));
#85450=FACE_OUTER_BOUND('',#85440,.T.);
#85460=ADVANCED_FACE('',(#85450),#85290,.F.);
#85470=COLOUR_RGB('',0.823529481887817,0.823529481887817,
0.784313797950745);
#85480=FILL_AREA_STYLE_COLOUR('',#85470);
#85490=FILL_AREA_STYLE('',(#85480));
#85500=SURFACE_STYLE_FILL_AREA(#85490);
#85510=SURFACE_SIDE_STYLE('',(#85500));
#85520=SURFACE_STYLE_USAGE(.BOTH.,#85510);
#85530=PRESENTATION_STYLE_ASSIGNMENT((#85520));
#85540=CARTESIAN_POINT('',(48.016923,48.133846,230.4));
#85550=DIRECTION('',(1.,0.,-0.));
#85560=DIRECTION('',(0.,0.,1.));
#85570=AXIS2_PLACEMENT_3D('',#85540,#85550,#85560);
#85580=PLANE('',#85570);
#85590=ORIENTED_EDGE('',*,*,#85410,.F.);
#85600=ORIENTED_EDGE('',*,*,#18180,.T.);
#85610=CARTESIAN_POINT('',(48.016923,48.133846,230.4));
#85620=DIRECTION('',(0.,-1.,0.));
#85630=VECTOR('',#85620,1.);
#85640=LINE('',#85610,#85630);
#85650=EDGE_CURVE('',#47020,#18150,#85640,.T.);
#85660=ORIENTED_EDGE('',*,*,#85650,.T.);
#85670=ORIENTED_EDGE('',*,*,#47050,.F.);
#85680=EDGE_LOOP('',(#85670,#85660,#85600,#85590));
#85690=FACE_OUTER_BOUND('',#85680,.T.);
#85700=ADVANCED_FACE('',(#85690),#85580,.T.);
#85710=COLOUR_RGB('',0.823529481887817,0.823529481887817,
0.784313797950745);
#85720=FILL_AREA_STYLE_COLOUR('',#85710);
#85730=FILL_AREA_STYLE('',(#85720));
#85740=SURFACE_STYLE_FILL_AREA(#85730);
#85750=SURFACE_SIDE_STYLE('',(#85740));
#85760=SURFACE_STYLE_USAGE(.BOTH.,#85750);
#85770=PRESENTATION_STYLE_ASSIGNMENT((#85760));
#85780=CARTESIAN_POINT('',(51.116923,48.133846,230.4));
#85790=DIRECTION('',(0.,1.,0.));
#85800=DIRECTION('',(1.,0.,0.));
#85810=AXIS2_PLACEMENT_3D('',#85780,#85790,#85800);
#85820=CYLINDRICAL_SURFACE('',#85810,3.1);
#85830=ORIENTED_EDGE('',*,*,#85650,.F.);
#85840=ORIENTED_EDGE('',*,*,#18420,.F.);
#85850=CARTESIAN_POINT('',(54.216923,48.133846,230.4));
#85860=DIRECTION('',(0.,-1.,0.));
#85870=VECTOR('',#85860,1.);
#85880=LINE('',#85850,#85870);
#85890=EDGE_CURVE('',#47130,#18340,#85880,.T.);
#85900=ORIENTED_EDGE('',*,*,#85890,.T.);
#85910=ORIENTED_EDGE('',*,*,#47140,.T.);
#85920=EDGE_LOOP('',(#85910,#85900,#85840,#85830));
#85930=FACE_OUTER_BOUND('',#85920,.T.);
#85940=ADVANCED_FACE('',(#85930),#85820,.F.);
#85950=COLOUR_RGB('',0.823529481887817,0.823529481887817,
0.784313797950745);
#85960=FILL_AREA_STYLE_COLOUR('',#85950);
#85970=FILL_AREA_STYLE('',(#85960));
#85980=SURFACE_STYLE_FILL_AREA(#85970);
#85990=SURFACE_SIDE_STYLE('',(#85980));
#86000=SURFACE_STYLE_USAGE(.BOTH.,#85990);
#86010=PRESENTATION_STYLE_ASSIGNMENT((#86000));
#86020=CARTESIAN_POINT('',(54.216923,48.133846,221.6));
#86030=DIRECTION('',(-1.,-0.,-0.));
#86040=DIRECTION('',(0.,0.,-1.));
#86050=AXIS2_PLACEMENT_3D('',#86020,#86030,#86040);
#86060=PLANE('',#86050);
#86070=ORIENTED_EDGE('',*,*,#85890,.F.);
#86080=ORIENTED_EDGE('',*,*,#18350,.T.);
#86090=ORIENTED_EDGE('',*,*,#85340,.T.);
#86100=ORIENTED_EDGE('',*,*,#47220,.F.);
#86110=EDGE_LOOP('',(#86100,#86090,#86080,#86070));
#86120=FACE_OUTER_BOUND('',#86110,.T.);
#86130=ADVANCED_FACE('',(#86120),#86060,.T.);
#86140=COLOUR_RGB('',0.823529481887817,0.823529481887817,
0.784313797950745);
#86150=FILL_AREA_STYLE_COLOUR('',#86140);
#86160=FILL_AREA_STYLE('',(#86150));
#86170=SURFACE_STYLE_FILL_AREA(#86160);
#86180=SURFACE_SIDE_STYLE('',(#86170));
#86190=SURFACE_STYLE_USAGE(.BOTH.,#86180);
#86200=PRESENTATION_STYLE_ASSIGNMENT((#86190));
#86210=CARTESIAN_POINT('',(54.216923,48.133846,1196.6));
#86220=DIRECTION('',(-1.,-0.,-0.));
#86230=DIRECTION('',(0.,0.,-1.));
#86240=AXIS2_PLACEMENT_3D('',#86210,#86220,#86230);
#86250=PLANE('',#86240);
#86260=CARTESIAN_POINT('',(54.216923,48.133846,1205.4));
#86270=DIRECTION('',(0.,-1.,0.));
#86280=VECTOR('',#86270,1.);
#86290=LINE('',#86260,#86280);
#86300=EDGE_CURVE('',#47400,#29860,#86290,.T.);
#86310=ORIENTED_EDGE('',*,*,#86300,.F.);
#86320=ORIENTED_EDGE('',*,*,#29870,.T.);
#86330=CARTESIAN_POINT('',(54.216923,48.133846,1196.6));
#86340=DIRECTION('',(0.,-1.,0.));
#86350=VECTOR('',#86340,1.);
#86360=LINE('',#86330,#86350);
#86370=EDGE_CURVE('',#47380,#29780,#86360,.T.);
#86380=ORIENTED_EDGE('',*,*,#86370,.T.);
#86390=ORIENTED_EDGE('',*,*,#47410,.F.);
#86400=EDGE_LOOP('',(#86390,#86380,#86320,#86310));
#86410=FACE_OUTER_BOUND('',#86400,.T.);
#86420=ADVANCED_FACE('',(#86410),#86250,.T.);
#86430=COLOUR_RGB('',0.823529481887817,0.823529481887817,
0.784313797950745);
#86440=FILL_AREA_STYLE_COLOUR('',#86430);
#86450=FILL_AREA_STYLE('',(#86440));
#86460=SURFACE_STYLE_FILL_AREA(#86450);
#86470=SURFACE_SIDE_STYLE('',(#86460));
#86480=SURFACE_STYLE_USAGE(.BOTH.,#86470);
#86490=PRESENTATION_STYLE_ASSIGNMENT((#86480));
#86500=CARTESIAN_POINT('',(51.116923,48.133846,1196.6));
#86510=DIRECTION('',(0.,-1.,0.));
#86520=DIRECTION('',(1.,0.,0.));
#86530=AXIS2_PLACEMENT_3D('',#86500,#86510,#86520);
#86540=CYLINDRICAL_SURFACE('',#86530,3.1);
#86550=ORIENTED_EDGE('',*,*,#86370,.F.);
#86560=ORIENTED_EDGE('',*,*,#29790,.T.);
#86570=CARTESIAN_POINT('',(48.016923,48.133846,1196.6));
#86580=DIRECTION('',(0.,-1.,0.));
#86590=VECTOR('',#86580,1.);
#86600=LINE('',#86570,#86590);
#86610=EDGE_CURVE('',#47490,#29690,#86600,.T.);
#86620=ORIENTED_EDGE('',*,*,#86610,.T.);
#86630=ORIENTED_EDGE('',*,*,#47500,.F.);
#86640=EDGE_LOOP('',(#86630,#86620,#86560,#86550));
#86650=FACE_OUTER_BOUND('',#86640,.T.);
#86660=ADVANCED_FACE('',(#86650),#86540,.F.);
#86670=COLOUR_RGB('',0.823529481887817,0.823529481887817,
0.784313797950745);
#86680=FILL_AREA_STYLE_COLOUR('',#86670);
#86690=FILL_AREA_STYLE('',(#86680));
#86700=SURFACE_STYLE_FILL_AREA(#86690);
#86710=SURFACE_SIDE_STYLE('',(#86700));
#86720=SURFACE_STYLE_USAGE(.BOTH.,#86710);
#86730=PRESENTATION_STYLE_ASSIGNMENT((#86720));
#86740=CARTESIAN_POINT('',(48.016923,48.133846,1205.4));
#86750=DIRECTION('',(1.,0.,-0.));
#86760=DIRECTION('',(0.,0.,1.));
#86770=AXIS2_PLACEMENT_3D('',#86740,#86750,#86760);
#86780=PLANE('',#86770);
#86790=ORIENTED_EDGE('',*,*,#86610,.F.);
#86800=ORIENTED_EDGE('',*,*,#29700,.T.);
#86810=CARTESIAN_POINT('',(48.016923,48.133846,1205.4));
#86820=DIRECTION('',(0.,-1.,0.));
#86830=VECTOR('',#86820,1.);
#86840=LINE('',#86810,#86830);
#86850=EDGE_CURVE('',#47570,#29670,#86840,.T.);
#86860=ORIENTED_EDGE('',*,*,#86850,.T.);
#86870=ORIENTED_EDGE('',*,*,#47580,.F.);
#86880=EDGE_LOOP('',(#86870,#86860,#86800,#86790));
#86890=FACE_OUTER_BOUND('',#86880,.T.);
#86900=ADVANCED_FACE('',(#86890),#86780,.T.);
#86910=COLOUR_RGB('',0.823529481887817,0.823529481887817,
0.784313797950745);
#86920=FILL_AREA_STYLE_COLOUR('',#86910);
#86930=FILL_AREA_STYLE('',(#86920));
#86940=SURFACE_STYLE_FILL_AREA(#86930);
#86950=SURFACE_SIDE_STYLE('',(#86940));
#86960=SURFACE_STYLE_USAGE(.BOTH.,#86950);
#86970=PRESENTATION_STYLE_ASSIGNMENT((#86960));
#86980=CARTESIAN_POINT('',(51.116923,48.133846,1205.4));
#86990=DIRECTION('',(0.,1.,0.));
#87000=DIRECTION('',(1.,0.,0.));
#87010=AXIS2_PLACEMENT_3D('',#86980,#86990,#87000);
#87020=CYLINDRICAL_SURFACE('',#87010,3.1);
#87030=ORIENTED_EDGE('',*,*,#86850,.F.);
#87040=ORIENTED_EDGE('',*,*,#29940,.F.);
#87050=ORIENTED_EDGE('',*,*,#86300,.T.);
#87060=ORIENTED_EDGE('',*,*,#47650,.T.);
#87070=EDGE_LOOP('',(#87060,#87050,#87040,#87030));
#87080=FACE_OUTER_BOUND('',#87070,.T.);
#87090=ADVANCED_FACE('',(#87080),#87020,.F.);
#87100=COLOUR_RGB('',0.823529481887817,0.823529481887817,
0.784313797950745);
#87110=FILL_AREA_STYLE_COLOUR('',#87100);
#87120=FILL_AREA_STYLE('',(#87110));
#87130=SURFACE_STYLE_FILL_AREA(#87120);
#87140=SURFACE_SIDE_STYLE('',(#87130));
#87150=SURFACE_STYLE_USAGE(.BOTH.,#87140);
#87160=PRESENTATION_STYLE_ASSIGNMENT((#87150));
#87170=CARTESIAN_POINT('',(54.216923,48.133846,646.6));
#87180=DIRECTION('',(-1.,-0.,-0.));
#87190=DIRECTION('',(0.,0.,-1.));
#87200=AXIS2_PLACEMENT_3D('',#87170,#87180,#87190);
#87210=PLANE('',#87200);
#87220=CARTESIAN_POINT('',(54.216923,48.133846,655.4));
#87230=DIRECTION('',(0.,-1.,0.));
#87240=VECTOR('',#87230,1.);
#87250=LINE('',#87220,#87240);
#87260=EDGE_CURVE('',#47760,#39220,#87250,.T.);
#87270=ORIENTED_EDGE('',*,*,#87260,.F.);
#87280=ORIENTED_EDGE('',*,*,#39230,.T.);
#87290=CARTESIAN_POINT('',(54.216923,48.133846,646.6));
#87300=DIRECTION('',(0.,-1.,0.));
#87310=VECTOR('',#87300,1.);
#87320=LINE('',#87290,#87310);
#87330=EDGE_CURVE('',#47740,#39140,#87320,.T.);
#87340=ORIENTED_EDGE('',*,*,#87330,.T.);
#87350=ORIENTED_EDGE('',*,*,#47770,.F.);
#87360=EDGE_LOOP('',(#87350,#87340,#87280,#87270));
#87370=FACE_OUTER_BOUND('',#87360,.T.);
#87380=ADVANCED_FACE('',(#87370),#87210,.T.);
#87390=COLOUR_RGB('',0.823529481887817,0.823529481887817,
0.784313797950745);
#87400=FILL_AREA_STYLE_COLOUR('',#87390);
#87410=FILL_AREA_STYLE('',(#87400));
#87420=SURFACE_STYLE_FILL_AREA(#87410);
#87430=SURFACE_SIDE_STYLE('',(#87420));
#87440=SURFACE_STYLE_USAGE(.BOTH.,#87430);
#87450=PRESENTATION_STYLE_ASSIGNMENT((#87440));
#87460=CARTESIAN_POINT('',(51.116923,48.133846,646.6));
#87470=DIRECTION('',(0.,-1.,0.));
#87480=DIRECTION('',(1.,0.,0.));
#87490=AXIS2_PLACEMENT_3D('',#87460,#87470,#87480);
#87500=CYLINDRICAL_SURFACE('',#87490,3.1);
#87510=ORIENTED_EDGE('',*,*,#87330,.F.);
#87520=ORIENTED_EDGE('',*,*,#39150,.T.);
#87530=CARTESIAN_POINT('',(48.016923,48.133846,646.6));
#87540=DIRECTION('',(0.,-1.,0.));
#87550=VECTOR('',#87540,1.);
#87560=LINE('',#87530,#87550);
#87570=EDGE_CURVE('',#47850,#39050,#87560,.T.);
#87580=ORIENTED_EDGE('',*,*,#87570,.T.);
#87590=ORIENTED_EDGE('',*,*,#47860,.F.);
#87600=EDGE_LOOP('',(#87590,#87580,#87520,#87510));
#87610=FACE_OUTER_BOUND('',#87600,.T.);
#87620=ADVANCED_FACE('',(#87610),#87500,.F.);
#87630=COLOUR_RGB('',0.823529481887817,0.823529481887817,
0.784313797950745);
#87640=FILL_AREA_STYLE_COLOUR('',#87630);
#87650=FILL_AREA_STYLE('',(#87640));
#87660=SURFACE_STYLE_FILL_AREA(#87650);
#87670=SURFACE_SIDE_STYLE('',(#87660));
#87680=SURFACE_STYLE_USAGE(.BOTH.,#87670);
#87690=PRESENTATION_STYLE_ASSIGNMENT((#87680));
#87700=CARTESIAN_POINT('',(48.016923,48.133846,655.4));
#87710=DIRECTION('',(1.,0.,-0.));
#87720=DIRECTION('',(0.,0.,1.));
#87730=AXIS2_PLACEMENT_3D('',#87700,#87710,#87720);
#87740=PLANE('',#87730);
#87750=ORIENTED_EDGE('',*,*,#87570,.F.);
#87760=ORIENTED_EDGE('',*,*,#39060,.T.);
#87770=CARTESIAN_POINT('',(48.016923,48.133846,655.4));
#87780=DIRECTION('',(0.,-1.,0.));
#87790=VECTOR('',#87780,1.);
#87800=LINE('',#87770,#87790);
#87810=EDGE_CURVE('',#47930,#39030,#87800,.T.);
#87820=ORIENTED_EDGE('',*,*,#87810,.T.);
#87830=ORIENTED_EDGE('',*,*,#47940,.F.);
#87840=EDGE_LOOP('',(#87830,#87820,#87760,#87750));
#87850=FACE_OUTER_BOUND('',#87840,.T.);
#87860=ADVANCED_FACE('',(#87850),#87740,.T.);
#87870=COLOUR_RGB('',0.823529481887817,0.823529481887817,
0.784313797950745);
#87880=FILL_AREA_STYLE_COLOUR('',#87870);
#87890=FILL_AREA_STYLE('',(#87880));
#87900=SURFACE_STYLE_FILL_AREA(#87890);
#87910=SURFACE_SIDE_STYLE('',(#87900));
#87920=SURFACE_STYLE_USAGE(.BOTH.,#87910);
#87930=PRESENTATION_STYLE_ASSIGNMENT((#87920));
#87940=CARTESIAN_POINT('',(51.116923,48.133846,655.4));
#87950=DIRECTION('',(0.,1.,0.));
#87960=DIRECTION('',(1.,0.,0.));
#87970=AXIS2_PLACEMENT_3D('',#87940,#87950,#87960);
#87980=CYLINDRICAL_SURFACE('',#87970,3.1);
#87990=ORIENTED_EDGE('',*,*,#87810,.F.);
#88000=ORIENTED_EDGE('',*,*,#39300,.F.);
#88010=ORIENTED_EDGE('',*,*,#87260,.T.);
#88020=ORIENTED_EDGE('',*,*,#48010,.T.);
#88030=EDGE_LOOP('',(#88020,#88010,#88000,#87990));
#88040=FACE_OUTER_BOUND('',#88030,.T.);
#88050=ADVANCED_FACE('',(#88040),#87980,.F.);
#88060=COLOUR_RGB('',0.823529481887817,0.823529481887817,
0.784313797950745);
#88070=FILL_AREA_STYLE_COLOUR('',#88060);
#88080=FILL_AREA_STYLE('',(#88070));
#88090=SURFACE_STYLE_FILL_AREA(#88080);
#88100=SURFACE_SIDE_STYLE('',(#88090));
#88110=SURFACE_STYLE_USAGE(.BOTH.,#88100);
#88120=PRESENTATION_STYLE_ASSIGNMENT((#88110));
#88130=CARTESIAN_POINT('',(54.216923,48.133846,1771.6));
#88140=DIRECTION('',(-1.,-0.,-0.));
#88150=DIRECTION('',(0.,0.,-1.));
#88160=AXIS2_PLACEMENT_3D('',#88130,#88140,#88150);
#88170=PLANE('',#88160);
#88180=CARTESIAN_POINT('',(54.216923,48.133846,1780.4));
#88190=DIRECTION('',(0.,-1.,0.));
#88200=VECTOR('',#88190,1.);
#88210=LINE('',#88180,#88200);
#88220=EDGE_CURVE('',#48300,#36540,#88210,.T.);
#88230=ORIENTED_EDGE('',*,*,#88220,.F.);
#88240=ORIENTED_EDGE('',*,*,#36780,.T.);
#88250=CARTESIAN_POINT('',(54.216923,48.133846,1771.6));
#88260=DIRECTION('',(0.,-1.,0.));
#88270=VECTOR('',#88260,1.);
#88280=LINE('',#88250,#88270);
#88290=EDGE_CURVE('',#48130,#36710,#88280,.T.);
#88300=ORIENTED_EDGE('',*,*,#88290,.T.);
#88310=ORIENTED_EDGE('',*,*,#48370,.F.);
#88320=EDGE_LOOP('',(#88310,#88300,#88240,#88230));
#88330=FACE_OUTER_BOUND('',#88320,.T.);
#88340=ADVANCED_FACE('',(#88330),#88170,.T.);
#88350=COLOUR_RGB('',0.823529481887817,0.823529481887817,
0.784313797950745);
#88360=FILL_AREA_STYLE_COLOUR('',#88350);
#88370=FILL_AREA_STYLE('',(#88360));
#88380=SURFACE_STYLE_FILL_AREA(#88370);
#88390=SURFACE_SIDE_STYLE('',(#88380));
#88400=SURFACE_STYLE_USAGE(.BOTH.,#88390);
#88410=PRESENTATION_STYLE_ASSIGNMENT((#88400));
#88420=CARTESIAN_POINT('',(51.116923,48.133846,1771.6));
#88430=DIRECTION('',(0.,-1.,0.));
#88440=DIRECTION('',(1.,0.,0.));
#88450=AXIS2_PLACEMENT_3D('',#88420,#88430,#88440);
#88460=CYLINDRICAL_SURFACE('',#88450,3.1);
#88470=ORIENTED_EDGE('',*,*,#88290,.F.);
#88480=ORIENTED_EDGE('',*,*,#36720,.T.);
#88490=CARTESIAN_POINT('',(48.016923,48.133846,1771.6));
#88500=DIRECTION('',(0.,-1.,0.));
#88510=VECTOR('',#88500,1.);
#88520=LINE('',#88490,#88510);
#88530=EDGE_CURVE('',#48110,#36620,#88520,.T.);
#88540=ORIENTED_EDGE('',*,*,#88530,.T.);
#88550=ORIENTED_EDGE('',*,*,#48140,.F.);
#88560=EDGE_LOOP('',(#88550,#88540,#88480,#88470));
#88570=FACE_OUTER_BOUND('',#88560,.T.);
#88580=ADVANCED_FACE('',(#88570),#88460,.F.);
#88590=COLOUR_RGB('',0.823529481887817,0.823529481887817,
0.784313797950745);
#88600=FILL_AREA_STYLE_COLOUR('',#88590);
#88610=FILL_AREA_STYLE('',(#88600));
#88620=SURFACE_STYLE_FILL_AREA(#88610);
#88630=SURFACE_SIDE_STYLE('',(#88620));
#88640=SURFACE_STYLE_USAGE(.BOTH.,#88630);
#88650=PRESENTATION_STYLE_ASSIGNMENT((#88640));
#88660=CARTESIAN_POINT('',(48.016923,48.133846,1780.4));
#88670=DIRECTION('',(1.,0.,-0.));
#88680=DIRECTION('',(0.,0.,1.));
#88690=AXIS2_PLACEMENT_3D('',#88660,#88670,#88680);
#88700=PLANE('',#88690);
#88710=ORIENTED_EDGE('',*,*,#88530,.F.);
#88720=ORIENTED_EDGE('',*,*,#36630,.T.);
#88730=CARTESIAN_POINT('',(48.016923,48.133846,1780.4));
#88740=DIRECTION('',(0.,-1.,0.));
#88750=VECTOR('',#88740,1.);
#88760=LINE('',#88730,#88750);
#88770=EDGE_CURVE('',#48210,#36520,#88760,.T.);
#88780=ORIENTED_EDGE('',*,*,#88770,.T.);
#88790=ORIENTED_EDGE('',*,*,#48220,.F.);
#88800=EDGE_LOOP('',(#88790,#88780,#88720,#88710));
#88810=FACE_OUTER_BOUND('',#88800,.T.);
#88820=ADVANCED_FACE('',(#88810),#88700,.T.);
#88830=COLOUR_RGB('',0.823529481887817,0.823529481887817,
0.784313797950745);
#88840=FILL_AREA_STYLE_COLOUR('',#88830);
#88850=FILL_AREA_STYLE('',(#88840));
#88860=SURFACE_STYLE_FILL_AREA(#88850);
#88870=SURFACE_SIDE_STYLE('',(#88860));
#88880=SURFACE_STYLE_USAGE(.BOTH.,#88870);
#88890=PRESENTATION_STYLE_ASSIGNMENT((#88880));
#88900=CARTESIAN_POINT('',(51.116923,48.133846,1780.4));
#88910=DIRECTION('',(0.,1.,0.));
#88920=DIRECTION('',(1.,0.,0.));
#88930=AXIS2_PLACEMENT_3D('',#88900,#88910,#88920);
#88940=CYLINDRICAL_SURFACE('',#88930,3.1);
#88950=ORIENTED_EDGE('',*,*,#88770,.F.);
#88960=ORIENTED_EDGE('',*,*,#36550,.F.);
#88970=ORIENTED_EDGE('',*,*,#88220,.T.);
#88980=ORIENTED_EDGE('',*,*,#48310,.T.);
#88990=EDGE_LOOP('',(#88980,#88970,#88960,#88950));
#89000=FACE_OUTER_BOUND('',#88990,.T.);
#89010=ADVANCED_FACE('',(#89000),#88940,.F.);
#89020=COLOUR_RGB('',0.823529481887817,0.823529481887817,
0.784313797950745);
#89030=FILL_AREA_STYLE_COLOUR('',#89020);
#89040=FILL_AREA_STYLE('',(#89030));
#89050=SURFACE_STYLE_FILL_AREA(#89040);
#89060=SURFACE_SIDE_STYLE('',(#89050));
#89070=SURFACE_STYLE_USAGE(.BOTH.,#89060);
#89080=PRESENTATION_STYLE_ASSIGNMENT((#89070));
#89090=CARTESIAN_POINT('',(54.216923,48.133846,1671.6));
#89100=DIRECTION('',(-1.,-0.,-0.));
#89110=DIRECTION('',(0.,0.,-1.));
#89120=AXIS2_PLACEMENT_3D('',#89090,#89100,#89110);
#89130=PLANE('',#89120);
#89140=CARTESIAN_POINT('',(54.216923,48.133846,1680.4));
#89150=DIRECTION('',(0.,-1.,0.));
#89160=VECTOR('',#89150,1.);
#89170=LINE('',#89140,#89160);
#89180=EDGE_CURVE('',#48660,#35980,#89170,.T.);
#89190=ORIENTED_EDGE('',*,*,#89180,.F.);
#89200=ORIENTED_EDGE('',*,*,#35990,.T.);
#89210=CARTESIAN_POINT('',(54.216923,48.133846,1671.6));
#89220=DIRECTION('',(0.,-1.,0.));
#89230=VECTOR('',#89220,1.);
#89240=LINE('',#89210,#89230);
#89250=EDGE_CURVE('',#48490,#35900,#89240,.T.);
#89260=ORIENTED_EDGE('',*,*,#89250,.T.);
#89270=ORIENTED_EDGE('',*,*,#48730,.F.);
#89280=EDGE_LOOP('',(#89270,#89260,#89200,#89190));
#89290=FACE_OUTER_BOUND('',#89280,.T.);
#89300=ADVANCED_FACE('',(#89290),#89130,.T.);
#89310=COLOUR_RGB('',0.823529481887817,0.823529481887817,
0.784313797950745);
#89320=FILL_AREA_STYLE_COLOUR('',#89310);
#89330=FILL_AREA_STYLE('',(#89320));
#89340=SURFACE_STYLE_FILL_AREA(#89330);
#89350=SURFACE_SIDE_STYLE('',(#89340));
#89360=SURFACE_STYLE_USAGE(.BOTH.,#89350);
#89370=PRESENTATION_STYLE_ASSIGNMENT((#89360));
#89380=CARTESIAN_POINT('',(51.116923,48.133846,1671.6));
#89390=DIRECTION('',(0.,-1.,0.));
#89400=DIRECTION('',(1.,0.,0.));
#89410=AXIS2_PLACEMENT_3D('',#89380,#89390,#89400);
#89420=CYLINDRICAL_SURFACE('',#89410,3.1);
#89430=ORIENTED_EDGE('',*,*,#89250,.F.);
#89440=ORIENTED_EDGE('',*,*,#35910,.T.);
#89450=CARTESIAN_POINT('',(48.016923,48.133846,1671.6));
#89460=DIRECTION('',(0.,-1.,0.));
#89470=VECTOR('',#89460,1.);
#89480=LINE('',#89450,#89470);
#89490=EDGE_CURVE('',#48470,#35810,#89480,.T.);
#89500=ORIENTED_EDGE('',*,*,#89490,.T.);
#89510=ORIENTED_EDGE('',*,*,#48500,.F.);
#89520=EDGE_LOOP('',(#89510,#89500,#89440,#89430));
#89530=FACE_OUTER_BOUND('',#89520,.T.);
#89540=ADVANCED_FACE('',(#89530),#89420,.F.);
#89550=COLOUR_RGB('',0.823529481887817,0.823529481887817,
0.784313797950745);
#89560=FILL_AREA_STYLE_COLOUR('',#89550);
#89570=FILL_AREA_STYLE('',(#89560));
#89580=SURFACE_STYLE_FILL_AREA(#89570);
#89590=SURFACE_SIDE_STYLE('',(#89580));
#89600=SURFACE_STYLE_USAGE(.BOTH.,#89590);
#89610=PRESENTATION_STYLE_ASSIGNMENT((#89600));
#89620=CARTESIAN_POINT('',(48.016923,48.133846,1680.4));
#89630=DIRECTION('',(1.,0.,-0.));
#89640=DIRECTION('',(0.,0.,1.));
#89650=AXIS2_PLACEMENT_3D('',#89620,#89630,#89640);
#89660=PLANE('',#89650);
#89670=ORIENTED_EDGE('',*,*,#89490,.F.);
#89680=ORIENTED_EDGE('',*,*,#35820,.T.);
#89690=CARTESIAN_POINT('',(48.016923,48.133846,1680.4));
#89700=DIRECTION('',(0.,-1.,0.));
#89710=VECTOR('',#89700,1.);
#89720=LINE('',#89690,#89710);
#89730=EDGE_CURVE('',#48570,#35790,#89720,.T.);
#89740=ORIENTED_EDGE('',*,*,#89730,.T.);
#89750=ORIENTED_EDGE('',*,*,#48580,.F.);
#89760=EDGE_LOOP('',(#89750,#89740,#89680,#89670));
#89770=FACE_OUTER_BOUND('',#89760,.T.);
#89780=ADVANCED_FACE('',(#89770),#89660,.T.);
#89790=COLOUR_RGB('',0.823529481887817,0.823529481887817,
0.784313797950745);
#89800=FILL_AREA_STYLE_COLOUR('',#89790);
#89810=FILL_AREA_STYLE('',(#89800));
#89820=SURFACE_STYLE_FILL_AREA(#89810);
#89830=SURFACE_SIDE_STYLE('',(#89820));
#89840=SURFACE_STYLE_USAGE(.BOTH.,#89830);
#89850=PRESENTATION_STYLE_ASSIGNMENT((#89840));
#89860=CARTESIAN_POINT('',(51.116923,48.133846,1680.4));
#89870=DIRECTION('',(0.,1.,0.));
#89880=DIRECTION('',(1.,0.,0.));
#89890=AXIS2_PLACEMENT_3D('',#89860,#89870,#89880);
#89900=CYLINDRICAL_SURFACE('',#89890,3.1);
#89910=ORIENTED_EDGE('',*,*,#89730,.F.);
#89920=ORIENTED_EDGE('',*,*,#36060,.F.);
#89930=ORIENTED_EDGE('',*,*,#89180,.T.);
#89940=ORIENTED_EDGE('',*,*,#48670,.T.);
#89950=EDGE_LOOP('',(#89940,#89930,#89920,#89910));
#89960=FACE_OUTER_BOUND('',#89950,.T.);
#89970=ADVANCED_FACE('',(#89960),#89900,.F.);
#89980=COLOUR_RGB('',0.823529481887817,0.823529481887817,
0.784313797950745);
#89990=FILL_AREA_STYLE_COLOUR('',#89980);
#90000=FILL_AREA_STYLE('',(#89990));
#90010=SURFACE_STYLE_FILL_AREA(#90000);
#90020=SURFACE_SIDE_STYLE('',(#90010));
#90030=SURFACE_STYLE_USAGE(.BOTH.,#90020);
#90040=PRESENTATION_STYLE_ASSIGNMENT((#90030));
#90050=CARTESIAN_POINT('',(54.216923,48.133846,1521.6));
#90060=DIRECTION('',(-1.,-0.,-0.));
#90070=DIRECTION('',(0.,0.,-1.));
#90080=AXIS2_PLACEMENT_3D('',#90050,#90060,#90070);
#90090=PLANE('',#90080);
#90100=CARTESIAN_POINT('',(54.216923,48.133846,1530.4));
#90110=DIRECTION('',(0.,-1.,0.));
#90120=VECTOR('',#90110,1.);
#90130=LINE('',#90100,#90120);
#90140=EDGE_CURVE('',#48840,#22140,#90130,.T.);
#90150=ORIENTED_EDGE('',*,*,#90140,.F.);
#90160=ORIENTED_EDGE('',*,*,#22380,.T.);
#90170=CARTESIAN_POINT('',(54.216923,48.133846,1521.6));
#90180=DIRECTION('',(0.,-1.,0.));
#90190=VECTOR('',#90180,1.);
#90200=LINE('',#90170,#90190);
#90210=EDGE_CURVE('',#48820,#22310,#90200,.T.);
#90220=ORIENTED_EDGE('',*,*,#90210,.T.);
#90230=ORIENTED_EDGE('',*,*,#48850,.F.);
#90240=EDGE_LOOP('',(#90230,#90220,#90160,#90150));
#90250=FACE_OUTER_BOUND('',#90240,.T.);
#90260=ADVANCED_FACE('',(#90250),#90090,.T.);
#90270=COLOUR_RGB('',0.823529481887817,0.823529481887817,
0.784313797950745);
#90280=FILL_AREA_STYLE_COLOUR('',#90270);
#90290=FILL_AREA_STYLE('',(#90280));
#90300=SURFACE_STYLE_FILL_AREA(#90290);
#90310=SURFACE_SIDE_STYLE('',(#90300));
#90320=SURFACE_STYLE_USAGE(.BOTH.,#90310);
#90330=PRESENTATION_STYLE_ASSIGNMENT((#90320));
#90340=CARTESIAN_POINT('',(51.116923,48.133846,1521.6));
#90350=DIRECTION('',(0.,-1.,0.));
#90360=DIRECTION('',(1.,0.,0.));
#90370=AXIS2_PLACEMENT_3D('',#90340,#90350,#90360);
#90380=CYLINDRICAL_SURFACE('',#90370,3.1);
#90390=ORIENTED_EDGE('',*,*,#90210,.F.);
#90400=ORIENTED_EDGE('',*,*,#22320,.T.);
#90410=CARTESIAN_POINT('',(48.016923,48.133846,1521.6));
#90420=DIRECTION('',(0.,-1.,0.));
#90430=VECTOR('',#90420,1.);
#90440=LINE('',#90410,#90430);
#90450=EDGE_CURVE('',#48930,#22220,#90440,.T.);
#90460=ORIENTED_EDGE('',*,*,#90450,.T.);
#90470=ORIENTED_EDGE('',*,*,#48940,.F.);
#90480=EDGE_LOOP('',(#90470,#90460,#90400,#90390));
#90490=FACE_OUTER_BOUND('',#90480,.T.);
#90500=ADVANCED_FACE('',(#90490),#90380,.F.);
#90510=COLOUR_RGB('',0.823529481887817,0.823529481887817,
0.784313797950745);
#90520=FILL_AREA_STYLE_COLOUR('',#90510);
#90530=FILL_AREA_STYLE('',(#90520));
#90540=SURFACE_STYLE_FILL_AREA(#90530);
#90550=SURFACE_SIDE_STYLE('',(#90540));
#90560=SURFACE_STYLE_USAGE(.BOTH.,#90550);
#90570=PRESENTATION_STYLE_ASSIGNMENT((#90560));
#90580=CARTESIAN_POINT('',(48.016923,48.133846,1530.4));
#90590=DIRECTION('',(1.,0.,-0.));
#90600=DIRECTION('',(0.,0.,1.));
#90610=AXIS2_PLACEMENT_3D('',#90580,#90590,#90600);
#90620=PLANE('',#90610);
#90630=ORIENTED_EDGE('',*,*,#90450,.F.);
#90640=ORIENTED_EDGE('',*,*,#22230,.T.);
#90650=CARTESIAN_POINT('',(48.016923,48.133846,1530.4));
#90660=DIRECTION('',(0.,-1.,0.));
#90670=VECTOR('',#90660,1.);
#90680=LINE('',#90650,#90670);
#90690=EDGE_CURVE('',#49010,#22120,#90680,.T.);
#90700=ORIENTED_EDGE('',*,*,#90690,.T.);
#90710=ORIENTED_EDGE('',*,*,#49020,.F.);
#90720=EDGE_LOOP('',(#90710,#90700,#90640,#90630));
#90730=FACE_OUTER_BOUND('',#90720,.T.);
#90740=ADVANCED_FACE('',(#90730),#90620,.T.);
#90750=COLOUR_RGB('',0.823529481887817,0.823529481887817,
0.784313797950745);
#90760=FILL_AREA_STYLE_COLOUR('',#90750);
#90770=FILL_AREA_STYLE('',(#90760));
#90780=SURFACE_STYLE_FILL_AREA(#90770);
#90790=SURFACE_SIDE_STYLE('',(#90780));
#90800=SURFACE_STYLE_USAGE(.BOTH.,#90790);
#90810=PRESENTATION_STYLE_ASSIGNMENT((#90800));
#90820=CARTESIAN_POINT('',(51.116923,48.133846,1530.4));
#90830=DIRECTION('',(0.,1.,0.));
#90840=DIRECTION('',(1.,0.,0.));
#90850=AXIS2_PLACEMENT_3D('',#90820,#90830,#90840);
#90860=CYLINDRICAL_SURFACE('',#90850,3.1);
#90870=ORIENTED_EDGE('',*,*,#90690,.F.);
#90880=ORIENTED_EDGE('',*,*,#22150,.F.);
#90890=ORIENTED_EDGE('',*,*,#90140,.T.);
#90900=ORIENTED_EDGE('',*,*,#49090,.T.);
#90910=EDGE_LOOP('',(#90900,#90890,#90880,#90870));
#90920=FACE_OUTER_BOUND('',#90910,.T.);
#90930=ADVANCED_FACE('',(#90920),#90860,.F.);
#90940=COLOUR_RGB('',0.823529481887817,0.823529481887817,
0.784313797950745);
#90950=FILL_AREA_STYLE_COLOUR('',#90940);
#90960=FILL_AREA_STYLE('',(#90950));
#90970=SURFACE_STYLE_FILL_AREA(#90960);
#90980=SURFACE_SIDE_STYLE('',(#90970));
#90990=SURFACE_STYLE_USAGE(.BOTH.,#90980);
#91000=PRESENTATION_STYLE_ASSIGNMENT((#90990));
#91010=CARTESIAN_POINT('',(54.216923,48.133846,621.6));
#91020=DIRECTION('',(-1.,-0.,-0.));
#91030=DIRECTION('',(0.,0.,-1.));
#91040=AXIS2_PLACEMENT_3D('',#91010,#91020,#91030);
#91050=PLANE('',#91040);
#91060=CARTESIAN_POINT('',(54.216923,48.133846,630.4));
#91070=DIRECTION('',(0.,-1.,0.));
#91080=VECTOR('',#91070,1.);
#91090=LINE('',#91060,#91080);
#91100=EDGE_CURVE('',#49200,#34900,#91090,.T.);
#91110=ORIENTED_EDGE('',*,*,#91100,.F.);
#91120=ORIENTED_EDGE('',*,*,#34910,.T.);
#91130=CARTESIAN_POINT('',(54.216923,48.133846,621.6));
#91140=DIRECTION('',(0.,-1.,0.));
#91150=VECTOR('',#91140,1.);
#91160=LINE('',#91130,#91150);
#91170=EDGE_CURVE('',#49180,#34820,#91160,.T.);
#91180=ORIENTED_EDGE('',*,*,#91170,.T.);
#91190=ORIENTED_EDGE('',*,*,#49210,.F.);
#91200=EDGE_LOOP('',(#91190,#91180,#91120,#91110));
#91210=FACE_OUTER_BOUND('',#91200,.T.);
#91220=ADVANCED_FACE('',(#91210),#91050,.T.);
#91230=COLOUR_RGB('',0.823529481887817,0.823529481887817,
0.784313797950745);
#91240=FILL_AREA_STYLE_COLOUR('',#91230);
#91250=FILL_AREA_STYLE('',(#91240));
#91260=SURFACE_STYLE_FILL_AREA(#91250);
#91270=SURFACE_SIDE_STYLE('',(#91260));
#91280=SURFACE_STYLE_USAGE(.BOTH.,#91270);
#91290=PRESENTATION_STYLE_ASSIGNMENT((#91280));
#91300=CARTESIAN_POINT('',(51.116923,48.133846,621.6));
#91310=DIRECTION('',(0.,-1.,0.));
#91320=DIRECTION('',(1.,0.,0.));
#91330=AXIS2_PLACEMENT_3D('',#91300,#91310,#91320);
#91340=CYLINDRICAL_SURFACE('',#91330,3.1);
#91350=ORIENTED_EDGE('',*,*,#91170,.F.);
#91360=ORIENTED_EDGE('',*,*,#34830,.T.);
#91370=CARTESIAN_POINT('',(48.016923,48.133846,621.6));
#91380=DIRECTION('',(0.,-1.,0.));
#91390=VECTOR('',#91380,1.);
#91400=LINE('',#91370,#91390);
#91410=EDGE_CURVE('',#49290,#34730,#91400,.T.);
#91420=ORIENTED_EDGE('',*,*,#91410,.T.);
#91430=ORIENTED_EDGE('',*,*,#49300,.F.);
#91440=EDGE_LOOP('',(#91430,#91420,#91360,#91350));
#91450=FACE_OUTER_BOUND('',#91440,.T.);
#91460=ADVANCED_FACE('',(#91450),#91340,.F.);
#91470=COLOUR_RGB('',0.823529481887817,0.823529481887817,
0.784313797950745);
#91480=FILL_AREA_STYLE_COLOUR('',#91470);
#91490=FILL_AREA_STYLE('',(#91480));
#91500=SURFACE_STYLE_FILL_AREA(#91490);
#91510=SURFACE_SIDE_STYLE('',(#91500));
#91520=SURFACE_STYLE_USAGE(.BOTH.,#91510);
#91530=PRESENTATION_STYLE_ASSIGNMENT((#91520));
#91540=CARTESIAN_POINT('',(48.016923,48.133846,630.4));
#91550=DIRECTION('',(1.,0.,-0.));
#91560=DIRECTION('',(0.,0.,1.));
#91570=AXIS2_PLACEMENT_3D('',#91540,#91550,#91560);
#91580=PLANE('',#91570);
#91590=ORIENTED_EDGE('',*,*,#91410,.F.);
#91600=ORIENTED_EDGE('',*,*,#34740,.T.);
#91610=CARTESIAN_POINT('',(48.016923,48.133846,630.4));
#91620=DIRECTION('',(0.,-1.,0.));
#91630=VECTOR('',#91620,1.);
#91640=LINE('',#91610,#91630);
#91650=EDGE_CURVE('',#49370,#34710,#91640,.T.);
#91660=ORIENTED_EDGE('',*,*,#91650,.T.);
#91670=ORIENTED_EDGE('',*,*,#49380,.F.);
#91680=EDGE_LOOP('',(#91670,#91660,#91600,#91590));
#91690=FACE_OUTER_BOUND('',#91680,.T.);
#91700=ADVANCED_FACE('',(#91690),#91580,.T.);
#91710=COLOUR_RGB('',0.823529481887817,0.823529481887817,
0.784313797950745);
#91720=FILL_AREA_STYLE_COLOUR('',#91710);
#91730=FILL_AREA_STYLE('',(#91720));
#91740=SURFACE_STYLE_FILL_AREA(#91730);
#91750=SURFACE_SIDE_STYLE('',(#91740));
#91760=SURFACE_STYLE_USAGE(.BOTH.,#91750);
#91770=PRESENTATION_STYLE_ASSIGNMENT((#91760));
#91780=CARTESIAN_POINT('',(51.116923,48.133846,630.4));
#91790=DIRECTION('',(0.,1.,0.));
#91800=DIRECTION('',(1.,0.,0.));
#91810=AXIS2_PLACEMENT_3D('',#91780,#91790,#91800);
#91820=CYLINDRICAL_SURFACE('',#91810,3.1);
#91830=ORIENTED_EDGE('',*,*,#91650,.F.);
#91840=ORIENTED_EDGE('',*,*,#34980,.F.);
#91850=ORIENTED_EDGE('',*,*,#91100,.T.);
#91860=ORIENTED_EDGE('',*,*,#49450,.T.);
#91870=EDGE_LOOP('',(#91860,#91850,#91840,#91830));
#91880=FACE_OUTER_BOUND('',#91870,.T.);
#91890=ADVANCED_FACE('',(#91880),#91820,.F.);
#91900=COLOUR_RGB('',0.823529481887817,0.823529481887817,
0.784313797950745);
#91910=FILL_AREA_STYLE_COLOUR('',#91900);
#91920=FILL_AREA_STYLE('',(#91910));
#91930=SURFACE_STYLE_FILL_AREA(#91920);
#91940=SURFACE_SIDE_STYLE('',(#91930));
#91950=SURFACE_STYLE_USAGE(.BOTH.,#91940);
#91960=PRESENTATION_STYLE_ASSIGNMENT((#91950));
#91970=CARTESIAN_POINT('',(54.216923,48.133846,1546.6));
#91980=DIRECTION('',(-1.,-0.,-0.));
#91990=DIRECTION('',(0.,0.,-1.));
#92000=AXIS2_PLACEMENT_3D('',#91970,#91980,#91990);
#92010=PLANE('',#92000);
#92020=CARTESIAN_POINT('',(54.216923,48.133846,1555.4));
#92030=DIRECTION('',(0.,-1.,0.));
#92040=VECTOR('',#92030,1.);
#92050=LINE('',#92020,#92040);
#92060=EDGE_CURVE('',#49740,#38420,#92050,.T.);
#92070=ORIENTED_EDGE('',*,*,#92060,.F.);
#92080=ORIENTED_EDGE('',*,*,#38430,.T.);
#92090=CARTESIAN_POINT('',(54.216923,48.133846,1546.6));
#92100=DIRECTION('',(0.,-1.,0.));
#92110=VECTOR('',#92100,1.);
#92120=LINE('',#92090,#92110);
#92130=EDGE_CURVE('',#49570,#38340,#92120,.T.);
#92140=ORIENTED_EDGE('',*,*,#92130,.T.);
#92150=ORIENTED_EDGE('',*,*,#49810,.F.);
#92160=EDGE_LOOP('',(#92150,#92140,#92080,#92070));
#92170=FACE_OUTER_BOUND('',#92160,.T.);
#92180=ADVANCED_FACE('',(#92170),#92010,.T.);
#92190=COLOUR_RGB('',0.823529481887817,0.823529481887817,
0.784313797950745);
#92200=FILL_AREA_STYLE_COLOUR('',#92190);
#92210=FILL_AREA_STYLE('',(#92200));
#92220=SURFACE_STYLE_FILL_AREA(#92210);
#92230=SURFACE_SIDE_STYLE('',(#92220));
#92240=SURFACE_STYLE_USAGE(.BOTH.,#92230);
#92250=PRESENTATION_STYLE_ASSIGNMENT((#92240));
#92260=CARTESIAN_POINT('',(51.116923,48.133846,1546.6));
#92270=DIRECTION('',(0.,-1.,0.));
#92280=DIRECTION('',(1.,0.,0.));
#92290=AXIS2_PLACEMENT_3D('',#92260,#92270,#92280);
#92300=CYLINDRICAL_SURFACE('',#92290,3.1);
#92310=ORIENTED_EDGE('',*,*,#92130,.F.);
#92320=ORIENTED_EDGE('',*,*,#38350,.T.);
#92330=CARTESIAN_POINT('',(48.016923,48.133846,1546.6));
#92340=DIRECTION('',(0.,-1.,0.));
#92350=VECTOR('',#92340,1.);
#92360=LINE('',#92330,#92350);
#92370=EDGE_CURVE('',#49550,#38320,#92360,.T.);
#92380=ORIENTED_EDGE('',*,*,#92370,.T.);
#92390=ORIENTED_EDGE('',*,*,#49580,.F.);
#92400=EDGE_LOOP('',(#92390,#92380,#92320,#92310));
#92410=FACE_OUTER_BOUND('',#92400,.T.);
#92420=ADVANCED_FACE('',(#92410),#92300,.F.);
#92430=COLOUR_RGB('',0.823529481887817,0.823529481887817,
0.784313797950745);
#92440=FILL_AREA_STYLE_COLOUR('',#92430);
#92450=FILL_AREA_STYLE('',(#92440));
#92460=SURFACE_STYLE_FILL_AREA(#92450);
#92470=SURFACE_SIDE_STYLE('',(#92460));
#92480=SURFACE_STYLE_USAGE(.BOTH.,#92470);
#92490=PRESENTATION_STYLE_ASSIGNMENT((#92480));
#92500=CARTESIAN_POINT('',(48.016923,48.133846,1555.4));
#92510=DIRECTION('',(1.,0.,-0.));
#92520=DIRECTION('',(0.,0.,1.));
#92530=AXIS2_PLACEMENT_3D('',#92500,#92510,#92520);
#92540=PLANE('',#92530);
#92550=ORIENTED_EDGE('',*,*,#92370,.F.);
#92560=ORIENTED_EDGE('',*,*,#38580,.T.);
#92570=CARTESIAN_POINT('',(48.016923,48.133846,1555.4));
#92580=DIRECTION('',(0.,-1.,0.));
#92590=VECTOR('',#92580,1.);
#92600=LINE('',#92570,#92590);
#92610=EDGE_CURVE('',#49650,#38510,#92600,.T.);
#92620=ORIENTED_EDGE('',*,*,#92610,.T.);
#92630=ORIENTED_EDGE('',*,*,#49660,.F.);
#92640=EDGE_LOOP('',(#92630,#92620,#92560,#92550));
#92650=FACE_OUTER_BOUND('',#92640,.T.);
#92660=ADVANCED_FACE('',(#92650),#92540,.T.);
#92670=COLOUR_RGB('',0.823529481887817,0.823529481887817,
0.784313797950745);
#92680=FILL_AREA_STYLE_COLOUR('',#92670);
#92690=FILL_AREA_STYLE('',(#92680));
#92700=SURFACE_STYLE_FILL_AREA(#92690);
#92710=SURFACE_SIDE_STYLE('',(#92700));
#92720=SURFACE_STYLE_USAGE(.BOTH.,#92710);
#92730=PRESENTATION_STYLE_ASSIGNMENT((#92720));
#92740=CARTESIAN_POINT('',(51.116923,48.133846,1555.4));
#92750=DIRECTION('',(0.,1.,0.));
#92760=DIRECTION('',(1.,0.,0.));
#92770=AXIS2_PLACEMENT_3D('',#92740,#92750,#92760);
#92780=CYLINDRICAL_SURFACE('',#92770,3.1);
#92790=ORIENTED_EDGE('',*,*,#92610,.F.);
#92800=ORIENTED_EDGE('',*,*,#38520,.F.);
#92810=ORIENTED_EDGE('',*,*,#92060,.T.);
#92820=ORIENTED_EDGE('',*,*,#49750,.T.);
#92830=EDGE_LOOP('',(#92820,#92810,#92800,#92790));
#92840=FACE_OUTER_BOUND('',#92830,.T.);
#92850=ADVANCED_FACE('',(#92840),#92780,.F.);
#92860=COLOUR_RGB('',0.823529481887817,0.823529481887817,
0.784313797950745);
#92870=FILL_AREA_STYLE_COLOUR('',#92860);
#92880=FILL_AREA_STYLE('',(#92870));
#92890=SURFACE_STYLE_FILL_AREA(#92880);
#92900=SURFACE_SIDE_STYLE('',(#92890));
#92910=SURFACE_STYLE_USAGE(.BOTH.,#92900);
#92920=PRESENTATION_STYLE_ASSIGNMENT((#92910));
#92930=CARTESIAN_POINT('',(51.116923,48.133846,371.6));
#92940=DIRECTION('',(0.,-1.,0.));
#92950=DIRECTION('',(1.,0.,0.));
#92960=AXIS2_PLACEMENT_3D('',#92930,#92940,#92950);
#92970=CYLINDRICAL_SURFACE('',#92960,3.1);
#92980=CARTESIAN_POINT('',(54.216923,48.133846,371.6));
#92990=DIRECTION('',(0.,-1.,0.));
#93000=VECTOR('',#92990,1.);
#93010=LINE('',#92980,#93000);
#93020=EDGE_CURVE('',#50090,#41910,#93010,.T.);
#93030=ORIENTED_EDGE('',*,*,#93020,.F.);
#93040=ORIENTED_EDGE('',*,*,#41920,.T.);
#93050=CARTESIAN_POINT('',(48.016923,48.133846,371.6));
#93060=DIRECTION('',(0.,-1.,0.));
#93070=VECTOR('',#93060,1.);
#93080=LINE('',#93050,#93070);
#93090=EDGE_CURVE('',#49920,#41820,#93080,.T.);
#93100=ORIENTED_EDGE('',*,*,#93090,.T.);
#93110=ORIENTED_EDGE('',*,*,#50170,.F.);
#93120=EDGE_LOOP('',(#93110,#93100,#93040,#93030));
#93130=FACE_OUTER_BOUND('',#93120,.T.);
#93140=ADVANCED_FACE('',(#93130),#92970,.F.);
#93150=COLOUR_RGB('',0.823529481887817,0.823529481887817,
0.784313797950745);
#93160=FILL_AREA_STYLE_COLOUR('',#93150);
#93170=FILL_AREA_STYLE('',(#93160));
#93180=SURFACE_STYLE_FILL_AREA(#93170);
#93190=SURFACE_SIDE_STYLE('',(#93180));
#93200=SURFACE_STYLE_USAGE(.BOTH.,#93190);
#93210=PRESENTATION_STYLE_ASSIGNMENT((#93200));
#93220=CARTESIAN_POINT('',(48.016923,48.133846,380.4));
#93230=DIRECTION('',(1.,0.,-0.));
#93240=DIRECTION('',(0.,0.,1.));
#93250=AXIS2_PLACEMENT_3D('',#93220,#93230,#93240);
#93260=PLANE('',#93250);
#93270=ORIENTED_EDGE('',*,*,#93090,.F.);
#93280=ORIENTED_EDGE('',*,*,#41830,.T.);
#93290=CARTESIAN_POINT('',(48.016923,48.133846,380.4));
#93300=DIRECTION('',(0.,-1.,0.));
#93310=VECTOR('',#93300,1.);
#93320=LINE('',#93290,#93310);
#93330=EDGE_CURVE('',#49900,#41800,#93320,.T.);
#93340=ORIENTED_EDGE('',*,*,#93330,.T.);
#93350=ORIENTED_EDGE('',*,*,#49930,.F.);
#93360=EDGE_LOOP('',(#93350,#93340,#93280,#93270));
#93370=FACE_OUTER_BOUND('',#93360,.T.);
#93380=ADVANCED_FACE('',(#93370),#93260,.T.);
#93390=COLOUR_RGB('',0.823529481887817,0.823529481887817,
0.784313797950745);
#93400=FILL_AREA_STYLE_COLOUR('',#93390);
#93410=FILL_AREA_STYLE('',(#93400));
#93420=SURFACE_STYLE_FILL_AREA(#93410);
#93430=SURFACE_SIDE_STYLE('',(#93420));
#93440=SURFACE_STYLE_USAGE(.BOTH.,#93430);
#93450=PRESENTATION_STYLE_ASSIGNMENT((#93440));
#93460=CARTESIAN_POINT('',(51.116923,48.133846,380.4));
#93470=DIRECTION('',(0.,1.,0.));
#93480=DIRECTION('',(1.,0.,0.));
#93490=AXIS2_PLACEMENT_3D('',#93460,#93470,#93480);
#93500=CYLINDRICAL_SURFACE('',#93490,3.1);
#93510=ORIENTED_EDGE('',*,*,#93330,.F.);
#93520=ORIENTED_EDGE('',*,*,#42070,.F.);
#93530=CARTESIAN_POINT('',(54.216923,48.133846,380.4));
#93540=DIRECTION('',(0.,-1.,0.));
#93550=VECTOR('',#93540,1.);
#93560=LINE('',#93530,#93550);
#93570=EDGE_CURVE('',#50010,#41990,#93560,.T.);
#93580=ORIENTED_EDGE('',*,*,#93570,.T.);
#93590=ORIENTED_EDGE('',*,*,#50020,.T.);
#93600=EDGE_LOOP('',(#93590,#93580,#93520,#93510));
#93610=FACE_OUTER_BOUND('',#93600,.T.);
#93620=ADVANCED_FACE('',(#93610),#93500,.F.);
#93630=COLOUR_RGB('',0.823529481887817,0.823529481887817,
0.784313797950745);
#93640=FILL_AREA_STYLE_COLOUR('',#93630);
#93650=FILL_AREA_STYLE('',(#93640));
#93660=SURFACE_STYLE_FILL_AREA(#93650);
#93670=SURFACE_SIDE_STYLE('',(#93660));
#93680=SURFACE_STYLE_USAGE(.BOTH.,#93670);
#93690=PRESENTATION_STYLE_ASSIGNMENT((#93680));
#93700=CARTESIAN_POINT('',(54.216923,48.133846,371.6));
#93710=DIRECTION('',(-1.,-0.,-0.));
#93720=DIRECTION('',(0.,0.,-1.));
#93730=AXIS2_PLACEMENT_3D('',#93700,#93710,#93720);
#93740=PLANE('',#93730);
#93750=ORIENTED_EDGE('',*,*,#93570,.F.);
#93760=ORIENTED_EDGE('',*,*,#42000,.T.);
#93770=ORIENTED_EDGE('',*,*,#93020,.T.);
#93780=ORIENTED_EDGE('',*,*,#50100,.F.);
#93790=EDGE_LOOP('',(#93780,#93770,#93760,#93750));
#93800=FACE_OUTER_BOUND('',#93790,.T.);
#93810=ADVANCED_FACE('',(#93800),#93740,.T.);
#93820=COLOUR_RGB('',0.823529481887817,0.823529481887817,
0.784313797950745);
#93830=FILL_AREA_STYLE_COLOUR('',#93820);
#93840=FILL_AREA_STYLE('',(#93830));
#93850=SURFACE_STYLE_FILL_AREA(#93840);
#93860=SURFACE_SIDE_STYLE('',(#93850));
#93870=SURFACE_STYLE_USAGE(.BOTH.,#93860);
#93880=PRESENTATION_STYLE_ASSIGNMENT((#93870));
#93890=CARTESIAN_POINT('',(54.216923,48.133846,1896.6));
#93900=DIRECTION('',(-1.,-0.,-0.));
#93910=DIRECTION('',(0.,0.,-1.));
#93920=AXIS2_PLACEMENT_3D('',#93890,#93900,#93910);
#93930=PLANE('',#93920);
#93940=CARTESIAN_POINT('',(54.216923,48.133846,1905.4));
#93950=DIRECTION('',(0.,-1.,0.));
#93960=VECTOR('',#93950,1.);
#93970=LINE('',#93940,#93960);
#93980=EDGE_CURVE('',#50460,#39420,#93970,.T.);
#93990=ORIENTED_EDGE('',*,*,#93980,.F.);
#94000=ORIENTED_EDGE('',*,*,#39660,.T.);
#94010=CARTESIAN_POINT('',(54.216923,48.133846,1896.6));
#94020=DIRECTION('',(0.,-1.,0.));
#94030=VECTOR('',#94020,1.);
#94040=LINE('',#94010,#94030);
#94050=EDGE_CURVE('',#50290,#39590,#94040,.T.);
#94060=ORIENTED_EDGE('',*,*,#94050,.T.);
#94070=ORIENTED_EDGE('',*,*,#50530,.F.);
#94080=EDGE_LOOP('',(#94070,#94060,#94000,#93990));
#94090=FACE_OUTER_BOUND('',#94080,.T.);
#94100=ADVANCED_FACE('',(#94090),#93930,.T.);
#94110=COLOUR_RGB('',0.823529481887817,0.823529481887817,
0.784313797950745);
#94120=FILL_AREA_STYLE_COLOUR('',#94110);
#94130=FILL_AREA_STYLE('',(#94120));
#94140=SURFACE_STYLE_FILL_AREA(#94130);
#94150=SURFACE_SIDE_STYLE('',(#94140));
#94160=SURFACE_STYLE_USAGE(.BOTH.,#94150);
#94170=PRESENTATION_STYLE_ASSIGNMENT((#94160));
#94180=CARTESIAN_POINT('',(51.116923,48.133846,1896.6));
#94190=DIRECTION('',(0.,-1.,0.));
#94200=DIRECTION('',(1.,0.,0.));
#94210=AXIS2_PLACEMENT_3D('',#94180,#94190,#94200);
#94220=CYLINDRICAL_SURFACE('',#94210,3.1);
#94230=ORIENTED_EDGE('',*,*,#94050,.F.);
#94240=ORIENTED_EDGE('',*,*,#39600,.T.);
#94250=CARTESIAN_POINT('',(48.016923,48.133846,1896.6));
#94260=DIRECTION('',(0.,-1.,0.));
#94270=VECTOR('',#94260,1.);
#94280=LINE('',#94250,#94270);
#94290=EDGE_CURVE('',#50270,#39500,#94280,.T.);
#94300=ORIENTED_EDGE('',*,*,#94290,.T.);
#94310=ORIENTED_EDGE('',*,*,#50300,.F.);
#94320=EDGE_LOOP('',(#94310,#94300,#94240,#94230));
#94330=FACE_OUTER_BOUND('',#94320,.T.);
#94340=ADVANCED_FACE('',(#94330),#94220,.F.);
#94350=COLOUR_RGB('',0.823529481887817,0.823529481887817,
0.784313797950745);
#94360=FILL_AREA_STYLE_COLOUR('',#94350);
#94370=FILL_AREA_STYLE('',(#94360));
#94380=SURFACE_STYLE_FILL_AREA(#94370);
#94390=SURFACE_SIDE_STYLE('',(#94380));
#94400=SURFACE_STYLE_USAGE(.BOTH.,#94390);
#94410=PRESENTATION_STYLE_ASSIGNMENT((#94400));
#94420=CARTESIAN_POINT('',(48.016923,48.133846,1905.4));
#94430=DIRECTION('',(1.,0.,-0.));
#94440=DIRECTION('',(0.,0.,1.));
#94450=AXIS2_PLACEMENT_3D('',#94420,#94430,#94440);
#94460=PLANE('',#94450);
#94470=ORIENTED_EDGE('',*,*,#94290,.F.);
#94480=ORIENTED_EDGE('',*,*,#39510,.T.);
#94490=CARTESIAN_POINT('',(48.016923,48.133846,1905.4));
#94500=DIRECTION('',(0.,-1.,0.));
#94510=VECTOR('',#94500,1.);
#94520=LINE('',#94490,#94510);
#94530=EDGE_CURVE('',#50370,#39400,#94520,.T.);
#94540=ORIENTED_EDGE('',*,*,#94530,.T.);
#94550=ORIENTED_EDGE('',*,*,#50380,.F.);
#94560=EDGE_LOOP('',(#94550,#94540,#94480,#94470));
#94570=FACE_OUTER_BOUND('',#94560,.T.);
#94580=ADVANCED_FACE('',(#94570),#94460,.T.);
#94590=COLOUR_RGB('',0.823529481887817,0.823529481887817,
0.784313797950745);
#94600=FILL_AREA_STYLE_COLOUR('',#94590);
#94610=FILL_AREA_STYLE('',(#94600));
#94620=SURFACE_STYLE_FILL_AREA(#94610);
#94630=SURFACE_SIDE_STYLE('',(#94620));
#94640=SURFACE_STYLE_USAGE(.BOTH.,#94630);
#94650=PRESENTATION_STYLE_ASSIGNMENT((#94640));
#94660=CARTESIAN_POINT('',(51.116923,48.133846,1905.4));
#94670=DIRECTION('',(0.,1.,0.));
#94680=DIRECTION('',(1.,0.,0.));
#94690=AXIS2_PLACEMENT_3D('',#94660,#94670,#94680);
#94700=CYLINDRICAL_SURFACE('',#94690,3.1);
#94710=ORIENTED_EDGE('',*,*,#94530,.F.);
#94720=ORIENTED_EDGE('',*,*,#39430,.F.);
#94730=ORIENTED_EDGE('',*,*,#93980,.T.);
#94740=ORIENTED_EDGE('',*,*,#50470,.T.);
#94750=EDGE_LOOP('',(#94740,#94730,#94720,#94710));
#94760=FACE_OUTER_BOUND('',#94750,.T.);
#94770=ADVANCED_FACE('',(#94760),#94700,.F.);
#94780=COLOUR_RGB('',0.823529481887817,0.823529481887817,
0.784313797950745);
#94790=FILL_AREA_STYLE_COLOUR('',#94780);
#94800=FILL_AREA_STYLE('',(#94790));
#94810=SURFACE_STYLE_FILL_AREA(#94800);
#94820=SURFACE_SIDE_STYLE('',(#94810));
#94830=SURFACE_STYLE_USAGE(.BOTH.,#94820);
#94840=PRESENTATION_STYLE_ASSIGNMENT((#94830));
#94850=CARTESIAN_POINT('',(54.216923,48.133846,296.6));
#94860=DIRECTION('',(-1.,-0.,-0.));
#94870=DIRECTION('',(0.,0.,-1.));
#94880=AXIS2_PLACEMENT_3D('',#94850,#94860,#94870);
#94890=PLANE('',#94880);
#94900=CARTESIAN_POINT('',(54.216923,48.133846,305.4));
#94910=DIRECTION('',(0.,-1.,0.));
#94920=VECTOR('',#94910,1.);
#94930=LINE('',#94900,#94920);
#94940=EDGE_CURVE('',#50640,#37970,#94930,.T.);
#94950=ORIENTED_EDGE('',*,*,#94940,.F.);
#94960=ORIENTED_EDGE('',*,*,#37980,.T.);
#94970=CARTESIAN_POINT('',(54.216923,48.133846,296.6));
#94980=DIRECTION('',(0.,-1.,0.));
#94990=VECTOR('',#94980,1.);
#95000=LINE('',#94970,#94990);
#95010=EDGE_CURVE('',#50620,#37950,#95000,.T.);
#95020=ORIENTED_EDGE('',*,*,#95010,.T.);
#95030=ORIENTED_EDGE('',*,*,#50650,.F.);
#95040=EDGE_LOOP('',(#95030,#95020,#94960,#94950));
#95050=FACE_OUTER_BOUND('',#95040,.T.);
#95060=ADVANCED_FACE('',(#95050),#94890,.T.);
#95070=COLOUR_RGB('',0.823529481887817,0.823529481887817,
0.784313797950745);
#95080=FILL_AREA_STYLE_COLOUR('',#95070);
#95090=FILL_AREA_STYLE('',(#95080));
#95100=SURFACE_STYLE_FILL_AREA(#95090);
#95110=SURFACE_SIDE_STYLE('',(#95100));
#95120=SURFACE_STYLE_USAGE(.BOTH.,#95110);
#95130=PRESENTATION_STYLE_ASSIGNMENT((#95120));
#95140=CARTESIAN_POINT('',(51.116923,48.133846,296.6));
#95150=DIRECTION('',(0.,-1.,0.));
#95160=DIRECTION('',(1.,0.,0.));
#95170=AXIS2_PLACEMENT_3D('',#95140,#95150,#95160);
#95180=CYLINDRICAL_SURFACE('',#95170,3.1);
#95190=ORIENTED_EDGE('',*,*,#95010,.F.);
#95200=ORIENTED_EDGE('',*,*,#38220,.T.);
#95210=CARTESIAN_POINT('',(48.016923,48.133846,296.6));
#95220=DIRECTION('',(0.,-1.,0.));
#95230=VECTOR('',#95220,1.);
#95240=LINE('',#95210,#95230);
#95250=EDGE_CURVE('',#50730,#38140,#95240,.T.);
#95260=ORIENTED_EDGE('',*,*,#95250,.T.);
#95270=ORIENTED_EDGE('',*,*,#50740,.F.);
#95280=EDGE_LOOP('',(#95270,#95260,#95200,#95190));
#95290=FACE_OUTER_BOUND('',#95280,.T.);
#95300=ADVANCED_FACE('',(#95290),#95180,.F.);
#95310=COLOUR_RGB('',0.823529481887817,0.823529481887817,
0.784313797950745);
#95320=FILL_AREA_STYLE_COLOUR('',#95310);
#95330=FILL_AREA_STYLE('',(#95320));
#95340=SURFACE_STYLE_FILL_AREA(#95330);
#95350=SURFACE_SIDE_STYLE('',(#95340));
#95360=SURFACE_STYLE_USAGE(.BOTH.,#95350);
#95370=PRESENTATION_STYLE_ASSIGNMENT((#95360));
#95380=CARTESIAN_POINT('',(48.016923,48.133846,305.4));
#95390=DIRECTION('',(1.,0.,-0.));
#95400=DIRECTION('',(0.,0.,1.));
#95410=AXIS2_PLACEMENT_3D('',#95380,#95390,#95400);
#95420=PLANE('',#95410);
#95430=ORIENTED_EDGE('',*,*,#95250,.F.);
#95440=ORIENTED_EDGE('',*,*,#38150,.T.);
#95450=CARTESIAN_POINT('',(48.016923,48.133846,305.4));
#95460=DIRECTION('',(0.,-1.,0.));
#95470=VECTOR('',#95460,1.);
#95480=LINE('',#95450,#95470);
#95490=EDGE_CURVE('',#50810,#38060,#95480,.T.);
#95500=ORIENTED_EDGE('',*,*,#95490,.T.);
#95510=ORIENTED_EDGE('',*,*,#50820,.F.);
#95520=EDGE_LOOP('',(#95510,#95500,#95440,#95430));
#95530=FACE_OUTER_BOUND('',#95520,.T.);
#95540=ADVANCED_FACE('',(#95530),#95420,.T.);
#95550=COLOUR_RGB('',0.823529481887817,0.823529481887817,
0.784313797950745);
#95560=FILL_AREA_STYLE_COLOUR('',#95550);
#95570=FILL_AREA_STYLE('',(#95560));
#95580=SURFACE_STYLE_FILL_AREA(#95570);
#95590=SURFACE_SIDE_STYLE('',(#95580));
#95600=SURFACE_STYLE_USAGE(.BOTH.,#95590);
#95610=PRESENTATION_STYLE_ASSIGNMENT((#95600));
#95620=CARTESIAN_POINT('',(51.116923,48.133846,305.4));
#95630=DIRECTION('',(0.,1.,0.));
#95640=DIRECTION('',(1.,0.,0.));
#95650=AXIS2_PLACEMENT_3D('',#95620,#95630,#95640);
#95660=CYLINDRICAL_SURFACE('',#95650,3.1);
#95670=ORIENTED_EDGE('',*,*,#95490,.F.);
#95680=ORIENTED_EDGE('',*,*,#38070,.F.);
#95690=ORIENTED_EDGE('',*,*,#94940,.T.);
#95700=ORIENTED_EDGE('',*,*,#50890,.T.);
#95710=EDGE_LOOP('',(#95700,#95690,#95680,#95670));
#95720=FACE_OUTER_BOUND('',#95710,.T.);
#95730=ADVANCED_FACE('',(#95720),#95660,.F.);
#95740=COLOUR_RGB('',0.823529481887817,0.823529481887817,
0.784313797950745);
#95750=FILL_AREA_STYLE_COLOUR('',#95740);
#95760=FILL_AREA_STYLE('',(#95750));
#95770=SURFACE_STYLE_FILL_AREA(#95760);
#95780=SURFACE_SIDE_STYLE('',(#95770));
#95790=SURFACE_STYLE_USAGE(.BOTH.,#95780);
#95800=PRESENTATION_STYLE_ASSIGNMENT((#95790));
#95810=CARTESIAN_POINT('',(51.116923,48.133846,1296.6));
#95820=DIRECTION('',(0.,-1.,0.));
#95830=DIRECTION('',(1.,0.,0.));
#95840=AXIS2_PLACEMENT_3D('',#95810,#95820,#95830);
#95850=CYLINDRICAL_SURFACE('',#95840,3.1);
#95860=CARTESIAN_POINT('',(54.216923,48.133846,1296.6));
#95870=DIRECTION('',(0.,-1.,0.));
#95880=VECTOR('',#95870,1.);
#95890=LINE('',#95860,#95880);
#95900=EDGE_CURVE('',#51090,#40140,#95890,.T.);
#95910=ORIENTED_EDGE('',*,*,#95900,.F.);
#95920=ORIENTED_EDGE('',*,*,#40150,.T.);
#95930=CARTESIAN_POINT('',(48.016923,48.133846,1296.6));
#95940=DIRECTION('',(0.,-1.,0.));
#95950=VECTOR('',#95940,1.);
#95960=LINE('',#95930,#95950);
#95970=EDGE_CURVE('',#51180,#40120,#95960,.T.);
#95980=ORIENTED_EDGE('',*,*,#95970,.T.);
#95990=ORIENTED_EDGE('',*,*,#51190,.F.);
#96000=EDGE_LOOP('',(#95990,#95980,#95920,#95910));
#96010=FACE_OUTER_BOUND('',#96000,.T.);
#96020=ADVANCED_FACE('',(#96010),#95850,.F.);
#96030=COLOUR_RGB('',0.823529481887817,0.823529481887817,
0.784313797950745);
#96040=FILL_AREA_STYLE_COLOUR('',#96030);
#96050=FILL_AREA_STYLE('',(#96040));
#96060=SURFACE_STYLE_FILL_AREA(#96050);
#96070=SURFACE_SIDE_STYLE('',(#96060));
#96080=SURFACE_STYLE_USAGE(.BOTH.,#96070);
#96090=PRESENTATION_STYLE_ASSIGNMENT((#96080));
#96100=CARTESIAN_POINT('',(54.216923,48.133846,1296.6));
#96110=DIRECTION('',(-1.,-0.,-0.));
#96120=DIRECTION('',(0.,0.,-1.));
#96130=AXIS2_PLACEMENT_3D('',#96100,#96110,#96120);
#96140=PLANE('',#96130);
#96150=CARTESIAN_POINT('',(54.216923,48.133846,1305.4));
#96160=DIRECTION('',(0.,-1.,0.));
#96170=VECTOR('',#96160,1.);
#96180=LINE('',#96150,#96170);
#96190=EDGE_CURVE('',#51010,#40220,#96180,.T.);
#96200=ORIENTED_EDGE('',*,*,#96190,.F.);
#96210=ORIENTED_EDGE('',*,*,#40230,.T.);
#96220=ORIENTED_EDGE('',*,*,#95900,.T.);
#96230=ORIENTED_EDGE('',*,*,#51100,.F.);
#96240=EDGE_LOOP('',(#96230,#96220,#96210,#96200));
#96250=FACE_OUTER_BOUND('',#96240,.T.);
#96260=ADVANCED_FACE('',(#96250),#96140,.T.);
#96270=COLOUR_RGB('',0.823529481887817,0.823529481887817,
0.784313797950745);
#96280=FILL_AREA_STYLE_COLOUR('',#96270);
#96290=FILL_AREA_STYLE('',(#96280));
#96300=SURFACE_STYLE_FILL_AREA(#96290);
#96310=SURFACE_SIDE_STYLE('',(#96300));
#96320=SURFACE_STYLE_USAGE(.BOTH.,#96310);
#96330=PRESENTATION_STYLE_ASSIGNMENT((#96320));
#96340=CARTESIAN_POINT('',(51.116923,48.133846,1305.4));
#96350=DIRECTION('',(0.,1.,0.));
#96360=DIRECTION('',(1.,0.,0.));
#96370=AXIS2_PLACEMENT_3D('',#96340,#96350,#96360);
#96380=CYLINDRICAL_SURFACE('',#96370,3.1);
#96390=CARTESIAN_POINT('',(48.016923,48.133846,1305.4));
#96400=DIRECTION('',(0.,-1.,0.));
#96410=VECTOR('',#96400,1.);
#96420=LINE('',#96390,#96410);
#96430=EDGE_CURVE('',#50990,#40310,#96420,.T.);
#96440=ORIENTED_EDGE('',*,*,#96430,.F.);
#96450=ORIENTED_EDGE('',*,*,#40320,.F.);
#96460=ORIENTED_EDGE('',*,*,#96190,.T.);
#96470=ORIENTED_EDGE('',*,*,#51020,.T.);
#96480=EDGE_LOOP('',(#96470,#96460,#96450,#96440));
#96490=FACE_OUTER_BOUND('',#96480,.T.);
#96500=ADVANCED_FACE('',(#96490),#96380,.F.);
#96510=COLOUR_RGB('',0.823529481887817,0.823529481887817,
0.784313797950745);
#96520=FILL_AREA_STYLE_COLOUR('',#96510);
#96530=FILL_AREA_STYLE('',(#96520));
#96540=SURFACE_STYLE_FILL_AREA(#96530);
#96550=SURFACE_SIDE_STYLE('',(#96540));
#96560=SURFACE_STYLE_USAGE(.BOTH.,#96550);
#96570=PRESENTATION_STYLE_ASSIGNMENT((#96560));
#96580=CARTESIAN_POINT('',(48.016923,48.133846,1305.4));
#96590=DIRECTION('',(1.,0.,-0.));
#96600=DIRECTION('',(0.,0.,1.));
#96610=AXIS2_PLACEMENT_3D('',#96580,#96590,#96600);
#96620=PLANE('',#96610);
#96630=ORIENTED_EDGE('',*,*,#95970,.F.);
#96640=ORIENTED_EDGE('',*,*,#40380,.T.);
#96650=ORIENTED_EDGE('',*,*,#96430,.T.);
#96660=ORIENTED_EDGE('',*,*,#51250,.F.);
#96670=EDGE_LOOP('',(#96660,#96650,#96640,#96630));
#96680=FACE_OUTER_BOUND('',#96670,.T.);
#96690=ADVANCED_FACE('',(#96680),#96620,.T.);
#96700=COLOUR_RGB('',0.823529481887817,0.823529481887817,
0.784313797950745);
#96710=FILL_AREA_STYLE_COLOUR('',#96700);
#96720=FILL_AREA_STYLE('',(#96710));
#96730=SURFACE_STYLE_FILL_AREA(#96720);
#96740=SURFACE_SIDE_STYLE('',(#96730));
#96750=SURFACE_STYLE_USAGE(.BOTH.,#96740);
#96760=PRESENTATION_STYLE_ASSIGNMENT((#96750));
#96770=CARTESIAN_POINT('',(54.216923,48.133846,1721.6));
#96780=DIRECTION('',(-1.,-0.,-0.));
#96790=DIRECTION('',(0.,0.,-1.));
#96800=AXIS2_PLACEMENT_3D('',#96770,#96780,#96790);
#96810=PLANE('',#96800);
#96820=CARTESIAN_POINT('',(54.216923,48.133846,1730.4));
#96830=DIRECTION('',(0.,-1.,0.));
#96840=VECTOR('',#96830,1.);
#96850=LINE('',#96820,#96840);
#96860=EDGE_CURVE('',#51540,#27700,#96850,.T.);
#96870=ORIENTED_EDGE('',*,*,#96860,.F.);
#96880=ORIENTED_EDGE('',*,*,#27710,.T.);
#96890=CARTESIAN_POINT('',(54.216923,48.133846,1721.6));
#96900=DIRECTION('',(0.,-1.,0.));
#96910=VECTOR('',#96900,1.);
#96920=LINE('',#96890,#96910);
#96930=EDGE_CURVE('',#51370,#27620,#96920,.T.);
#96940=ORIENTED_EDGE('',*,*,#96930,.T.);
#96950=ORIENTED_EDGE('',*,*,#51610,.F.);
#96960=EDGE_LOOP('',(#96950,#96940,#96880,#96870));
#96970=FACE_OUTER_BOUND('',#96960,.T.);
#96980=ADVANCED_FACE('',(#96970),#96810,.T.);
#96990=COLOUR_RGB('',0.823529481887817,0.823529481887817,
0.784313797950745);
#97000=FILL_AREA_STYLE_COLOUR('',#96990);
#97010=FILL_AREA_STYLE('',(#97000));
#97020=SURFACE_STYLE_FILL_AREA(#97010);
#97030=SURFACE_SIDE_STYLE('',(#97020));
#97040=SURFACE_STYLE_USAGE(.BOTH.,#97030);
#97050=PRESENTATION_STYLE_ASSIGNMENT((#97040));
#97060=CARTESIAN_POINT('',(51.116923,48.133846,1721.6));
#97070=DIRECTION('',(0.,-1.,0.));
#97080=DIRECTION('',(1.,0.,0.));
#97090=AXIS2_PLACEMENT_3D('',#97060,#97070,#97080);
#97100=CYLINDRICAL_SURFACE('',#97090,3.1);
#97110=ORIENTED_EDGE('',*,*,#96930,.F.);
#97120=ORIENTED_EDGE('',*,*,#27630,.T.);
#97130=CARTESIAN_POINT('',(48.016923,48.133846,1721.6));
#97140=DIRECTION('',(0.,-1.,0.));
#97150=VECTOR('',#97140,1.);
#97160=LINE('',#97130,#97150);
#97170=EDGE_CURVE('',#51350,#27530,#97160,.T.);
#97180=ORIENTED_EDGE('',*,*,#97170,.T.);
#97190=ORIENTED_EDGE('',*,*,#51380,.F.);
#97200=EDGE_LOOP('',(#97190,#97180,#97120,#97110));
#97210=FACE_OUTER_BOUND('',#97200,.T.);
#97220=ADVANCED_FACE('',(#97210),#97100,.F.);
#97230=COLOUR_RGB('',0.823529481887817,0.823529481887817,
0.784313797950745);
#97240=FILL_AREA_STYLE_COLOUR('',#97230);
#97250=FILL_AREA_STYLE('',(#97240));
#97260=SURFACE_STYLE_FILL_AREA(#97250);
#97270=SURFACE_SIDE_STYLE('',(#97260));
#97280=SURFACE_STYLE_USAGE(.BOTH.,#97270);
#97290=PRESENTATION_STYLE_ASSIGNMENT((#97280));
#97300=CARTESIAN_POINT('',(48.016923,48.133846,1730.4));
#97310=DIRECTION('',(1.,0.,-0.));
#97320=DIRECTION('',(0.,0.,1.));
#97330=AXIS2_PLACEMENT_3D('',#97300,#97310,#97320);
#97340=PLANE('',#97330);
#97350=ORIENTED_EDGE('',*,*,#97170,.F.);
#97360=ORIENTED_EDGE('',*,*,#27540,.T.);
#97370=CARTESIAN_POINT('',(48.016923,48.133846,1730.4));
#97380=DIRECTION('',(0.,-1.,0.));
#97390=VECTOR('',#97380,1.);
#97400=LINE('',#97370,#97390);
#97410=EDGE_CURVE('',#51450,#27510,#97400,.T.);
#97420=ORIENTED_EDGE('',*,*,#97410,.T.);
#97430=ORIENTED_EDGE('',*,*,#51460,.F.);
#97440=EDGE_LOOP('',(#97430,#97420,#97360,#97350));
#97450=FACE_OUTER_BOUND('',#97440,.T.);
#97460=ADVANCED_FACE('',(#97450),#97340,.T.);
#97470=COLOUR_RGB('',0.823529481887817,0.823529481887817,
0.784313797950745);
#97480=FILL_AREA_STYLE_COLOUR('',#97470);
#97490=FILL_AREA_STYLE('',(#97480));
#97500=SURFACE_STYLE_FILL_AREA(#97490);
#97510=SURFACE_SIDE_STYLE('',(#97500));
#97520=SURFACE_STYLE_USAGE(.BOTH.,#97510);
#97530=PRESENTATION_STYLE_ASSIGNMENT((#97520));
#97540=CARTESIAN_POINT('',(51.116923,48.133846,1730.4));
#97550=DIRECTION('',(0.,1.,0.));
#97560=DIRECTION('',(1.,0.,0.));
#97570=AXIS2_PLACEMENT_3D('',#97540,#97550,#97560);
#97580=CYLINDRICAL_SURFACE('',#97570,3.1);
#97590=ORIENTED_EDGE('',*,*,#97410,.F.);
#97600=ORIENTED_EDGE('',*,*,#27780,.F.);
#97610=ORIENTED_EDGE('',*,*,#96860,.T.);
#97620=ORIENTED_EDGE('',*,*,#51550,.T.);
#97630=EDGE_LOOP('',(#97620,#97610,#97600,#97590));
#97640=FACE_OUTER_BOUND('',#97630,.T.);
#97650=ADVANCED_FACE('',(#97640),#97580,.F.);
#97660=COLOUR_RGB('',0.823529481887817,0.823529481887817,
0.784313797950745);
#97670=FILL_AREA_STYLE_COLOUR('',#97660);
#97680=FILL_AREA_STYLE('',(#97670));
#97690=SURFACE_STYLE_FILL_AREA(#97680);
#97700=SURFACE_SIDE_STYLE('',(#97690));
#97710=SURFACE_STYLE_USAGE(.BOTH.,#97700);
#97720=PRESENTATION_STYLE_ASSIGNMENT((#97710));
#97730=CARTESIAN_POINT('',(54.216923,48.133846,471.6));
#97740=DIRECTION('',(-1.,-0.,-0.));
#97750=DIRECTION('',(0.,0.,-1.));
#97760=AXIS2_PLACEMENT_3D('',#97730,#97740,#97750);
#97770=PLANE('',#97760);
#97780=CARTESIAN_POINT('',(54.216923,48.133846,480.4));
#97790=DIRECTION('',(0.,-1.,0.));
#97800=VECTOR('',#97790,1.);
#97810=LINE('',#97780,#97800);
#97820=EDGE_CURVE('',#51900,#38700,#97810,.T.);
#97830=ORIENTED_EDGE('',*,*,#97820,.F.);
#97840=ORIENTED_EDGE('',*,*,#38940,.T.);
#97850=CARTESIAN_POINT('',(54.216923,48.133846,471.6));
#97860=DIRECTION('',(0.,-1.,0.));
#97870=VECTOR('',#97860,1.);
#97880=LINE('',#97850,#97870);
#97890=EDGE_CURVE('',#51730,#38870,#97880,.T.);
#97900=ORIENTED_EDGE('',*,*,#97890,.T.);
#97910=ORIENTED_EDGE('',*,*,#51970,.F.);
#97920=EDGE_LOOP('',(#97910,#97900,#97840,#97830));
#97930=FACE_OUTER_BOUND('',#97920,.T.);
#97940=ADVANCED_FACE('',(#97930),#97770,.T.);
#97950=COLOUR_RGB('',0.823529481887817,0.823529481887817,
0.784313797950745);
#97960=FILL_AREA_STYLE_COLOUR('',#97950);
#97970=FILL_AREA_STYLE('',(#97960));
#97980=SURFACE_STYLE_FILL_AREA(#97970);
#97990=SURFACE_SIDE_STYLE('',(#97980));
#98000=SURFACE_STYLE_USAGE(.BOTH.,#97990);
#98010=PRESENTATION_STYLE_ASSIGNMENT((#98000));
#98020=CARTESIAN_POINT('',(51.116923,48.133846,471.6));
#98030=DIRECTION('',(0.,-1.,0.));
#98040=DIRECTION('',(1.,0.,0.));
#98050=AXIS2_PLACEMENT_3D('',#98020,#98030,#98040);
#98060=CYLINDRICAL_SURFACE('',#98050,3.1);
#98070=ORIENTED_EDGE('',*,*,#97890,.F.);
#98080=ORIENTED_EDGE('',*,*,#38880,.T.);
#98090=CARTESIAN_POINT('',(48.016923,48.133846,471.6));
#98100=DIRECTION('',(0.,-1.,0.));
#98110=VECTOR('',#98100,1.);
#98120=LINE('',#98090,#98110);
#98130=EDGE_CURVE('',#51710,#38780,#98120,.T.);
#98140=ORIENTED_EDGE('',*,*,#98130,.T.);
#98150=ORIENTED_EDGE('',*,*,#51740,.F.);
#98160=EDGE_LOOP('',(#98150,#98140,#98080,#98070));
#98170=FACE_OUTER_BOUND('',#98160,.T.);
#98180=ADVANCED_FACE('',(#98170),#98060,.F.);
#98190=COLOUR_RGB('',0.823529481887817,0.823529481887817,
0.784313797950745);
#98200=FILL_AREA_STYLE_COLOUR('',#98190);
#98210=FILL_AREA_STYLE('',(#98200));
#98220=SURFACE_STYLE_FILL_AREA(#98210);
#98230=SURFACE_SIDE_STYLE('',(#98220));
#98240=SURFACE_STYLE_USAGE(.BOTH.,#98230);
#98250=PRESENTATION_STYLE_ASSIGNMENT((#98240));
#98260=CARTESIAN_POINT('',(48.016923,48.133846,480.4));
#98270=DIRECTION('',(1.,0.,-0.));
#98280=DIRECTION('',(0.,0.,1.));
#98290=AXIS2_PLACEMENT_3D('',#98260,#98270,#98280);
#98300=PLANE('',#98290);
#98310=ORIENTED_EDGE('',*,*,#98130,.F.);
#98320=ORIENTED_EDGE('',*,*,#38790,.T.);
#98330=CARTESIAN_POINT('',(48.016923,48.133846,480.4));
#98340=DIRECTION('',(0.,-1.,0.));
#98350=VECTOR('',#98340,1.);
#98360=LINE('',#98330,#98350);
#98370=EDGE_CURVE('',#51810,#38680,#98360,.T.);
#98380=ORIENTED_EDGE('',*,*,#98370,.T.);
#98390=ORIENTED_EDGE('',*,*,#51820,.F.);
#98400=EDGE_LOOP('',(#98390,#98380,#98320,#98310));
#98410=FACE_OUTER_BOUND('',#98400,.T.);
#98420=ADVANCED_FACE('',(#98410),#98300,.T.);
#98430=COLOUR_RGB('',0.823529481887817,0.823529481887817,
0.784313797950745);
#98440=FILL_AREA_STYLE_COLOUR('',#98430);
#98450=FILL_AREA_STYLE('',(#98440));
#98460=SURFACE_STYLE_FILL_AREA(#98450);
#98470=SURFACE_SIDE_STYLE('',(#98460));
#98480=SURFACE_STYLE_USAGE(.BOTH.,#98470);
#98490=PRESENTATION_STYLE_ASSIGNMENT((#98480));
#98500=CARTESIAN_POINT('',(51.116923,48.133846,480.4));
#98510=DIRECTION('',(0.,1.,0.));
#98520=DIRECTION('',(1.,0.,0.));
#98530=AXIS2_PLACEMENT_3D('',#98500,#98510,#98520);
#98540=CYLINDRICAL_SURFACE('',#98530,3.1);
#98550=ORIENTED_EDGE('',*,*,#98370,.F.);
#98560=ORIENTED_EDGE('',*,*,#38710,.F.);
#98570=ORIENTED_EDGE('',*,*,#97820,.T.);
#98580=ORIENTED_EDGE('',*,*,#51910,.T.);
#98590=EDGE_LOOP('',(#98580,#98570,#98560,#98550));
#98600=FACE_OUTER_BOUND('',#98590,.T.);
#98610=ADVANCED_FACE('',(#98600),#98540,.F.);
#98620=COLOUR_RGB('',0.823529481887817,0.823529481887817,
0.784313797950745);
#98630=FILL_AREA_STYLE_COLOUR('',#98620);
#98640=FILL_AREA_STYLE('',(#98630));
#98650=SURFACE_STYLE_FILL_AREA(#98640);
#98660=SURFACE_SIDE_STYLE('',(#98650));
#98670=SURFACE_STYLE_USAGE(.BOTH.,#98660);
#98680=PRESENTATION_STYLE_ASSIGNMENT((#98670));
#98690=CARTESIAN_POINT('',(54.216923,48.133846,521.6));
#98700=DIRECTION('',(-1.,-0.,-0.));
#98710=DIRECTION('',(0.,0.,-1.));
#98720=AXIS2_PLACEMENT_3D('',#98690,#98700,#98710);
#98730=PLANE('',#98720);
#98740=CARTESIAN_POINT('',(54.216923,48.133846,530.4));
#98750=DIRECTION('',(0.,-1.,0.));
#98760=VECTOR('',#98750,1.);
#98770=LINE('',#98740,#98760);
#98780=EDGE_CURVE('',#52080,#32380,#98770,.T.);
#98790=ORIENTED_EDGE('',*,*,#98780,.F.);
#98800=ORIENTED_EDGE('',*,*,#32390,.T.);
#98810=CARTESIAN_POINT('',(54.216923,48.133846,521.6));
#98820=DIRECTION('',(0.,-1.,0.));
#98830=VECTOR('',#98820,1.);
#98840=LINE('',#98810,#98830);
#98850=EDGE_CURVE('',#52060,#32300,#98840,.T.);
#98860=ORIENTED_EDGE('',*,*,#98850,.T.);
#98870=ORIENTED_EDGE('',*,*,#52090,.F.);
#98880=EDGE_LOOP('',(#98870,#98860,#98800,#98790));
#98890=FACE_OUTER_BOUND('',#98880,.T.);
#98900=ADVANCED_FACE('',(#98890),#98730,.T.);
#98910=COLOUR_RGB('',0.823529481887817,0.823529481887817,
0.784313797950745);
#98920=FILL_AREA_STYLE_COLOUR('',#98910);
#98930=FILL_AREA_STYLE('',(#98920));
#98940=SURFACE_STYLE_FILL_AREA(#98930);
#98950=SURFACE_SIDE_STYLE('',(#98940));
#98960=SURFACE_STYLE_USAGE(.BOTH.,#98950);
#98970=PRESENTATION_STYLE_ASSIGNMENT((#98960));
#98980=CARTESIAN_POINT('',(51.116923,48.133846,521.6));
#98990=DIRECTION('',(0.,-1.,0.));
#99000=DIRECTION('',(1.,0.,0.));
#99010=AXIS2_PLACEMENT_3D('',#98980,#98990,#99000);
#99020=CYLINDRICAL_SURFACE('',#99010,3.1);
#99030=ORIENTED_EDGE('',*,*,#98850,.F.);
#99040=ORIENTED_EDGE('',*,*,#32310,.T.);
#99050=CARTESIAN_POINT('',(48.016923,48.133846,521.6));
#99060=DIRECTION('',(0.,-1.,0.));
#99070=VECTOR('',#99060,1.);
#99080=LINE('',#99050,#99070);
#99090=EDGE_CURVE('',#52170,#32210,#99080,.T.);
#99100=ORIENTED_EDGE('',*,*,#99090,.T.);
#99110=ORIENTED_EDGE('',*,*,#52180,.F.);
#99120=EDGE_LOOP('',(#99110,#99100,#99040,#99030));
#99130=FACE_OUTER_BOUND('',#99120,.T.);
#99140=ADVANCED_FACE('',(#99130),#99020,.F.);
#99150=COLOUR_RGB('',0.823529481887817,0.823529481887817,
0.784313797950745);
#99160=FILL_AREA_STYLE_COLOUR('',#99150);
#99170=FILL_AREA_STYLE('',(#99160));
#99180=SURFACE_STYLE_FILL_AREA(#99170);
#99190=SURFACE_SIDE_STYLE('',(#99180));
#99200=SURFACE_STYLE_USAGE(.BOTH.,#99190);
#99210=PRESENTATION_STYLE_ASSIGNMENT((#99200));
#99220=CARTESIAN_POINT('',(48.016923,48.133846,530.4));
#99230=DIRECTION('',(1.,0.,-0.));
#99240=DIRECTION('',(0.,0.,1.));
#99250=AXIS2_PLACEMENT_3D('',#99220,#99230,#99240);
#99260=PLANE('',#99250);
#99270=ORIENTED_EDGE('',*,*,#99090,.F.);
#99280=ORIENTED_EDGE('',*,*,#32220,.T.);
#99290=CARTESIAN_POINT('',(48.016923,48.133846,530.4));
#99300=DIRECTION('',(0.,-1.,0.));
#99310=VECTOR('',#99300,1.);
#99320=LINE('',#99290,#99310);
#99330=EDGE_CURVE('',#52250,#32190,#99320,.T.);
#99340=ORIENTED_EDGE('',*,*,#99330,.T.);
#99350=ORIENTED_EDGE('',*,*,#52260,.F.);
#99360=EDGE_LOOP('',(#99350,#99340,#99280,#99270));
#99370=FACE_OUTER_BOUND('',#99360,.T.);
#99380=ADVANCED_FACE('',(#99370),#99260,.T.);
#99390=COLOUR_RGB('',0.823529481887817,0.823529481887817,
0.784313797950745);
#99400=FILL_AREA_STYLE_COLOUR('',#99390);
#99410=FILL_AREA_STYLE('',(#99400));
#99420=SURFACE_STYLE_FILL_AREA(#99410);
#99430=SURFACE_SIDE_STYLE('',(#99420));
#99440=SURFACE_STYLE_USAGE(.BOTH.,#99430);
#99450=PRESENTATION_STYLE_ASSIGNMENT((#99440));
#99460=CARTESIAN_POINT('',(51.116923,48.133846,530.4));
#99470=DIRECTION('',(0.,1.,0.));
#99480=DIRECTION('',(1.,0.,0.));
#99490=AXIS2_PLACEMENT_3D('',#99460,#99470,#99480);
#99500=CYLINDRICAL_SURFACE('',#99490,3.1);
#99510=ORIENTED_EDGE('',*,*,#99330,.F.);
#99520=ORIENTED_EDGE('',*,*,#32460,.F.);
#99530=ORIENTED_EDGE('',*,*,#98780,.T.);
#99540=ORIENTED_EDGE('',*,*,#52330,.T.);
#99550=EDGE_LOOP('',(#99540,#99530,#99520,#99510));
#99560=FACE_OUTER_BOUND('',#99550,.T.);
#99570=ADVANCED_FACE('',(#99560),#99500,.F.);
#99580=COLOUR_RGB('',0.823529481887817,0.823529481887817,
0.784313797950745);
#99590=FILL_AREA_STYLE_COLOUR('',#99580);
#99600=FILL_AREA_STYLE('',(#99590));
#99610=SURFACE_STYLE_FILL_AREA(#99600);
#99620=SURFACE_SIDE_STYLE('',(#99610));
#99630=SURFACE_STYLE_USAGE(.BOTH.,#99620);
#99640=PRESENTATION_STYLE_ASSIGNMENT((#99630));
#99650=CARTESIAN_POINT('',(51.116923,48.133846,1246.6));
#99660=DIRECTION('',(0.,-1.,0.));
#99670=DIRECTION('',(1.,0.,0.));
#99680=AXIS2_PLACEMENT_3D('',#99650,#99660,#99670);
#99690=CYLINDRICAL_SURFACE('',#99680,3.1);
#99700=CARTESIAN_POINT('',(54.216923,48.133846,1246.6));
#99710=DIRECTION('',(0.,-1.,0.));
#99720=VECTOR('',#99710,1.);
#99730=LINE('',#99700,#99720);
#99740=EDGE_CURVE('',#52530,#28260,#99730,.T.);
#99750=ORIENTED_EDGE('',*,*,#99740,.F.);
#99760=ORIENTED_EDGE('',*,*,#28270,.T.);
#99770=CARTESIAN_POINT('',(48.016923,48.133846,1246.6));
#99780=DIRECTION('',(0.,-1.,0.));
#99790=VECTOR('',#99780,1.);
#99800=LINE('',#99770,#99790);
#99810=EDGE_CURVE('',#52620,#28240,#99800,.T.);
#99820=ORIENTED_EDGE('',*,*,#99810,.T.);
#99830=ORIENTED_EDGE('',*,*,#52630,.F.);
#99840=EDGE_LOOP('',(#99830,#99820,#99760,#99750));
#99850=FACE_OUTER_BOUND('',#99840,.T.);
#99860=ADVANCED_FACE('',(#99850),#99690,.F.);
#99870=COLOUR_RGB('',0.823529481887817,0.823529481887817,
0.784313797950745);
#99880=FILL_AREA_STYLE_COLOUR('',#99870);
#99890=FILL_AREA_STYLE('',(#99880));
#99900=SURFACE_STYLE_FILL_AREA(#99890);
#99910=SURFACE_SIDE_STYLE('',(#99900));
#99920=SURFACE_STYLE_USAGE(.BOTH.,#99910);
#99930=PRESENTATION_STYLE_ASSIGNMENT((#99920));
#99940=CARTESIAN_POINT('',(54.216923,48.133846,1246.6));
#99950=DIRECTION('',(-1.,-0.,-0.));
#99960=DIRECTION('',(0.,0.,-1.));
#99970=AXIS2_PLACEMENT_3D('',#99940,#99950,#99960);
#99980=PLANE('',#99970);
#99990=CARTESIAN_POINT('',(54.216923,48.133846,1255.4));
#100000=DIRECTION('',(0.,-1.,0.));
#100010=VECTOR('',#100000,1.);
#100020=LINE('',#99990,#100010);
#100030=EDGE_CURVE('',#52450,#28340,#100020,.T.);
#100040=ORIENTED_EDGE('',*,*,#100030,.F.);
#100050=ORIENTED_EDGE('',*,*,#28350,.T.);
#100060=ORIENTED_EDGE('',*,*,#99740,.T.);
#100070=ORIENTED_EDGE('',*,*,#52540,.F.);
#100080=EDGE_LOOP('',(#100070,#100060,#100050,#100040));
#100090=FACE_OUTER_BOUND('',#100080,.T.);
#100100=ADVANCED_FACE('',(#100090),#99980,.T.);
#100110=COLOUR_RGB('',0.823529481887817,0.823529481887817,
0.784313797950745);
#100120=FILL_AREA_STYLE_COLOUR('',#100110);
#100130=FILL_AREA_STYLE('',(#100120));
#100140=SURFACE_STYLE_FILL_AREA(#100130);
#100150=SURFACE_SIDE_STYLE('',(#100140));
#100160=SURFACE_STYLE_USAGE(.BOTH.,#100150);
#100170=PRESENTATION_STYLE_ASSIGNMENT((#100160));
#100180=CARTESIAN_POINT('',(51.116923,48.133846,1255.4));
#100190=DIRECTION('',(0.,1.,0.));
#100200=DIRECTION('',(1.,0.,0.));
#100210=AXIS2_PLACEMENT_3D('',#100180,#100190,#100200);
#100220=CYLINDRICAL_SURFACE('',#100210,3.1);
#100230=CARTESIAN_POINT('',(48.016923,48.133846,1255.4));
#100240=DIRECTION('',(0.,-1.,0.));
#100250=VECTOR('',#100240,1.);
#100260=LINE('',#100230,#100250);
#100270=EDGE_CURVE('',#52430,#28430,#100260,.T.);
#100280=ORIENTED_EDGE('',*,*,#100270,.F.);
#100290=ORIENTED_EDGE('',*,*,#28440,.F.);
#100300=ORIENTED_EDGE('',*,*,#100030,.T.);
#100310=ORIENTED_EDGE('',*,*,#52460,.T.);
#100320=EDGE_LOOP('',(#100310,#100300,#100290,#100280));
#100330=FACE_OUTER_BOUND('',#100320,.T.);
#100340=ADVANCED_FACE('',(#100330),#100220,.F.);
#100350=COLOUR_RGB('',0.823529481887817,0.823529481887817,
0.784313797950745);
#100360=FILL_AREA_STYLE_COLOUR('',#100350);
#100370=FILL_AREA_STYLE('',(#100360));
#100380=SURFACE_STYLE_FILL_AREA(#100370);
#100390=SURFACE_SIDE_STYLE('',(#100380));
#100400=SURFACE_STYLE_USAGE(.BOTH.,#100390);
#100410=PRESENTATION_STYLE_ASSIGNMENT((#100400));
#100420=CARTESIAN_POINT('',(48.016923,48.133846,1255.4));
#100430=DIRECTION('',(1.,0.,-0.));
#100440=DIRECTION('',(0.,0.,1.));
#100450=AXIS2_PLACEMENT_3D('',#100420,#100430,#100440);
#100460=PLANE('',#100450);
#100470=ORIENTED_EDGE('',*,*,#99810,.F.);
#100480=ORIENTED_EDGE('',*,*,#28500,.T.);
#100490=ORIENTED_EDGE('',*,*,#100270,.T.);
#100500=ORIENTED_EDGE('',*,*,#52690,.F.);
#100510=EDGE_LOOP('',(#100500,#100490,#100480,#100470));
#100520=FACE_OUTER_BOUND('',#100510,.T.);
#100530=ADVANCED_FACE('',(#100520),#100460,.T.);
#100540=COLOUR_RGB('',0.823529481887817,0.823529481887817,
0.784313797950745);
#100550=FILL_AREA_STYLE_COLOUR('',#100540);
#100560=FILL_AREA_STYLE('',(#100550));
#100570=SURFACE_STYLE_FILL_AREA(#100560);
#100580=SURFACE_SIDE_STYLE('',(#100570));
#100590=SURFACE_STYLE_USAGE(.BOTH.,#100580);
#100600=PRESENTATION_STYLE_ASSIGNMENT((#100590));
#100610=CARTESIAN_POINT('',(54.216923,48.133846,1571.6));
#100620=DIRECTION('',(-1.,-0.,-0.));
#100630=DIRECTION('',(0.,0.,-1.));
#100640=AXIS2_PLACEMENT_3D('',#100610,#100620,#100630);
#100650=PLANE('',#100640);
#100660=CARTESIAN_POINT('',(54.216923,48.133846,1580.4));
#100670=DIRECTION('',(0.,-1.,0.));
#100680=VECTOR('',#100670,1.);
#100690=LINE('',#100660,#100680);
#100700=EDGE_CURVE('',#52980,#19060,#100690,.T.);
#100710=ORIENTED_EDGE('',*,*,#100700,.F.);
#100720=ORIENTED_EDGE('',*,*,#19070,.T.);
#100730=CARTESIAN_POINT('',(54.216923,48.133846,1571.6));
#100740=DIRECTION('',(0.,-1.,0.));
#100750=VECTOR('',#100740,1.);
#100760=LINE('',#100730,#100750);
#100770=EDGE_CURVE('',#52810,#18980,#100760,.T.);
#100780=ORIENTED_EDGE('',*,*,#100770,.T.);
#100790=ORIENTED_EDGE('',*,*,#53050,.F.);
#100800=EDGE_LOOP('',(#100790,#100780,#100720,#100710));
#100810=FACE_OUTER_BOUND('',#100800,.T.);
#100820=ADVANCED_FACE('',(#100810),#100650,.T.);
#100830=COLOUR_RGB('',0.823529481887817,0.823529481887817,
0.784313797950745);
#100840=FILL_AREA_STYLE_COLOUR('',#100830);
#100850=FILL_AREA_STYLE('',(#100840));
#100860=SURFACE_STYLE_FILL_AREA(#100850);
#100870=SURFACE_SIDE_STYLE('',(#100860));
#100880=SURFACE_STYLE_USAGE(.BOTH.,#100870);
#100890=PRESENTATION_STYLE_ASSIGNMENT((#100880));
#100900=CARTESIAN_POINT('',(51.116923,48.133846,1571.6));
#100910=DIRECTION('',(0.,-1.,0.));
#100920=DIRECTION('',(1.,0.,0.));
#100930=AXIS2_PLACEMENT_3D('',#100900,#100910,#100920);
#100940=CYLINDRICAL_SURFACE('',#100930,3.1);
#100950=ORIENTED_EDGE('',*,*,#100770,.F.);
#100960=ORIENTED_EDGE('',*,*,#18990,.T.);
#100970=CARTESIAN_POINT('',(48.016923,48.133846,1571.6));
#100980=DIRECTION('',(0.,-1.,0.));
#100990=VECTOR('',#100980,1.);
#101000=LINE('',#100970,#100990);
#101010=EDGE_CURVE('',#52790,#18890,#101000,.T.);
#101020=ORIENTED_EDGE('',*,*,#101010,.T.);
#101030=ORIENTED_EDGE('',*,*,#52820,.F.);
#101040=EDGE_LOOP('',(#101030,#101020,#100960,#100950));
#101050=FACE_OUTER_BOUND('',#101040,.T.);
#101060=ADVANCED_FACE('',(#101050),#100940,.F.);
#101070=COLOUR_RGB('',0.823529481887817,0.823529481887817,
0.784313797950745);
#101080=FILL_AREA_STYLE_COLOUR('',#101070);
#101090=FILL_AREA_STYLE('',(#101080));
#101100=SURFACE_STYLE_FILL_AREA(#101090);
#101110=SURFACE_SIDE_STYLE('',(#101100));
#101120=SURFACE_STYLE_USAGE(.BOTH.,#101110);
#101130=PRESENTATION_STYLE_ASSIGNMENT((#101120));
#101140=CARTESIAN_POINT('',(48.016923,48.133846,1580.4));
#101150=DIRECTION('',(1.,0.,-0.));
#101160=DIRECTION('',(0.,0.,1.));
#101170=AXIS2_PLACEMENT_3D('',#101140,#101150,#101160);
#101180=PLANE('',#101170);
#101190=ORIENTED_EDGE('',*,*,#101010,.F.);
#101200=ORIENTED_EDGE('',*,*,#18900,.T.);
#101210=CARTESIAN_POINT('',(48.016923,48.133846,1580.4));
#101220=DIRECTION('',(0.,-1.,0.));
#101230=VECTOR('',#101220,1.);
#101240=LINE('',#101210,#101230);
#101250=EDGE_CURVE('',#52890,#18870,#101240,.T.);
#101260=ORIENTED_EDGE('',*,*,#101250,.T.);
#101270=ORIENTED_EDGE('',*,*,#52900,.F.);
#101280=EDGE_LOOP('',(#101270,#101260,#101200,#101190));
#101290=FACE_OUTER_BOUND('',#101280,.T.);
#101300=ADVANCED_FACE('',(#101290),#101180,.T.);
#101310=COLOUR_RGB('',0.823529481887817,0.823529481887817,
0.784313797950745);
#101320=FILL_AREA_STYLE_COLOUR('',#101310);
#101330=FILL_AREA_STYLE('',(#101320));
#101340=SURFACE_STYLE_FILL_AREA(#101330);
#101350=SURFACE_SIDE_STYLE('',(#101340));
#101360=SURFACE_STYLE_USAGE(.BOTH.,#101350);
#101370=PRESENTATION_STYLE_ASSIGNMENT((#101360));
#101380=CARTESIAN_POINT('',(51.116923,48.133846,1580.4));
#101390=DIRECTION('',(0.,1.,0.));
#101400=DIRECTION('',(1.,0.,0.));
#101410=AXIS2_PLACEMENT_3D('',#101380,#101390,#101400);
#101420=CYLINDRICAL_SURFACE('',#101410,3.1);
#101430=ORIENTED_EDGE('',*,*,#101250,.F.);
#101440=ORIENTED_EDGE('',*,*,#19140,.F.);
#101450=ORIENTED_EDGE('',*,*,#100700,.T.);
#101460=ORIENTED_EDGE('',*,*,#52990,.T.);
#101470=EDGE_LOOP('',(#101460,#101450,#101440,#101430));
#101480=FACE_OUTER_BOUND('',#101470,.T.);
#101490=ADVANCED_FACE('',(#101480),#101420,.F.);
#101500=COLOUR_RGB('',0.823529481887817,0.823529481887817,
0.784313797950745);
#101510=FILL_AREA_STYLE_COLOUR('',#101500);
#101520=FILL_AREA_STYLE('',(#101510));
#101530=SURFACE_STYLE_FILL_AREA(#101520);
#101540=SURFACE_SIDE_STYLE('',(#101530));
#101550=SURFACE_STYLE_USAGE(.BOTH.,#101540);
#101560=PRESENTATION_STYLE_ASSIGNMENT((#101550));
#101570=CARTESIAN_POINT('',(54.216923,48.133846,1846.6));
#101580=DIRECTION('',(-1.,-0.,-0.));
#101590=DIRECTION('',(0.,0.,-1.));
#101600=AXIS2_PLACEMENT_3D('',#101570,#101580,#101590);
#101610=PLANE('',#101600);
#101620=CARTESIAN_POINT('',(54.216923,48.133846,1855.4));
#101630=DIRECTION('',(0.,-1.,0.));
#101640=VECTOR('',#101630,1.);
#101650=LINE('',#101620,#101640);
#101660=EDGE_CURVE('',#53340,#23580,#101650,.T.);
#101670=ORIENTED_EDGE('',*,*,#101660,.F.);
#101680=ORIENTED_EDGE('',*,*,#23820,.T.);
#101690=CARTESIAN_POINT('',(54.216923,48.133846,1846.6));
#101700=DIRECTION('',(0.,-1.,0.));
#101710=VECTOR('',#101700,1.);
#101720=LINE('',#101690,#101710);
#101730=EDGE_CURVE('',#53170,#23750,#101720,.T.);
#101740=ORIENTED_EDGE('',*,*,#101730,.T.);
#101750=ORIENTED_EDGE('',*,*,#53410,.F.);
#101760=EDGE_LOOP('',(#101750,#101740,#101680,#101670));
#101770=FACE_OUTER_BOUND('',#101760,.T.);
#101780=ADVANCED_FACE('',(#101770),#101610,.T.);
#101790=COLOUR_RGB('',0.823529481887817,0.823529481887817,
0.784313797950745);
#101800=FILL_AREA_STYLE_COLOUR('',#101790);
#101810=FILL_AREA_STYLE('',(#101800));
#101820=SURFACE_STYLE_FILL_AREA(#101810);
#101830=SURFACE_SIDE_STYLE('',(#101820));
#101840=SURFACE_STYLE_USAGE(.BOTH.,#101830);
#101850=PRESENTATION_STYLE_ASSIGNMENT((#101840));
#101860=CARTESIAN_POINT('',(51.116923,48.133846,1846.6));
#101870=DIRECTION('',(0.,-1.,0.));
#101880=DIRECTION('',(1.,0.,0.));
#101890=AXIS2_PLACEMENT_3D('',#101860,#101870,#101880);
#101900=CYLINDRICAL_SURFACE('',#101890,3.1);
#101910=ORIENTED_EDGE('',*,*,#101730,.F.);
#101920=ORIENTED_EDGE('',*,*,#23760,.T.);
#101930=CARTESIAN_POINT('',(48.016923,48.133846,1846.6));
#101940=DIRECTION('',(0.,-1.,0.));
#101950=VECTOR('',#101940,1.);
#101960=LINE('',#101930,#101950);
#101970=EDGE_CURVE('',#53150,#23660,#101960,.T.);
#101980=ORIENTED_EDGE('',*,*,#101970,.T.);
#101990=ORIENTED_EDGE('',*,*,#53180,.F.);
#102000=EDGE_LOOP('',(#101990,#101980,#101920,#101910));
#102010=FACE_OUTER_BOUND('',#102000,.T.);
#102020=ADVANCED_FACE('',(#102010),#101900,.F.);
#102030=COLOUR_RGB('',0.823529481887817,0.823529481887817,
0.784313797950745);
#102040=FILL_AREA_STYLE_COLOUR('',#102030);
#102050=FILL_AREA_STYLE('',(#102040));
#102060=SURFACE_STYLE_FILL_AREA(#102050);
#102070=SURFACE_SIDE_STYLE('',(#102060));
#102080=SURFACE_STYLE_USAGE(.BOTH.,#102070);
#102090=PRESENTATION_STYLE_ASSIGNMENT((#102080));
#102100=CARTESIAN_POINT('',(48.016923,48.133846,1855.4));
#102110=DIRECTION('',(1.,0.,-0.));
#102120=DIRECTION('',(0.,0.,1.));
#102130=AXIS2_PLACEMENT_3D('',#102100,#102110,#102120);
#102140=PLANE('',#102130);
#102150=ORIENTED_EDGE('',*,*,#101970,.F.);
#102160=ORIENTED_EDGE('',*,*,#23670,.T.);
#102170=CARTESIAN_POINT('',(48.016923,48.133846,1855.4));
#102180=DIRECTION('',(0.,-1.,0.));
#102190=VECTOR('',#102180,1.);
#102200=LINE('',#102170,#102190);
#102210=EDGE_CURVE('',#53250,#23560,#102200,.T.);
#102220=ORIENTED_EDGE('',*,*,#102210,.T.);
#102230=ORIENTED_EDGE('',*,*,#53260,.F.);
#102240=EDGE_LOOP('',(#102230,#102220,#102160,#102150));
#102250=FACE_OUTER_BOUND('',#102240,.T.);
#102260=ADVANCED_FACE('',(#102250),#102140,.T.);
#102270=COLOUR_RGB('',0.823529481887817,0.823529481887817,
0.784313797950745);
#102280=FILL_AREA_STYLE_COLOUR('',#102270);
#102290=FILL_AREA_STYLE('',(#102280));
#102300=SURFACE_STYLE_FILL_AREA(#102290);
#102310=SURFACE_SIDE_STYLE('',(#102300));
#102320=SURFACE_STYLE_USAGE(.BOTH.,#102310);
#102330=PRESENTATION_STYLE_ASSIGNMENT((#102320));
#102340=CARTESIAN_POINT('',(51.116923,48.133846,1855.4));
#102350=DIRECTION('',(0.,1.,0.));
#102360=DIRECTION('',(1.,0.,0.));
#102370=AXIS2_PLACEMENT_3D('',#102340,#102350,#102360);
#102380=CYLINDRICAL_SURFACE('',#102370,3.1);
#102390=ORIENTED_EDGE('',*,*,#102210,.F.);
#102400=ORIENTED_EDGE('',*,*,#23590,.F.);
#102410=ORIENTED_EDGE('',*,*,#101660,.T.);
#102420=ORIENTED_EDGE('',*,*,#53350,.T.);
#102430=EDGE_LOOP('',(#102420,#102410,#102400,#102390));
#102440=FACE_OUTER_BOUND('',#102430,.T.);
#102450=ADVANCED_FACE('',(#102440),#102380,.F.);
#102460=COLOUR_RGB('',0.823529481887817,0.823529481887817,
0.784313797950745);
#102470=FILL_AREA_STYLE_COLOUR('',#102460);
#102480=FILL_AREA_STYLE('',(#102470));
#102490=SURFACE_STYLE_FILL_AREA(#102480);
#102500=SURFACE_SIDE_STYLE('',(#102490));
#102510=SURFACE_STYLE_USAGE(.BOTH.,#102500);
#102520=PRESENTATION_STYLE_ASSIGNMENT((#102510));
#102530=CARTESIAN_POINT('',(54.216923,48.133846,846.6));
#102540=DIRECTION('',(-1.,-0.,-0.));
#102550=DIRECTION('',(0.,0.,-1.));
#102560=AXIS2_PLACEMENT_3D('',#102530,#102540,#102550);
#102570=PLANE('',#102560);
#102580=CARTESIAN_POINT('',(54.216923,48.133846,855.4));
#102590=DIRECTION('',(0.,-1.,0.));
#102600=VECTOR('',#102590,1.);
#102610=LINE('',#102580,#102600);
#102620=EDGE_CURVE('',#53520,#25740,#102610,.T.);
#102630=ORIENTED_EDGE('',*,*,#102620,.F.);
#102640=ORIENTED_EDGE('',*,*,#25980,.T.);
#102650=CARTESIAN_POINT('',(54.216923,48.133846,846.6));
#102660=DIRECTION('',(0.,-1.,0.));
#102670=VECTOR('',#102660,1.);
#102680=LINE('',#102650,#102670);
#102690=EDGE_CURVE('',#53500,#25910,#102680,.T.);
#102700=ORIENTED_EDGE('',*,*,#102690,.T.);
#102710=ORIENTED_EDGE('',*,*,#53530,.F.);
#102720=EDGE_LOOP('',(#102710,#102700,#102640,#102630));
#102730=FACE_OUTER_BOUND('',#102720,.T.);
#102740=ADVANCED_FACE('',(#102730),#102570,.T.);
#102750=COLOUR_RGB('',0.823529481887817,0.823529481887817,
0.784313797950745);
#102760=FILL_AREA_STYLE_COLOUR('',#102750);
#102770=FILL_AREA_STYLE('',(#102760));
#102780=SURFACE_STYLE_FILL_AREA(#102770);
#102790=SURFACE_SIDE_STYLE('',(#102780));
#102800=SURFACE_STYLE_USAGE(.BOTH.,#102790);
#102810=PRESENTATION_STYLE_ASSIGNMENT((#102800));
#102820=CARTESIAN_POINT('',(51.116923,48.133846,846.6));
#102830=DIRECTION('',(0.,-1.,0.));
#102840=DIRECTION('',(1.,0.,0.));
#102850=AXIS2_PLACEMENT_3D('',#102820,#102830,#102840);
#102860=CYLINDRICAL_SURFACE('',#102850,3.1);
#102870=ORIENTED_EDGE('',*,*,#102690,.F.);
#102880=ORIENTED_EDGE('',*,*,#25920,.T.);
#102890=CARTESIAN_POINT('',(48.016923,48.133846,846.6));
#102900=DIRECTION('',(0.,-1.,0.));
#102910=VECTOR('',#102900,1.);
#102920=LINE('',#102890,#102910);
#102930=EDGE_CURVE('',#53610,#25820,#102920,.T.);
#102940=ORIENTED_EDGE('',*,*,#102930,.T.);
#102950=ORIENTED_EDGE('',*,*,#53620,.F.);
#102960=EDGE_LOOP('',(#102950,#102940,#102880,#102870));
#102970=FACE_OUTER_BOUND('',#102960,.T.);
#102980=ADVANCED_FACE('',(#102970),#102860,.F.);
#102990=COLOUR_RGB('',0.823529481887817,0.823529481887817,
0.784313797950745);
#103000=FILL_AREA_STYLE_COLOUR('',#102990);
#103010=FILL_AREA_STYLE('',(#103000));
#103020=SURFACE_STYLE_FILL_AREA(#103010);
#103030=SURFACE_SIDE_STYLE('',(#103020));
#103040=SURFACE_STYLE_USAGE(.BOTH.,#103030);
#103050=PRESENTATION_STYLE_ASSIGNMENT((#103040));
#103060=CARTESIAN_POINT('',(48.016923,48.133846,855.4));
#103070=DIRECTION('',(1.,0.,-0.));
#103080=DIRECTION('',(0.,0.,1.));
#103090=AXIS2_PLACEMENT_3D('',#103060,#103070,#103080);
#103100=PLANE('',#103090);
#103110=ORIENTED_EDGE('',*,*,#102930,.F.);
#103120=ORIENTED_EDGE('',*,*,#25830,.T.);
#103130=CARTESIAN_POINT('',(48.016923,48.133846,855.4));
#103140=DIRECTION('',(0.,-1.,0.));
#103150=VECTOR('',#103140,1.);
#103160=LINE('',#103130,#103150);
#103170=EDGE_CURVE('',#53690,#25720,#103160,.T.);
#103180=ORIENTED_EDGE('',*,*,#103170,.T.);
#103190=ORIENTED_EDGE('',*,*,#53700,.F.);
#103200=EDGE_LOOP('',(#103190,#103180,#103120,#103110));
#103210=FACE_OUTER_BOUND('',#103200,.T.);
#103220=ADVANCED_FACE('',(#103210),#103100,.T.);
#103230=COLOUR_RGB('',0.823529481887817,0.823529481887817,
0.784313797950745);
#103240=FILL_AREA_STYLE_COLOUR('',#103230);
#103250=FILL_AREA_STYLE('',(#103240));
#103260=SURFACE_STYLE_FILL_AREA(#103250);
#103270=SURFACE_SIDE_STYLE('',(#103260));
#103280=SURFACE_STYLE_USAGE(.BOTH.,#103270);
#103290=PRESENTATION_STYLE_ASSIGNMENT((#103280));
#103300=CARTESIAN_POINT('',(51.116923,48.133846,855.4));
#103310=DIRECTION('',(0.,1.,0.));
#103320=DIRECTION('',(1.,0.,0.));
#103330=AXIS2_PLACEMENT_3D('',#103300,#103310,#103320);
#103340=CYLINDRICAL_SURFACE('',#103330,3.1);
#103350=ORIENTED_EDGE('',*,*,#103170,.F.);
#103360=ORIENTED_EDGE('',*,*,#25750,.F.);
#103370=ORIENTED_EDGE('',*,*,#102620,.T.);
#103380=ORIENTED_EDGE('',*,*,#53770,.T.);
#103390=EDGE_LOOP('',(#103380,#103370,#103360,#103350));
#103400=FACE_OUTER_BOUND('',#103390,.T.);
#103410=ADVANCED_FACE('',(#103400),#103340,.F.);
#103420=COLOUR_RGB('',0.823529481887817,0.823529481887817,
0.784313797950745);
#103430=FILL_AREA_STYLE_COLOUR('',#103420);
#103440=FILL_AREA_STYLE('',(#103430));
#103450=SURFACE_STYLE_FILL_AREA(#103440);
#103460=SURFACE_SIDE_STYLE('',(#103450));
#103470=SURFACE_STYLE_USAGE(.BOTH.,#103460);
#103480=PRESENTATION_STYLE_ASSIGNMENT((#103470));
#103490=CARTESIAN_POINT('',(54.216923,48.133846,546.6));
#103500=DIRECTION('',(-1.,-0.,-0.));
#103510=DIRECTION('',(0.,0.,-1.));
#103520=AXIS2_PLACEMENT_3D('',#103490,#103500,#103510);
#103530=PLANE('',#103520);
#103540=CARTESIAN_POINT('',(54.216923,48.133846,555.4));
#103550=DIRECTION('',(0.,-1.,0.));
#103560=VECTOR('',#103550,1.);
#103570=LINE('',#103540,#103560);
#103580=EDGE_CURVE('',#54060,#25380,#103570,.T.);
#103590=ORIENTED_EDGE('',*,*,#103580,.F.);
#103600=ORIENTED_EDGE('',*,*,#25620,.T.);
#103610=CARTESIAN_POINT('',(54.216923,48.133846,546.6));
#103620=DIRECTION('',(0.,-1.,0.));
#103630=VECTOR('',#103620,1.);
#103640=LINE('',#103610,#103630);
#103650=EDGE_CURVE('',#53890,#25550,#103640,.T.);
#103660=ORIENTED_EDGE('',*,*,#103650,.T.);
#103670=ORIENTED_EDGE('',*,*,#54130,.F.);
#103680=EDGE_LOOP('',(#103670,#103660,#103600,#103590));
#103690=FACE_OUTER_BOUND('',#103680,.T.);
#103700=ADVANCED_FACE('',(#103690),#103530,.T.);
#103710=COLOUR_RGB('',0.823529481887817,0.823529481887817,
0.784313797950745);
#103720=FILL_AREA_STYLE_COLOUR('',#103710);
#103730=FILL_AREA_STYLE('',(#103720));
#103740=SURFACE_STYLE_FILL_AREA(#103730);
#103750=SURFACE_SIDE_STYLE('',(#103740));
#103760=SURFACE_STYLE_USAGE(.BOTH.,#103750);
#103770=PRESENTATION_STYLE_ASSIGNMENT((#103760));
#103780=CARTESIAN_POINT('',(51.116923,48.133846,546.6));
#103790=DIRECTION('',(0.,-1.,0.));
#103800=DIRECTION('',(1.,0.,0.));
#103810=AXIS2_PLACEMENT_3D('',#103780,#103790,#103800);
#103820=CYLINDRICAL_SURFACE('',#103810,3.1);
#103830=ORIENTED_EDGE('',*,*,#103650,.F.);
#103840=ORIENTED_EDGE('',*,*,#25560,.T.);
#103850=CARTESIAN_POINT('',(48.016923,48.133846,546.6));
#103860=DIRECTION('',(0.,-1.,0.));
#103870=VECTOR('',#103860,1.);
#103880=LINE('',#103850,#103870);
#103890=EDGE_CURVE('',#53870,#25460,#103880,.T.);
#103900=ORIENTED_EDGE('',*,*,#103890,.T.);
#103910=ORIENTED_EDGE('',*,*,#53900,.F.);
#103920=EDGE_LOOP('',(#103910,#103900,#103840,#103830));
#103930=FACE_OUTER_BOUND('',#103920,.T.);
#103940=ADVANCED_FACE('',(#103930),#103820,.F.);
#103950=COLOUR_RGB('',0.823529481887817,0.823529481887817,
0.784313797950745);
#103960=FILL_AREA_STYLE_COLOUR('',#103950);
#103970=FILL_AREA_STYLE('',(#103960));
#103980=SURFACE_STYLE_FILL_AREA(#103970);
#103990=SURFACE_SIDE_STYLE('',(#103980));
#104000=SURFACE_STYLE_USAGE(.BOTH.,#103990);
#104010=PRESENTATION_STYLE_ASSIGNMENT((#104000));
#104020=CARTESIAN_POINT('',(48.016923,48.133846,555.4));
#104030=DIRECTION('',(1.,0.,-0.));
#104040=DIRECTION('',(0.,0.,1.));
#104050=AXIS2_PLACEMENT_3D('',#104020,#104030,#104040);
#104060=PLANE('',#104050);
#104070=ORIENTED_EDGE('',*,*,#103890,.F.);
#104080=ORIENTED_EDGE('',*,*,#25470,.T.);
#104090=CARTESIAN_POINT('',(48.016923,48.133846,555.4));
#104100=DIRECTION('',(0.,-1.,0.));
#104110=VECTOR('',#104100,1.);
#104120=LINE('',#104090,#104110);
#104130=EDGE_CURVE('',#53970,#25360,#104120,.T.);
#104140=ORIENTED_EDGE('',*,*,#104130,.T.);
#104150=ORIENTED_EDGE('',*,*,#53980,.F.);
#104160=EDGE_LOOP('',(#104150,#104140,#104080,#104070));
#104170=FACE_OUTER_BOUND('',#104160,.T.);
#104180=ADVANCED_FACE('',(#104170),#104060,.T.);
#104190=COLOUR_RGB('',0.823529481887817,0.823529481887817,
0.784313797950745);
#104200=FILL_AREA_STYLE_COLOUR('',#104190);
#104210=FILL_AREA_STYLE('',(#104200));
#104220=SURFACE_STYLE_FILL_AREA(#104210);
#104230=SURFACE_SIDE_STYLE('',(#104220));
#104240=SURFACE_STYLE_USAGE(.BOTH.,#104230);
#104250=PRESENTATION_STYLE_ASSIGNMENT((#104240));
#104260=CARTESIAN_POINT('',(51.116923,48.133846,555.4));
#104270=DIRECTION('',(0.,1.,0.));
#104280=DIRECTION('',(1.,0.,0.));
#104290=AXIS2_PLACEMENT_3D('',#104260,#104270,#104280);
#104300=CYLINDRICAL_SURFACE('',#104290,3.1);
#104310=ORIENTED_EDGE('',*,*,#104130,.F.);
#104320=ORIENTED_EDGE('',*,*,#25390,.F.);
#104330=ORIENTED_EDGE('',*,*,#103580,.T.);
#104340=ORIENTED_EDGE('',*,*,#54070,.T.);
#104350=EDGE_LOOP('',(#104340,#104330,#104320,#104310));
#104360=FACE_OUTER_BOUND('',#104350,.T.);
#104370=ADVANCED_FACE('',(#104360),#104300,.F.);
#104380=COLOUR_RGB('',0.823529481887817,0.823529481887817,
0.784313797950745);
#104390=FILL_AREA_STYLE_COLOUR('',#104380);
#104400=FILL_AREA_STYLE('',(#104390));
#104410=SURFACE_STYLE_FILL_AREA(#104400);
#104420=SURFACE_SIDE_STYLE('',(#104410));
#104430=SURFACE_STYLE_USAGE(.BOTH.,#104420);
#104440=PRESENTATION_STYLE_ASSIGNMENT((#104430));
#104450=CARTESIAN_POINT('',(51.116923,48.133846,596.6));
#104460=DIRECTION('',(0.,-1.,0.));
#104470=DIRECTION('',(1.,0.,0.));
#104480=AXIS2_PLACEMENT_3D('',#104450,#104460,#104470);
#104490=CYLINDRICAL_SURFACE('',#104480,3.1);
#104500=CARTESIAN_POINT('',(54.216923,48.133846,596.6));
#104510=DIRECTION('',(0.,-1.,0.));
#104520=VECTOR('',#104510,1.);
#104530=LINE('',#104500,#104520);
#104540=EDGE_CURVE('',#54330,#42720,#104530,.T.);
#104550=ORIENTED_EDGE('',*,*,#104540,.F.);
#104560=ORIENTED_EDGE('',*,*,#42730,.T.);
#104570=CARTESIAN_POINT('',(48.016923,48.133846,596.6));
#104580=DIRECTION('',(0.,-1.,0.));
#104590=VECTOR('',#104580,1.);
#104600=LINE('',#104570,#104590);
#104610=EDGE_CURVE('',#54420,#42630,#104600,.T.);
#104620=ORIENTED_EDGE('',*,*,#104610,.T.);
#104630=ORIENTED_EDGE('',*,*,#54430,.F.);
#104640=EDGE_LOOP('',(#104630,#104620,#104560,#104550));
#104650=FACE_OUTER_BOUND('',#104640,.T.);
#104660=ADVANCED_FACE('',(#104650),#104490,.F.);
#104670=COLOUR_RGB('',0.823529481887817,0.823529481887817,
0.784313797950745);
#104680=FILL_AREA_STYLE_COLOUR('',#104670);
#104690=FILL_AREA_STYLE('',(#104680));
#104700=SURFACE_STYLE_FILL_AREA(#104690);
#104710=SURFACE_SIDE_STYLE('',(#104700));
#104720=SURFACE_STYLE_USAGE(.BOTH.,#104710);
#104730=PRESENTATION_STYLE_ASSIGNMENT((#104720));
#104740=CARTESIAN_POINT('',(54.216923,48.133846,596.6));
#104750=DIRECTION('',(-1.,-0.,-0.));
#104760=DIRECTION('',(0.,0.,-1.));
#104770=AXIS2_PLACEMENT_3D('',#104740,#104750,#104760);
#104780=PLANE('',#104770);
#104790=CARTESIAN_POINT('',(54.216923,48.133846,605.4));
#104800=DIRECTION('',(0.,-1.,0.));
#104810=VECTOR('',#104800,1.);
#104820=LINE('',#104790,#104810);
#104830=EDGE_CURVE('',#54250,#42550,#104820,.T.);
#104840=ORIENTED_EDGE('',*,*,#104830,.F.);
#104850=ORIENTED_EDGE('',*,*,#42790,.T.);
#104860=ORIENTED_EDGE('',*,*,#104540,.T.);
#104870=ORIENTED_EDGE('',*,*,#54340,.F.);
#104880=EDGE_LOOP('',(#104870,#104860,#104850,#104840));
#104890=FACE_OUTER_BOUND('',#104880,.T.);
#104900=ADVANCED_FACE('',(#104890),#104780,.T.);
#104910=COLOUR_RGB('',0.823529481887817,0.823529481887817,
0.784313797950745);
#104920=FILL_AREA_STYLE_COLOUR('',#104910);
#104930=FILL_AREA_STYLE('',(#104920));
#104940=SURFACE_STYLE_FILL_AREA(#104930);
#104950=SURFACE_SIDE_STYLE('',(#104940));
#104960=SURFACE_STYLE_USAGE(.BOTH.,#104950);
#104970=PRESENTATION_STYLE_ASSIGNMENT((#104960));
#104980=CARTESIAN_POINT('',(51.116923,48.133846,605.4));
#104990=DIRECTION('',(0.,1.,0.));
#105000=DIRECTION('',(1.,0.,0.));
#105010=AXIS2_PLACEMENT_3D('',#104980,#104990,#105000);
#105020=CYLINDRICAL_SURFACE('',#105010,3.1);
#105030=CARTESIAN_POINT('',(48.016923,48.133846,605.4));
#105040=DIRECTION('',(0.,-1.,0.));
#105050=VECTOR('',#105040,1.);
#105060=LINE('',#105030,#105050);
#105070=EDGE_CURVE('',#54230,#42530,#105060,.T.);
#105080=ORIENTED_EDGE('',*,*,#105070,.F.);
#105090=ORIENTED_EDGE('',*,*,#42560,.F.);
#105100=ORIENTED_EDGE('',*,*,#104830,.T.);
#105110=ORIENTED_EDGE('',*,*,#54260,.T.);
#105120=EDGE_LOOP('',(#105110,#105100,#105090,#105080));
#105130=FACE_OUTER_BOUND('',#105120,.T.);
#105140=ADVANCED_FACE('',(#105130),#105020,.F.);
#105150=COLOUR_RGB('',0.823529481887817,0.823529481887817,
0.784313797950745);
#105160=FILL_AREA_STYLE_COLOUR('',#105150);
#105170=FILL_AREA_STYLE('',(#105160));
#105180=SURFACE_STYLE_FILL_AREA(#105170);
#105190=SURFACE_SIDE_STYLE('',(#105180));
#105200=SURFACE_STYLE_USAGE(.BOTH.,#105190);
#105210=PRESENTATION_STYLE_ASSIGNMENT((#105200));
#105220=CARTESIAN_POINT('',(48.016923,48.133846,605.4));
#105230=DIRECTION('',(1.,0.,-0.));
#105240=DIRECTION('',(0.,0.,1.));
#105250=AXIS2_PLACEMENT_3D('',#105220,#105230,#105240);
#105260=PLANE('',#105250);
#105270=ORIENTED_EDGE('',*,*,#104610,.F.);
#105280=ORIENTED_EDGE('',*,*,#42640,.T.);
#105290=ORIENTED_EDGE('',*,*,#105070,.T.);
#105300=ORIENTED_EDGE('',*,*,#54490,.F.);
#105310=EDGE_LOOP('',(#105300,#105290,#105280,#105270));
#105320=FACE_OUTER_BOUND('',#105310,.T.);
#105330=ADVANCED_FACE('',(#105320),#105260,.T.);
#105340=COLOUR_RGB('',0.823529481887817,0.823529481887817,
0.784313797950745);
#105350=FILL_AREA_STYLE_COLOUR('',#105340);
#105360=FILL_AREA_STYLE('',(#105350));
#105370=SURFACE_STYLE_FILL_AREA(#105360);
#105380=SURFACE_SIDE_STYLE('',(#105370));
#105390=SURFACE_STYLE_USAGE(.BOTH.,#105380);
#105400=PRESENTATION_STYLE_ASSIGNMENT((#105390));
#105410=CARTESIAN_POINT('',(54.216923,48.133846,1871.6));
#105420=DIRECTION('',(-1.,-0.,-0.));
#105430=DIRECTION('',(0.,0.,-1.));
#105440=AXIS2_PLACEMENT_3D('',#105410,#105420,#105430);
#105450=PLANE('',#105440);
#105460=CARTESIAN_POINT('',(54.216923,48.133846,1880.4));
#105470=DIRECTION('',(0.,-1.,0.));
#105480=VECTOR('',#105470,1.);
#105490=LINE('',#105460,#105480);
#105500=EDGE_CURVE('',#54600,#36340,#105490,.T.);
#105510=ORIENTED_EDGE('',*,*,#105500,.F.);
#105520=ORIENTED_EDGE('',*,*,#36350,.T.);
#105530=CARTESIAN_POINT('',(54.216923,48.133846,1871.6));
#105540=DIRECTION('',(0.,-1.,0.));
#105550=VECTOR('',#105540,1.);
#105560=LINE('',#105530,#105550);
#105570=EDGE_CURVE('',#54580,#36260,#105560,.T.);
#105580=ORIENTED_EDGE('',*,*,#105570,.T.);
#105590=ORIENTED_EDGE('',*,*,#54610,.F.);
#105600=EDGE_LOOP('',(#105590,#105580,#105520,#105510));
#105610=FACE_OUTER_BOUND('',#105600,.T.);
#105620=ADVANCED_FACE('',(#105610),#105450,.T.);
#105630=COLOUR_RGB('',0.823529481887817,0.823529481887817,
0.784313797950745);
#105640=FILL_AREA_STYLE_COLOUR('',#105630);
#105650=FILL_AREA_STYLE('',(#105640));
#105660=SURFACE_STYLE_FILL_AREA(#105650);
#105670=SURFACE_SIDE_STYLE('',(#105660));
#105680=SURFACE_STYLE_USAGE(.BOTH.,#105670);
#105690=PRESENTATION_STYLE_ASSIGNMENT((#105680));
#105700=CARTESIAN_POINT('',(51.116923,48.133846,1871.6));
#105710=DIRECTION('',(0.,-1.,0.));
#105720=DIRECTION('',(1.,0.,0.));
#105730=AXIS2_PLACEMENT_3D('',#105700,#105710,#105720);
#105740=CYLINDRICAL_SURFACE('',#105730,3.1);
#105750=ORIENTED_EDGE('',*,*,#105570,.F.);
#105760=ORIENTED_EDGE('',*,*,#36270,.T.);
#105770=CARTESIAN_POINT('',(48.016923,48.133846,1871.6));
#105780=DIRECTION('',(0.,-1.,0.));
#105790=VECTOR('',#105780,1.);
#105800=LINE('',#105770,#105790);
#105810=EDGE_CURVE('',#54690,#36170,#105800,.T.);
#105820=ORIENTED_EDGE('',*,*,#105810,.T.);
#105830=ORIENTED_EDGE('',*,*,#54700,.F.);
#105840=EDGE_LOOP('',(#105830,#105820,#105760,#105750));
#105850=FACE_OUTER_BOUND('',#105840,.T.);
#105860=ADVANCED_FACE('',(#105850),#105740,.F.);
#105870=COLOUR_RGB('',0.823529481887817,0.823529481887817,
0.784313797950745);
#105880=FILL_AREA_STYLE_COLOUR('',#105870);
#105890=FILL_AREA_STYLE('',(#105880));
#105900=SURFACE_STYLE_FILL_AREA(#105890);
#105910=SURFACE_SIDE_STYLE('',(#105900));
#105920=SURFACE_STYLE_USAGE(.BOTH.,#105910);
#105930=PRESENTATION_STYLE_ASSIGNMENT((#105920));
#105940=CARTESIAN_POINT('',(48.016923,48.133846,1880.4));
#105950=DIRECTION('',(1.,0.,-0.));
#105960=DIRECTION('',(0.,0.,1.));
#105970=AXIS2_PLACEMENT_3D('',#105940,#105950,#105960);
#105980=PLANE('',#105970);
#105990=ORIENTED_EDGE('',*,*,#105810,.F.);
#106000=ORIENTED_EDGE('',*,*,#36180,.T.);
#106010=CARTESIAN_POINT('',(48.016923,48.133846,1880.4));
#106020=DIRECTION('',(0.,-1.,0.));
#106030=VECTOR('',#106020,1.);
#106040=LINE('',#106010,#106030);
#106050=EDGE_CURVE('',#54770,#36150,#106040,.T.);
#106060=ORIENTED_EDGE('',*,*,#106050,.T.);
#106070=ORIENTED_EDGE('',*,*,#54780,.F.);
#106080=EDGE_LOOP('',(#106070,#106060,#106000,#105990));
#106090=FACE_OUTER_BOUND('',#106080,.T.);
#106100=ADVANCED_FACE('',(#106090),#105980,.T.);
#106110=COLOUR_RGB('',0.823529481887817,0.823529481887817,
0.784313797950745);
#106120=FILL_AREA_STYLE_COLOUR('',#106110);
#106130=FILL_AREA_STYLE('',(#106120));
#106140=SURFACE_STYLE_FILL_AREA(#106130);
#106150=SURFACE_SIDE_STYLE('',(#106140));
#106160=SURFACE_STYLE_USAGE(.BOTH.,#106150);
#106170=PRESENTATION_STYLE_ASSIGNMENT((#106160));
#106180=CARTESIAN_POINT('',(51.116923,48.133846,1880.4));
#106190=DIRECTION('',(0.,1.,0.));
#106200=DIRECTION('',(1.,0.,0.));
#106210=AXIS2_PLACEMENT_3D('',#106180,#106190,#106200);
#106220=CYLINDRICAL_SURFACE('',#106210,3.1);
#106230=ORIENTED_EDGE('',*,*,#106050,.F.);
#106240=ORIENTED_EDGE('',*,*,#36420,.F.);
#106250=ORIENTED_EDGE('',*,*,#105500,.T.);
#106260=ORIENTED_EDGE('',*,*,#54850,.T.);
#106270=EDGE_LOOP('',(#106260,#106250,#106240,#106230));
#106280=FACE_OUTER_BOUND('',#106270,.T.);
#106290=ADVANCED_FACE('',(#106280),#106220,.F.);
#106300=COLOUR_RGB('',0.823529481887817,0.823529481887817,
0.784313797950745);
#106310=FILL_AREA_STYLE_COLOUR('',#106300);
#106320=FILL_AREA_STYLE('',(#106310));
#106330=SURFACE_STYLE_FILL_AREA(#106320);
#106340=SURFACE_SIDE_STYLE('',(#106330));
#106350=SURFACE_STYLE_USAGE(.BOTH.,#106340);
#106360=PRESENTATION_STYLE_ASSIGNMENT((#106350));
#106370=CARTESIAN_POINT('',(54.216923,48.133846,1096.6));
#106380=DIRECTION('',(-1.,-0.,-0.));
#106390=DIRECTION('',(0.,0.,-1.));
#106400=AXIS2_PLACEMENT_3D('',#106370,#106380,#106390);
#106410=PLANE('',#106400);
#106420=CARTESIAN_POINT('',(54.216923,48.133846,1105.4));
#106430=DIRECTION('',(0.,-1.,0.));
#106440=VECTOR('',#106430,1.);
#106450=LINE('',#106420,#106440);
#106460=EDGE_CURVE('',#54960,#33460,#106450,.T.);
#106470=ORIENTED_EDGE('',*,*,#106460,.F.);
#106480=ORIENTED_EDGE('',*,*,#33470,.T.);
#106490=CARTESIAN_POINT('',(54.216923,48.133846,1096.6));
#106500=DIRECTION('',(0.,-1.,0.));
#106510=VECTOR('',#106500,1.);
#106520=LINE('',#106490,#106510);
#106530=EDGE_CURVE('',#54940,#33380,#106520,.T.);
#106540=ORIENTED_EDGE('',*,*,#106530,.T.);
#106550=ORIENTED_EDGE('',*,*,#54970,.F.);
#106560=EDGE_LOOP('',(#106550,#106540,#106480,#106470));
#106570=FACE_OUTER_BOUND('',#106560,.T.);
#106580=ADVANCED_FACE('',(#106570),#106410,.T.);
#106590=COLOUR_RGB('',0.823529481887817,0.823529481887817,
0.784313797950745);
#106600=FILL_AREA_STYLE_COLOUR('',#106590);
#106610=FILL_AREA_STYLE('',(#106600));
#106620=SURFACE_STYLE_FILL_AREA(#106610);
#106630=SURFACE_SIDE_STYLE('',(#106620));
#106640=SURFACE_STYLE_USAGE(.BOTH.,#106630);
#106650=PRESENTATION_STYLE_ASSIGNMENT((#106640));
#106660=CARTESIAN_POINT('',(51.116923,48.133846,1096.6));
#106670=DIRECTION('',(0.,-1.,0.));
#106680=DIRECTION('',(1.,0.,0.));
#106690=AXIS2_PLACEMENT_3D('',#106660,#106670,#106680);
#106700=CYLINDRICAL_SURFACE('',#106690,3.1);
#106710=ORIENTED_EDGE('',*,*,#106530,.F.);
#106720=ORIENTED_EDGE('',*,*,#33390,.T.);
#106730=CARTESIAN_POINT('',(48.016923,48.133846,1096.6));
#106740=DIRECTION('',(0.,-1.,0.));
#106750=VECTOR('',#106740,1.);
#106760=LINE('',#106730,#106750);
#106770=EDGE_CURVE('',#55050,#33290,#106760,.T.);
#106780=ORIENTED_EDGE('',*,*,#106770,.T.);
#106790=ORIENTED_EDGE('',*,*,#55060,.F.);
#106800=EDGE_LOOP('',(#106790,#106780,#106720,#106710));
#106810=FACE_OUTER_BOUND('',#106800,.T.);
#106820=ADVANCED_FACE('',(#106810),#106700,.F.);
#106830=COLOUR_RGB('',0.823529481887817,0.823529481887817,
0.784313797950745);
#106840=FILL_AREA_STYLE_COLOUR('',#106830);
#106850=FILL_AREA_STYLE('',(#106840));
#106860=SURFACE_STYLE_FILL_AREA(#106850);
#106870=SURFACE_SIDE_STYLE('',(#106860));
#106880=SURFACE_STYLE_USAGE(.BOTH.,#106870);
#106890=PRESENTATION_STYLE_ASSIGNMENT((#106880));
#106900=CARTESIAN_POINT('',(48.016923,48.133846,1105.4));
#106910=DIRECTION('',(1.,0.,-0.));
#106920=DIRECTION('',(0.,0.,1.));
#106930=AXIS2_PLACEMENT_3D('',#106900,#106910,#106920);
#106940=PLANE('',#106930);
#106950=ORIENTED_EDGE('',*,*,#106770,.F.);
#106960=ORIENTED_EDGE('',*,*,#33300,.T.);
#106970=CARTESIAN_POINT('',(48.016923,48.133846,1105.4));
#106980=DIRECTION('',(0.,-1.,0.));
#106990=VECTOR('',#106980,1.);
#107000=LINE('',#106970,#106990);
#107010=EDGE_CURVE('',#55130,#33270,#107000,.T.);
#107020=ORIENTED_EDGE('',*,*,#107010,.T.);
#107030=ORIENTED_EDGE('',*,*,#55140,.F.);
#107040=EDGE_LOOP('',(#107030,#107020,#106960,#106950));
#107050=FACE_OUTER_BOUND('',#107040,.T.);
#107060=ADVANCED_FACE('',(#107050),#106940,.T.);
#107070=COLOUR_RGB('',0.823529481887817,0.823529481887817,
0.784313797950745);
#107080=FILL_AREA_STYLE_COLOUR('',#107070);
#107090=FILL_AREA_STYLE('',(#107080));
#107100=SURFACE_STYLE_FILL_AREA(#107090);
#107110=SURFACE_SIDE_STYLE('',(#107100));
#107120=SURFACE_STYLE_USAGE(.BOTH.,#107110);
#107130=PRESENTATION_STYLE_ASSIGNMENT((#107120));
#107140=CARTESIAN_POINT('',(51.116923,48.133846,1105.4));
#107150=DIRECTION('',(0.,1.,0.));
#107160=DIRECTION('',(1.,0.,0.));
#107170=AXIS2_PLACEMENT_3D('',#107140,#107150,#107160);
#107180=CYLINDRICAL_SURFACE('',#107170,3.1);
#107190=ORIENTED_EDGE('',*,*,#107010,.F.);
#107200=ORIENTED_EDGE('',*,*,#33540,.F.);
#107210=ORIENTED_EDGE('',*,*,#106460,.T.);
#107220=ORIENTED_EDGE('',*,*,#55210,.T.);
#107230=EDGE_LOOP('',(#107220,#107210,#107200,#107190));
#107240=FACE_OUTER_BOUND('',#107230,.T.);
#107250=ADVANCED_FACE('',(#107240),#107180,.F.);
#107260=COLOUR_RGB('',0.823529481887817,0.823529481887817,
0.784313797950745);
#107270=FILL_AREA_STYLE_COLOUR('',#107260);
#107280=FILL_AREA_STYLE('',(#107270));
#107290=SURFACE_STYLE_FILL_AREA(#107280);
#107300=SURFACE_SIDE_STYLE('',(#107290));
#107310=SURFACE_STYLE_USAGE(.BOTH.,#107300);
#107320=PRESENTATION_STYLE_ASSIGNMENT((#107310));
#107330=CARTESIAN_POINT('',(54.216923,48.133846,1596.6));
#107340=DIRECTION('',(-1.,-0.,-0.));
#107350=DIRECTION('',(0.,0.,-1.));
#107360=AXIS2_PLACEMENT_3D('',#107330,#107340,#107350);
#107370=PLANE('',#107360);
#107380=CARTESIAN_POINT('',(54.216923,48.133846,1605.4));
#107390=DIRECTION('',(0.,-1.,0.));
#107400=VECTOR('',#107390,1.);
#107410=LINE('',#107380,#107400);
#107420=EDGE_CURVE('',#55320,#19260,#107410,.T.);
#107430=ORIENTED_EDGE('',*,*,#107420,.F.);
#107440=ORIENTED_EDGE('',*,*,#19500,.T.);
#107450=CARTESIAN_POINT('',(54.216923,48.133846,1596.6));
#107460=DIRECTION('',(0.,-1.,0.));
#107470=VECTOR('',#107460,1.);
#107480=LINE('',#107450,#107470);
#107490=EDGE_CURVE('',#55300,#19430,#107480,.T.);
#107500=ORIENTED_EDGE('',*,*,#107490,.T.);
#107510=ORIENTED_EDGE('',*,*,#55330,.F.);
#107520=EDGE_LOOP('',(#107510,#107500,#107440,#107430));
#107530=FACE_OUTER_BOUND('',#107520,.T.);
#107540=ADVANCED_FACE('',(#107530),#107370,.T.);
#107550=COLOUR_RGB('',0.823529481887817,0.823529481887817,
0.784313797950745);
#107560=FILL_AREA_STYLE_COLOUR('',#107550);
#107570=FILL_AREA_STYLE('',(#107560));
#107580=SURFACE_STYLE_FILL_AREA(#107570);
#107590=SURFACE_SIDE_STYLE('',(#107580));
#107600=SURFACE_STYLE_USAGE(.BOTH.,#107590);
#107610=PRESENTATION_STYLE_ASSIGNMENT((#107600));
#107620=CARTESIAN_POINT('',(51.116923,48.133846,1596.6));
#107630=DIRECTION('',(0.,-1.,0.));
#107640=DIRECTION('',(1.,0.,0.));
#107650=AXIS2_PLACEMENT_3D('',#107620,#107630,#107640);
#107660=CYLINDRICAL_SURFACE('',#107650,3.1);
#107670=ORIENTED_EDGE('',*,*,#107490,.F.);
#107680=ORIENTED_EDGE('',*,*,#19440,.T.);
#107690=CARTESIAN_POINT('',(48.016923,48.133846,1596.6));
#107700=DIRECTION('',(0.,-1.,0.));
#107710=VECTOR('',#107700,1.);
#107720=LINE('',#107690,#107710);
#107730=EDGE_CURVE('',#55410,#19340,#107720,.T.);
#107740=ORIENTED_EDGE('',*,*,#107730,.T.);
#107750=ORIENTED_EDGE('',*,*,#55420,.F.);
#107760=EDGE_LOOP('',(#107750,#107740,#107680,#107670));
#107770=FACE_OUTER_BOUND('',#107760,.T.);
#107780=ADVANCED_FACE('',(#107770),#107660,.F.);
#107790=COLOUR_RGB('',0.823529481887817,0.823529481887817,
0.784313797950745);
#107800=FILL_AREA_STYLE_COLOUR('',#107790);
#107810=FILL_AREA_STYLE('',(#107800));
#107820=SURFACE_STYLE_FILL_AREA(#107810);
#107830=SURFACE_SIDE_STYLE('',(#107820));
#107840=SURFACE_STYLE_USAGE(.BOTH.,#107830);
#107850=PRESENTATION_STYLE_ASSIGNMENT((#107840));
#107860=CARTESIAN_POINT('',(48.016923,48.133846,1605.4));
#107870=DIRECTION('',(1.,0.,-0.));
#107880=DIRECTION('',(0.,0.,1.));
#107890=AXIS2_PLACEMENT_3D('',#107860,#107870,#107880);
#107900=PLANE('',#107890);
#107910=ORIENTED_EDGE('',*,*,#107730,.F.);
#107920=ORIENTED_EDGE('',*,*,#19350,.T.);
#107930=CARTESIAN_POINT('',(48.016923,48.133846,1605.4));
#107940=DIRECTION('',(0.,-1.,0.));
#107950=VECTOR('',#107940,1.);
#107960=LINE('',#107930,#107950);
#107970=EDGE_CURVE('',#55490,#19240,#107960,.T.);
#107980=ORIENTED_EDGE('',*,*,#107970,.T.);
#107990=ORIENTED_EDGE('',*,*,#55500,.F.);
#108000=EDGE_LOOP('',(#107990,#107980,#107920,#107910));
#108010=FACE_OUTER_BOUND('',#108000,.T.);
#108020=ADVANCED_FACE('',(#108010),#107900,.T.);
#108030=COLOUR_RGB('',0.823529481887817,0.823529481887817,
0.784313797950745);
#108040=FILL_AREA_STYLE_COLOUR('',#108030);
#108050=FILL_AREA_STYLE('',(#108040));
#108060=SURFACE_STYLE_FILL_AREA(#108050);
#108070=SURFACE_SIDE_STYLE('',(#108060));
#108080=SURFACE_STYLE_USAGE(.BOTH.,#108070);
#108090=PRESENTATION_STYLE_ASSIGNMENT((#108080));
#108100=CARTESIAN_POINT('',(51.116923,48.133846,1605.4));
#108110=DIRECTION('',(0.,1.,0.));
#108120=DIRECTION('',(1.,0.,0.));
#108130=AXIS2_PLACEMENT_3D('',#108100,#108110,#108120);
#108140=CYLINDRICAL_SURFACE('',#108130,3.1);
#108150=ORIENTED_EDGE('',*,*,#107970,.F.);
#108160=ORIENTED_EDGE('',*,*,#19270,.F.);
#108170=ORIENTED_EDGE('',*,*,#107420,.T.);
#108180=ORIENTED_EDGE('',*,*,#55570,.T.);
#108190=EDGE_LOOP('',(#108180,#108170,#108160,#108150));
#108200=FACE_OUTER_BOUND('',#108190,.T.);
#108210=ADVANCED_FACE('',(#108200),#108140,.F.);
#108220=COLOUR_RGB('',0.823529481887817,0.823529481887817,
0.784313797950745);
#108230=FILL_AREA_STYLE_COLOUR('',#108220);
#108240=FILL_AREA_STYLE('',(#108230));
#108250=SURFACE_STYLE_FILL_AREA(#108240);
#108260=SURFACE_SIDE_STYLE('',(#108250));
#108270=SURFACE_STYLE_USAGE(.BOTH.,#108260);
#108280=PRESENTATION_STYLE_ASSIGNMENT((#108270));
#108290=CARTESIAN_POINT('',(54.216923,48.133846,1621.6));
#108300=DIRECTION('',(-1.,-0.,-0.));
#108310=DIRECTION('',(0.,0.,-1.));
#108320=AXIS2_PLACEMENT_3D('',#108290,#108300,#108310);
#108330=PLANE('',#108320);
#108340=CARTESIAN_POINT('',(54.216923,48.133846,1630.4));
#108350=DIRECTION('',(0.,-1.,0.));
#108360=VECTOR('',#108350,1.);
#108370=LINE('',#108340,#108360);
#108380=EDGE_CURVE('',#55680,#17620,#108370,.T.);
#108390=ORIENTED_EDGE('',*,*,#108380,.F.);
#108400=ORIENTED_EDGE('',*,*,#17630,.T.);
#108410=CARTESIAN_POINT('',(54.216923,48.133846,1621.6));
#108420=DIRECTION('',(0.,-1.,0.));
#108430=VECTOR('',#108420,1.);
#108440=LINE('',#108410,#108430);
#108450=EDGE_CURVE('',#55660,#17540,#108440,.T.);
#108460=ORIENTED_EDGE('',*,*,#108450,.T.);
#108470=ORIENTED_EDGE('',*,*,#55690,.F.);
#108480=EDGE_LOOP('',(#108470,#108460,#108400,#108390));
#108490=FACE_OUTER_BOUND('',#108480,.T.);
#108500=ADVANCED_FACE('',(#108490),#108330,.T.);
#108510=COLOUR_RGB('',0.823529481887817,0.823529481887817,
0.784313797950745);
#108520=FILL_AREA_STYLE_COLOUR('',#108510);
#108530=FILL_AREA_STYLE('',(#108520));
#108540=SURFACE_STYLE_FILL_AREA(#108530);
#108550=SURFACE_SIDE_STYLE('',(#108540));
#108560=SURFACE_STYLE_USAGE(.BOTH.,#108550);
#108570=PRESENTATION_STYLE_ASSIGNMENT((#108560));
#108580=CARTESIAN_POINT('',(51.116923,48.133846,1621.6));
#108590=DIRECTION('',(0.,-1.,0.));
#108600=DIRECTION('',(1.,0.,0.));
#108610=AXIS2_PLACEMENT_3D('',#108580,#108590,#108600);
#108620=CYLINDRICAL_SURFACE('',#108610,3.1);
#108630=ORIENTED_EDGE('',*,*,#108450,.F.);
#108640=ORIENTED_EDGE('',*,*,#17550,.T.);
#108650=CARTESIAN_POINT('',(48.016923,48.133846,1621.6));
#108660=DIRECTION('',(0.,-1.,0.));
#108670=VECTOR('',#108660,1.);
#108680=LINE('',#108650,#108670);
#108690=EDGE_CURVE('',#55770,#17450,#108680,.T.);
#108700=ORIENTED_EDGE('',*,*,#108690,.T.);
#108710=ORIENTED_EDGE('',*,*,#55780,.F.);
#108720=EDGE_LOOP('',(#108710,#108700,#108640,#108630));
#108730=FACE_OUTER_BOUND('',#108720,.T.);
#108740=ADVANCED_FACE('',(#108730),#108620,.F.);
#108750=COLOUR_RGB('',0.823529481887817,0.823529481887817,
0.784313797950745);
#108760=FILL_AREA_STYLE_COLOUR('',#108750);
#108770=FILL_AREA_STYLE('',(#108760));
#108780=SURFACE_STYLE_FILL_AREA(#108770);
#108790=SURFACE_SIDE_STYLE('',(#108780));
#108800=SURFACE_STYLE_USAGE(.BOTH.,#108790);
#108810=PRESENTATION_STYLE_ASSIGNMENT((#108800));
#108820=CARTESIAN_POINT('',(48.016923,48.133846,1630.4));
#108830=DIRECTION('',(1.,0.,-0.));
#108840=DIRECTION('',(0.,0.,1.));
#108850=AXIS2_PLACEMENT_3D('',#108820,#108830,#108840);
#108860=PLANE('',#108850);
#108870=ORIENTED_EDGE('',*,*,#108690,.F.);
#108880=ORIENTED_EDGE('',*,*,#17460,.T.);
#108890=CARTESIAN_POINT('',(48.016923,48.133846,1630.4));
#108900=DIRECTION('',(0.,-1.,0.));
#108910=VECTOR('',#108900,1.);
#108920=LINE('',#108890,#108910);
#108930=EDGE_CURVE('',#55850,#17430,#108920,.T.);
#108940=ORIENTED_EDGE('',*,*,#108930,.T.);
#108950=ORIENTED_EDGE('',*,*,#55860,.F.);
#108960=EDGE_LOOP('',(#108950,#108940,#108880,#108870));
#108970=FACE_OUTER_BOUND('',#108960,.T.);
#108980=ADVANCED_FACE('',(#108970),#108860,.T.);
#108990=COLOUR_RGB('',0.823529481887817,0.823529481887817,
0.784313797950745);
#109000=FILL_AREA_STYLE_COLOUR('',#108990);
#109010=FILL_AREA_STYLE('',(#109000));
#109020=SURFACE_STYLE_FILL_AREA(#109010);
#109030=SURFACE_SIDE_STYLE('',(#109020));
#109040=SURFACE_STYLE_USAGE(.BOTH.,#109030);
#109050=PRESENTATION_STYLE_ASSIGNMENT((#109040));
#109060=CARTESIAN_POINT('',(51.116923,48.133846,1630.4));
#109070=DIRECTION('',(0.,1.,0.));
#109080=DIRECTION('',(1.,0.,0.));
#109090=AXIS2_PLACEMENT_3D('',#109060,#109070,#109080);
#109100=CYLINDRICAL_SURFACE('',#109090,3.1);
#109110=ORIENTED_EDGE('',*,*,#108930,.F.);
#109120=ORIENTED_EDGE('',*,*,#17700,.F.);
#109130=ORIENTED_EDGE('',*,*,#108380,.T.);
#109140=ORIENTED_EDGE('',*,*,#55930,.T.);
#109150=EDGE_LOOP('',(#109140,#109130,#109120,#109110));
#109160=FACE_OUTER_BOUND('',#109150,.T.);
#109170=ADVANCED_FACE('',(#109160),#109100,.F.);
#109180=COLOUR_RGB('',0.823529481887817,0.823529481887817,
0.784313797950745);
#109190=FILL_AREA_STYLE_COLOUR('',#109180);
#109200=FILL_AREA_STYLE('',(#109190));
#109210=SURFACE_STYLE_FILL_AREA(#109200);
#109220=SURFACE_SIDE_STYLE('',(#109210));
#109230=SURFACE_STYLE_USAGE(.BOTH.,#109220);
#109240=PRESENTATION_STYLE_ASSIGNMENT((#109230));
#109250=CARTESIAN_POINT('',(54.216923,48.133846,1821.6));
#109260=DIRECTION('',(-1.,-0.,-0.));
#109270=DIRECTION('',(0.,0.,-1.));
#109280=AXIS2_PLACEMENT_3D('',#109250,#109260,#109270);
#109290=PLANE('',#109280);
#109300=CARTESIAN_POINT('',(54.216923,48.133846,1830.4));
#109310=DIRECTION('',(0.,-1.,0.));
#109320=VECTOR('',#109310,1.);
#109330=LINE('',#109300,#109320);
#109340=EDGE_CURVE('',#56040,#33820,#109330,.T.);
#109350=ORIENTED_EDGE('',*,*,#109340,.F.);
#109360=ORIENTED_EDGE('',*,*,#33830,.T.);
#109370=CARTESIAN_POINT('',(54.216923,48.133846,1821.6));
#109380=DIRECTION('',(0.,-1.,0.));
#109390=VECTOR('',#109380,1.);
#109400=LINE('',#109370,#109390);
#109410=EDGE_CURVE('',#56020,#33740,#109400,.T.);
#109420=ORIENTED_EDGE('',*,*,#109410,.T.);
#109430=ORIENTED_EDGE('',*,*,#56050,.F.);
#109440=EDGE_LOOP('',(#109430,#109420,#109360,#109350));
#109450=FACE_OUTER_BOUND('',#109440,.T.);
#109460=ADVANCED_FACE('',(#109450),#109290,.T.);
#109470=COLOUR_RGB('',0.823529481887817,0.823529481887817,
0.784313797950745);
#109480=FILL_AREA_STYLE_COLOUR('',#109470);
#109490=FILL_AREA_STYLE('',(#109480));
#109500=SURFACE_STYLE_FILL_AREA(#109490);
#109510=SURFACE_SIDE_STYLE('',(#109500));
#109520=SURFACE_STYLE_USAGE(.BOTH.,#109510);
#109530=PRESENTATION_STYLE_ASSIGNMENT((#109520));
#109540=CARTESIAN_POINT('',(51.116923,48.133846,1821.6));
#109550=DIRECTION('',(0.,-1.,0.));
#109560=DIRECTION('',(1.,0.,0.));
#109570=AXIS2_PLACEMENT_3D('',#109540,#109550,#109560);
#109580=CYLINDRICAL_SURFACE('',#109570,3.1);
#109590=ORIENTED_EDGE('',*,*,#109410,.F.);
#109600=ORIENTED_EDGE('',*,*,#33750,.T.);
#109610=CARTESIAN_POINT('',(48.016923,48.133846,1821.6));
#109620=DIRECTION('',(0.,-1.,0.));
#109630=VECTOR('',#109620,1.);
#109640=LINE('',#109610,#109630);
#109650=EDGE_CURVE('',#56130,#33650,#109640,.T.);
#109660=ORIENTED_EDGE('',*,*,#109650,.T.);
#109670=ORIENTED_EDGE('',*,*,#56140,.F.);
#109680=EDGE_LOOP('',(#109670,#109660,#109600,#109590));
#109690=FACE_OUTER_BOUND('',#109680,.T.);
#109700=ADVANCED_FACE('',(#109690),#109580,.F.);
#109710=COLOUR_RGB('',0.823529481887817,0.823529481887817,
0.784313797950745);
#109720=FILL_AREA_STYLE_COLOUR('',#109710);
#109730=FILL_AREA_STYLE('',(#109720));
#109740=SURFACE_STYLE_FILL_AREA(#109730);
#109750=SURFACE_SIDE_STYLE('',(#109740));
#109760=SURFACE_STYLE_USAGE(.BOTH.,#109750);
#109770=PRESENTATION_STYLE_ASSIGNMENT((#109760));
#109780=CARTESIAN_POINT('',(48.016923,48.133846,1830.4));
#109790=DIRECTION('',(1.,0.,-0.));
#109800=DIRECTION('',(0.,0.,1.));
#109810=AXIS2_PLACEMENT_3D('',#109780,#109790,#109800);
#109820=PLANE('',#109810);
#109830=ORIENTED_EDGE('',*,*,#109650,.F.);
#109840=ORIENTED_EDGE('',*,*,#33660,.T.);
#109850=CARTESIAN_POINT('',(48.016923,48.133846,1830.4));
#109860=DIRECTION('',(0.,-1.,0.));
#109870=VECTOR('',#109860,1.);
#109880=LINE('',#109850,#109870);
#109890=EDGE_CURVE('',#56210,#33630,#109880,.T.);
#109900=ORIENTED_EDGE('',*,*,#109890,.T.);
#109910=ORIENTED_EDGE('',*,*,#56220,.F.);
#109920=EDGE_LOOP('',(#109910,#109900,#109840,#109830));
#109930=FACE_OUTER_BOUND('',#109920,.T.);
#109940=ADVANCED_FACE('',(#109930),#109820,.T.);
#109950=COLOUR_RGB('',0.823529481887817,0.823529481887817,
0.784313797950745);
#109960=FILL_AREA_STYLE_COLOUR('',#109950);
#109970=FILL_AREA_STYLE('',(#109960));
#109980=SURFACE_STYLE_FILL_AREA(#109970);
#109990=SURFACE_SIDE_STYLE('',(#109980));
#110000=SURFACE_STYLE_USAGE(.BOTH.,#109990);
#110010=PRESENTATION_STYLE_ASSIGNMENT((#110000));
#110020=CARTESIAN_POINT('',(51.116923,48.133846,1830.4));
#110030=DIRECTION('',(0.,1.,0.));
#110040=DIRECTION('',(1.,0.,0.));
#110050=AXIS2_PLACEMENT_3D('',#110020,#110030,#110040);
#110060=CYLINDRICAL_SURFACE('',#110050,3.1);
#110070=ORIENTED_EDGE('',*,*,#109890,.F.);
#110080=ORIENTED_EDGE('',*,*,#33900,.F.);
#110090=ORIENTED_EDGE('',*,*,#109340,.T.);
#110100=ORIENTED_EDGE('',*,*,#56290,.T.);
#110110=EDGE_LOOP('',(#110100,#110090,#110080,#110070));
#110120=FACE_OUTER_BOUND('',#110110,.T.);
#110130=ADVANCED_FACE('',(#110120),#110060,.F.);
#110140=COLOUR_RGB('',0.823529481887817,0.823529481887817,
0.784313797950745);
#110150=FILL_AREA_STYLE_COLOUR('',#110140);
#110160=FILL_AREA_STYLE('',(#110150));
#110170=SURFACE_STYLE_FILL_AREA(#110160);
#110180=SURFACE_SIDE_STYLE('',(#110170));
#110190=SURFACE_STYLE_USAGE(.BOTH.,#110180);
#110200=PRESENTATION_STYLE_ASSIGNMENT((#110190));
#110210=CARTESIAN_POINT('',(54.216923,48.133846,1946.6));
#110220=DIRECTION('',(-1.,-0.,-0.));
#110230=DIRECTION('',(0.,0.,-1.));
#110240=AXIS2_PLACEMENT_3D('',#110210,#110220,#110230);
#110250=PLANE('',#110240);
#110260=CARTESIAN_POINT('',(54.216923,48.133846,1955.4));
#110270=DIRECTION('',(0.,-1.,0.));
#110280=VECTOR('',#110270,1.);
#110290=LINE('',#110260,#110280);
#110300=EDGE_CURVE('',#56400,#30580,#110290,.T.);
#110310=ORIENTED_EDGE('',*,*,#110300,.F.);
#110320=ORIENTED_EDGE('',*,*,#30590,.T.);
#110330=CARTESIAN_POINT('',(54.216923,48.133846,1946.6));
#110340=DIRECTION('',(0.,-1.,0.));
#110350=VECTOR('',#110340,1.);
#110360=LINE('',#110330,#110350);
#110370=EDGE_CURVE('',#56380,#30500,#110360,.T.);
#110380=ORIENTED_EDGE('',*,*,#110370,.T.);
#110390=ORIENTED_EDGE('',*,*,#56410,.F.);
#110400=EDGE_LOOP('',(#110390,#110380,#110320,#110310));
#110410=FACE_OUTER_BOUND('',#110400,.T.);
#110420=ADVANCED_FACE('',(#110410),#110250,.T.);
#110430=COLOUR_RGB('',0.823529481887817,0.823529481887817,
0.784313797950745);
#110440=FILL_AREA_STYLE_COLOUR('',#110430);
#110450=FILL_AREA_STYLE('',(#110440));
#110460=SURFACE_STYLE_FILL_AREA(#110450);
#110470=SURFACE_SIDE_STYLE('',(#110460));
#110480=SURFACE_STYLE_USAGE(.BOTH.,#110470);
#110490=PRESENTATION_STYLE_ASSIGNMENT((#110480));
#110500=CARTESIAN_POINT('',(51.116923,48.133846,1946.6));
#110510=DIRECTION('',(0.,-1.,0.));
#110520=DIRECTION('',(1.,0.,0.));
#110530=AXIS2_PLACEMENT_3D('',#110500,#110510,#110520);
#110540=CYLINDRICAL_SURFACE('',#110530,3.1);
#110550=ORIENTED_EDGE('',*,*,#110370,.F.);
#110560=ORIENTED_EDGE('',*,*,#30510,.T.);
#110570=CARTESIAN_POINT('',(48.016923,48.133846,1946.6));
#110580=DIRECTION('',(0.,-1.,0.));
#110590=VECTOR('',#110580,1.);
#110600=LINE('',#110570,#110590);
#110610=EDGE_CURVE('',#56490,#30410,#110600,.T.);
#110620=ORIENTED_EDGE('',*,*,#110610,.T.);
#110630=ORIENTED_EDGE('',*,*,#56500,.F.);
#110640=EDGE_LOOP('',(#110630,#110620,#110560,#110550));
#110650=FACE_OUTER_BOUND('',#110640,.T.);
#110660=ADVANCED_FACE('',(#110650),#110540,.F.);
#110670=COLOUR_RGB('',0.823529481887817,0.823529481887817,
0.784313797950745);
#110680=FILL_AREA_STYLE_COLOUR('',#110670);
#110690=FILL_AREA_STYLE('',(#110680));
#110700=SURFACE_STYLE_FILL_AREA(#110690);
#110710=SURFACE_SIDE_STYLE('',(#110700));
#110720=SURFACE_STYLE_USAGE(.BOTH.,#110710);
#110730=PRESENTATION_STYLE_ASSIGNMENT((#110720));
#110740=CARTESIAN_POINT('',(48.016923,48.133846,1955.4));
#110750=DIRECTION('',(1.,0.,-0.));
#110760=DIRECTION('',(0.,0.,1.));
#110770=AXIS2_PLACEMENT_3D('',#110740,#110750,#110760);
#110780=PLANE('',#110770);
#110790=ORIENTED_EDGE('',*,*,#110610,.F.);
#110800=ORIENTED_EDGE('',*,*,#30420,.T.);
#110810=CARTESIAN_POINT('',(48.016923,48.133846,1955.4));
#110820=DIRECTION('',(0.,-1.,0.));
#110830=VECTOR('',#110820,1.);
#110840=LINE('',#110810,#110830);
#110850=EDGE_CURVE('',#56570,#30390,#110840,.T.);
#110860=ORIENTED_EDGE('',*,*,#110850,.T.);
#110870=ORIENTED_EDGE('',*,*,#56580,.F.);
#110880=EDGE_LOOP('',(#110870,#110860,#110800,#110790));
#110890=FACE_OUTER_BOUND('',#110880,.T.);
#110900=ADVANCED_FACE('',(#110890),#110780,.T.);
#110910=COLOUR_RGB('',0.823529481887817,0.823529481887817,
0.784313797950745);
#110920=FILL_AREA_STYLE_COLOUR('',#110910);
#110930=FILL_AREA_STYLE('',(#110920));
#110940=SURFACE_STYLE_FILL_AREA(#110930);
#110950=SURFACE_SIDE_STYLE('',(#110940));
#110960=SURFACE_STYLE_USAGE(.BOTH.,#110950);
#110970=PRESENTATION_STYLE_ASSIGNMENT((#110960));
#110980=CARTESIAN_POINT('',(51.116923,48.133846,1955.4));
#110990=DIRECTION('',(0.,1.,0.));
#111000=DIRECTION('',(1.,0.,0.));
#111010=AXIS2_PLACEMENT_3D('',#110980,#110990,#111000);
#111020=CYLINDRICAL_SURFACE('',#111010,3.1);
#111030=ORIENTED_EDGE('',*,*,#110850,.F.);
#111040=ORIENTED_EDGE('',*,*,#30660,.F.);
#111050=ORIENTED_EDGE('',*,*,#110300,.T.);
#111060=ORIENTED_EDGE('',*,*,#56650,.T.);
#111070=EDGE_LOOP('',(#111060,#111050,#111040,#111030));
#111080=FACE_OUTER_BOUND('',#111070,.T.);
#111090=ADVANCED_FACE('',(#111080),#111020,.F.);
#111100=COLOUR_RGB('',0.823529481887817,0.823529481887817,
0.784313797950745);
#111110=FILL_AREA_STYLE_COLOUR('',#111100);
#111120=FILL_AREA_STYLE('',(#111110));
#111130=SURFACE_STYLE_FILL_AREA(#111120);
#111140=SURFACE_SIDE_STYLE('',(#111130));
#111150=SURFACE_STYLE_USAGE(.BOTH.,#111140);
#111160=PRESENTATION_STYLE_ASSIGNMENT((#111150));
#111170=CARTESIAN_POINT('',(51.116923,48.133846,721.6));
#111180=DIRECTION('',(0.,-1.,0.));
#111190=DIRECTION('',(1.,0.,0.));
#111200=AXIS2_PLACEMENT_3D('',#111170,#111180,#111190);
#111210=CYLINDRICAL_SURFACE('',#111200,3.1);
#111220=CARTESIAN_POINT('',(54.216923,48.133846,721.6));
#111230=DIRECTION('',(0.,-1.,0.));
#111240=VECTOR('',#111230,1.);
#111250=LINE('',#111220,#111240);
#111260=EDGE_CURVE('',#56850,#27350,#111250,.T.);
#111270=ORIENTED_EDGE('',*,*,#111260,.F.);
#111280=ORIENTED_EDGE('',*,*,#27360,.T.);
#111290=CARTESIAN_POINT('',(48.016923,48.133846,721.6));
#111300=DIRECTION('',(0.,-1.,0.));
#111310=VECTOR('',#111300,1.);
#111320=LINE('',#111290,#111310);
#111330=EDGE_CURVE('',#56940,#27260,#111320,.T.);
#111340=ORIENTED_EDGE('',*,*,#111330,.T.);
#111350=ORIENTED_EDGE('',*,*,#56950,.F.);
#111360=EDGE_LOOP('',(#111350,#111340,#111280,#111270));
#111370=FACE_OUTER_BOUND('',#111360,.T.);
#111380=ADVANCED_FACE('',(#111370),#111210,.F.);
#111390=COLOUR_RGB('',0.823529481887817,0.823529481887817,
0.784313797950745);
#111400=FILL_AREA_STYLE_COLOUR('',#111390);
#111410=FILL_AREA_STYLE('',(#111400));
#111420=SURFACE_STYLE_FILL_AREA(#111410);
#111430=SURFACE_SIDE_STYLE('',(#111420));
#111440=SURFACE_STYLE_USAGE(.BOTH.,#111430);
#111450=PRESENTATION_STYLE_ASSIGNMENT((#111440));
#111460=CARTESIAN_POINT('',(54.216923,48.133846,721.6));
#111470=DIRECTION('',(-1.,-0.,-0.));
#111480=DIRECTION('',(0.,0.,-1.));
#111490=AXIS2_PLACEMENT_3D('',#111460,#111470,#111480);
#111500=PLANE('',#111490);
#111510=CARTESIAN_POINT('',(54.216923,48.133846,730.4));
#111520=DIRECTION('',(0.,-1.,0.));
#111530=VECTOR('',#111520,1.);
#111540=LINE('',#111510,#111530);
#111550=EDGE_CURVE('',#56770,#27180,#111540,.T.);
#111560=ORIENTED_EDGE('',*,*,#111550,.F.);
#111570=ORIENTED_EDGE('',*,*,#27420,.T.);
#111580=ORIENTED_EDGE('',*,*,#111260,.T.);
#111590=ORIENTED_EDGE('',*,*,#56860,.F.);
#111600=EDGE_LOOP('',(#111590,#111580,#111570,#111560));
#111610=FACE_OUTER_BOUND('',#111600,.T.);
#111620=ADVANCED_FACE('',(#111610),#111500,.T.);
#111630=COLOUR_RGB('',0.823529481887817,0.823529481887817,
0.784313797950745);
#111640=FILL_AREA_STYLE_COLOUR('',#111630);
#111650=FILL_AREA_STYLE('',(#111640));
#111660=SURFACE_STYLE_FILL_AREA(#111650);
#111670=SURFACE_SIDE_STYLE('',(#111660));
#111680=SURFACE_STYLE_USAGE(.BOTH.,#111670);
#111690=PRESENTATION_STYLE_ASSIGNMENT((#111680));
#111700=CARTESIAN_POINT('',(51.116923,48.133846,730.4));
#111710=DIRECTION('',(0.,1.,0.));
#111720=DIRECTION('',(1.,0.,0.));
#111730=AXIS2_PLACEMENT_3D('',#111700,#111710,#111720);
#111740=CYLINDRICAL_SURFACE('',#111730,3.1);
#111750=CARTESIAN_POINT('',(48.016923,48.133846,730.4));
#111760=DIRECTION('',(0.,-1.,0.));
#111770=VECTOR('',#111760,1.);
#111780=LINE('',#111750,#111770);
#111790=EDGE_CURVE('',#56750,#27160,#111780,.T.);
#111800=ORIENTED_EDGE('',*,*,#111790,.F.);
#111810=ORIENTED_EDGE('',*,*,#27190,.F.);
#111820=ORIENTED_EDGE('',*,*,#111550,.T.);
#111830=ORIENTED_EDGE('',*,*,#56780,.T.);
#111840=EDGE_LOOP('',(#111830,#111820,#111810,#111800));
#111850=FACE_OUTER_BOUND('',#111840,.T.);
#111860=ADVANCED_FACE('',(#111850),#111740,.F.);
#111870=COLOUR_RGB('',0.823529481887817,0.823529481887817,
0.784313797950745);
#111880=FILL_AREA_STYLE_COLOUR('',#111870);
#111890=FILL_AREA_STYLE('',(#111880));
#111900=SURFACE_STYLE_FILL_AREA(#111890);
#111910=SURFACE_SIDE_STYLE('',(#111900));
#111920=SURFACE_STYLE_USAGE(.BOTH.,#111910);
#111930=PRESENTATION_STYLE_ASSIGNMENT((#111920));
#111940=CARTESIAN_POINT('',(48.016923,48.133846,730.4));
#111950=DIRECTION('',(1.,0.,-0.));
#111960=DIRECTION('',(0.,0.,1.));
#111970=AXIS2_PLACEMENT_3D('',#111940,#111950,#111960);
#111980=PLANE('',#111970);
#111990=ORIENTED_EDGE('',*,*,#111330,.F.);
#112000=ORIENTED_EDGE('',*,*,#27270,.T.);
#112010=ORIENTED_EDGE('',*,*,#111790,.T.);
#112020=ORIENTED_EDGE('',*,*,#57010,.F.);
#112030=EDGE_LOOP('',(#112020,#112010,#112000,#111990));
#112040=FACE_OUTER_BOUND('',#112030,.T.);
#112050=ADVANCED_FACE('',(#112040),#111980,.T.);
#112060=COLOUR_RGB('',0.823529481887817,0.823529481887817,
0.784313797950745);
#112070=FILL_AREA_STYLE_COLOUR('',#112060);
#112080=FILL_AREA_STYLE('',(#112070));
#112090=SURFACE_STYLE_FILL_AREA(#112080);
#112100=SURFACE_SIDE_STYLE('',(#112090));
#112110=SURFACE_STYLE_USAGE(.BOTH.,#112100);
#112120=PRESENTATION_STYLE_ASSIGNMENT((#112110));
#112130=CARTESIAN_POINT('',(54.216923,48.133846,996.6));
#112140=DIRECTION('',(-1.,-0.,-0.));
#112150=DIRECTION('',(0.,0.,-1.));
#112160=AXIS2_PLACEMENT_3D('',#112130,#112140,#112150);
#112170=PLANE('',#112160);
#112180=CARTESIAN_POINT('',(54.216923,48.133846,1005.4));
#112190=DIRECTION('',(0.,-1.,0.));
#112200=VECTOR('',#112190,1.);
#112210=LINE('',#112180,#112200);
#112220=EDGE_CURVE('',#57120,#26260,#112210,.T.);
#112230=ORIENTED_EDGE('',*,*,#112220,.F.);
#112240=ORIENTED_EDGE('',*,*,#26270,.T.);
#112250=CARTESIAN_POINT('',(54.216923,48.133846,996.6));
#112260=DIRECTION('',(0.,-1.,0.));
#112270=VECTOR('',#112260,1.);
#112280=LINE('',#112250,#112270);
#112290=EDGE_CURVE('',#57100,#26180,#112280,.T.);
#112300=ORIENTED_EDGE('',*,*,#112290,.T.);
#112310=ORIENTED_EDGE('',*,*,#57130,.F.);
#112320=EDGE_LOOP('',(#112310,#112300,#112240,#112230));
#112330=FACE_OUTER_BOUND('',#112320,.T.);
#112340=ADVANCED_FACE('',(#112330),#112170,.T.);
#112350=COLOUR_RGB('',0.823529481887817,0.823529481887817,
0.784313797950745);
#112360=FILL_AREA_STYLE_COLOUR('',#112350);
#112370=FILL_AREA_STYLE('',(#112360));
#112380=SURFACE_STYLE_FILL_AREA(#112370);
#112390=SURFACE_SIDE_STYLE('',(#112380));
#112400=SURFACE_STYLE_USAGE(.BOTH.,#112390);
#112410=PRESENTATION_STYLE_ASSIGNMENT((#112400));
#112420=CARTESIAN_POINT('',(51.116923,48.133846,996.6));
#112430=DIRECTION('',(0.,-1.,0.));
#112440=DIRECTION('',(1.,0.,0.));
#112450=AXIS2_PLACEMENT_3D('',#112420,#112430,#112440);
#112460=CYLINDRICAL_SURFACE('',#112450,3.1);
#112470=ORIENTED_EDGE('',*,*,#112290,.F.);
#112480=ORIENTED_EDGE('',*,*,#26190,.T.);
#112490=CARTESIAN_POINT('',(48.016923,48.133846,996.6));
#112500=DIRECTION('',(0.,-1.,0.));
#112510=VECTOR('',#112500,1.);
#112520=LINE('',#112490,#112510);
#112530=EDGE_CURVE('',#57210,#26090,#112520,.T.);
#112540=ORIENTED_EDGE('',*,*,#112530,.T.);
#112550=ORIENTED_EDGE('',*,*,#57220,.F.);
#112560=EDGE_LOOP('',(#112550,#112540,#112480,#112470));
#112570=FACE_OUTER_BOUND('',#112560,.T.);
#112580=ADVANCED_FACE('',(#112570),#112460,.F.);
#112590=COLOUR_RGB('',0.823529481887817,0.823529481887817,
0.784313797950745);
#112600=FILL_AREA_STYLE_COLOUR('',#112590);
#112610=FILL_AREA_STYLE('',(#112600));
#112620=SURFACE_STYLE_FILL_AREA(#112610);
#112630=SURFACE_SIDE_STYLE('',(#112620));
#112640=SURFACE_STYLE_USAGE(.BOTH.,#112630);
#112650=PRESENTATION_STYLE_ASSIGNMENT((#112640));
#112660=CARTESIAN_POINT('',(48.016923,48.133846,1005.4));
#112670=DIRECTION('',(1.,0.,-0.));
#112680=DIRECTION('',(0.,0.,1.));
#112690=AXIS2_PLACEMENT_3D('',#112660,#112670,#112680);
#112700=PLANE('',#112690);
#112710=ORIENTED_EDGE('',*,*,#112530,.F.);
#112720=ORIENTED_EDGE('',*,*,#26100,.T.);
#112730=CARTESIAN_POINT('',(48.016923,48.133846,1005.4));
#112740=DIRECTION('',(0.,-1.,0.));
#112750=VECTOR('',#112740,1.);
#112760=LINE('',#112730,#112750);
#112770=EDGE_CURVE('',#57290,#26070,#112760,.T.);
#112780=ORIENTED_EDGE('',*,*,#112770,.T.);
#112790=ORIENTED_EDGE('',*,*,#57300,.F.);
#112800=EDGE_LOOP('',(#112790,#112780,#112720,#112710));
#112810=FACE_OUTER_BOUND('',#112800,.T.);
#112820=ADVANCED_FACE('',(#112810),#112700,.T.);
#112830=COLOUR_RGB('',0.823529481887817,0.823529481887817,
0.784313797950745);
#112840=FILL_AREA_STYLE_COLOUR('',#112830);
#112850=FILL_AREA_STYLE('',(#112840));
#112860=SURFACE_STYLE_FILL_AREA(#112850);
#112870=SURFACE_SIDE_STYLE('',(#112860));
#112880=SURFACE_STYLE_USAGE(.BOTH.,#112870);
#112890=PRESENTATION_STYLE_ASSIGNMENT((#112880));
#112900=CARTESIAN_POINT('',(51.116923,48.133846,1005.4));
#112910=DIRECTION('',(0.,1.,0.));
#112920=DIRECTION('',(1.,0.,0.));
#112930=AXIS2_PLACEMENT_3D('',#112900,#112910,#112920);
#112940=CYLINDRICAL_SURFACE('',#112930,3.1);
#112950=ORIENTED_EDGE('',*,*,#112770,.F.);
#112960=ORIENTED_EDGE('',*,*,#26340,.F.);
#112970=ORIENTED_EDGE('',*,*,#112220,.T.);
#112980=ORIENTED_EDGE('',*,*,#57370,.T.);
#112990=EDGE_LOOP('',(#112980,#112970,#112960,#112950));
#113000=FACE_OUTER_BOUND('',#112990,.T.);
#113010=ADVANCED_FACE('',(#113000),#112940,.F.);
#113020=COLOUR_RGB('',0.823529481887817,0.823529481887817,
0.784313797950745);
#113030=FILL_AREA_STYLE_COLOUR('',#113020);
#113040=FILL_AREA_STYLE('',(#113030));
#113050=SURFACE_STYLE_FILL_AREA(#113040);
#113060=SURFACE_SIDE_STYLE('',(#113050));
#113070=SURFACE_STYLE_USAGE(.BOTH.,#113060);
#113080=PRESENTATION_STYLE_ASSIGNMENT((#113070));
#113090=CARTESIAN_POINT('',(51.116923,48.133846,1346.6));
#113100=DIRECTION('',(0.,-1.,0.));
#113110=DIRECTION('',(1.,0.,0.));
#113120=AXIS2_PLACEMENT_3D('',#113090,#113100,#113110);
#113130=CYLINDRICAL_SURFACE('',#113120,3.1);
#113140=CARTESIAN_POINT('',(54.216923,48.133846,1346.6));
#113150=DIRECTION('',(0.,-1.,0.));
#113160=VECTOR('',#113150,1.);
#113170=LINE('',#113140,#113160);
#113180=EDGE_CURVE('',#57570,#26820,#113170,.T.);
#113190=ORIENTED_EDGE('',*,*,#113180,.F.);
#113200=ORIENTED_EDGE('',*,*,#26830,.T.);
#113210=CARTESIAN_POINT('',(48.016923,48.133846,1346.6));
#113220=DIRECTION('',(0.,-1.,0.));
#113230=VECTOR('',#113220,1.);
#113240=LINE('',#113210,#113230);
#113250=EDGE_CURVE('',#57660,#26800,#113240,.T.);
#113260=ORIENTED_EDGE('',*,*,#113250,.T.);
#113270=ORIENTED_EDGE('',*,*,#57670,.F.);
#113280=EDGE_LOOP('',(#113270,#113260,#113200,#113190));
#113290=FACE_OUTER_BOUND('',#113280,.T.);
#113300=ADVANCED_FACE('',(#113290),#113130,.F.);
#113310=COLOUR_RGB('',0.823529481887817,0.823529481887817,
0.784313797950745);
#113320=FILL_AREA_STYLE_COLOUR('',#113310);
#113330=FILL_AREA_STYLE('',(#113320));
#113340=SURFACE_STYLE_FILL_AREA(#113330);
#113350=SURFACE_SIDE_STYLE('',(#113340));
#113360=SURFACE_STYLE_USAGE(.BOTH.,#113350);
#113370=PRESENTATION_STYLE_ASSIGNMENT((#113360));
#113380=CARTESIAN_POINT('',(54.216923,48.133846,1346.6));
#113390=DIRECTION('',(-1.,-0.,-0.));
#113400=DIRECTION('',(0.,0.,-1.));
#113410=AXIS2_PLACEMENT_3D('',#113380,#113390,#113400);
#113420=PLANE('',#113410);
#113430=CARTESIAN_POINT('',(54.216923,48.133846,1355.4));
#113440=DIRECTION('',(0.,-1.,0.));
#113450=VECTOR('',#113440,1.);
#113460=LINE('',#113430,#113450);
#113470=EDGE_CURVE('',#57490,#26900,#113460,.T.);
#113480=ORIENTED_EDGE('',*,*,#113470,.F.);
#113490=ORIENTED_EDGE('',*,*,#26910,.T.);
#113500=ORIENTED_EDGE('',*,*,#113180,.T.);
#113510=ORIENTED_EDGE('',*,*,#57580,.F.);
#113520=EDGE_LOOP('',(#113510,#113500,#113490,#113480));
#113530=FACE_OUTER_BOUND('',#113520,.T.);
#113540=ADVANCED_FACE('',(#113530),#113420,.T.);
#113550=COLOUR_RGB('',0.823529481887817,0.823529481887817,
0.784313797950745);
#113560=FILL_AREA_STYLE_COLOUR('',#113550);
#113570=FILL_AREA_STYLE('',(#113560));
#113580=SURFACE_STYLE_FILL_AREA(#113570);
#113590=SURFACE_SIDE_STYLE('',(#113580));
#113600=SURFACE_STYLE_USAGE(.BOTH.,#113590);
#113610=PRESENTATION_STYLE_ASSIGNMENT((#113600));
#113620=CARTESIAN_POINT('',(51.116923,48.133846,1355.4));
#113630=DIRECTION('',(0.,1.,0.));
#113640=DIRECTION('',(1.,0.,0.));
#113650=AXIS2_PLACEMENT_3D('',#113620,#113630,#113640);
#113660=CYLINDRICAL_SURFACE('',#113650,3.1);
#113670=CARTESIAN_POINT('',(48.016923,48.133846,1355.4));
#113680=DIRECTION('',(0.,-1.,0.));
#113690=VECTOR('',#113680,1.);
#113700=LINE('',#113670,#113690);
#113710=EDGE_CURVE('',#57470,#26990,#113700,.T.);
#113720=ORIENTED_EDGE('',*,*,#113710,.F.);
#113730=ORIENTED_EDGE('',*,*,#27000,.F.);
#113740=ORIENTED_EDGE('',*,*,#113470,.T.);
#113750=ORIENTED_EDGE('',*,*,#57500,.T.);
#113760=EDGE_LOOP('',(#113750,#113740,#113730,#113720));
#113770=FACE_OUTER_BOUND('',#113760,.T.);
#113780=ADVANCED_FACE('',(#113770),#113660,.F.);
#113790=COLOUR_RGB('',0.823529481887817,0.823529481887817,
0.784313797950745);
#113800=FILL_AREA_STYLE_COLOUR('',#113790);
#113810=FILL_AREA_STYLE('',(#113800));
#113820=SURFACE_STYLE_FILL_AREA(#113810);
#113830=SURFACE_SIDE_STYLE('',(#113820));
#113840=SURFACE_STYLE_USAGE(.BOTH.,#113830);
#113850=PRESENTATION_STYLE_ASSIGNMENT((#113840));
#113860=CARTESIAN_POINT('',(48.016923,48.133846,1355.4));
#113870=DIRECTION('',(1.,0.,-0.));
#113880=DIRECTION('',(0.,0.,1.));
#113890=AXIS2_PLACEMENT_3D('',#113860,#113870,#113880);
#113900=PLANE('',#113890);
#113910=ORIENTED_EDGE('',*,*,#113250,.F.);
#113920=ORIENTED_EDGE('',*,*,#27060,.T.);
#113930=ORIENTED_EDGE('',*,*,#113710,.T.);
#113940=ORIENTED_EDGE('',*,*,#57730,.F.);
#113950=EDGE_LOOP('',(#113940,#113930,#113920,#113910));
#113960=FACE_OUTER_BOUND('',#113950,.T.);
#113970=ADVANCED_FACE('',(#113960),#113900,.T.);
#113980=COLOUR_RGB('',0.823529481887817,0.823529481887817,
0.784313797950745);
#113990=FILL_AREA_STYLE_COLOUR('',#113980);
#114000=FILL_AREA_STYLE('',(#113990));
#114010=SURFACE_STYLE_FILL_AREA(#114000);
#114020=SURFACE_SIDE_STYLE('',(#114010));
#114030=SURFACE_STYLE_USAGE(.BOTH.,#114020);
#114040=PRESENTATION_STYLE_ASSIGNMENT((#114030));
#114050=CARTESIAN_POINT('',(54.216923,48.133846,1471.6));
#114060=DIRECTION('',(-1.,-0.,-0.));
#114070=DIRECTION('',(0.,0.,-1.));
#114080=AXIS2_PLACEMENT_3D('',#114050,#114060,#114070);
#114090=PLANE('',#114080);
#114100=CARTESIAN_POINT('',(54.216923,48.133846,1480.4));
#114110=DIRECTION('',(0.,-1.,0.));
#114120=VECTOR('',#114110,1.);
#114130=LINE('',#114100,#114120);
#114140=EDGE_CURVE('',#57840,#24820,#114130,.T.);
#114150=ORIENTED_EDGE('',*,*,#114140,.F.);
#114160=ORIENTED_EDGE('',*,*,#24830,.T.);
#114170=CARTESIAN_POINT('',(54.216923,48.133846,1471.6));
#114180=DIRECTION('',(0.,-1.,0.));
#114190=VECTOR('',#114180,1.);
#114200=LINE('',#114170,#114190);
#114210=EDGE_CURVE('',#57820,#24740,#114200,.T.);
#114220=ORIENTED_EDGE('',*,*,#114210,.T.);
#114230=ORIENTED_EDGE('',*,*,#57850,.F.);
#114240=EDGE_LOOP('',(#114230,#114220,#114160,#114150));
#114250=FACE_OUTER_BOUND('',#114240,.T.);
#114260=ADVANCED_FACE('',(#114250),#114090,.T.);
#114270=COLOUR_RGB('',0.823529481887817,0.823529481887817,
0.784313797950745);
#114280=FILL_AREA_STYLE_COLOUR('',#114270);
#114290=FILL_AREA_STYLE('',(#114280));
#114300=SURFACE_STYLE_FILL_AREA(#114290);
#114310=SURFACE_SIDE_STYLE('',(#114300));
#114320=SURFACE_STYLE_USAGE(.BOTH.,#114310);
#114330=PRESENTATION_STYLE_ASSIGNMENT((#114320));
#114340=CARTESIAN_POINT('',(51.116923,48.133846,1471.6));
#114350=DIRECTION('',(0.,-1.,0.));
#114360=DIRECTION('',(1.,0.,0.));
#114370=AXIS2_PLACEMENT_3D('',#114340,#114350,#114360);
#114380=CYLINDRICAL_SURFACE('',#114370,3.1);
#114390=ORIENTED_EDGE('',*,*,#114210,.F.);
#114400=ORIENTED_EDGE('',*,*,#24750,.T.);
#114410=CARTESIAN_POINT('',(48.016923,48.133846,1471.6));
#114420=DIRECTION('',(0.,-1.,0.));
#114430=VECTOR('',#114420,1.);
#114440=LINE('',#114410,#114430);
#114450=EDGE_CURVE('',#57930,#24650,#114440,.T.);
#114460=ORIENTED_EDGE('',*,*,#114450,.T.);
#114470=ORIENTED_EDGE('',*,*,#57940,.F.);
#114480=EDGE_LOOP('',(#114470,#114460,#114400,#114390));
#114490=FACE_OUTER_BOUND('',#114480,.T.);
#114500=ADVANCED_FACE('',(#114490),#114380,.F.);
#114510=COLOUR_RGB('',0.823529481887817,0.823529481887817,
0.784313797950745);
#114520=FILL_AREA_STYLE_COLOUR('',#114510);
#114530=FILL_AREA_STYLE('',(#114520));
#114540=SURFACE_STYLE_FILL_AREA(#114530);
#114550=SURFACE_SIDE_STYLE('',(#114540));
#114560=SURFACE_STYLE_USAGE(.BOTH.,#114550);
#114570=PRESENTATION_STYLE_ASSIGNMENT((#114560));
#114580=CARTESIAN_POINT('',(48.016923,48.133846,1480.4));
#114590=DIRECTION('',(1.,0.,-0.));
#114600=DIRECTION('',(0.,0.,1.));
#114610=AXIS2_PLACEMENT_3D('',#114580,#114590,#114600);
#114620=PLANE('',#114610);
#114630=ORIENTED_EDGE('',*,*,#114450,.F.);
#114640=ORIENTED_EDGE('',*,*,#24660,.T.);
#114650=CARTESIAN_POINT('',(48.016923,48.133846,1480.4));
#114660=DIRECTION('',(0.,-1.,0.));
#114670=VECTOR('',#114660,1.);
#114680=LINE('',#114650,#114670);
#114690=EDGE_CURVE('',#58010,#24630,#114680,.T.);
#114700=ORIENTED_EDGE('',*,*,#114690,.T.);
#114710=ORIENTED_EDGE('',*,*,#58020,.F.);
#114720=EDGE_LOOP('',(#114710,#114700,#114640,#114630));
#114730=FACE_OUTER_BOUND('',#114720,.T.);
#114740=ADVANCED_FACE('',(#114730),#114620,.T.);
#114750=COLOUR_RGB('',0.823529481887817,0.823529481887817,
0.784313797950745);
#114760=FILL_AREA_STYLE_COLOUR('',#114750);
#114770=FILL_AREA_STYLE('',(#114760));
#114780=SURFACE_STYLE_FILL_AREA(#114770);
#114790=SURFACE_SIDE_STYLE('',(#114780));
#114800=SURFACE_STYLE_USAGE(.BOTH.,#114790);
#114810=PRESENTATION_STYLE_ASSIGNMENT((#114800));
#114820=CARTESIAN_POINT('',(51.116923,48.133846,1480.4));
#114830=DIRECTION('',(0.,1.,0.));
#114840=DIRECTION('',(1.,0.,0.));
#114850=AXIS2_PLACEMENT_3D('',#114820,#114830,#114840);
#114860=CYLINDRICAL_SURFACE('',#114850,3.1);
#114870=ORIENTED_EDGE('',*,*,#114690,.F.);
#114880=ORIENTED_EDGE('',*,*,#24900,.F.);
#114890=ORIENTED_EDGE('',*,*,#114140,.T.);
#114900=ORIENTED_EDGE('',*,*,#58090,.T.);
#114910=EDGE_LOOP('',(#114900,#114890,#114880,#114870));
#114920=FACE_OUTER_BOUND('',#114910,.T.);
#114930=ADVANCED_FACE('',(#114920),#114860,.F.);
#114940=COLOUR_RGB('',0.823529481887817,0.823529481887817,
0.784313797950745);
#114950=FILL_AREA_STYLE_COLOUR('',#114940);
#114960=FILL_AREA_STYLE('',(#114950));
#114970=SURFACE_STYLE_FILL_AREA(#114960);
#114980=SURFACE_SIDE_STYLE('',(#114970));
#114990=SURFACE_STYLE_USAGE(.BOTH.,#114980);
#115000=PRESENTATION_STYLE_ASSIGNMENT((#114990));
#115010=CARTESIAN_POINT('',(54.216923,48.133846,946.6));
#115020=DIRECTION('',(-1.,-0.,-0.));
#115030=DIRECTION('',(0.,0.,-1.));
#115040=AXIS2_PLACEMENT_3D('',#115010,#115020,#115030);
#115050=PLANE('',#115040);
#115060=CARTESIAN_POINT('',(54.216923,48.133846,955.4));
#115070=DIRECTION('',(0.,-1.,0.));
#115080=VECTOR('',#115070,1.);
#115090=LINE('',#115060,#115080);
#115100=EDGE_CURVE('',#58380,#37620,#115090,.T.);
#115110=ORIENTED_EDGE('',*,*,#115100,.F.);
#115120=ORIENTED_EDGE('',*,*,#37860,.T.);
#115130=CARTESIAN_POINT('',(54.216923,48.133846,946.6));
#115140=DIRECTION('',(0.,-1.,0.));
#115150=VECTOR('',#115140,1.);
#115160=LINE('',#115130,#115150);
#115170=EDGE_CURVE('',#58210,#37790,#115160,.T.);
#115180=ORIENTED_EDGE('',*,*,#115170,.T.);
#115190=ORIENTED_EDGE('',*,*,#58450,.F.);
#115200=EDGE_LOOP('',(#115190,#115180,#115120,#115110));
#115210=FACE_OUTER_BOUND('',#115200,.T.);
#115220=ADVANCED_FACE('',(#115210),#115050,.T.);
#115230=COLOUR_RGB('',0.823529481887817,0.823529481887817,
0.784313797950745);
#115240=FILL_AREA_STYLE_COLOUR('',#115230);
#115250=FILL_AREA_STYLE('',(#115240));
#115260=SURFACE_STYLE_FILL_AREA(#115250);
#115270=SURFACE_SIDE_STYLE('',(#115260));
#115280=SURFACE_STYLE_USAGE(.BOTH.,#115270);
#115290=PRESENTATION_STYLE_ASSIGNMENT((#115280));
#115300=CARTESIAN_POINT('',(51.116923,48.133846,946.6));
#115310=DIRECTION('',(0.,-1.,0.));
#115320=DIRECTION('',(1.,0.,0.));
#115330=AXIS2_PLACEMENT_3D('',#115300,#115310,#115320);
#115340=CYLINDRICAL_SURFACE('',#115330,3.1);
#115350=ORIENTED_EDGE('',*,*,#115170,.F.);
#115360=ORIENTED_EDGE('',*,*,#37800,.T.);
#115370=CARTESIAN_POINT('',(48.016923,48.133846,946.6));
#115380=DIRECTION('',(0.,-1.,0.));
#115390=VECTOR('',#115380,1.);
#115400=LINE('',#115370,#115390);
#115410=EDGE_CURVE('',#58190,#37700,#115400,.T.);
#115420=ORIENTED_EDGE('',*,*,#115410,.T.);
#115430=ORIENTED_EDGE('',*,*,#58220,.F.);
#115440=EDGE_LOOP('',(#115430,#115420,#115360,#115350));
#115450=FACE_OUTER_BOUND('',#115440,.T.);
#115460=ADVANCED_FACE('',(#115450),#115340,.F.);
#115470=COLOUR_RGB('',0.823529481887817,0.823529481887817,
0.784313797950745);
#115480=FILL_AREA_STYLE_COLOUR('',#115470);
#115490=FILL_AREA_STYLE('',(#115480));
#115500=SURFACE_STYLE_FILL_AREA(#115490);
#115510=SURFACE_SIDE_STYLE('',(#115500));
#115520=SURFACE_STYLE_USAGE(.BOTH.,#115510);
#115530=PRESENTATION_STYLE_ASSIGNMENT((#115520));
#115540=CARTESIAN_POINT('',(48.016923,48.133846,955.4));
#115550=DIRECTION('',(1.,0.,-0.));
#115560=DIRECTION('',(0.,0.,1.));
#115570=AXIS2_PLACEMENT_3D('',#115540,#115550,#115560);
#115580=PLANE('',#115570);
#115590=ORIENTED_EDGE('',*,*,#115410,.F.);
#115600=ORIENTED_EDGE('',*,*,#37710,.T.);
#115610=CARTESIAN_POINT('',(48.016923,48.133846,955.4));
#115620=DIRECTION('',(0.,-1.,0.));
#115630=VECTOR('',#115620,1.);
#115640=LINE('',#115610,#115630);
#115650=EDGE_CURVE('',#58290,#37600,#115640,.T.);
#115660=ORIENTED_EDGE('',*,*,#115650,.T.);
#115670=ORIENTED_EDGE('',*,*,#58300,.F.);
#115680=EDGE_LOOP('',(#115670,#115660,#115600,#115590));
#115690=FACE_OUTER_BOUND('',#115680,.T.);
#115700=ADVANCED_FACE('',(#115690),#115580,.T.);
#115710=COLOUR_RGB('',0.823529481887817,0.823529481887817,
0.784313797950745);
#115720=FILL_AREA_STYLE_COLOUR('',#115710);
#115730=FILL_AREA_STYLE('',(#115720));
#115740=SURFACE_STYLE_FILL_AREA(#115730);
#115750=SURFACE_SIDE_STYLE('',(#115740));
#115760=SURFACE_STYLE_USAGE(.BOTH.,#115750);
#115770=PRESENTATION_STYLE_ASSIGNMENT((#115760));
#115780=CARTESIAN_POINT('',(51.116923,48.133846,955.4));
#115790=DIRECTION('',(0.,1.,0.));
#115800=DIRECTION('',(1.,0.,0.));
#115810=AXIS2_PLACEMENT_3D('',#115780,#115790,#115800);
#115820=CYLINDRICAL_SURFACE('',#115810,3.1);
#115830=ORIENTED_EDGE('',*,*,#115650,.F.);
#115840=ORIENTED_EDGE('',*,*,#37630,.F.);
#115850=ORIENTED_EDGE('',*,*,#115100,.T.);
#115860=ORIENTED_EDGE('',*,*,#58390,.T.);
#115870=EDGE_LOOP('',(#115860,#115850,#115840,#115830));
#115880=FACE_OUTER_BOUND('',#115870,.T.);
#115890=ADVANCED_FACE('',(#115880),#115820,.F.);
#115900=COLOUR_RGB('',0.823529481887817,0.823529481887817,
0.784313797950745);
#115910=FILL_AREA_STYLE_COLOUR('',#115900);
#115920=FILL_AREA_STYLE('',(#115910));
#115930=SURFACE_STYLE_FILL_AREA(#115920);
#115940=SURFACE_SIDE_STYLE('',(#115930));
#115950=SURFACE_STYLE_USAGE(.BOTH.,#115940);
#115960=PRESENTATION_STYLE_ASSIGNMENT((#115950));
#115970=CARTESIAN_POINT('',(54.216923,48.133846,1146.6));
#115980=DIRECTION('',(-1.,-0.,-0.));
#115990=DIRECTION('',(0.,0.,-1.));
#116000=AXIS2_PLACEMENT_3D('',#115970,#115980,#115990);
#116010=PLANE('',#116000);
#116020=CARTESIAN_POINT('',(54.216923,48.133846,1155.4));
#116030=DIRECTION('',(0.,-1.,0.));
#116040=VECTOR('',#116030,1.);
#116050=LINE('',#116020,#116040);
#116060=EDGE_CURVE('',#58740,#23380,#116050,.T.);
#116070=ORIENTED_EDGE('',*,*,#116060,.F.);
#116080=ORIENTED_EDGE('',*,*,#23390,.T.);
#116090=CARTESIAN_POINT('',(54.216923,48.133846,1146.6));
#116100=DIRECTION('',(0.,-1.,0.));
#116110=VECTOR('',#116100,1.);
#116120=LINE('',#116090,#116110);
#116130=EDGE_CURVE('',#58570,#23300,#116120,.T.);
#116140=ORIENTED_EDGE('',*,*,#116130,.T.);
#116150=ORIENTED_EDGE('',*,*,#58810,.F.);
#116160=EDGE_LOOP('',(#116150,#116140,#116080,#116070));
#116170=FACE_OUTER_BOUND('',#116160,.T.);
#116180=ADVANCED_FACE('',(#116170),#116010,.T.);
#116190=COLOUR_RGB('',0.823529481887817,0.823529481887817,
0.784313797950745);
#116200=FILL_AREA_STYLE_COLOUR('',#116190);
#116210=FILL_AREA_STYLE('',(#116200));
#116220=SURFACE_STYLE_FILL_AREA(#116210);
#116230=SURFACE_SIDE_STYLE('',(#116220));
#116240=SURFACE_STYLE_USAGE(.BOTH.,#116230);
#116250=PRESENTATION_STYLE_ASSIGNMENT((#116240));
#116260=CARTESIAN_POINT('',(51.116923,48.133846,1146.6));
#116270=DIRECTION('',(0.,-1.,0.));
#116280=DIRECTION('',(1.,0.,0.));
#116290=AXIS2_PLACEMENT_3D('',#116260,#116270,#116280);
#116300=CYLINDRICAL_SURFACE('',#116290,3.1);
#116310=ORIENTED_EDGE('',*,*,#116130,.F.);
#116320=ORIENTED_EDGE('',*,*,#23310,.T.);
#116330=CARTESIAN_POINT('',(48.016923,48.133846,1146.6));
#116340=DIRECTION('',(0.,-1.,0.));
#116350=VECTOR('',#116340,1.);
#116360=LINE('',#116330,#116350);
#116370=EDGE_CURVE('',#58550,#23210,#116360,.T.);
#116380=ORIENTED_EDGE('',*,*,#116370,.T.);
#116390=ORIENTED_EDGE('',*,*,#58580,.F.);
#116400=EDGE_LOOP('',(#116390,#116380,#116320,#116310));
#116410=FACE_OUTER_BOUND('',#116400,.T.);
#116420=ADVANCED_FACE('',(#116410),#116300,.F.);
#116430=COLOUR_RGB('',0.823529481887817,0.823529481887817,
0.784313797950745);
#116440=FILL_AREA_STYLE_COLOUR('',#116430);
#116450=FILL_AREA_STYLE('',(#116440));
#116460=SURFACE_STYLE_FILL_AREA(#116450);
#116470=SURFACE_SIDE_STYLE('',(#116460));
#116480=SURFACE_STYLE_USAGE(.BOTH.,#116470);
#116490=PRESENTATION_STYLE_ASSIGNMENT((#116480));
#116500=CARTESIAN_POINT('',(48.016923,48.133846,1155.4));
#116510=DIRECTION('',(1.,0.,-0.));
#116520=DIRECTION('',(0.,0.,1.));
#116530=AXIS2_PLACEMENT_3D('',#116500,#116510,#116520);
#116540=PLANE('',#116530);
#116550=ORIENTED_EDGE('',*,*,#116370,.F.);
#116560=ORIENTED_EDGE('',*,*,#23220,.T.);
#116570=CARTESIAN_POINT('',(48.016923,48.133846,1155.4));
#116580=DIRECTION('',(0.,-1.,0.));
#116590=VECTOR('',#116580,1.);
#116600=LINE('',#116570,#116590);
#116610=EDGE_CURVE('',#58650,#23190,#116600,.T.);
#116620=ORIENTED_EDGE('',*,*,#116610,.T.);
#116630=ORIENTED_EDGE('',*,*,#58660,.F.);
#116640=EDGE_LOOP('',(#116630,#116620,#116560,#116550));
#116650=FACE_OUTER_BOUND('',#116640,.T.);
#116660=ADVANCED_FACE('',(#116650),#116540,.T.);
#116670=COLOUR_RGB('',0.823529481887817,0.823529481887817,
0.784313797950745);
#116680=FILL_AREA_STYLE_COLOUR('',#116670);
#116690=FILL_AREA_STYLE('',(#116680));
#116700=SURFACE_STYLE_FILL_AREA(#116690);
#116710=SURFACE_SIDE_STYLE('',(#116700));
#116720=SURFACE_STYLE_USAGE(.BOTH.,#116710);
#116730=PRESENTATION_STYLE_ASSIGNMENT((#116720));
#116740=CARTESIAN_POINT('',(51.116923,48.133846,1155.4));
#116750=DIRECTION('',(0.,1.,0.));
#116760=DIRECTION('',(1.,0.,0.));
#116770=AXIS2_PLACEMENT_3D('',#116740,#116750,#116760);
#116780=CYLINDRICAL_SURFACE('',#116770,3.1);
#116790=ORIENTED_EDGE('',*,*,#116610,.F.);
#116800=ORIENTED_EDGE('',*,*,#23460,.F.);
#116810=ORIENTED_EDGE('',*,*,#116060,.T.);
#116820=ORIENTED_EDGE('',*,*,#58750,.T.);
#116830=EDGE_LOOP('',(#116820,#116810,#116800,#116790));
#116840=FACE_OUTER_BOUND('',#116830,.T.);
#116850=ADVANCED_FACE('',(#116840),#116780,.F.);
#116860=COLOUR_RGB('',0.823529481887817,0.823529481887817,
0.784313797950745);
#116870=FILL_AREA_STYLE_COLOUR('',#116860);
#116880=FILL_AREA_STYLE('',(#116870));
#116890=SURFACE_STYLE_FILL_AREA(#116880);
#116900=SURFACE_SIDE_STYLE('',(#116890));
#116910=SURFACE_STYLE_USAGE(.BOTH.,#116900);
#116920=PRESENTATION_STYLE_ASSIGNMENT((#116910));
#116930=CARTESIAN_POINT('',(54.216923,48.133846,271.6));
#116940=DIRECTION('',(-1.,-0.,-0.));
#116950=DIRECTION('',(0.,0.,-1.));
#116960=AXIS2_PLACEMENT_3D('',#116930,#116940,#116950);
#116970=PLANE('',#116960);
#116980=CARTESIAN_POINT('',(54.216923,48.133846,280.4));
#116990=DIRECTION('',(0.,-1.,0.));
#117000=VECTOR('',#116990,1.);
#117010=LINE('',#116980,#117000);
#117020=EDGE_CURVE('',#58920,#40850,#117010,.T.);
#117030=ORIENTED_EDGE('',*,*,#117020,.F.);
#117040=ORIENTED_EDGE('',*,*,#40860,.T.);
#117050=CARTESIAN_POINT('',(54.216923,48.133846,271.6));
#117060=DIRECTION('',(0.,-1.,0.));
#117070=VECTOR('',#117060,1.);
#117080=LINE('',#117050,#117070);
#117090=EDGE_CURVE('',#58900,#40830,#117080,.T.);
#117100=ORIENTED_EDGE('',*,*,#117090,.T.);
#117110=ORIENTED_EDGE('',*,*,#58930,.F.);
#117120=EDGE_LOOP('',(#117110,#117100,#117040,#117030));
#117130=FACE_OUTER_BOUND('',#117120,.T.);
#117140=ADVANCED_FACE('',(#117130),#116970,.T.);
#117150=COLOUR_RGB('',0.823529481887817,0.823529481887817,
0.784313797950745);
#117160=FILL_AREA_STYLE_COLOUR('',#117150);
#117170=FILL_AREA_STYLE('',(#117160));
#117180=SURFACE_STYLE_FILL_AREA(#117170);
#117190=SURFACE_SIDE_STYLE('',(#117180));
#117200=SURFACE_STYLE_USAGE(.BOTH.,#117190);
#117210=PRESENTATION_STYLE_ASSIGNMENT((#117200));
#117220=CARTESIAN_POINT('',(51.116923,48.133846,271.6));
#117230=DIRECTION('',(0.,-1.,0.));
#117240=DIRECTION('',(1.,0.,0.));
#117250=AXIS2_PLACEMENT_3D('',#117220,#117230,#117240);
#117260=CYLINDRICAL_SURFACE('',#117250,3.1);
#117270=ORIENTED_EDGE('',*,*,#117090,.F.);
#117280=ORIENTED_EDGE('',*,*,#41100,.T.);
#117290=CARTESIAN_POINT('',(48.016923,48.133846,271.6));
#117300=DIRECTION('',(0.,-1.,0.));
#117310=VECTOR('',#117300,1.);
#117320=LINE('',#117290,#117310);
#117330=EDGE_CURVE('',#59010,#41020,#117320,.T.);
#117340=ORIENTED_EDGE('',*,*,#117330,.T.);
#117350=ORIENTED_EDGE('',*,*,#59020,.F.);
#117360=EDGE_LOOP('',(#117350,#117340,#117280,#117270));
#117370=FACE_OUTER_BOUND('',#117360,.T.);
#117380=ADVANCED_FACE('',(#117370),#117260,.F.);
#117390=COLOUR_RGB('',0.823529481887817,0.823529481887817,
0.784313797950745);
#117400=FILL_AREA_STYLE_COLOUR('',#117390);
#117410=FILL_AREA_STYLE('',(#117400));
#117420=SURFACE_STYLE_FILL_AREA(#117410);
#117430=SURFACE_SIDE_STYLE('',(#117420));
#117440=SURFACE_STYLE_USAGE(.BOTH.,#117430);
#117450=PRESENTATION_STYLE_ASSIGNMENT((#117440));
#117460=CARTESIAN_POINT('',(48.016923,48.133846,280.4));
#117470=DIRECTION('',(1.,0.,-0.));
#117480=DIRECTION('',(0.,0.,1.));
#117490=AXIS2_PLACEMENT_3D('',#117460,#117470,#117480);
#117500=PLANE('',#117490);
#117510=ORIENTED_EDGE('',*,*,#117330,.F.);
#117520=ORIENTED_EDGE('',*,*,#41030,.T.);
#117530=CARTESIAN_POINT('',(48.016923,48.133846,280.4));
#117540=DIRECTION('',(0.,-1.,0.));
#117550=VECTOR('',#117540,1.);
#117560=LINE('',#117530,#117550);
#117570=EDGE_CURVE('',#59090,#40940,#117560,.T.);
#117580=ORIENTED_EDGE('',*,*,#117570,.T.);
#117590=ORIENTED_EDGE('',*,*,#59100,.F.);
#117600=EDGE_LOOP('',(#117590,#117580,#117520,#117510));
#117610=FACE_OUTER_BOUND('',#117600,.T.);
#117620=ADVANCED_FACE('',(#117610),#117500,.T.);
#117630=COLOUR_RGB('',0.823529481887817,0.823529481887817,
0.784313797950745);
#117640=FILL_AREA_STYLE_COLOUR('',#117630);
#117650=FILL_AREA_STYLE('',(#117640));
#117660=SURFACE_STYLE_FILL_AREA(#117650);
#117670=SURFACE_SIDE_STYLE('',(#117660));
#117680=SURFACE_STYLE_USAGE(.BOTH.,#117670);
#117690=PRESENTATION_STYLE_ASSIGNMENT((#117680));
#117700=CARTESIAN_POINT('',(51.116923,48.133846,280.4));
#117710=DIRECTION('',(0.,1.,0.));
#117720=DIRECTION('',(1.,0.,0.));
#117730=AXIS2_PLACEMENT_3D('',#117700,#117710,#117720);
#117740=CYLINDRICAL_SURFACE('',#117730,3.1);
#117750=ORIENTED_EDGE('',*,*,#117570,.F.);
#117760=ORIENTED_EDGE('',*,*,#40950,.F.);
#117770=ORIENTED_EDGE('',*,*,#117020,.T.);
#117780=ORIENTED_EDGE('',*,*,#59170,.T.);
#117790=EDGE_LOOP('',(#117780,#117770,#117760,#117750));
#117800=FACE_OUTER_BOUND('',#117790,.T.);
#117810=ADVANCED_FACE('',(#117800),#117740,.F.);
#117820=COLOUR_RGB('',0.823529481887817,0.823529481887817,
0.784313797950745);
#117830=FILL_AREA_STYLE_COLOUR('',#117820);
#117840=FILL_AREA_STYLE('',(#117830));
#117850=SURFACE_STYLE_FILL_AREA(#117840);
#117860=SURFACE_SIDE_STYLE('',(#117850));
#117870=SURFACE_STYLE_USAGE(.BOTH.,#117860);
#117880=PRESENTATION_STYLE_ASSIGNMENT((#117870));
#117890=CARTESIAN_POINT('',(54.216923,48.133846,671.6));
#117900=DIRECTION('',(-1.,-0.,-0.));
#117910=DIRECTION('',(0.,0.,-1.));
#117920=AXIS2_PLACEMENT_3D('',#117890,#117900,#117910);
#117930=PLANE('',#117920);
#117940=CARTESIAN_POINT('',(54.216923,48.133846,680.4));
#117950=DIRECTION('',(0.,-1.,0.));
#117960=VECTOR('',#117950,1.);
#117970=LINE('',#117940,#117960);
#117980=EDGE_CURVE('',#59280,#31300,#117970,.T.);
#117990=ORIENTED_EDGE('',*,*,#117980,.F.);
#118000=ORIENTED_EDGE('',*,*,#31310,.T.);
#118010=CARTESIAN_POINT('',(54.216923,48.133846,671.6));
#118020=DIRECTION('',(0.,-1.,0.));
#118030=VECTOR('',#118020,1.);
#118040=LINE('',#118010,#118030);
#118050=EDGE_CURVE('',#59260,#31220,#118040,.T.);
#118060=ORIENTED_EDGE('',*,*,#118050,.T.);
#118070=ORIENTED_EDGE('',*,*,#59290,.F.);
#118080=EDGE_LOOP('',(#118070,#118060,#118000,#117990));
#118090=FACE_OUTER_BOUND('',#118080,.T.);
#118100=ADVANCED_FACE('',(#118090),#117930,.T.);
#118110=COLOUR_RGB('',0.823529481887817,0.823529481887817,
0.784313797950745);
#118120=FILL_AREA_STYLE_COLOUR('',#118110);
#118130=FILL_AREA_STYLE('',(#118120));
#118140=SURFACE_STYLE_FILL_AREA(#118130);
#118150=SURFACE_SIDE_STYLE('',(#118140));
#118160=SURFACE_STYLE_USAGE(.BOTH.,#118150);
#118170=PRESENTATION_STYLE_ASSIGNMENT((#118160));
#118180=CARTESIAN_POINT('',(51.116923,48.133846,671.6));
#118190=DIRECTION('',(0.,-1.,0.));
#118200=DIRECTION('',(1.,0.,0.));
#118210=AXIS2_PLACEMENT_3D('',#118180,#118190,#118200);
#118220=CYLINDRICAL_SURFACE('',#118210,3.1);
#118230=ORIENTED_EDGE('',*,*,#118050,.F.);
#118240=ORIENTED_EDGE('',*,*,#31230,.T.);
#118250=CARTESIAN_POINT('',(48.016923,48.133846,671.6));
#118260=DIRECTION('',(0.,-1.,0.));
#118270=VECTOR('',#118260,1.);
#118280=LINE('',#118250,#118270);
#118290=EDGE_CURVE('',#59370,#31130,#118280,.T.);
#118300=ORIENTED_EDGE('',*,*,#118290,.T.);
#118310=ORIENTED_EDGE('',*,*,#59380,.F.);
#118320=EDGE_LOOP('',(#118310,#118300,#118240,#118230));
#118330=FACE_OUTER_BOUND('',#118320,.T.);
#118340=ADVANCED_FACE('',(#118330),#118220,.F.);
#118350=COLOUR_RGB('',0.823529481887817,0.823529481887817,
0.784313797950745);
#118360=FILL_AREA_STYLE_COLOUR('',#118350);
#118370=FILL_AREA_STYLE('',(#118360));
#118380=SURFACE_STYLE_FILL_AREA(#118370);
#118390=SURFACE_SIDE_STYLE('',(#118380));
#118400=SURFACE_STYLE_USAGE(.BOTH.,#118390);
#118410=PRESENTATION_STYLE_ASSIGNMENT((#118400));
#118420=CARTESIAN_POINT('',(48.016923,48.133846,680.4));
#118430=DIRECTION('',(1.,0.,-0.));
#118440=DIRECTION('',(0.,0.,1.));
#118450=AXIS2_PLACEMENT_3D('',#118420,#118430,#118440);
#118460=PLANE('',#118450);
#118470=ORIENTED_EDGE('',*,*,#118290,.F.);
#118480=ORIENTED_EDGE('',*,*,#31140,.T.);
#118490=CARTESIAN_POINT('',(48.016923,48.133846,680.4));
#118500=DIRECTION('',(0.,-1.,0.));
#118510=VECTOR('',#118500,1.);
#118520=LINE('',#118490,#118510);
#118530=EDGE_CURVE('',#59450,#31110,#118520,.T.);
#118540=ORIENTED_EDGE('',*,*,#118530,.T.);
#118550=ORIENTED_EDGE('',*,*,#59460,.F.);
#118560=EDGE_LOOP('',(#118550,#118540,#118480,#118470));
#118570=FACE_OUTER_BOUND('',#118560,.T.);
#118580=ADVANCED_FACE('',(#118570),#118460,.T.);
#118590=COLOUR_RGB('',0.823529481887817,0.823529481887817,
0.784313797950745);
#118600=FILL_AREA_STYLE_COLOUR('',#118590);
#118610=FILL_AREA_STYLE('',(#118600));
#118620=SURFACE_STYLE_FILL_AREA(#118610);
#118630=SURFACE_SIDE_STYLE('',(#118620));
#118640=SURFACE_STYLE_USAGE(.BOTH.,#118630);
#118650=PRESENTATION_STYLE_ASSIGNMENT((#118640));
#118660=CARTESIAN_POINT('',(51.116923,48.133846,680.4));
#118670=DIRECTION('',(0.,1.,0.));
#118680=DIRECTION('',(1.,0.,0.));
#118690=AXIS2_PLACEMENT_3D('',#118660,#118670,#118680);
#118700=CYLINDRICAL_SURFACE('',#118690,3.1);
#118710=ORIENTED_EDGE('',*,*,#118530,.F.);
#118720=ORIENTED_EDGE('',*,*,#31380,.F.);
#118730=ORIENTED_EDGE('',*,*,#117980,.T.);
#118740=ORIENTED_EDGE('',*,*,#59530,.T.);
#118750=EDGE_LOOP('',(#118740,#118730,#118720,#118710));
#118760=FACE_OUTER_BOUND('',#118750,.T.);
#118770=ADVANCED_FACE('',(#118760),#118700,.F.);
#118780=COLOUR_RGB('',0.823529481887817,0.823529481887817,
0.784313797950745);
#118790=FILL_AREA_STYLE_COLOUR('',#118780);
#118800=FILL_AREA_STYLE('',(#118790));
#118810=SURFACE_STYLE_FILL_AREA(#118800);
#118820=SURFACE_SIDE_STYLE('',(#118810));
#118830=SURFACE_STYLE_USAGE(.BOTH.,#118820);
#118840=PRESENTATION_STYLE_ASSIGNMENT((#118830));
#118850=CARTESIAN_POINT('',(54.216923,48.133846,896.6));
#118860=DIRECTION('',(-1.,-0.,-0.));
#118870=DIRECTION('',(0.,0.,-1.));
#118880=AXIS2_PLACEMENT_3D('',#118850,#118860,#118870);
#118890=PLANE('',#118880);
#118900=CARTESIAN_POINT('',(54.216923,48.133846,905.4));
#118910=DIRECTION('',(0.,-1.,0.));
#118920=VECTOR('',#118910,1.);
#118930=LINE('',#118900,#118920);
#118940=EDGE_CURVE('',#59820,#32580,#118930,.T.);
#118950=ORIENTED_EDGE('',*,*,#118940,.F.);
#118960=ORIENTED_EDGE('',*,*,#32820,.T.);
#118970=CARTESIAN_POINT('',(54.216923,48.133846,896.6));
#118980=DIRECTION('',(0.,-1.,0.));
#118990=VECTOR('',#118980,1.);
#119000=LINE('',#118970,#118990);
#119010=EDGE_CURVE('',#59650,#32750,#119000,.T.);
#119020=ORIENTED_EDGE('',*,*,#119010,.T.);
#119030=ORIENTED_EDGE('',*,*,#59890,.F.);
#119040=EDGE_LOOP('',(#119030,#119020,#118960,#118950));
#119050=FACE_OUTER_BOUND('',#119040,.T.);
#119060=ADVANCED_FACE('',(#119050),#118890,.T.);
#119070=COLOUR_RGB('',0.823529481887817,0.823529481887817,
0.784313797950745);
#119080=FILL_AREA_STYLE_COLOUR('',#119070);
#119090=FILL_AREA_STYLE('',(#119080));
#119100=SURFACE_STYLE_FILL_AREA(#119090);
#119110=SURFACE_SIDE_STYLE('',(#119100));
#119120=SURFACE_STYLE_USAGE(.BOTH.,#119110);
#119130=PRESENTATION_STYLE_ASSIGNMENT((#119120));
#119140=CARTESIAN_POINT('',(51.116923,48.133846,896.6));
#119150=DIRECTION('',(0.,-1.,0.));
#119160=DIRECTION('',(1.,0.,0.));
#119170=AXIS2_PLACEMENT_3D('',#119140,#119150,#119160);
#119180=CYLINDRICAL_SURFACE('',#119170,3.1);
#119190=ORIENTED_EDGE('',*,*,#119010,.F.);
#119200=ORIENTED_EDGE('',*,*,#32760,.T.);
#119210=CARTESIAN_POINT('',(48.016923,48.133846,896.6));
#119220=DIRECTION('',(0.,-1.,0.));
#119230=VECTOR('',#119220,1.);
#119240=LINE('',#119210,#119230);
#119250=EDGE_CURVE('',#59630,#32660,#119240,.T.);
#119260=ORIENTED_EDGE('',*,*,#119250,.T.);
#119270=ORIENTED_EDGE('',*,*,#59660,.F.);
#119280=EDGE_LOOP('',(#119270,#119260,#119200,#119190));
#119290=FACE_OUTER_BOUND('',#119280,.T.);
#119300=ADVANCED_FACE('',(#119290),#119180,.F.);
#119310=COLOUR_RGB('',0.823529481887817,0.823529481887817,
0.784313797950745);
#119320=FILL_AREA_STYLE_COLOUR('',#119310);
#119330=FILL_AREA_STYLE('',(#119320));
#119340=SURFACE_STYLE_FILL_AREA(#119330);
#119350=SURFACE_SIDE_STYLE('',(#119340));
#119360=SURFACE_STYLE_USAGE(.BOTH.,#119350);
#119370=PRESENTATION_STYLE_ASSIGNMENT((#119360));
#119380=CARTESIAN_POINT('',(48.016923,48.133846,905.4));
#119390=DIRECTION('',(1.,0.,-0.));
#119400=DIRECTION('',(0.,0.,1.));
#119410=AXIS2_PLACEMENT_3D('',#119380,#119390,#119400);
#119420=PLANE('',#119410);
#119430=ORIENTED_EDGE('',*,*,#119250,.F.);
#119440=ORIENTED_EDGE('',*,*,#32670,.T.);
#119450=CARTESIAN_POINT('',(48.016923,48.133846,905.4));
#119460=DIRECTION('',(0.,-1.,0.));
#119470=VECTOR('',#119460,1.);
#119480=LINE('',#119450,#119470);
#119490=EDGE_CURVE('',#59730,#32560,#119480,.T.);
#119500=ORIENTED_EDGE('',*,*,#119490,.T.);
#119510=ORIENTED_EDGE('',*,*,#59740,.F.);
#119520=EDGE_LOOP('',(#119510,#119500,#119440,#119430));
#119530=FACE_OUTER_BOUND('',#119520,.T.);
#119540=ADVANCED_FACE('',(#119530),#119420,.T.);
#119550=COLOUR_RGB('',0.823529481887817,0.823529481887817,
0.784313797950745);
#119560=FILL_AREA_STYLE_COLOUR('',#119550);
#119570=FILL_AREA_STYLE('',(#119560));
#119580=SURFACE_STYLE_FILL_AREA(#119570);
#119590=SURFACE_SIDE_STYLE('',(#119580));
#119600=SURFACE_STYLE_USAGE(.BOTH.,#119590);
#119610=PRESENTATION_STYLE_ASSIGNMENT((#119600));
#119620=CARTESIAN_POINT('',(51.116923,48.133846,905.4));
#119630=DIRECTION('',(0.,1.,0.));
#119640=DIRECTION('',(1.,0.,0.));
#119650=AXIS2_PLACEMENT_3D('',#119620,#119630,#119640);
#119660=CYLINDRICAL_SURFACE('',#119650,3.1);
#119670=ORIENTED_EDGE('',*,*,#119490,.F.);
#119680=ORIENTED_EDGE('',*,*,#32590,.F.);
#119690=ORIENTED_EDGE('',*,*,#118940,.T.);
#119700=ORIENTED_EDGE('',*,*,#59830,.T.);
#119710=EDGE_LOOP('',(#119700,#119690,#119680,#119670));
#119720=FACE_OUTER_BOUND('',#119710,.T.);
#119730=ADVANCED_FACE('',(#119720),#119660,.F.);
#119740=COLOUR_RGB('',0.823529481887817,0.823529481887817,
0.784313797950745);
#119750=FILL_AREA_STYLE_COLOUR('',#119740);
#119760=FILL_AREA_STYLE('',(#119750));
#119770=SURFACE_STYLE_FILL_AREA(#119760);
#119780=SURFACE_SIDE_STYLE('',(#119770));
#119790=SURFACE_STYLE_USAGE(.BOTH.,#119780);
#119800=PRESENTATION_STYLE_ASSIGNMENT((#119790));
#119810=CARTESIAN_POINT('',(54.216923,48.133846,1396.6));
#119820=DIRECTION('',(-1.,-0.,-0.));
#119830=DIRECTION('',(0.,0.,-1.));
#119840=AXIS2_PLACEMENT_3D('',#119810,#119820,#119830);
#119850=PLANE('',#119840);
#119860=CARTESIAN_POINT('',(54.216923,48.133846,1405.4));
#119870=DIRECTION('',(0.,-1.,0.));
#119880=VECTOR('',#119870,1.);
#119890=LINE('',#119860,#119880);
#119900=EDGE_CURVE('',#60180,#20500,#119890,.T.);
#119910=ORIENTED_EDGE('',*,*,#119900,.F.);
#119920=ORIENTED_EDGE('',*,*,#20510,.T.);
#119930=CARTESIAN_POINT('',(54.216923,48.133846,1396.6));
#119940=DIRECTION('',(0.,-1.,0.));
#119950=VECTOR('',#119940,1.);
#119960=LINE('',#119930,#119950);
#119970=EDGE_CURVE('',#60010,#20420,#119960,.T.);
#119980=ORIENTED_EDGE('',*,*,#119970,.T.);
#119990=ORIENTED_EDGE('',*,*,#60250,.F.);
#120000=EDGE_LOOP('',(#119990,#119980,#119920,#119910));
#120010=FACE_OUTER_BOUND('',#120000,.T.);
#120020=ADVANCED_FACE('',(#120010),#119850,.T.);
#120030=COLOUR_RGB('',0.823529481887817,0.823529481887817,
0.784313797950745);
#120040=FILL_AREA_STYLE_COLOUR('',#120030);
#120050=FILL_AREA_STYLE('',(#120040));
#120060=SURFACE_STYLE_FILL_AREA(#120050);
#120070=SURFACE_SIDE_STYLE('',(#120060));
#120080=SURFACE_STYLE_USAGE(.BOTH.,#120070);
#120090=PRESENTATION_STYLE_ASSIGNMENT((#120080));
#120100=CARTESIAN_POINT('',(51.116923,48.133846,1396.6));
#120110=DIRECTION('',(0.,-1.,0.));
#120120=DIRECTION('',(1.,0.,0.));
#120130=AXIS2_PLACEMENT_3D('',#120100,#120110,#120120);
#120140=CYLINDRICAL_SURFACE('',#120130,3.1);
#120150=ORIENTED_EDGE('',*,*,#119970,.F.);
#120160=ORIENTED_EDGE('',*,*,#20430,.T.);
#120170=CARTESIAN_POINT('',(48.016923,48.133846,1396.6));
#120180=DIRECTION('',(0.,-1.,0.));
#120190=VECTOR('',#120180,1.);
#120200=LINE('',#120170,#120190);
#120210=EDGE_CURVE('',#59990,#20330,#120200,.T.);
#120220=ORIENTED_EDGE('',*,*,#120210,.T.);
#120230=ORIENTED_EDGE('',*,*,#60020,.F.);
#120240=EDGE_LOOP('',(#120230,#120220,#120160,#120150));
#120250=FACE_OUTER_BOUND('',#120240,.T.);
#120260=ADVANCED_FACE('',(#120250),#120140,.F.);
#120270=COLOUR_RGB('',0.823529481887817,0.823529481887817,
0.784313797950745);
#120280=FILL_AREA_STYLE_COLOUR('',#120270);
#120290=FILL_AREA_STYLE('',(#120280));
#120300=SURFACE_STYLE_FILL_AREA(#120290);
#120310=SURFACE_SIDE_STYLE('',(#120300));
#120320=SURFACE_STYLE_USAGE(.BOTH.,#120310);
#120330=PRESENTATION_STYLE_ASSIGNMENT((#120320));
#120340=CARTESIAN_POINT('',(48.016923,48.133846,1405.4));
#120350=DIRECTION('',(1.,0.,-0.));
#120360=DIRECTION('',(0.,0.,1.));
#120370=AXIS2_PLACEMENT_3D('',#120340,#120350,#120360);
#120380=PLANE('',#120370);
#120390=ORIENTED_EDGE('',*,*,#120210,.F.);
#120400=ORIENTED_EDGE('',*,*,#20340,.T.);
#120410=CARTESIAN_POINT('',(48.016923,48.133846,1405.4));
#120420=DIRECTION('',(0.,-1.,0.));
#120430=VECTOR('',#120420,1.);
#120440=LINE('',#120410,#120430);
#120450=EDGE_CURVE('',#60090,#20310,#120440,.T.);
#120460=ORIENTED_EDGE('',*,*,#120450,.T.);
#120470=ORIENTED_EDGE('',*,*,#60100,.F.);
#120480=EDGE_LOOP('',(#120470,#120460,#120400,#120390));
#120490=FACE_OUTER_BOUND('',#120480,.T.);
#120500=ADVANCED_FACE('',(#120490),#120380,.T.);
#120510=COLOUR_RGB('',0.823529481887817,0.823529481887817,
0.784313797950745);
#120520=FILL_AREA_STYLE_COLOUR('',#120510);
#120530=FILL_AREA_STYLE('',(#120520));
#120540=SURFACE_STYLE_FILL_AREA(#120530);
#120550=SURFACE_SIDE_STYLE('',(#120540));
#120560=SURFACE_STYLE_USAGE(.BOTH.,#120550);
#120570=PRESENTATION_STYLE_ASSIGNMENT((#120560));
#120580=CARTESIAN_POINT('',(51.116923,48.133846,1405.4));
#120590=DIRECTION('',(0.,1.,0.));
#120600=DIRECTION('',(1.,0.,0.));
#120610=AXIS2_PLACEMENT_3D('',#120580,#120590,#120600);
#120620=CYLINDRICAL_SURFACE('',#120610,3.1);
#120630=ORIENTED_EDGE('',*,*,#120450,.F.);
#120640=ORIENTED_EDGE('',*,*,#20580,.F.);
#120650=ORIENTED_EDGE('',*,*,#119900,.T.);
#120660=ORIENTED_EDGE('',*,*,#60190,.T.);
#120670=EDGE_LOOP('',(#120660,#120650,#120640,#120630));
#120680=FACE_OUTER_BOUND('',#120670,.T.);
#120690=ADVANCED_FACE('',(#120680),#120620,.F.);
#120700=COLOUR_RGB('',0.823529481887817,0.823529481887817,
0.784313797950745);
#120710=FILL_AREA_STYLE_COLOUR('',#120700);
#120720=FILL_AREA_STYLE('',(#120710));
#120730=SURFACE_STYLE_FILL_AREA(#120720);
#120740=SURFACE_SIDE_STYLE('',(#120730));
#120750=SURFACE_STYLE_USAGE(.BOTH.,#120740);
#120760=PRESENTATION_STYLE_ASSIGNMENT((#120750));
#120770=CARTESIAN_POINT('',(54.216923,48.133846,921.6));
#120780=DIRECTION('',(-1.,-0.,-0.));
#120790=DIRECTION('',(0.,0.,-1.));
#120800=AXIS2_PLACEMENT_3D('',#120770,#120780,#120790);
#120810=PLANE('',#120800);
#120820=CARTESIAN_POINT('',(54.216923,48.133846,930.4));
#120830=DIRECTION('',(0.,-1.,0.));
#120840=VECTOR('',#120830,1.);
#120850=LINE('',#120820,#120840);
#120860=EDGE_CURVE('',#60540,#25100,#120850,.T.);
#120870=ORIENTED_EDGE('',*,*,#120860,.F.);
#120880=ORIENTED_EDGE('',*,*,#25110,.T.);
#120890=CARTESIAN_POINT('',(54.216923,48.133846,921.6));
#120900=DIRECTION('',(0.,-1.,0.));
#120910=VECTOR('',#120900,1.);
#120920=LINE('',#120890,#120910);
#120930=EDGE_CURVE('',#60370,#25020,#120920,.T.);
#120940=ORIENTED_EDGE('',*,*,#120930,.T.);
#120950=ORIENTED_EDGE('',*,*,#60610,.F.);
#120960=EDGE_LOOP('',(#120950,#120940,#120880,#120870));
#120970=FACE_OUTER_BOUND('',#120960,.T.);
#120980=ADVANCED_FACE('',(#120970),#120810,.T.);
#120990=COLOUR_RGB('',0.823529481887817,0.823529481887817,
0.784313797950745);
#121000=FILL_AREA_STYLE_COLOUR('',#120990);
#121010=FILL_AREA_STYLE('',(#121000));
#121020=SURFACE_STYLE_FILL_AREA(#121010);
#121030=SURFACE_SIDE_STYLE('',(#121020));
#121040=SURFACE_STYLE_USAGE(.BOTH.,#121030);
#121050=PRESENTATION_STYLE_ASSIGNMENT((#121040));
#121060=CARTESIAN_POINT('',(51.116923,48.133846,921.6));
#121070=DIRECTION('',(0.,-1.,0.));
#121080=DIRECTION('',(1.,0.,0.));
#121090=AXIS2_PLACEMENT_3D('',#121060,#121070,#121080);
#121100=CYLINDRICAL_SURFACE('',#121090,3.1);
#121110=ORIENTED_EDGE('',*,*,#120930,.F.);
#121120=ORIENTED_EDGE('',*,*,#25030,.T.);
#121130=CARTESIAN_POINT('',(48.016923,48.133846,921.6));
#121140=DIRECTION('',(0.,-1.,0.));
#121150=VECTOR('',#121140,1.);
#121160=LINE('',#121130,#121150);
#121170=EDGE_CURVE('',#60350,#25000,#121160,.T.);
#121180=ORIENTED_EDGE('',*,*,#121170,.T.);
#121190=ORIENTED_EDGE('',*,*,#60380,.F.);
#121200=EDGE_LOOP('',(#121190,#121180,#121120,#121110));
#121210=FACE_OUTER_BOUND('',#121200,.T.);
#121220=ADVANCED_FACE('',(#121210),#121100,.F.);
#121230=COLOUR_RGB('',0.823529481887817,0.823529481887817,
0.784313797950745);
#121240=FILL_AREA_STYLE_COLOUR('',#121230);
#121250=FILL_AREA_STYLE('',(#121240));
#121260=SURFACE_STYLE_FILL_AREA(#121250);
#121270=SURFACE_SIDE_STYLE('',(#121260));
#121280=SURFACE_STYLE_USAGE(.BOTH.,#121270);
#121290=PRESENTATION_STYLE_ASSIGNMENT((#121280));
#121300=CARTESIAN_POINT('',(48.016923,48.133846,930.4));
#121310=DIRECTION('',(1.,0.,-0.));
#121320=DIRECTION('',(0.,0.,1.));
#121330=AXIS2_PLACEMENT_3D('',#121300,#121310,#121320);
#121340=PLANE('',#121330);
#121350=ORIENTED_EDGE('',*,*,#121170,.F.);
#121360=ORIENTED_EDGE('',*,*,#25260,.T.);
#121370=CARTESIAN_POINT('',(48.016923,48.133846,930.4));
#121380=DIRECTION('',(0.,-1.,0.));
#121390=VECTOR('',#121380,1.);
#121400=LINE('',#121370,#121390);
#121410=EDGE_CURVE('',#60450,#25190,#121400,.T.);
#121420=ORIENTED_EDGE('',*,*,#121410,.T.);
#121430=ORIENTED_EDGE('',*,*,#60460,.F.);
#121440=EDGE_LOOP('',(#121430,#121420,#121360,#121350));
#121450=FACE_OUTER_BOUND('',#121440,.T.);
#121460=ADVANCED_FACE('',(#121450),#121340,.T.);
#121470=COLOUR_RGB('',0.823529481887817,0.823529481887817,
0.784313797950745);
#121480=FILL_AREA_STYLE_COLOUR('',#121470);
#121490=FILL_AREA_STYLE('',(#121480));
#121500=SURFACE_STYLE_FILL_AREA(#121490);
#121510=SURFACE_SIDE_STYLE('',(#121500));
#121520=SURFACE_STYLE_USAGE(.BOTH.,#121510);
#121530=PRESENTATION_STYLE_ASSIGNMENT((#121520));
#121540=CARTESIAN_POINT('',(51.116923,48.133846,930.4));
#121550=DIRECTION('',(0.,1.,0.));
#121560=DIRECTION('',(1.,0.,0.));
#121570=AXIS2_PLACEMENT_3D('',#121540,#121550,#121560);
#121580=CYLINDRICAL_SURFACE('',#121570,3.1);
#121590=ORIENTED_EDGE('',*,*,#121410,.F.);
#121600=ORIENTED_EDGE('',*,*,#25200,.F.);
#121610=ORIENTED_EDGE('',*,*,#120860,.T.);
#121620=ORIENTED_EDGE('',*,*,#60550,.T.);
#121630=EDGE_LOOP('',(#121620,#121610,#121600,#121590));
#121640=FACE_OUTER_BOUND('',#121630,.T.);
#121650=ADVANCED_FACE('',(#121640),#121580,.F.);
#121660=COLOUR_RGB('',0.823529481887817,0.823529481887817,
0.784313797950745);
#121670=FILL_AREA_STYLE_COLOUR('',#121660);
#121680=FILL_AREA_STYLE('',(#121670));
#121690=SURFACE_STYLE_FILL_AREA(#121680);
#121700=SURFACE_SIDE_STYLE('',(#121690));
#121710=SURFACE_STYLE_USAGE(.BOTH.,#121700);
#121720=PRESENTATION_STYLE_ASSIGNMENT((#121710));
#121730=CARTESIAN_POINT('',(54.216923,48.133846,1321.6));
#121740=DIRECTION('',(-1.,-0.,-0.));
#121750=DIRECTION('',(0.,0.,-1.));
#121760=AXIS2_PLACEMENT_3D('',#121730,#121740,#121750);
#121770=PLANE('',#121760);
#121780=CARTESIAN_POINT('',(54.216923,48.133846,1330.4));
#121790=DIRECTION('',(0.,-1.,0.));
#121800=VECTOR('',#121790,1.);
#121810=LINE('',#121780,#121800);
#121820=EDGE_CURVE('',#60720,#43430,#121810,.T.);
#121830=ORIENTED_EDGE('',*,*,#121820,.F.);
#121840=ORIENTED_EDGE('',*,*,#43440,.T.);
#121850=CARTESIAN_POINT('',(54.216923,48.133846,1321.6));
#121860=DIRECTION('',(0.,-1.,0.));
#121870=VECTOR('',#121860,1.);
#121880=LINE('',#121850,#121870);
#121890=EDGE_CURVE('',#60700,#43350,#121880,.T.);
#121900=ORIENTED_EDGE('',*,*,#121890,.T.);
#121910=ORIENTED_EDGE('',*,*,#60730,.F.);
#121920=EDGE_LOOP('',(#121910,#121900,#121840,#121830));
#121930=FACE_OUTER_BOUND('',#121920,.T.);
#121940=ADVANCED_FACE('',(#121930),#121770,.T.);
#121950=COLOUR_RGB('',0.823529481887817,0.823529481887817,
0.784313797950745);
#121960=FILL_AREA_STYLE_COLOUR('',#121950);
#121970=FILL_AREA_STYLE('',(#121960));
#121980=SURFACE_STYLE_FILL_AREA(#121970);
#121990=SURFACE_SIDE_STYLE('',(#121980));
#122000=SURFACE_STYLE_USAGE(.BOTH.,#121990);
#122010=PRESENTATION_STYLE_ASSIGNMENT((#122000));
#122020=CARTESIAN_POINT('',(51.116923,48.133846,1321.6));
#122030=DIRECTION('',(0.,-1.,0.));
#122040=DIRECTION('',(1.,0.,0.));
#122050=AXIS2_PLACEMENT_3D('',#122020,#122030,#122040);
#122060=CYLINDRICAL_SURFACE('',#122050,3.1);
#122070=ORIENTED_EDGE('',*,*,#121890,.F.);
#122080=ORIENTED_EDGE('',*,*,#43360,.T.);
#122090=CARTESIAN_POINT('',(48.016923,48.133846,1321.6));
#122100=DIRECTION('',(0.,-1.,0.));
#122110=VECTOR('',#122100,1.);
#122120=LINE('',#122090,#122110);
#122130=EDGE_CURVE('',#60810,#43260,#122120,.T.);
#122140=ORIENTED_EDGE('',*,*,#122130,.T.);
#122150=ORIENTED_EDGE('',*,*,#60820,.F.);
#122160=EDGE_LOOP('',(#122150,#122140,#122080,#122070));
#122170=FACE_OUTER_BOUND('',#122160,.T.);
#122180=ADVANCED_FACE('',(#122170),#122060,.F.);
#122190=COLOUR_RGB('',0.823529481887817,0.823529481887817,
0.784313797950745);
#122200=FILL_AREA_STYLE_COLOUR('',#122190);
#122210=FILL_AREA_STYLE('',(#122200));
#122220=SURFACE_STYLE_FILL_AREA(#122210);
#122230=SURFACE_SIDE_STYLE('',(#122220));
#122240=SURFACE_STYLE_USAGE(.BOTH.,#122230);
#122250=PRESENTATION_STYLE_ASSIGNMENT((#122240));
#122260=CARTESIAN_POINT('',(48.016923,48.133846,1330.4));
#122270=DIRECTION('',(1.,0.,-0.));
#122280=DIRECTION('',(0.,0.,1.));
#122290=AXIS2_PLACEMENT_3D('',#122260,#122270,#122280);
#122300=PLANE('',#122290);
#122310=ORIENTED_EDGE('',*,*,#122130,.F.);
#122320=ORIENTED_EDGE('',*,*,#43270,.T.);
#122330=CARTESIAN_POINT('',(48.016923,48.133846,1330.4));
#122340=DIRECTION('',(0.,-1.,0.));
#122350=VECTOR('',#122340,1.);
#122360=LINE('',#122330,#122350);
#122370=EDGE_CURVE('',#60890,#43240,#122360,.T.);
#122380=ORIENTED_EDGE('',*,*,#122370,.T.);
#122390=ORIENTED_EDGE('',*,*,#60900,.F.);
#122400=EDGE_LOOP('',(#122390,#122380,#122320,#122310));
#122410=FACE_OUTER_BOUND('',#122400,.T.);
#122420=ADVANCED_FACE('',(#122410),#122300,.T.);
#122430=COLOUR_RGB('',0.823529481887817,0.823529481887817,
0.784313797950745);
#122440=FILL_AREA_STYLE_COLOUR('',#122430);
#122450=FILL_AREA_STYLE('',(#122440));
#122460=SURFACE_STYLE_FILL_AREA(#122450);
#122470=SURFACE_SIDE_STYLE('',(#122460));
#122480=SURFACE_STYLE_USAGE(.BOTH.,#122470);
#122490=PRESENTATION_STYLE_ASSIGNMENT((#122480));
#122500=CARTESIAN_POINT('',(51.116923,48.133846,1330.4));
#122510=DIRECTION('',(0.,1.,0.));
#122520=DIRECTION('',(1.,0.,0.));
#122530=AXIS2_PLACEMENT_3D('',#122500,#122510,#122520);
#122540=CYLINDRICAL_SURFACE('',#122530,3.1);
#122550=ORIENTED_EDGE('',*,*,#122370,.F.);
#122560=ORIENTED_EDGE('',*,*,#43510,.F.);
#122570=ORIENTED_EDGE('',*,*,#121820,.T.);
#122580=ORIENTED_EDGE('',*,*,#60970,.T.);
#122590=EDGE_LOOP('',(#122580,#122570,#122560,#122550));
#122600=FACE_OUTER_BOUND('',#122590,.T.);
#122610=ADVANCED_FACE('',(#122600),#122540,.F.);
#122620=COLOUR_RGB('',0.823529481887817,0.823529481887817,
0.784313797950745);
#122630=FILL_AREA_STYLE_COLOUR('',#122620);
#122640=FILL_AREA_STYLE('',(#122630));
#122650=SURFACE_STYLE_FILL_AREA(#122640);
#122660=SURFACE_SIDE_STYLE('',(#122650));
#122670=SURFACE_STYLE_USAGE(.BOTH.,#122660);
#122680=PRESENTATION_STYLE_ASSIGNMENT((#122670));
#122690=CARTESIAN_POINT('',(51.116923,48.133846,1646.6));
#122700=DIRECTION('',(0.,-1.,0.));
#122710=DIRECTION('',(1.,0.,0.));
#122720=AXIS2_PLACEMENT_3D('',#122690,#122700,#122710);
#122730=CYLINDRICAL_SURFACE('',#122720,3.1);
#122740=CARTESIAN_POINT('',(54.216923,48.133846,1646.6));
#122750=DIRECTION('',(0.,-1.,0.));
#122760=VECTOR('',#122750,1.);
#122770=LINE('',#122740,#122760);
#122780=EDGE_CURVE('',#61170,#17270,#122770,.T.);
#122790=ORIENTED_EDGE('',*,*,#122780,.F.);
#122800=ORIENTED_EDGE('',*,*,#17280,.T.);
#122810=CARTESIAN_POINT('',(48.016923,48.133846,1646.6));
#122820=DIRECTION('',(0.,-1.,0.));
#122830=VECTOR('',#122820,1.);
#122840=LINE('',#122810,#122830);
#122850=EDGE_CURVE('',#61260,#17180,#122840,.T.);
#122860=ORIENTED_EDGE('',*,*,#122850,.T.);
#122870=ORIENTED_EDGE('',*,*,#61270,.F.);
#122880=EDGE_LOOP('',(#122870,#122860,#122800,#122790));
#122890=FACE_OUTER_BOUND('',#122880,.T.);
#122900=ADVANCED_FACE('',(#122890),#122730,.F.);
#122910=COLOUR_RGB('',0.823529481887817,0.823529481887817,
0.784313797950745);
#122920=FILL_AREA_STYLE_COLOUR('',#122910);
#122930=FILL_AREA_STYLE('',(#122920));
#122940=SURFACE_STYLE_FILL_AREA(#122930);
#122950=SURFACE_SIDE_STYLE('',(#122940));
#122960=SURFACE_STYLE_USAGE(.BOTH.,#122950);
#122970=PRESENTATION_STYLE_ASSIGNMENT((#122960));
#122980=CARTESIAN_POINT('',(54.216923,48.133846,1646.6));
#122990=DIRECTION('',(-1.,-0.,-0.));
#123000=DIRECTION('',(0.,0.,-1.));
#123010=AXIS2_PLACEMENT_3D('',#122980,#122990,#123000);
#123020=PLANE('',#123010);
#123030=CARTESIAN_POINT('',(54.216923,48.133846,1655.4));
#123040=DIRECTION('',(0.,-1.,0.));
#123050=VECTOR('',#123040,1.);
#123060=LINE('',#123030,#123050);
#123070=EDGE_CURVE('',#61090,#17100,#123060,.T.);
#123080=ORIENTED_EDGE('',*,*,#123070,.F.);
#123090=ORIENTED_EDGE('',*,*,#17340,.T.);
#123100=ORIENTED_EDGE('',*,*,#122780,.T.);
#123110=ORIENTED_EDGE('',*,*,#61180,.F.);
#123120=EDGE_LOOP('',(#123110,#123100,#123090,#123080));
#123130=FACE_OUTER_BOUND('',#123120,.T.);
#123140=ADVANCED_FACE('',(#123130),#123020,.T.);
#123150=COLOUR_RGB('',0.823529481887817,0.823529481887817,
0.784313797950745);
#123160=FILL_AREA_STYLE_COLOUR('',#123150);
#123170=FILL_AREA_STYLE('',(#123160));
#123180=SURFACE_STYLE_FILL_AREA(#123170);
#123190=SURFACE_SIDE_STYLE('',(#123180));
#123200=SURFACE_STYLE_USAGE(.BOTH.,#123190);
#123210=PRESENTATION_STYLE_ASSIGNMENT((#123200));
#123220=CARTESIAN_POINT('',(51.116923,48.133846,1655.4));
#123230=DIRECTION('',(0.,1.,0.));
#123240=DIRECTION('',(1.,0.,0.));
#123250=AXIS2_PLACEMENT_3D('',#123220,#123230,#123240);
#123260=CYLINDRICAL_SURFACE('',#123250,3.1);
#123270=CARTESIAN_POINT('',(48.016923,48.133846,1655.4));
#123280=DIRECTION('',(0.,-1.,0.));
#123290=VECTOR('',#123280,1.);
#123300=LINE('',#123270,#123290);
#123310=EDGE_CURVE('',#61070,#17080,#123300,.T.);
#123320=ORIENTED_EDGE('',*,*,#123310,.F.);
#123330=ORIENTED_EDGE('',*,*,#17110,.F.);
#123340=ORIENTED_EDGE('',*,*,#123070,.T.);
#123350=ORIENTED_EDGE('',*,*,#61100,.T.);
#123360=EDGE_LOOP('',(#123350,#123340,#123330,#123320));
#123370=FACE_OUTER_BOUND('',#123360,.T.);
#123380=ADVANCED_FACE('',(#123370),#123260,.F.);
#123390=COLOUR_RGB('',0.823529481887817,0.823529481887817,
0.784313797950745);
#123400=FILL_AREA_STYLE_COLOUR('',#123390);
#123410=FILL_AREA_STYLE('',(#123400));
#123420=SURFACE_STYLE_FILL_AREA(#123410);
#123430=SURFACE_SIDE_STYLE('',(#123420));
#123440=SURFACE_STYLE_USAGE(.BOTH.,#123430);
#123450=PRESENTATION_STYLE_ASSIGNMENT((#123440));
#123460=CARTESIAN_POINT('',(48.016923,48.133846,1655.4));
#123470=DIRECTION('',(1.,0.,-0.));
#123480=DIRECTION('',(0.,0.,1.));
#123490=AXIS2_PLACEMENT_3D('',#123460,#123470,#123480);
#123500=PLANE('',#123490);
#123510=ORIENTED_EDGE('',*,*,#122850,.F.);
#123520=ORIENTED_EDGE('',*,*,#17190,.T.);
#123530=ORIENTED_EDGE('',*,*,#123310,.T.);
#123540=ORIENTED_EDGE('',*,*,#61330,.F.);
#123550=EDGE_LOOP('',(#123540,#123530,#123520,#123510));
#123560=FACE_OUTER_BOUND('',#123550,.T.);
#123570=ADVANCED_FACE('',(#123560),#123500,.T.);
#123580=COLOUR_RGB('',0.823529481887817,0.823529481887817,
0.784313797950745);
#123590=FILL_AREA_STYLE_COLOUR('',#123580);
#123600=FILL_AREA_STYLE('',(#123590));
#123610=SURFACE_STYLE_FILL_AREA(#123600);
#123620=SURFACE_SIDE_STYLE('',(#123610));
#123630=SURFACE_STYLE_USAGE(.BOTH.,#123620);
#123640=PRESENTATION_STYLE_ASSIGNMENT((#123630));
#123650=CARTESIAN_POINT('',(54.216923,48.133846,396.6));
#123660=DIRECTION('',(-1.,-0.,-0.));
#123670=DIRECTION('',(0.,0.,-1.));
#123680=AXIS2_PLACEMENT_3D('',#123650,#123660,#123670);
#123690=PLANE('',#123680);
#123700=CARTESIAN_POINT('',(54.216923,48.133846,405.4));
#123710=DIRECTION('',(0.,-1.,0.));
#123720=VECTOR('',#123710,1.);
#123730=LINE('',#123700,#123720);
#123740=EDGE_CURVE('',#61440,#28610,#123730,.T.);
#123750=ORIENTED_EDGE('',*,*,#123740,.F.);
#123760=ORIENTED_EDGE('',*,*,#28620,.T.);
#123770=CARTESIAN_POINT('',(54.216923,48.133846,396.6));
#123780=DIRECTION('',(0.,-1.,0.));
#123790=VECTOR('',#123780,1.);
#123800=LINE('',#123770,#123790);
#123810=EDGE_CURVE('',#61420,#28590,#123800,.T.);
#123820=ORIENTED_EDGE('',*,*,#123810,.T.);
#123830=ORIENTED_EDGE('',*,*,#61450,.F.);
#123840=EDGE_LOOP('',(#123830,#123820,#123760,#123750));
#123850=FACE_OUTER_BOUND('',#123840,.T.);
#123860=ADVANCED_FACE('',(#123850),#123690,.T.);
#123870=COLOUR_RGB('',0.823529481887817,0.823529481887817,
0.784313797950745);
#123880=FILL_AREA_STYLE_COLOUR('',#123870);
#123890=FILL_AREA_STYLE('',(#123880));
#123900=SURFACE_STYLE_FILL_AREA(#123890);
#123910=SURFACE_SIDE_STYLE('',(#123900));
#123920=SURFACE_STYLE_USAGE(.BOTH.,#123910);
#123930=PRESENTATION_STYLE_ASSIGNMENT((#123920));
#123940=CARTESIAN_POINT('',(51.116923,48.133846,396.6));
#123950=DIRECTION('',(0.,-1.,0.));
#123960=DIRECTION('',(1.,0.,0.));
#123970=AXIS2_PLACEMENT_3D('',#123940,#123950,#123960);
#123980=CYLINDRICAL_SURFACE('',#123970,3.1);
#123990=ORIENTED_EDGE('',*,*,#123810,.F.);
#124000=ORIENTED_EDGE('',*,*,#28860,.T.);
#124010=CARTESIAN_POINT('',(48.016923,48.133846,396.6));
#124020=DIRECTION('',(0.,-1.,0.));
#124030=VECTOR('',#124020,1.);
#124040=LINE('',#124010,#124030);
#124050=EDGE_CURVE('',#61530,#28780,#124040,.T.);
#124060=ORIENTED_EDGE('',*,*,#124050,.T.);
#124070=ORIENTED_EDGE('',*,*,#61540,.F.);
#124080=EDGE_LOOP('',(#124070,#124060,#124000,#123990));
#124090=FACE_OUTER_BOUND('',#124080,.T.);
#124100=ADVANCED_FACE('',(#124090),#123980,.F.);
#124110=COLOUR_RGB('',0.823529481887817,0.823529481887817,
0.784313797950745);
#124120=FILL_AREA_STYLE_COLOUR('',#124110);
#124130=FILL_AREA_STYLE('',(#124120));
#124140=SURFACE_STYLE_FILL_AREA(#124130);
#124150=SURFACE_SIDE_STYLE('',(#124140));
#124160=SURFACE_STYLE_USAGE(.BOTH.,#124150);
#124170=PRESENTATION_STYLE_ASSIGNMENT((#124160));
#124180=CARTESIAN_POINT('',(48.016923,48.133846,405.4));
#124190=DIRECTION('',(1.,0.,-0.));
#124200=DIRECTION('',(0.,0.,1.));
#124210=AXIS2_PLACEMENT_3D('',#124180,#124190,#124200);
#124220=PLANE('',#124210);
#124230=ORIENTED_EDGE('',*,*,#124050,.F.);
#124240=ORIENTED_EDGE('',*,*,#28790,.T.);
#124250=CARTESIAN_POINT('',(48.016923,48.133846,405.4));
#124260=DIRECTION('',(0.,-1.,0.));
#124270=VECTOR('',#124260,1.);
#124280=LINE('',#124250,#124270);
#124290=EDGE_CURVE('',#61610,#28700,#124280,.T.);
#124300=ORIENTED_EDGE('',*,*,#124290,.T.);
#124310=ORIENTED_EDGE('',*,*,#61620,.F.);
#124320=EDGE_LOOP('',(#124310,#124300,#124240,#124230));
#124330=FACE_OUTER_BOUND('',#124320,.T.);
#124340=ADVANCED_FACE('',(#124330),#124220,.T.);
#124350=COLOUR_RGB('',0.823529481887817,0.823529481887817,
0.784313797950745);
#124360=FILL_AREA_STYLE_COLOUR('',#124350);
#124370=FILL_AREA_STYLE('',(#124360));
#124380=SURFACE_STYLE_FILL_AREA(#124370);
#124390=SURFACE_SIDE_STYLE('',(#124380));
#124400=SURFACE_STYLE_USAGE(.BOTH.,#124390);
#124410=PRESENTATION_STYLE_ASSIGNMENT((#124400));
#124420=CARTESIAN_POINT('',(51.116923,48.133846,405.4));
#124430=DIRECTION('',(0.,1.,0.));
#124440=DIRECTION('',(1.,0.,0.));
#124450=AXIS2_PLACEMENT_3D('',#124420,#124430,#124440);
#124460=CYLINDRICAL_SURFACE('',#124450,3.1);
#124470=ORIENTED_EDGE('',*,*,#124290,.F.);
#124480=ORIENTED_EDGE('',*,*,#28710,.F.);
#124490=ORIENTED_EDGE('',*,*,#123740,.T.);
#124500=ORIENTED_EDGE('',*,*,#61690,.T.);
#124510=EDGE_LOOP('',(#124500,#124490,#124480,#124470));
#124520=FACE_OUTER_BOUND('',#124510,.T.);
#124530=ADVANCED_FACE('',(#124520),#124460,.F.);
#124540=COLOUR_RGB('',0.823529481887817,0.823529481887817,
0.784313797950745);
#124550=FILL_AREA_STYLE_COLOUR('',#124540);
#124560=FILL_AREA_STYLE('',(#124550));
#124570=SURFACE_STYLE_FILL_AREA(#124560);
#124580=SURFACE_SIDE_STYLE('',(#124570));
#124590=SURFACE_STYLE_USAGE(.BOTH.,#124580);
#124600=PRESENTATION_STYLE_ASSIGNMENT((#124590));
#124610=CARTESIAN_POINT('',(54.216923,48.133846,771.6));
#124620=DIRECTION('',(-1.,-0.,-0.));
#124630=DIRECTION('',(0.,0.,-1.));
#124640=AXIS2_PLACEMENT_3D('',#124610,#124620,#124630);
#124650=PLANE('',#124640);
#124660=CARTESIAN_POINT('',(54.216923,48.133846,780.4));
#124670=DIRECTION('',(0.,-1.,0.));
#124680=VECTOR('',#124670,1.);
#124690=LINE('',#124660,#124680);
#124700=EDGE_CURVE('',#61980,#30140,#124690,.T.);
#124710=ORIENTED_EDGE('',*,*,#124700,.F.);
#124720=ORIENTED_EDGE('',*,*,#30150,.T.);
#124730=CARTESIAN_POINT('',(54.216923,48.133846,771.6));
#124740=DIRECTION('',(0.,-1.,0.));
#124750=VECTOR('',#124740,1.);
#124760=LINE('',#124730,#124750);
#124770=EDGE_CURVE('',#61810,#30060,#124760,.T.);
#124780=ORIENTED_EDGE('',*,*,#124770,.T.);
#124790=ORIENTED_EDGE('',*,*,#62050,.F.);
#124800=EDGE_LOOP('',(#124790,#124780,#124720,#124710));
#124810=FACE_OUTER_BOUND('',#124800,.T.);
#124820=ADVANCED_FACE('',(#124810),#124650,.T.);
#124830=COLOUR_RGB('',0.823529481887817,0.823529481887817,
0.784313797950745);
#124840=FILL_AREA_STYLE_COLOUR('',#124830);
#124850=FILL_AREA_STYLE('',(#124840));
#124860=SURFACE_STYLE_FILL_AREA(#124850);
#124870=SURFACE_SIDE_STYLE('',(#124860));
#124880=SURFACE_STYLE_USAGE(.BOTH.,#124870);
#124890=PRESENTATION_STYLE_ASSIGNMENT((#124880));
#124900=CARTESIAN_POINT('',(51.116923,48.133846,771.6));
#124910=DIRECTION('',(0.,-1.,0.));
#124920=DIRECTION('',(1.,0.,0.));
#124930=AXIS2_PLACEMENT_3D('',#124900,#124910,#124920);
#124940=CYLINDRICAL_SURFACE('',#124930,3.1);
#124950=ORIENTED_EDGE('',*,*,#124770,.F.);
#124960=ORIENTED_EDGE('',*,*,#30070,.T.);
#124970=CARTESIAN_POINT('',(48.016923,48.133846,771.6));
#124980=DIRECTION('',(0.,-1.,0.));
#124990=VECTOR('',#124980,1.);
#125000=LINE('',#124970,#124990);
#125010=EDGE_CURVE('',#61790,#30040,#125000,.T.);
#125020=ORIENTED_EDGE('',*,*,#125010,.T.);
#125030=ORIENTED_EDGE('',*,*,#61820,.F.);
#125040=EDGE_LOOP('',(#125030,#125020,#124960,#124950));
#125050=FACE_OUTER_BOUND('',#125040,.T.);
#125060=ADVANCED_FACE('',(#125050),#124940,.F.);
#125070=COLOUR_RGB('',0.823529481887817,0.823529481887817,
0.784313797950745);
#125080=FILL_AREA_STYLE_COLOUR('',#125070);
#125090=FILL_AREA_STYLE('',(#125080));
#125100=SURFACE_STYLE_FILL_AREA(#125090);
#125110=SURFACE_SIDE_STYLE('',(#125100));
#125120=SURFACE_STYLE_USAGE(.BOTH.,#125110);
#125130=PRESENTATION_STYLE_ASSIGNMENT((#125120));
#125140=CARTESIAN_POINT('',(48.016923,48.133846,780.4));
#125150=DIRECTION('',(1.,0.,-0.));
#125160=DIRECTION('',(0.,0.,1.));
#125170=AXIS2_PLACEMENT_3D('',#125140,#125150,#125160);
#125180=PLANE('',#125170);
#125190=ORIENTED_EDGE('',*,*,#125010,.F.);
#125200=ORIENTED_EDGE('',*,*,#30300,.T.);
#125210=CARTESIAN_POINT('',(48.016923,48.133846,780.4));
#125220=DIRECTION('',(0.,-1.,0.));
#125230=VECTOR('',#125220,1.);
#125240=LINE('',#125210,#125230);
#125250=EDGE_CURVE('',#61890,#30230,#125240,.T.);
#125260=ORIENTED_EDGE('',*,*,#125250,.T.);
#125270=ORIENTED_EDGE('',*,*,#61900,.F.);
#125280=EDGE_LOOP('',(#125270,#125260,#125200,#125190));
#125290=FACE_OUTER_BOUND('',#125280,.T.);
#125300=ADVANCED_FACE('',(#125290),#125180,.T.);
#125310=COLOUR_RGB('',0.823529481887817,0.823529481887817,
0.784313797950745);
#125320=FILL_AREA_STYLE_COLOUR('',#125310);
#125330=FILL_AREA_STYLE('',(#125320));
#125340=SURFACE_STYLE_FILL_AREA(#125330);
#125350=SURFACE_SIDE_STYLE('',(#125340));
#125360=SURFACE_STYLE_USAGE(.BOTH.,#125350);
#125370=PRESENTATION_STYLE_ASSIGNMENT((#125360));
#125380=CARTESIAN_POINT('',(51.116923,48.133846,780.4));
#125390=DIRECTION('',(0.,1.,0.));
#125400=DIRECTION('',(1.,0.,0.));
#125410=AXIS2_PLACEMENT_3D('',#125380,#125390,#125400);
#125420=CYLINDRICAL_SURFACE('',#125410,3.1);
#125430=ORIENTED_EDGE('',*,*,#125250,.F.);
#125440=ORIENTED_EDGE('',*,*,#30240,.F.);
#125450=ORIENTED_EDGE('',*,*,#124700,.T.);
#125460=ORIENTED_EDGE('',*,*,#61990,.T.);
#125470=EDGE_LOOP('',(#125460,#125450,#125440,#125430));
#125480=FACE_OUTER_BOUND('',#125470,.T.);
#125490=ADVANCED_FACE('',(#125480),#125420,.F.);
#125500=COLOUR_RGB('',0.823529481887817,0.823529481887817,
0.784313797950745);
#125510=FILL_AREA_STYLE_COLOUR('',#125500);
#125520=FILL_AREA_STYLE('',(#125510));
#125530=SURFACE_STYLE_FILL_AREA(#125520);
#125540=SURFACE_SIDE_STYLE('',(#125530));
#125550=SURFACE_STYLE_USAGE(.BOTH.,#125540);
#125560=PRESENTATION_STYLE_ASSIGNMENT((#125550));
#125570=CARTESIAN_POINT('',(54.216923,48.133846,1796.6));
#125580=DIRECTION('',(-1.,-0.,-0.));
#125590=DIRECTION('',(0.,0.,-1.));
#125600=AXIS2_PLACEMENT_3D('',#125570,#125580,#125590);
#125610=PLANE('',#125600);
#125620=CARTESIAN_POINT('',(54.216923,48.133846,1805.4));
#125630=DIRECTION('',(0.,-1.,0.));
#125640=VECTOR('',#125630,1.);
#125650=LINE('',#125620,#125640);
#125660=EDGE_CURVE('',#62160,#29140,#125650,.T.);
#125670=ORIENTED_EDGE('',*,*,#125660,.F.);
#125680=ORIENTED_EDGE('',*,*,#29150,.T.);
#125690=CARTESIAN_POINT('',(54.216923,48.133846,1796.6));
#125700=DIRECTION('',(0.,-1.,0.));
#125710=VECTOR('',#125700,1.);
#125720=LINE('',#125690,#125710);
#125730=EDGE_CURVE('',#62140,#29060,#125720,.T.);
#125740=ORIENTED_EDGE('',*,*,#125730,.T.);
#125750=ORIENTED_EDGE('',*,*,#62170,.F.);
#125760=EDGE_LOOP('',(#125750,#125740,#125680,#125670));
#125770=FACE_OUTER_BOUND('',#125760,.T.);
#125780=ADVANCED_FACE('',(#125770),#125610,.T.);
#125790=COLOUR_RGB('',0.823529481887817,0.823529481887817,
0.784313797950745);
#125800=FILL_AREA_STYLE_COLOUR('',#125790);
#125810=FILL_AREA_STYLE('',(#125800));
#125820=SURFACE_STYLE_FILL_AREA(#125810);
#125830=SURFACE_SIDE_STYLE('',(#125820));
#125840=SURFACE_STYLE_USAGE(.BOTH.,#125830);
#125850=PRESENTATION_STYLE_ASSIGNMENT((#125840));
#125860=CARTESIAN_POINT('',(51.116923,48.133846,1796.6));
#125870=DIRECTION('',(0.,-1.,0.));
#125880=DIRECTION('',(1.,0.,0.));
#125890=AXIS2_PLACEMENT_3D('',#125860,#125870,#125880);
#125900=CYLINDRICAL_SURFACE('',#125890,3.1);
#125910=ORIENTED_EDGE('',*,*,#125730,.F.);
#125920=ORIENTED_EDGE('',*,*,#29070,.T.);
#125930=CARTESIAN_POINT('',(48.016923,48.133846,1796.6));
#125940=DIRECTION('',(0.,-1.,0.));
#125950=VECTOR('',#125940,1.);
#125960=LINE('',#125930,#125950);
#125970=EDGE_CURVE('',#62250,#28970,#125960,.T.);
#125980=ORIENTED_EDGE('',*,*,#125970,.T.);
#125990=ORIENTED_EDGE('',*,*,#62260,.F.);
#126000=EDGE_LOOP('',(#125990,#125980,#125920,#125910));
#126010=FACE_OUTER_BOUND('',#126000,.T.);
#126020=ADVANCED_FACE('',(#126010),#125900,.F.);
#126030=COLOUR_RGB('',0.823529481887817,0.823529481887817,
0.784313797950745);
#126040=FILL_AREA_STYLE_COLOUR('',#126030);
#126050=FILL_AREA_STYLE('',(#126040));
#126060=SURFACE_STYLE_FILL_AREA(#126050);
#126070=SURFACE_SIDE_STYLE('',(#126060));
#126080=SURFACE_STYLE_USAGE(.BOTH.,#126070);
#126090=PRESENTATION_STYLE_ASSIGNMENT((#126080));
#126100=CARTESIAN_POINT('',(48.016923,48.133846,1805.4));
#126110=DIRECTION('',(1.,0.,-0.));
#126120=DIRECTION('',(0.,0.,1.));
#126130=AXIS2_PLACEMENT_3D('',#126100,#126110,#126120);
#126140=PLANE('',#126130);
#126150=ORIENTED_EDGE('',*,*,#125970,.F.);
#126160=ORIENTED_EDGE('',*,*,#28980,.T.);
#126170=CARTESIAN_POINT('',(48.016923,48.133846,1805.4));
#126180=DIRECTION('',(0.,-1.,0.));
#126190=VECTOR('',#126180,1.);
#126200=LINE('',#126170,#126190);
#126210=EDGE_CURVE('',#62330,#28950,#126200,.T.);
#126220=ORIENTED_EDGE('',*,*,#126210,.T.);
#126230=ORIENTED_EDGE('',*,*,#62340,.F.);
#126240=EDGE_LOOP('',(#126230,#126220,#126160,#126150));
#126250=FACE_OUTER_BOUND('',#126240,.T.);
#126260=ADVANCED_FACE('',(#126250),#126140,.T.);
#126270=COLOUR_RGB('',0.823529481887817,0.823529481887817,
0.784313797950745);
#126280=FILL_AREA_STYLE_COLOUR('',#126270);
#126290=FILL_AREA_STYLE('',(#126280));
#126300=SURFACE_STYLE_FILL_AREA(#126290);
#126310=SURFACE_SIDE_STYLE('',(#126300));
#126320=SURFACE_STYLE_USAGE(.BOTH.,#126310);
#126330=PRESENTATION_STYLE_ASSIGNMENT((#126320));
#126340=CARTESIAN_POINT('',(51.116923,48.133846,1805.4));
#126350=DIRECTION('',(0.,1.,0.));
#126360=DIRECTION('',(1.,0.,0.));
#126370=AXIS2_PLACEMENT_3D('',#126340,#126350,#126360);
#126380=CYLINDRICAL_SURFACE('',#126370,3.1);
#126390=ORIENTED_EDGE('',*,*,#126210,.F.);
#126400=ORIENTED_EDGE('',*,*,#29220,.F.);
#126410=ORIENTED_EDGE('',*,*,#125660,.T.);
#126420=ORIENTED_EDGE('',*,*,#62410,.T.);
#126430=EDGE_LOOP('',(#126420,#126410,#126400,#126390));
#126440=FACE_OUTER_BOUND('',#126430,.T.);
#126450=ADVANCED_FACE('',(#126440),#126380,.F.);
#126460=COLOUR_RGB('',0.823529481887817,0.823529481887817,
0.784313797950745);
#126470=FILL_AREA_STYLE_COLOUR('',#126460);
#126480=FILL_AREA_STYLE('',(#126470));
#126490=SURFACE_STYLE_FILL_AREA(#126480);
#126500=SURFACE_SIDE_STYLE('',(#126490));
#126510=SURFACE_STYLE_USAGE(.BOTH.,#126500);
#126520=PRESENTATION_STYLE_ASSIGNMENT((#126510));
#126530=CARTESIAN_POINT('',(51.116923,48.133846,1696.6));
#126540=DIRECTION('',(0.,-1.,0.));
#126550=DIRECTION('',(1.,0.,0.));
#126560=AXIS2_PLACEMENT_3D('',#126530,#126540,#126550);
#126570=CYLINDRICAL_SURFACE('',#126560,3.1);
#126580=CARTESIAN_POINT('',(54.216923,48.133846,1696.6));
#126590=DIRECTION('',(0.,-1.,0.));
#126600=VECTOR('',#126590,1.);
#126610=LINE('',#126580,#126600);
#126620=EDGE_CURVE('',#62610,#27900,#126610,.T.);
#126630=ORIENTED_EDGE('',*,*,#126620,.F.);
#126640=ORIENTED_EDGE('',*,*,#27910,.T.);
#126650=CARTESIAN_POINT('',(48.016923,48.133846,1696.6));
#126660=DIRECTION('',(0.,-1.,0.));
#126670=VECTOR('',#126660,1.);
#126680=LINE('',#126650,#126670);
#126690=EDGE_CURVE('',#62700,#27880,#126680,.T.);
#126700=ORIENTED_EDGE('',*,*,#126690,.T.);
#126710=ORIENTED_EDGE('',*,*,#62710,.F.);
#126720=EDGE_LOOP('',(#126710,#126700,#126640,#126630));
#126730=FACE_OUTER_BOUND('',#126720,.T.);
#126740=ADVANCED_FACE('',(#126730),#126570,.F.);
#126750=COLOUR_RGB('',0.823529481887817,0.823529481887817,
0.784313797950745);
#126760=FILL_AREA_STYLE_COLOUR('',#126750);
#126770=FILL_AREA_STYLE('',(#126760));
#126780=SURFACE_STYLE_FILL_AREA(#126770);
#126790=SURFACE_SIDE_STYLE('',(#126780));
#126800=SURFACE_STYLE_USAGE(.BOTH.,#126790);
#126810=PRESENTATION_STYLE_ASSIGNMENT((#126800));
#126820=CARTESIAN_POINT('',(54.216923,48.133846,1696.6));
#126830=DIRECTION('',(-1.,-0.,-0.));
#126840=DIRECTION('',(0.,0.,-1.));
#126850=AXIS2_PLACEMENT_3D('',#126820,#126830,#126840);
#126860=PLANE('',#126850);
#126870=CARTESIAN_POINT('',(54.216923,48.133846,1705.4));
#126880=DIRECTION('',(0.,-1.,0.));
#126890=VECTOR('',#126880,1.);
#126900=LINE('',#126870,#126890);
#126910=EDGE_CURVE('',#62530,#27980,#126900,.T.);
#126920=ORIENTED_EDGE('',*,*,#126910,.F.);
#126930=ORIENTED_EDGE('',*,*,#27990,.T.);
#126940=ORIENTED_EDGE('',*,*,#126620,.T.);
#126950=ORIENTED_EDGE('',*,*,#62620,.F.);
#126960=EDGE_LOOP('',(#126950,#126940,#126930,#126920));
#126970=FACE_OUTER_BOUND('',#126960,.T.);
#126980=ADVANCED_FACE('',(#126970),#126860,.T.);
#126990=COLOUR_RGB('',0.823529481887817,0.823529481887817,
0.784313797950745);
#127000=FILL_AREA_STYLE_COLOUR('',#126990);
#127010=FILL_AREA_STYLE('',(#127000));
#127020=SURFACE_STYLE_FILL_AREA(#127010);
#127030=SURFACE_SIDE_STYLE('',(#127020));
#127040=SURFACE_STYLE_USAGE(.BOTH.,#127030);
#127050=PRESENTATION_STYLE_ASSIGNMENT((#127040));
#127060=CARTESIAN_POINT('',(51.116923,48.133846,1705.4));
#127070=DIRECTION('',(0.,1.,0.));
#127080=DIRECTION('',(1.,0.,0.));
#127090=AXIS2_PLACEMENT_3D('',#127060,#127070,#127080);
#127100=CYLINDRICAL_SURFACE('',#127090,3.1);
#127110=CARTESIAN_POINT('',(48.016923,48.133846,1705.4));
#127120=DIRECTION('',(0.,-1.,0.));
#127130=VECTOR('',#127120,1.);
#127140=LINE('',#127110,#127130);
#127150=EDGE_CURVE('',#62510,#28070,#127140,.T.);
#127160=ORIENTED_EDGE('',*,*,#127150,.F.);
#127170=ORIENTED_EDGE('',*,*,#28080,.F.);
#127180=ORIENTED_EDGE('',*,*,#126910,.T.);
#127190=ORIENTED_EDGE('',*,*,#62540,.T.);
#127200=EDGE_LOOP('',(#127190,#127180,#127170,#127160));
#127210=FACE_OUTER_BOUND('',#127200,.T.);
#127220=ADVANCED_FACE('',(#127210),#127100,.F.);
#127230=COLOUR_RGB('',0.823529481887817,0.823529481887817,
0.784313797950745);
#127240=FILL_AREA_STYLE_COLOUR('',#127230);
#127250=FILL_AREA_STYLE('',(#127240));
#127260=SURFACE_STYLE_FILL_AREA(#127250);
#127270=SURFACE_SIDE_STYLE('',(#127260));
#127280=SURFACE_STYLE_USAGE(.BOTH.,#127270);
#127290=PRESENTATION_STYLE_ASSIGNMENT((#127280));
#127300=CARTESIAN_POINT('',(48.016923,48.133846,1705.4));
#127310=DIRECTION('',(1.,0.,-0.));
#127320=DIRECTION('',(0.,0.,1.));
#127330=AXIS2_PLACEMENT_3D('',#127300,#127310,#127320);
#127340=PLANE('',#127330);
#127350=ORIENTED_EDGE('',*,*,#126690,.F.);
#127360=ORIENTED_EDGE('',*,*,#28140,.T.);
#127370=ORIENTED_EDGE('',*,*,#127150,.T.);
#127380=ORIENTED_EDGE('',*,*,#62770,.F.);
#127390=EDGE_LOOP('',(#127380,#127370,#127360,#127350));
#127400=FACE_OUTER_BOUND('',#127390,.T.);
#127410=ADVANCED_FACE('',(#127400),#127340,.T.);
#127420=COLOUR_RGB('',0.823529481887817,0.823529481887817,
0.784313797950745);
#127430=FILL_AREA_STYLE_COLOUR('',#127420);
#127440=FILL_AREA_STYLE('',(#127430));
#127450=SURFACE_STYLE_FILL_AREA(#127440);
#127460=SURFACE_SIDE_STYLE('',(#127450));
#127470=SURFACE_STYLE_USAGE(.BOTH.,#127460);
#127480=PRESENTATION_STYLE_ASSIGNMENT((#127470));
#127490=CARTESIAN_POINT('',(54.216923,48.133846,1271.6));
#127500=DIRECTION('',(-1.,-0.,-0.));
#127510=DIRECTION('',(0.,0.,-1.));
#127520=AXIS2_PLACEMENT_3D('',#127490,#127500,#127510);
#127530=PLANE('',#127520);
#127540=CARTESIAN_POINT('',(54.216923,48.133846,1280.4));
#127550=DIRECTION('',(0.,-1.,0.));
#127560=VECTOR('',#127550,1.);
#127570=LINE('',#127540,#127560);
#127580=EDGE_CURVE('',#62880,#42350,#127570,.T.);
#127590=ORIENTED_EDGE('',*,*,#127580,.F.);
#127600=ORIENTED_EDGE('',*,*,#42360,.T.);
#127610=CARTESIAN_POINT('',(54.216923,48.133846,1271.6));
#127620=DIRECTION('',(0.,-1.,0.));
#127630=VECTOR('',#127620,1.);
#127640=LINE('',#127610,#127630);
#127650=EDGE_CURVE('',#62860,#42270,#127640,.T.);
#127660=ORIENTED_EDGE('',*,*,#127650,.T.);
#127670=ORIENTED_EDGE('',*,*,#62890,.F.);
#127680=EDGE_LOOP('',(#127670,#127660,#127600,#127590));
#127690=FACE_OUTER_BOUND('',#127680,.T.);
#127700=ADVANCED_FACE('',(#127690),#127530,.T.);
#127710=COLOUR_RGB('',0.823529481887817,0.823529481887817,
0.784313797950745);
#127720=FILL_AREA_STYLE_COLOUR('',#127710);
#127730=FILL_AREA_STYLE('',(#127720));
#127740=SURFACE_STYLE_FILL_AREA(#127730);
#127750=SURFACE_SIDE_STYLE('',(#127740));
#127760=SURFACE_STYLE_USAGE(.BOTH.,#127750);
#127770=PRESENTATION_STYLE_ASSIGNMENT((#127760));
#127780=CARTESIAN_POINT('',(51.116923,48.133846,1271.6));
#127790=DIRECTION('',(0.,-1.,0.));
#127800=DIRECTION('',(1.,0.,0.));
#127810=AXIS2_PLACEMENT_3D('',#127780,#127790,#127800);
#127820=CYLINDRICAL_SURFACE('',#127810,3.1);
#127830=ORIENTED_EDGE('',*,*,#127650,.F.);
#127840=ORIENTED_EDGE('',*,*,#42280,.T.);
#127850=CARTESIAN_POINT('',(48.016923,48.133846,1271.6));
#127860=DIRECTION('',(0.,-1.,0.));
#127870=VECTOR('',#127860,1.);
#127880=LINE('',#127850,#127870);
#127890=EDGE_CURVE('',#62970,#42180,#127880,.T.);
#127900=ORIENTED_EDGE('',*,*,#127890,.T.);
#127910=ORIENTED_EDGE('',*,*,#62980,.F.);
#127920=EDGE_LOOP('',(#127910,#127900,#127840,#127830));
#127930=FACE_OUTER_BOUND('',#127920,.T.);
#127940=ADVANCED_FACE('',(#127930),#127820,.F.);
#127950=COLOUR_RGB('',0.823529481887817,0.823529481887817,
0.784313797950745);
#127960=FILL_AREA_STYLE_COLOUR('',#127950);
#127970=FILL_AREA_STYLE('',(#127960));
#127980=SURFACE_STYLE_FILL_AREA(#127970);
#127990=SURFACE_SIDE_STYLE('',(#127980));
#128000=SURFACE_STYLE_USAGE(.BOTH.,#127990);
#128010=PRESENTATION_STYLE_ASSIGNMENT((#128000));
#128020=CARTESIAN_POINT('',(48.016923,48.133846,1280.4));
#128030=DIRECTION('',(1.,0.,-0.));
#128040=DIRECTION('',(0.,0.,1.));
#128050=AXIS2_PLACEMENT_3D('',#128020,#128030,#128040);
#128060=PLANE('',#128050);
#128070=ORIENTED_EDGE('',*,*,#127890,.F.);
#128080=ORIENTED_EDGE('',*,*,#42190,.T.);
#128090=CARTESIAN_POINT('',(48.016923,48.133846,1280.4));
#128100=DIRECTION('',(0.,-1.,0.));
#128110=VECTOR('',#128100,1.);
#128120=LINE('',#128090,#128110);
#128130=EDGE_CURVE('',#63050,#42160,#128120,.T.);
#128140=ORIENTED_EDGE('',*,*,#128130,.T.);
#128150=ORIENTED_EDGE('',*,*,#63060,.F.);
#128160=EDGE_LOOP('',(#128150,#128140,#128080,#128070));
#128170=FACE_OUTER_BOUND('',#128160,.T.);
#128180=ADVANCED_FACE('',(#128170),#128060,.T.);
#128190=COLOUR_RGB('',0.823529481887817,0.823529481887817,
0.784313797950745);
#128200=FILL_AREA_STYLE_COLOUR('',#128190);
#128210=FILL_AREA_STYLE('',(#128200));
#128220=SURFACE_STYLE_FILL_AREA(#128210);
#128230=SURFACE_SIDE_STYLE('',(#128220));
#128240=SURFACE_STYLE_USAGE(.BOTH.,#128230);
#128250=PRESENTATION_STYLE_ASSIGNMENT((#128240));
#128260=CARTESIAN_POINT('',(51.116923,48.133846,1280.4));
#128270=DIRECTION('',(0.,1.,0.));
#128280=DIRECTION('',(1.,0.,0.));
#128290=AXIS2_PLACEMENT_3D('',#128260,#128270,#128280);
#128300=CYLINDRICAL_SURFACE('',#128290,3.1);
#128310=ORIENTED_EDGE('',*,*,#128130,.F.);
#128320=ORIENTED_EDGE('',*,*,#42430,.F.);
#128330=ORIENTED_EDGE('',*,*,#127580,.T.);
#128340=ORIENTED_EDGE('',*,*,#63130,.T.);
#128350=EDGE_LOOP('',(#128340,#128330,#128320,#128310));
#128360=FACE_OUTER_BOUND('',#128350,.T.);
#128370=ADVANCED_FACE('',(#128360),#128300,.F.);
#128380=COLOUR_RGB('',0.823529481887817,0.823529481887817,
0.784313797950745);
#128390=FILL_AREA_STYLE_COLOUR('',#128380);
#128400=FILL_AREA_STYLE('',(#128390));
#128410=SURFACE_STYLE_FILL_AREA(#128400);
#128420=SURFACE_SIDE_STYLE('',(#128410));
#128430=SURFACE_STYLE_USAGE(.BOTH.,#128420);
#128440=PRESENTATION_STYLE_ASSIGNMENT((#128430));
#128450=CARTESIAN_POINT('',(54.216923,48.133846,1371.6));
#128460=DIRECTION('',(-1.,-0.,-0.));
#128470=DIRECTION('',(0.,0.,-1.));
#128480=AXIS2_PLACEMENT_3D('',#128450,#128460,#128470);
#128490=PLANE('',#128480);
#128500=CARTESIAN_POINT('',(54.216923,48.133846,1380.4));
#128510=DIRECTION('',(0.,-1.,0.));
#128520=VECTOR('',#128510,1.);
#128530=LINE('',#128500,#128520);
#128540=EDGE_CURVE('',#63240,#19610,#128530,.T.);
#128550=ORIENTED_EDGE('',*,*,#128540,.F.);
#128560=ORIENTED_EDGE('',*,*,#19620,.T.);
#128570=CARTESIAN_POINT('',(54.216923,48.133846,1371.6));
#128580=DIRECTION('',(0.,-1.,0.));
#128590=VECTOR('',#128580,1.);
#128600=LINE('',#128570,#128590);
#128610=EDGE_CURVE('',#63220,#19590,#128600,.T.);
#128620=ORIENTED_EDGE('',*,*,#128610,.T.);
#128630=ORIENTED_EDGE('',*,*,#63250,.F.);
#128640=EDGE_LOOP('',(#128630,#128620,#128560,#128550));
#128650=FACE_OUTER_BOUND('',#128640,.T.);
#128660=ADVANCED_FACE('',(#128650),#128490,.T.);
#128670=COLOUR_RGB('',0.823529481887817,0.823529481887817,
0.784313797950745);
#128680=FILL_AREA_STYLE_COLOUR('',#128670);
#128690=FILL_AREA_STYLE('',(#128680));
#128700=SURFACE_STYLE_FILL_AREA(#128690);
#128710=SURFACE_SIDE_STYLE('',(#128700));
#128720=SURFACE_STYLE_USAGE(.BOTH.,#128710);
#128730=PRESENTATION_STYLE_ASSIGNMENT((#128720));
#128740=CARTESIAN_POINT('',(51.116923,48.133846,1371.6));
#128750=DIRECTION('',(0.,-1.,0.));
#128760=DIRECTION('',(1.,0.,0.));
#128770=AXIS2_PLACEMENT_3D('',#128740,#128750,#128760);
#128780=CYLINDRICAL_SURFACE('',#128770,3.1);
#128790=ORIENTED_EDGE('',*,*,#128610,.F.);
#128800=ORIENTED_EDGE('',*,*,#19860,.T.);
#128810=CARTESIAN_POINT('',(48.016923,48.133846,1371.6));
#128820=DIRECTION('',(0.,-1.,0.));
#128830=VECTOR('',#128820,1.);
#128840=LINE('',#128810,#128830);
#128850=EDGE_CURVE('',#63330,#19780,#128840,.T.);
#128860=ORIENTED_EDGE('',*,*,#128850,.T.);
#128870=ORIENTED_EDGE('',*,*,#63340,.F.);
#128880=EDGE_LOOP('',(#128870,#128860,#128800,#128790));
#128890=FACE_OUTER_BOUND('',#128880,.T.);
#128900=ADVANCED_FACE('',(#128890),#128780,.F.);
#128910=COLOUR_RGB('',0.823529481887817,0.823529481887817,
0.784313797950745);
#128920=FILL_AREA_STYLE_COLOUR('',#128910);
#128930=FILL_AREA_STYLE('',(#128920));
#128940=SURFACE_STYLE_FILL_AREA(#128930);
#128950=SURFACE_SIDE_STYLE('',(#128940));
#128960=SURFACE_STYLE_USAGE(.BOTH.,#128950);
#128970=PRESENTATION_STYLE_ASSIGNMENT((#128960));
#128980=CARTESIAN_POINT('',(48.016923,48.133846,1380.4));
#128990=DIRECTION('',(1.,0.,-0.));
#129000=DIRECTION('',(0.,0.,1.));
#129010=AXIS2_PLACEMENT_3D('',#128980,#128990,#129000);
#129020=PLANE('',#129010);
#129030=ORIENTED_EDGE('',*,*,#128850,.F.);
#129040=ORIENTED_EDGE('',*,*,#19790,.T.);
#129050=CARTESIAN_POINT('',(48.016923,48.133846,1380.4));
#129060=DIRECTION('',(0.,-1.,0.));
#129070=VECTOR('',#129060,1.);
#129080=LINE('',#129050,#129070);
#129090=EDGE_CURVE('',#63410,#19700,#129080,.T.);
#129100=ORIENTED_EDGE('',*,*,#129090,.T.);
#129110=ORIENTED_EDGE('',*,*,#63420,.F.);
#129120=EDGE_LOOP('',(#129110,#129100,#129040,#129030));
#129130=FACE_OUTER_BOUND('',#129120,.T.);
#129140=ADVANCED_FACE('',(#129130),#129020,.T.);
#129150=COLOUR_RGB('',0.823529481887817,0.823529481887817,
0.784313797950745);
#129160=FILL_AREA_STYLE_COLOUR('',#129150);
#129170=FILL_AREA_STYLE('',(#129160));
#129180=SURFACE_STYLE_FILL_AREA(#129170);
#129190=SURFACE_SIDE_STYLE('',(#129180));
#129200=SURFACE_STYLE_USAGE(.BOTH.,#129190);
#129210=PRESENTATION_STYLE_ASSIGNMENT((#129200));
#129220=CARTESIAN_POINT('',(51.116923,48.133846,1380.4));
#129230=DIRECTION('',(0.,1.,0.));
#129240=DIRECTION('',(1.,0.,0.));
#129250=AXIS2_PLACEMENT_3D('',#129220,#129230,#129240);
#129260=CYLINDRICAL_SURFACE('',#129250,3.1);
#129270=ORIENTED_EDGE('',*,*,#129090,.F.);
#129280=ORIENTED_EDGE('',*,*,#19710,.F.);
#129290=ORIENTED_EDGE('',*,*,#128540,.T.);
#129300=ORIENTED_EDGE('',*,*,#63490,.T.);
#129310=EDGE_LOOP('',(#129300,#129290,#129280,#129270));
#129320=FACE_OUTER_BOUND('',#129310,.T.);
#129330=ADVANCED_FACE('',(#129320),#129260,.F.);
#129340=COLOUR_RGB('',0.823529481887817,0.823529481887817,
0.784313797950745);
#129350=FILL_AREA_STYLE_COLOUR('',#129340);
#129360=FILL_AREA_STYLE('',(#129350));
#129370=SURFACE_STYLE_FILL_AREA(#129360);
#129380=SURFACE_SIDE_STYLE('',(#129370));
#129390=SURFACE_STYLE_USAGE(.BOTH.,#129380);
#129400=PRESENTATION_STYLE_ASSIGNMENT((#129390));
#129410=CARTESIAN_POINT('',(54.216923,48.133846,796.6));
#129420=DIRECTION('',(-1.,-0.,-0.));
#129430=DIRECTION('',(0.,0.,-1.));
#129440=AXIS2_PLACEMENT_3D('',#129410,#129420,#129430);
#129450=PLANE('',#129440);
#129460=CARTESIAN_POINT('',(54.216923,48.133846,805.4));
#129470=DIRECTION('',(0.,-1.,0.));
#129480=VECTOR('',#129470,1.);
#129490=LINE('',#129460,#129480);
#129500=EDGE_CURVE('',#63600,#20860,#129490,.T.);
#129510=ORIENTED_EDGE('',*,*,#129500,.F.);
#129520=ORIENTED_EDGE('',*,*,#20870,.T.);
#129530=CARTESIAN_POINT('',(54.216923,48.133846,796.6));
#129540=DIRECTION('',(0.,-1.,0.));
#129550=VECTOR('',#129540,1.);
#129560=LINE('',#129530,#129550);
#129570=EDGE_CURVE('',#63580,#20780,#129560,.T.);
#129580=ORIENTED_EDGE('',*,*,#129570,.T.);
#129590=ORIENTED_EDGE('',*,*,#63610,.F.);
#129600=EDGE_LOOP('',(#129590,#129580,#129520,#129510));
#129610=FACE_OUTER_BOUND('',#129600,.T.);
#129620=ADVANCED_FACE('',(#129610),#129450,.T.);
#129630=COLOUR_RGB('',0.823529481887817,0.823529481887817,
0.784313797950745);
#129640=FILL_AREA_STYLE_COLOUR('',#129630);
#129650=FILL_AREA_STYLE('',(#129640));
#129660=SURFACE_STYLE_FILL_AREA(#129650);
#129670=SURFACE_SIDE_STYLE('',(#129660));
#129680=SURFACE_STYLE_USAGE(.BOTH.,#129670);
#129690=PRESENTATION_STYLE_ASSIGNMENT((#129680));
#129700=CARTESIAN_POINT('',(51.116923,48.133846,796.6));
#129710=DIRECTION('',(0.,-1.,0.));
#129720=DIRECTION('',(1.,0.,0.));
#129730=AXIS2_PLACEMENT_3D('',#129700,#129710,#129720);
#129740=CYLINDRICAL_SURFACE('',#129730,3.1);
#129750=ORIENTED_EDGE('',*,*,#129570,.F.);
#129760=ORIENTED_EDGE('',*,*,#20790,.T.);
#129770=CARTESIAN_POINT('',(48.016923,48.133846,796.6));
#129780=DIRECTION('',(0.,-1.,0.));
#129790=VECTOR('',#129780,1.);
#129800=LINE('',#129770,#129790);
#129810=EDGE_CURVE('',#63690,#20690,#129800,.T.);
#129820=ORIENTED_EDGE('',*,*,#129810,.T.);
#129830=ORIENTED_EDGE('',*,*,#63700,.F.);
#129840=EDGE_LOOP('',(#129830,#129820,#129760,#129750));
#129850=FACE_OUTER_BOUND('',#129840,.T.);
#129860=ADVANCED_FACE('',(#129850),#129740,.F.);
#129870=COLOUR_RGB('',0.823529481887817,0.823529481887817,
0.784313797950745);
#129880=FILL_AREA_STYLE_COLOUR('',#129870);
#129890=FILL_AREA_STYLE('',(#129880));
#129900=SURFACE_STYLE_FILL_AREA(#129890);
#129910=SURFACE_SIDE_STYLE('',(#129900));
#129920=SURFACE_STYLE_USAGE(.BOTH.,#129910);
#129930=PRESENTATION_STYLE_ASSIGNMENT((#129920));
#129940=CARTESIAN_POINT('',(48.016923,48.133846,805.4));
#129950=DIRECTION('',(1.,0.,-0.));
#129960=DIRECTION('',(0.,0.,1.));
#129970=AXIS2_PLACEMENT_3D('',#129940,#129950,#129960);
#129980=PLANE('',#129970);
#129990=ORIENTED_EDGE('',*,*,#129810,.F.);
#130000=ORIENTED_EDGE('',*,*,#20700,.T.);
#130010=CARTESIAN_POINT('',(48.016923,48.133846,805.4));
#130020=DIRECTION('',(0.,-1.,0.));
#130030=VECTOR('',#130020,1.);
#130040=LINE('',#130010,#130030);
#130050=EDGE_CURVE('',#63770,#20670,#130040,.T.);
#130060=ORIENTED_EDGE('',*,*,#130050,.T.);
#130070=ORIENTED_EDGE('',*,*,#63780,.F.);
#130080=EDGE_LOOP('',(#130070,#130060,#130000,#129990));
#130090=FACE_OUTER_BOUND('',#130080,.T.);
#130100=ADVANCED_FACE('',(#130090),#129980,.T.);
#130110=COLOUR_RGB('',0.823529481887817,0.823529481887817,
0.784313797950745);
#130120=FILL_AREA_STYLE_COLOUR('',#130110);
#130130=FILL_AREA_STYLE('',(#130120));
#130140=SURFACE_STYLE_FILL_AREA(#130130);
#130150=SURFACE_SIDE_STYLE('',(#130140));
#130160=SURFACE_STYLE_USAGE(.BOTH.,#130150);
#130170=PRESENTATION_STYLE_ASSIGNMENT((#130160));
#130180=CARTESIAN_POINT('',(51.116923,48.133846,805.4));
#130190=DIRECTION('',(0.,1.,0.));
#130200=DIRECTION('',(1.,0.,0.));
#130210=AXIS2_PLACEMENT_3D('',#130180,#130190,#130200);
#130220=CYLINDRICAL_SURFACE('',#130210,3.1);
#130230=ORIENTED_EDGE('',*,*,#130050,.F.);
#130240=ORIENTED_EDGE('',*,*,#20940,.F.);
#130250=ORIENTED_EDGE('',*,*,#129500,.T.);
#130260=ORIENTED_EDGE('',*,*,#63850,.T.);
#130270=EDGE_LOOP('',(#130260,#130250,#130240,#130230));
#130280=FACE_OUTER_BOUND('',#130270,.T.);
#130290=ADVANCED_FACE('',(#130280),#130220,.F.);
#130300=COLOUR_RGB('',0.823529481887817,0.823529481887817,
0.784313797950745);
#130310=FILL_AREA_STYLE_COLOUR('',#130300);
#130320=FILL_AREA_STYLE('',(#130310));
#130330=SURFACE_STYLE_FILL_AREA(#130320);
#130340=SURFACE_SIDE_STYLE('',(#130330));
#130350=SURFACE_STYLE_USAGE(.BOTH.,#130340);
#130360=PRESENTATION_STYLE_ASSIGNMENT((#130350));
#130370=CARTESIAN_POINT('',(54.216923,48.133846,246.6));
#130380=DIRECTION('',(-1.,-0.,-0.));
#130390=DIRECTION('',(0.,0.,-1.));
#130400=AXIS2_PLACEMENT_3D('',#130370,#130380,#130390);
#130410=PLANE('',#130400);
#130420=CARTESIAN_POINT('',(54.216923,48.133846,255.4));
#130430=DIRECTION('',(0.,-1.,0.));
#130440=VECTOR('',#130430,1.);
#130450=LINE('',#130420,#130440);
#130460=EDGE_CURVE('',#63960,#30770,#130450,.T.);
#130470=ORIENTED_EDGE('',*,*,#130460,.F.);
#130480=ORIENTED_EDGE('',*,*,#30780,.T.);
#130490=CARTESIAN_POINT('',(54.216923,48.133846,246.6));
#130500=DIRECTION('',(0.,-1.,0.));
#130510=VECTOR('',#130500,1.);
#130520=LINE('',#130490,#130510);
#130530=EDGE_CURVE('',#63940,#30750,#130520,.T.);
#130540=ORIENTED_EDGE('',*,*,#130530,.T.);
#130550=ORIENTED_EDGE('',*,*,#63970,.F.);
#130560=EDGE_LOOP('',(#130550,#130540,#130480,#130470));
#130570=FACE_OUTER_BOUND('',#130560,.T.);
#130580=ADVANCED_FACE('',(#130570),#130410,.T.);
#130590=COLOUR_RGB('',0.823529481887817,0.823529481887817,
0.784313797950745);
#130600=FILL_AREA_STYLE_COLOUR('',#130590);
#130610=FILL_AREA_STYLE('',(#130600));
#130620=SURFACE_STYLE_FILL_AREA(#130610);
#130630=SURFACE_SIDE_STYLE('',(#130620));
#130640=SURFACE_STYLE_USAGE(.BOTH.,#130630);
#130650=PRESENTATION_STYLE_ASSIGNMENT((#130640));
#130660=CARTESIAN_POINT('',(51.116923,48.133846,246.6));
#130670=DIRECTION('',(0.,-1.,0.));
#130680=DIRECTION('',(1.,0.,0.));
#130690=AXIS2_PLACEMENT_3D('',#130660,#130670,#130680);
#130700=CYLINDRICAL_SURFACE('',#130690,3.1);
#130710=ORIENTED_EDGE('',*,*,#130530,.F.);
#130720=ORIENTED_EDGE('',*,*,#31020,.T.);
#130730=CARTESIAN_POINT('',(48.016923,48.133846,246.6));
#130740=DIRECTION('',(0.,-1.,0.));
#130750=VECTOR('',#130740,1.);
#130760=LINE('',#130730,#130750);
#130770=EDGE_CURVE('',#64050,#30940,#130760,.T.);
#130780=ORIENTED_EDGE('',*,*,#130770,.T.);
#130790=ORIENTED_EDGE('',*,*,#64060,.F.);
#130800=EDGE_LOOP('',(#130790,#130780,#130720,#130710));
#130810=FACE_OUTER_BOUND('',#130800,.T.);
#130820=ADVANCED_FACE('',(#130810),#130700,.F.);
#130830=COLOUR_RGB('',0.823529481887817,0.823529481887817,
0.784313797950745);
#130840=FILL_AREA_STYLE_COLOUR('',#130830);
#130850=FILL_AREA_STYLE('',(#130840));
#130860=SURFACE_STYLE_FILL_AREA(#130850);
#130870=SURFACE_SIDE_STYLE('',(#130860));
#130880=SURFACE_STYLE_USAGE(.BOTH.,#130870);
#130890=PRESENTATION_STYLE_ASSIGNMENT((#130880));
#130900=CARTESIAN_POINT('',(48.016923,48.133846,255.4));
#130910=DIRECTION('',(1.,0.,-0.));
#130920=DIRECTION('',(0.,0.,1.));
#130930=AXIS2_PLACEMENT_3D('',#130900,#130910,#130920);
#130940=PLANE('',#130930);
#130950=ORIENTED_EDGE('',*,*,#130770,.F.);
#130960=ORIENTED_EDGE('',*,*,#30950,.T.);
#130970=CARTESIAN_POINT('',(48.016923,48.133846,255.4));
#130980=DIRECTION('',(0.,-1.,0.));
#130990=VECTOR('',#130980,1.);
#131000=LINE('',#130970,#130990);
#131010=EDGE_CURVE('',#64130,#30860,#131000,.T.);
#131020=ORIENTED_EDGE('',*,*,#131010,.T.);
#131030=ORIENTED_EDGE('',*,*,#64140,.F.);
#131040=EDGE_LOOP('',(#131030,#131020,#130960,#130950));
#131050=FACE_OUTER_BOUND('',#131040,.T.);
#131060=ADVANCED_FACE('',(#131050),#130940,.T.);
#131070=COLOUR_RGB('',0.823529481887817,0.823529481887817,
0.784313797950745);
#131080=FILL_AREA_STYLE_COLOUR('',#131070);
#131090=FILL_AREA_STYLE('',(#131080));
#131100=SURFACE_STYLE_FILL_AREA(#131090);
#131110=SURFACE_SIDE_STYLE('',(#131100));
#131120=SURFACE_STYLE_USAGE(.BOTH.,#131110);
#131130=PRESENTATION_STYLE_ASSIGNMENT((#131120));
#131140=CARTESIAN_POINT('',(51.116923,48.133846,255.4));
#131150=DIRECTION('',(0.,1.,0.));
#131160=DIRECTION('',(1.,0.,0.));
#131170=AXIS2_PLACEMENT_3D('',#131140,#131150,#131160);
#131180=CYLINDRICAL_SURFACE('',#131170,3.1);
#131190=ORIENTED_EDGE('',*,*,#131010,.F.);
#131200=ORIENTED_EDGE('',*,*,#30870,.F.);
#131210=ORIENTED_EDGE('',*,*,#130460,.T.);
#131220=ORIENTED_EDGE('',*,*,#64210,.T.);
#131230=EDGE_LOOP('',(#131220,#131210,#131200,#131190));
#131240=FACE_OUTER_BOUND('',#131230,.T.);
#131250=ADVANCED_FACE('',(#131240),#131180,.F.);
#131260=COLOUR_RGB('',0.823529481887817,0.823529481887817,
0.784313797950745);
#131270=FILL_AREA_STYLE_COLOUR('',#131260);
#131280=FILL_AREA_STYLE('',(#131270));
#131290=SURFACE_STYLE_FILL_AREA(#131280);
#131300=SURFACE_SIDE_STYLE('',(#131290));
#131310=SURFACE_STYLE_USAGE(.BOTH.,#131300);
#131320=PRESENTATION_STYLE_ASSIGNMENT((#131310));
#131330=CARTESIAN_POINT('',(51.116923,48.133846,1121.6));
#131340=DIRECTION('',(0.,-1.,0.));
#131350=DIRECTION('',(1.,0.,0.));
#131360=AXIS2_PLACEMENT_3D('',#131330,#131340,#131350);
#131370=CYLINDRICAL_SURFACE('',#131360,3.1);
#131380=CARTESIAN_POINT('',(54.216923,48.133846,1121.6));
#131390=DIRECTION('',(0.,-1.,0.));
#131400=VECTOR('',#131390,1.);
#131410=LINE('',#131380,#131400);
#131420=EDGE_CURVE('',#64410,#32940,#131410,.T.);
#131430=ORIENTED_EDGE('',*,*,#131420,.F.);
#131440=ORIENTED_EDGE('',*,*,#32950,.T.);
#131450=CARTESIAN_POINT('',(48.016923,48.133846,1121.6));
#131460=DIRECTION('',(0.,-1.,0.));
#131470=VECTOR('',#131460,1.);
#131480=LINE('',#131450,#131470);
#131490=EDGE_CURVE('',#64500,#32920,#131480,.T.);
#131500=ORIENTED_EDGE('',*,*,#131490,.T.);
#131510=ORIENTED_EDGE('',*,*,#64510,.F.);
#131520=EDGE_LOOP('',(#131510,#131500,#131440,#131430));
#131530=FACE_OUTER_BOUND('',#131520,.T.);
#131540=ADVANCED_FACE('',(#131530),#131370,.F.);
#131550=COLOUR_RGB('',0.823529481887817,0.823529481887817,
0.784313797950745);
#131560=FILL_AREA_STYLE_COLOUR('',#131550);
#131570=FILL_AREA_STYLE('',(#131560));
#131580=SURFACE_STYLE_FILL_AREA(#131570);
#131590=SURFACE_SIDE_STYLE('',(#131580));
#131600=SURFACE_STYLE_USAGE(.BOTH.,#131590);
#131610=PRESENTATION_STYLE_ASSIGNMENT((#131600));
#131620=CARTESIAN_POINT('',(54.216923,48.133846,1121.6));
#131630=DIRECTION('',(-1.,-0.,-0.));
#131640=DIRECTION('',(0.,0.,-1.));
#131650=AXIS2_PLACEMENT_3D('',#131620,#131630,#131640);
#131660=PLANE('',#131650);
#131670=CARTESIAN_POINT('',(54.216923,48.133846,1130.4));
#131680=DIRECTION('',(0.,-1.,0.));
#131690=VECTOR('',#131680,1.);
#131700=LINE('',#131670,#131690);
#131710=EDGE_CURVE('',#64330,#33020,#131700,.T.);
#131720=ORIENTED_EDGE('',*,*,#131710,.F.);
#131730=ORIENTED_EDGE('',*,*,#33030,.T.);
#131740=ORIENTED_EDGE('',*,*,#131420,.T.);
#131750=ORIENTED_EDGE('',*,*,#64420,.F.);
#131760=EDGE_LOOP('',(#131750,#131740,#131730,#131720));
#131770=FACE_OUTER_BOUND('',#131760,.T.);
#131780=ADVANCED_FACE('',(#131770),#131660,.T.);
#131790=COLOUR_RGB('',0.823529481887817,0.823529481887817,
0.784313797950745);
#131800=FILL_AREA_STYLE_COLOUR('',#131790);
#131810=FILL_AREA_STYLE('',(#131800));
#131820=SURFACE_STYLE_FILL_AREA(#131810);
#131830=SURFACE_SIDE_STYLE('',(#131820));
#131840=SURFACE_STYLE_USAGE(.BOTH.,#131830);
#131850=PRESENTATION_STYLE_ASSIGNMENT((#131840));
#131860=CARTESIAN_POINT('',(51.116923,48.133846,1130.4));
#131870=DIRECTION('',(0.,1.,0.));
#131880=DIRECTION('',(1.,0.,0.));
#131890=AXIS2_PLACEMENT_3D('',#131860,#131870,#131880);
#131900=CYLINDRICAL_SURFACE('',#131890,3.1);
#131910=CARTESIAN_POINT('',(48.016923,48.133846,1130.4));
#131920=DIRECTION('',(0.,-1.,0.));
#131930=VECTOR('',#131920,1.);
#131940=LINE('',#131910,#131930);
#131950=EDGE_CURVE('',#64310,#33110,#131940,.T.);
#131960=ORIENTED_EDGE('',*,*,#131950,.F.);
#131970=ORIENTED_EDGE('',*,*,#33120,.F.);
#131980=ORIENTED_EDGE('',*,*,#131710,.T.);
#131990=ORIENTED_EDGE('',*,*,#64340,.T.);
#132000=EDGE_LOOP('',(#131990,#131980,#131970,#131960));
#132010=FACE_OUTER_BOUND('',#132000,.T.);
#132020=ADVANCED_FACE('',(#132010),#131900,.F.);
#132030=COLOUR_RGB('',0.823529481887817,0.823529481887817,
0.784313797950745);
#132040=FILL_AREA_STYLE_COLOUR('',#132030);
#132050=FILL_AREA_STYLE('',(#132040));
#132060=SURFACE_STYLE_FILL_AREA(#132050);
#132070=SURFACE_SIDE_STYLE('',(#132060));
#132080=SURFACE_STYLE_USAGE(.BOTH.,#132070);
#132090=PRESENTATION_STYLE_ASSIGNMENT((#132080));
#132100=CARTESIAN_POINT('',(48.016923,48.133846,1130.4));
#132110=DIRECTION('',(1.,0.,-0.));
#132120=DIRECTION('',(0.,0.,1.));
#132130=AXIS2_PLACEMENT_3D('',#132100,#132110,#132120);
#132140=PLANE('',#132130);
#132150=ORIENTED_EDGE('',*,*,#131490,.F.);
#132160=ORIENTED_EDGE('',*,*,#33180,.T.);
#132170=ORIENTED_EDGE('',*,*,#131950,.T.);
#132180=ORIENTED_EDGE('',*,*,#64570,.F.);
#132190=EDGE_LOOP('',(#132180,#132170,#132160,#132150));
#132200=FACE_OUTER_BOUND('',#132190,.T.);
#132210=ADVANCED_FACE('',(#132200),#132140,.T.);
#132220=COLOUR_RGB('',0.823529481887817,0.823529481887817,
0.784313797950745);
#132230=FILL_AREA_STYLE_COLOUR('',#132220);
#132240=FILL_AREA_STYLE('',(#132230));
#132250=SURFACE_STYLE_FILL_AREA(#132240);
#132260=SURFACE_SIDE_STYLE('',(#132250));
#132270=SURFACE_STYLE_USAGE(.BOTH.,#132260);
#132280=PRESENTATION_STYLE_ASSIGNMENT((#132270));
#132290=CARTESIAN_POINT('',(54.216923,48.133846,696.6));
#132300=DIRECTION('',(-1.,-0.,-0.));
#132310=DIRECTION('',(0.,0.,-1.));
#132320=AXIS2_PLACEMENT_3D('',#132290,#132300,#132310);
#132330=PLANE('',#132320);
#132340=CARTESIAN_POINT('',(54.216923,48.133846,705.4));
#132350=DIRECTION('',(0.,-1.,0.));
#132360=VECTOR('',#132350,1.);
#132370=LINE('',#132340,#132360);
#132380=EDGE_CURVE('',#64680,#40660,#132370,.T.);
#132390=ORIENTED_EDGE('',*,*,#132380,.F.);
#132400=ORIENTED_EDGE('',*,*,#40670,.T.);
#132410=CARTESIAN_POINT('',(54.216923,48.133846,696.6));
#132420=DIRECTION('',(0.,-1.,0.));
#132430=VECTOR('',#132420,1.);
#132440=LINE('',#132410,#132430);
#132450=EDGE_CURVE('',#64660,#40580,#132440,.T.);
#132460=ORIENTED_EDGE('',*,*,#132450,.T.);
#132470=ORIENTED_EDGE('',*,*,#64690,.F.);
#132480=EDGE_LOOP('',(#132470,#132460,#132400,#132390));
#132490=FACE_OUTER_BOUND('',#132480,.T.);
#132500=ADVANCED_FACE('',(#132490),#132330,.T.);
#132510=COLOUR_RGB('',0.823529481887817,0.823529481887817,
0.784313797950745);
#132520=FILL_AREA_STYLE_COLOUR('',#132510);
#132530=FILL_AREA_STYLE('',(#132520));
#132540=SURFACE_STYLE_FILL_AREA(#132530);
#132550=SURFACE_SIDE_STYLE('',(#132540));
#132560=SURFACE_STYLE_USAGE(.BOTH.,#132550);
#132570=PRESENTATION_STYLE_ASSIGNMENT((#132560));
#132580=CARTESIAN_POINT('',(51.116923,48.133846,696.6));
#132590=DIRECTION('',(0.,-1.,0.));
#132600=DIRECTION('',(1.,0.,0.));
#132610=AXIS2_PLACEMENT_3D('',#132580,#132590,#132600);
#132620=CYLINDRICAL_SURFACE('',#132610,3.1);
#132630=ORIENTED_EDGE('',*,*,#132450,.F.);
#132640=ORIENTED_EDGE('',*,*,#40590,.T.);
#132650=CARTESIAN_POINT('',(48.016923,48.133846,696.6));
#132660=DIRECTION('',(0.,-1.,0.));
#132670=VECTOR('',#132660,1.);
#132680=LINE('',#132650,#132670);
#132690=EDGE_CURVE('',#64770,#40490,#132680,.T.);
#132700=ORIENTED_EDGE('',*,*,#132690,.T.);
#132710=ORIENTED_EDGE('',*,*,#64780,.F.);
#132720=EDGE_LOOP('',(#132710,#132700,#132640,#132630));
#132730=FACE_OUTER_BOUND('',#132720,.T.);
#132740=ADVANCED_FACE('',(#132730),#132620,.F.);
#132750=COLOUR_RGB('',0.823529481887817,0.823529481887817,
0.784313797950745);
#132760=FILL_AREA_STYLE_COLOUR('',#132750);
#132770=FILL_AREA_STYLE('',(#132760));
#132780=SURFACE_STYLE_FILL_AREA(#132770);
#132790=SURFACE_SIDE_STYLE('',(#132780));
#132800=SURFACE_STYLE_USAGE(.BOTH.,#132790);
#132810=PRESENTATION_STYLE_ASSIGNMENT((#132800));
#132820=CARTESIAN_POINT('',(48.016923,48.133846,705.4));
#132830=DIRECTION('',(1.,0.,-0.));
#132840=DIRECTION('',(0.,0.,1.));
#132850=AXIS2_PLACEMENT_3D('',#132820,#132830,#132840);
#132860=PLANE('',#132850);
#132870=ORIENTED_EDGE('',*,*,#132690,.F.);
#132880=ORIENTED_EDGE('',*,*,#40500,.T.);
#132890=CARTESIAN_POINT('',(48.016923,48.133846,705.4));
#132900=DIRECTION('',(0.,-1.,0.));
#132910=VECTOR('',#132900,1.);
#132920=LINE('',#132890,#132910);
#132930=EDGE_CURVE('',#64850,#40470,#132920,.T.);
#132940=ORIENTED_EDGE('',*,*,#132930,.T.);
#132950=ORIENTED_EDGE('',*,*,#64860,.F.);
#132960=EDGE_LOOP('',(#132950,#132940,#132880,#132870));
#132970=FACE_OUTER_BOUND('',#132960,.T.);
#132980=ADVANCED_FACE('',(#132970),#132860,.T.);
#132990=COLOUR_RGB('',0.823529481887817,0.823529481887817,
0.784313797950745);
#133000=FILL_AREA_STYLE_COLOUR('',#132990);
#133010=FILL_AREA_STYLE('',(#133000));
#133020=SURFACE_STYLE_FILL_AREA(#133010);
#133030=SURFACE_SIDE_STYLE('',(#133020));
#133040=SURFACE_STYLE_USAGE(.BOTH.,#133030);
#133050=PRESENTATION_STYLE_ASSIGNMENT((#133040));
#133060=CARTESIAN_POINT('',(51.116923,48.133846,705.4));
#133070=DIRECTION('',(0.,1.,0.));
#133080=DIRECTION('',(1.,0.,0.));
#133090=AXIS2_PLACEMENT_3D('',#133060,#133070,#133080);
#133100=CYLINDRICAL_SURFACE('',#133090,3.1);
#133110=ORIENTED_EDGE('',*,*,#132930,.F.);
#133120=ORIENTED_EDGE('',*,*,#40740,.F.);
#133130=ORIENTED_EDGE('',*,*,#132380,.T.);
#133140=ORIENTED_EDGE('',*,*,#64930,.T.);
#133150=EDGE_LOOP('',(#133140,#133130,#133120,#133110));
#133160=FACE_OUTER_BOUND('',#133150,.T.);
#133170=ADVANCED_FACE('',(#133160),#133100,.F.);
#133180=COLOUR_RGB('',0.823529481887817,0.823529481887817,
0.784313797950745);
#133190=FILL_AREA_STYLE_COLOUR('',#133180);
#133200=FILL_AREA_STYLE('',(#133190));
#133210=SURFACE_STYLE_FILL_AREA(#133200);
#133220=SURFACE_SIDE_STYLE('',(#133210));
#133230=SURFACE_STYLE_USAGE(.BOTH.,#133220);
#133240=PRESENTATION_STYLE_ASSIGNMENT((#133230));
#133250=CARTESIAN_POINT('',(54.216923,48.133846,571.6));
#133260=DIRECTION('',(-1.,-0.,-0.));
#133270=DIRECTION('',(0.,0.,-1.));
#133280=AXIS2_PLACEMENT_3D('',#133250,#133260,#133270);
#133290=PLANE('',#133280);
#133300=CARTESIAN_POINT('',(54.216923,48.133846,580.4));
#133310=DIRECTION('',(0.,-1.,0.));
#133320=VECTOR('',#133310,1.);
#133330=LINE('',#133300,#133320);
#133340=EDGE_CURVE('',#65040,#42900,#133330,.T.);
#133350=ORIENTED_EDGE('',*,*,#133340,.F.);
#133360=ORIENTED_EDGE('',*,*,#42910,.T.);
#133370=CARTESIAN_POINT('',(54.216923,48.133846,571.6));
#133380=DIRECTION('',(0.,-1.,0.));
#133390=VECTOR('',#133380,1.);
#133400=LINE('',#133370,#133390);
#133410=EDGE_CURVE('',#65020,#42880,#133400,.T.);
#133420=ORIENTED_EDGE('',*,*,#133410,.T.);
#133430=ORIENTED_EDGE('',*,*,#65050,.F.);
#133440=EDGE_LOOP('',(#133430,#133420,#133360,#133350));
#133450=FACE_OUTER_BOUND('',#133440,.T.);
#133460=ADVANCED_FACE('',(#133450),#133290,.T.);
#133470=COLOUR_RGB('',0.823529481887817,0.823529481887817,
0.784313797950745);
#133480=FILL_AREA_STYLE_COLOUR('',#133470);
#133490=FILL_AREA_STYLE('',(#133480));
#133500=SURFACE_STYLE_FILL_AREA(#133490);
#133510=SURFACE_SIDE_STYLE('',(#133500));
#133520=SURFACE_STYLE_USAGE(.BOTH.,#133510);
#133530=PRESENTATION_STYLE_ASSIGNMENT((#133520));
#133540=CARTESIAN_POINT('',(51.116923,48.133846,571.6));
#133550=DIRECTION('',(0.,-1.,0.));
#133560=DIRECTION('',(1.,0.,0.));
#133570=AXIS2_PLACEMENT_3D('',#133540,#133550,#133560);
#133580=CYLINDRICAL_SURFACE('',#133570,3.1);
#133590=ORIENTED_EDGE('',*,*,#133410,.F.);
#133600=ORIENTED_EDGE('',*,*,#43150,.T.);
#133610=CARTESIAN_POINT('',(48.016923,48.133846,571.6));
#133620=DIRECTION('',(0.,-1.,0.));
#133630=VECTOR('',#133620,1.);
#133640=LINE('',#133610,#133630);
#133650=EDGE_CURVE('',#65130,#43070,#133640,.T.);
#133660=ORIENTED_EDGE('',*,*,#133650,.T.);
#133670=ORIENTED_EDGE('',*,*,#65140,.F.);
#133680=EDGE_LOOP('',(#133670,#133660,#133600,#133590));
#133690=FACE_OUTER_BOUND('',#133680,.T.);
#133700=ADVANCED_FACE('',(#133690),#133580,.F.);
#133710=COLOUR_RGB('',0.823529481887817,0.823529481887817,
0.784313797950745);
#133720=FILL_AREA_STYLE_COLOUR('',#133710);
#133730=FILL_AREA_STYLE('',(#133720));
#133740=SURFACE_STYLE_FILL_AREA(#133730);
#133750=SURFACE_SIDE_STYLE('',(#133740));
#133760=SURFACE_STYLE_USAGE(.BOTH.,#133750);
#133770=PRESENTATION_STYLE_ASSIGNMENT((#133760));
#133780=CARTESIAN_POINT('',(48.016923,48.133846,580.4));
#133790=DIRECTION('',(1.,0.,-0.));
#133800=DIRECTION('',(0.,0.,1.));
#133810=AXIS2_PLACEMENT_3D('',#133780,#133790,#133800);
#133820=PLANE('',#133810);
#133830=ORIENTED_EDGE('',*,*,#133650,.F.);
#133840=ORIENTED_EDGE('',*,*,#43080,.T.);
#133850=CARTESIAN_POINT('',(48.016923,48.133846,580.4));
#133860=DIRECTION('',(0.,-1.,0.));
#133870=VECTOR('',#133860,1.);
#133880=LINE('',#133850,#133870);
#133890=EDGE_CURVE('',#65210,#42990,#133880,.T.);
#133900=ORIENTED_EDGE('',*,*,#133890,.T.);
#133910=ORIENTED_EDGE('',*,*,#65220,.F.);
#133920=EDGE_LOOP('',(#133910,#133900,#133840,#133830));
#133930=FACE_OUTER_BOUND('',#133920,.T.);
#133940=ADVANCED_FACE('',(#133930),#133820,.T.);
#133950=COLOUR_RGB('',0.823529481887817,0.823529481887817,
0.784313797950745);
#133960=FILL_AREA_STYLE_COLOUR('',#133950);
#133970=FILL_AREA_STYLE('',(#133960));
#133980=SURFACE_STYLE_FILL_AREA(#133970);
#133990=SURFACE_SIDE_STYLE('',(#133980));
#134000=SURFACE_STYLE_USAGE(.BOTH.,#133990);
#134010=PRESENTATION_STYLE_ASSIGNMENT((#134000));
#134020=CARTESIAN_POINT('',(51.116923,48.133846,580.4));
#134030=DIRECTION('',(0.,1.,0.));
#134040=DIRECTION('',(1.,0.,0.));
#134050=AXIS2_PLACEMENT_3D('',#134020,#134030,#134040);
#134060=CYLINDRICAL_SURFACE('',#134050,3.1);
#134070=ORIENTED_EDGE('',*,*,#133890,.F.);
#134080=ORIENTED_EDGE('',*,*,#43000,.F.);
#134090=ORIENTED_EDGE('',*,*,#133340,.T.);
#134100=ORIENTED_EDGE('',*,*,#65290,.T.);
#134110=EDGE_LOOP('',(#134100,#134090,#134080,#134070));
#134120=FACE_OUTER_BOUND('',#134110,.T.);
#134130=ADVANCED_FACE('',(#134120),#134060,.F.);
#134140=COLOUR_RGB('',0.823529481887817,0.823529481887817,
0.784313797950745);
#134150=FILL_AREA_STYLE_COLOUR('',#134140);
#134160=FILL_AREA_STYLE('',(#134150));
#134170=SURFACE_STYLE_FILL_AREA(#134160);
#134180=SURFACE_SIDE_STYLE('',(#134170));
#134190=SURFACE_STYLE_USAGE(.BOTH.,#134180);
#134200=PRESENTATION_STYLE_ASSIGNMENT((#134190));
#134210=CARTESIAN_POINT('',(54.216923,48.133846,1221.6));
#134220=DIRECTION('',(-1.,-0.,-0.));
#134230=DIRECTION('',(0.,0.,-1.));
#134240=AXIS2_PLACEMENT_3D('',#134210,#134220,#134230);
#134250=PLANE('',#134240);
#134260=CARTESIAN_POINT('',(54.216923,48.133846,1230.4));
#134270=DIRECTION('',(0.,-1.,0.));
#134280=VECTOR('',#134270,1.);
#134290=LINE('',#134260,#134280);
#134300=EDGE_CURVE('',#65400,#24290,#134290,.T.);
#134310=ORIENTED_EDGE('',*,*,#134300,.F.);
#134320=ORIENTED_EDGE('',*,*,#24300,.T.);
#134330=CARTESIAN_POINT('',(54.216923,48.133846,1221.6));
#134340=DIRECTION('',(0.,-1.,0.));
#134350=VECTOR('',#134340,1.);
#134360=LINE('',#134330,#134350);
#134370=EDGE_CURVE('',#65380,#24270,#134360,.T.);
#134380=ORIENTED_EDGE('',*,*,#134370,.T.);
#134390=ORIENTED_EDGE('',*,*,#65410,.F.);
#134400=EDGE_LOOP('',(#134390,#134380,#134320,#134310));
#134410=FACE_OUTER_BOUND('',#134400,.T.);
#134420=ADVANCED_FACE('',(#134410),#134250,.T.);
#134430=COLOUR_RGB('',0.823529481887817,0.823529481887817,
0.784313797950745);
#134440=FILL_AREA_STYLE_COLOUR('',#134430);
#134450=FILL_AREA_STYLE('',(#134440));
#134460=SURFACE_STYLE_FILL_AREA(#134450);
#134470=SURFACE_SIDE_STYLE('',(#134460));
#134480=SURFACE_STYLE_USAGE(.BOTH.,#134470);
#134490=PRESENTATION_STYLE_ASSIGNMENT((#134480));
#134500=CARTESIAN_POINT('',(51.116923,48.133846,1221.6));
#134510=DIRECTION('',(0.,-1.,0.));
#134520=DIRECTION('',(1.,0.,0.));
#134530=AXIS2_PLACEMENT_3D('',#134500,#134510,#134520);
#134540=CYLINDRICAL_SURFACE('',#134530,3.1);
#134550=ORIENTED_EDGE('',*,*,#134370,.F.);
#134560=ORIENTED_EDGE('',*,*,#24540,.T.);
#134570=CARTESIAN_POINT('',(48.016923,48.133846,1221.6));
#134580=DIRECTION('',(0.,-1.,0.));
#134590=VECTOR('',#134580,1.);
#134600=LINE('',#134570,#134590);
#134610=EDGE_CURVE('',#65490,#24460,#134600,.T.);
#134620=ORIENTED_EDGE('',*,*,#134610,.T.);
#134630=ORIENTED_EDGE('',*,*,#65500,.F.);
#134640=EDGE_LOOP('',(#134630,#134620,#134560,#134550));
#134650=FACE_OUTER_BOUND('',#134640,.T.);
#134660=ADVANCED_FACE('',(#134650),#134540,.F.);
#134670=COLOUR_RGB('',0.823529481887817,0.823529481887817,
0.784313797950745);
#134680=FILL_AREA_STYLE_COLOUR('',#134670);
#134690=FILL_AREA_STYLE('',(#134680));
#134700=SURFACE_STYLE_FILL_AREA(#134690);
#134710=SURFACE_SIDE_STYLE('',(#134700));
#134720=SURFACE_STYLE_USAGE(.BOTH.,#134710);
#134730=PRESENTATION_STYLE_ASSIGNMENT((#134720));
#134740=CARTESIAN_POINT('',(48.016923,48.133846,1230.4));
#134750=DIRECTION('',(1.,0.,-0.));
#134760=DIRECTION('',(0.,0.,1.));
#134770=AXIS2_PLACEMENT_3D('',#134740,#134750,#134760);
#134780=PLANE('',#134770);
#134790=ORIENTED_EDGE('',*,*,#134610,.F.);
#134800=ORIENTED_EDGE('',*,*,#24470,.T.);
#134810=CARTESIAN_POINT('',(48.016923,48.133846,1230.4));
#134820=DIRECTION('',(0.,-1.,0.));
#134830=VECTOR('',#134820,1.);
#134840=LINE('',#134810,#134830);
#134850=EDGE_CURVE('',#65570,#24380,#134840,.T.);
#134860=ORIENTED_EDGE('',*,*,#134850,.T.);
#134870=ORIENTED_EDGE('',*,*,#65580,.F.);
#134880=EDGE_LOOP('',(#134870,#134860,#134800,#134790));
#134890=FACE_OUTER_BOUND('',#134880,.T.);
#134900=ADVANCED_FACE('',(#134890),#134780,.T.);
#134910=COLOUR_RGB('',0.823529481887817,0.823529481887817,
0.784313797950745);
#134920=FILL_AREA_STYLE_COLOUR('',#134910);
#134930=FILL_AREA_STYLE('',(#134920));
#134940=SURFACE_STYLE_FILL_AREA(#134930);
#134950=SURFACE_SIDE_STYLE('',(#134940));
#134960=SURFACE_STYLE_USAGE(.BOTH.,#134950);
#134970=PRESENTATION_STYLE_ASSIGNMENT((#134960));
#134980=CARTESIAN_POINT('',(51.116923,48.133846,1230.4));
#134990=DIRECTION('',(0.,1.,0.));
#135000=DIRECTION('',(1.,0.,0.));
#135010=AXIS2_PLACEMENT_3D('',#134980,#134990,#135000);
#135020=CYLINDRICAL_SURFACE('',#135010,3.1);
#135030=ORIENTED_EDGE('',*,*,#134850,.F.);
#135040=ORIENTED_EDGE('',*,*,#24390,.F.);
#135050=ORIENTED_EDGE('',*,*,#134300,.T.);
#135060=ORIENTED_EDGE('',*,*,#65650,.T.);
#135070=EDGE_LOOP('',(#135060,#135050,#135040,#135030));
#135080=FACE_OUTER_BOUND('',#135070,.T.);
#135090=ADVANCED_FACE('',(#135080),#135020,.F.);
#135100=COLOUR_RGB('',0.823529481887817,0.823529481887817,
0.784313797950745);
#135110=FILL_AREA_STYLE_COLOUR('',#135100);
#135120=FILL_AREA_STYLE('',(#135110));
#135130=SURFACE_STYLE_FILL_AREA(#135120);
#135140=SURFACE_SIDE_STYLE('',(#135130));
#135150=SURFACE_STYLE_USAGE(.BOTH.,#135140);
#135160=PRESENTATION_STYLE_ASSIGNMENT((#135150));
#135170=CARTESIAN_POINT('',(51.116923,48.133846,1746.6));
#135180=DIRECTION('',(0.,-1.,0.));
#135190=DIRECTION('',(1.,0.,0.));
#135200=AXIS2_PLACEMENT_3D('',#135170,#135180,#135190);
#135210=CYLINDRICAL_SURFACE('',#135200,3.1);
#135220=CARTESIAN_POINT('',(54.216923,48.133846,1746.6));
#135230=DIRECTION('',(0.,-1.,0.));
#135240=VECTOR('',#135230,1.);
#135250=LINE('',#135220,#135240);
#135260=EDGE_CURVE('',#65850,#37260,#135250,.T.);
#135270=ORIENTED_EDGE('',*,*,#135260,.F.);
#135280=ORIENTED_EDGE('',*,*,#37270,.T.);
#135290=CARTESIAN_POINT('',(48.016923,48.133846,1746.6));
#135300=DIRECTION('',(0.,-1.,0.));
#135310=VECTOR('',#135300,1.);
#135320=LINE('',#135290,#135310);
#135330=EDGE_CURVE('',#65940,#37240,#135320,.T.);
#135340=ORIENTED_EDGE('',*,*,#135330,.T.);
#135350=ORIENTED_EDGE('',*,*,#65950,.F.);
#135360=EDGE_LOOP('',(#135350,#135340,#135280,#135270));
#135370=FACE_OUTER_BOUND('',#135360,.T.);
#135380=ADVANCED_FACE('',(#135370),#135210,.F.);
#135390=COLOUR_RGB('',0.823529481887817,0.823529481887817,
0.784313797950745);
#135400=FILL_AREA_STYLE_COLOUR('',#135390);
#135410=FILL_AREA_STYLE('',(#135400));
#135420=SURFACE_STYLE_FILL_AREA(#135410);
#135430=SURFACE_SIDE_STYLE('',(#135420));
#135440=SURFACE_STYLE_USAGE(.BOTH.,#135430);
#135450=PRESENTATION_STYLE_ASSIGNMENT((#135440));
#135460=CARTESIAN_POINT('',(54.216923,48.133846,1746.6));
#135470=DIRECTION('',(-1.,-0.,-0.));
#135480=DIRECTION('',(0.,0.,-1.));
#135490=AXIS2_PLACEMENT_3D('',#135460,#135470,#135480);
#135500=PLANE('',#135490);
#135510=CARTESIAN_POINT('',(54.216923,48.133846,1755.4));
#135520=DIRECTION('',(0.,-1.,0.));
#135530=VECTOR('',#135520,1.);
#135540=LINE('',#135510,#135530);
#135550=EDGE_CURVE('',#65770,#37340,#135540,.T.);
#135560=ORIENTED_EDGE('',*,*,#135550,.F.);
#135570=ORIENTED_EDGE('',*,*,#37350,.T.);
#135580=ORIENTED_EDGE('',*,*,#135260,.T.);
#135590=ORIENTED_EDGE('',*,*,#65860,.F.);
#135600=EDGE_LOOP('',(#135590,#135580,#135570,#135560));
#135610=FACE_OUTER_BOUND('',#135600,.T.);
#135620=ADVANCED_FACE('',(#135610),#135500,.T.);
#135630=COLOUR_RGB('',0.823529481887817,0.823529481887817,
0.784313797950745);
#135640=FILL_AREA_STYLE_COLOUR('',#135630);
#135650=FILL_AREA_STYLE('',(#135640));
#135660=SURFACE_STYLE_FILL_AREA(#135650);
#135670=SURFACE_SIDE_STYLE('',(#135660));
#135680=SURFACE_STYLE_USAGE(.BOTH.,#135670);
#135690=PRESENTATION_STYLE_ASSIGNMENT((#135680));
#135700=CARTESIAN_POINT('',(51.116923,48.133846,1755.4));
#135710=DIRECTION('',(0.,1.,0.));
#135720=DIRECTION('',(1.,0.,0.));
#135730=AXIS2_PLACEMENT_3D('',#135700,#135710,#135720);
#135740=CYLINDRICAL_SURFACE('',#135730,3.1);
#135750=CARTESIAN_POINT('',(48.016923,48.133846,1755.4));
#135760=DIRECTION('',(0.,-1.,0.));
#135770=VECTOR('',#135760,1.);
#135780=LINE('',#135750,#135770);
#135790=EDGE_CURVE('',#65750,#37430,#135780,.T.);
#135800=ORIENTED_EDGE('',*,*,#135790,.F.);
#135810=ORIENTED_EDGE('',*,*,#37440,.F.);
#135820=ORIENTED_EDGE('',*,*,#135550,.T.);
#135830=ORIENTED_EDGE('',*,*,#65780,.T.);
#135840=EDGE_LOOP('',(#135830,#135820,#135810,#135800));
#135850=FACE_OUTER_BOUND('',#135840,.T.);
#135860=ADVANCED_FACE('',(#135850),#135740,.F.);
#135870=COLOUR_RGB('',0.823529481887817,0.823529481887817,
0.784313797950745);
#135880=FILL_AREA_STYLE_COLOUR('',#135870);
#135890=FILL_AREA_STYLE('',(#135880));
#135900=SURFACE_STYLE_FILL_AREA(#135890);
#135910=SURFACE_SIDE_STYLE('',(#135900));
#135920=SURFACE_STYLE_USAGE(.BOTH.,#135910);
#135930=PRESENTATION_STYLE_ASSIGNMENT((#135920));
#135940=CARTESIAN_POINT('',(48.016923,48.133846,1755.4));
#135950=DIRECTION('',(1.,0.,-0.));
#135960=DIRECTION('',(0.,0.,1.));
#135970=AXIS2_PLACEMENT_3D('',#135940,#135950,#135960);
#135980=PLANE('',#135970);
#135990=ORIENTED_EDGE('',*,*,#135330,.F.);
#136000=ORIENTED_EDGE('',*,*,#37500,.T.);
#136010=ORIENTED_EDGE('',*,*,#135790,.T.);
#136020=ORIENTED_EDGE('',*,*,#66010,.F.);
#136030=EDGE_LOOP('',(#136020,#136010,#136000,#135990));
#136040=FACE_OUTER_BOUND('',#136030,.T.);
#136050=ADVANCED_FACE('',(#136040),#135980,.T.);
#136060=COLOUR_RGB('',0.823529481887817,0.823529481887817,
0.784313797950745);
#136070=FILL_AREA_STYLE_COLOUR('',#136060);
#136080=FILL_AREA_STYLE('',(#136070));
#136090=SURFACE_STYLE_FILL_AREA(#136080);
#136100=SURFACE_SIDE_STYLE('',(#136090));
#136110=SURFACE_STYLE_USAGE(.BOTH.,#136100);
#136120=PRESENTATION_STYLE_ASSIGNMENT((#136110));
#136130=CARTESIAN_POINT('',(54.216923,48.133846,1971.6));
#136140=DIRECTION('',(-1.,-0.,-0.));
#136150=DIRECTION('',(0.,0.,-1.));
#136160=AXIS2_PLACEMENT_3D('',#136130,#136140,#136150);
#136170=PLANE('',#136160);
#136180=CARTESIAN_POINT('',(54.216923,48.133846,1980.4));
#136190=DIRECTION('',(0.,-1.,0.));
#136200=VECTOR('',#136190,1.);
#136210=LINE('',#136180,#136200);
#136220=EDGE_CURVE('',#66120,#17820,#136210,.T.);
#136230=ORIENTED_EDGE('',*,*,#136220,.F.);
#136240=ORIENTED_EDGE('',*,*,#18060,.T.);
#136250=CARTESIAN_POINT('',(54.216923,48.133846,1971.6));
#136260=DIRECTION('',(0.,-1.,0.));
#136270=VECTOR('',#136260,1.);
#136280=LINE('',#136250,#136270);
#136290=EDGE_CURVE('',#66100,#17990,#136280,.T.);
#136300=ORIENTED_EDGE('',*,*,#136290,.T.);
#136310=ORIENTED_EDGE('',*,*,#66130,.F.);
#136320=EDGE_LOOP('',(#136310,#136300,#136240,#136230));
#136330=FACE_OUTER_BOUND('',#136320,.T.);
#136340=ADVANCED_FACE('',(#136330),#136170,.T.);
#136350=COLOUR_RGB('',0.823529481887817,0.823529481887817,
0.784313797950745);
#136360=FILL_AREA_STYLE_COLOUR('',#136350);
#136370=FILL_AREA_STYLE('',(#136360));
#136380=SURFACE_STYLE_FILL_AREA(#136370);
#136390=SURFACE_SIDE_STYLE('',(#136380));
#136400=SURFACE_STYLE_USAGE(.BOTH.,#136390);
#136410=PRESENTATION_STYLE_ASSIGNMENT((#136400));
#136420=CARTESIAN_POINT('',(51.116923,48.133846,1971.6));
#136430=DIRECTION('',(0.,-1.,0.));
#136440=DIRECTION('',(1.,0.,0.));
#136450=AXIS2_PLACEMENT_3D('',#136420,#136430,#136440);
#136460=CYLINDRICAL_SURFACE('',#136450,3.1);
#136470=ORIENTED_EDGE('',*,*,#136290,.F.);
#136480=ORIENTED_EDGE('',*,*,#18000,.T.);
#136490=CARTESIAN_POINT('',(48.016923,48.133846,1971.6));
#136500=DIRECTION('',(0.,-1.,0.));
#136510=VECTOR('',#136500,1.);
#136520=LINE('',#136490,#136510);
#136530=EDGE_CURVE('',#66210,#17900,#136520,.T.);
#136540=ORIENTED_EDGE('',*,*,#136530,.T.);
#136550=ORIENTED_EDGE('',*,*,#66220,.F.);
#136560=EDGE_LOOP('',(#136550,#136540,#136480,#136470));
#136570=FACE_OUTER_BOUND('',#136560,.T.);
#136580=ADVANCED_FACE('',(#136570),#136460,.F.);
#136590=COLOUR_RGB('',0.823529481887817,0.823529481887817,
0.784313797950745);
#136600=FILL_AREA_STYLE_COLOUR('',#136590);
#136610=FILL_AREA_STYLE('',(#136600));
#136620=SURFACE_STYLE_FILL_AREA(#136610);
#136630=SURFACE_SIDE_STYLE('',(#136620));
#136640=SURFACE_STYLE_USAGE(.BOTH.,#136630);
#136650=PRESENTATION_STYLE_ASSIGNMENT((#136640));
#136660=CARTESIAN_POINT('',(48.016923,48.133846,1980.4));
#136670=DIRECTION('',(1.,0.,-0.));
#136680=DIRECTION('',(0.,0.,1.));
#136690=AXIS2_PLACEMENT_3D('',#136660,#136670,#136680);
#136700=PLANE('',#136690);
#136710=ORIENTED_EDGE('',*,*,#136530,.F.);
#136720=ORIENTED_EDGE('',*,*,#17910,.T.);
#136730=CARTESIAN_POINT('',(48.016923,48.133846,1980.4));
#136740=DIRECTION('',(0.,-1.,0.));
#136750=VECTOR('',#136740,1.);
#136760=LINE('',#136730,#136750);
#136770=EDGE_CURVE('',#66290,#17800,#136760,.T.);
#136780=ORIENTED_EDGE('',*,*,#136770,.T.);
#136790=ORIENTED_EDGE('',*,*,#66300,.F.);
#136800=EDGE_LOOP('',(#136790,#136780,#136720,#136710));
#136810=FACE_OUTER_BOUND('',#136800,.T.);
#136820=ADVANCED_FACE('',(#136810),#136700,.T.);
#136830=COLOUR_RGB('',0.823529481887817,0.823529481887817,
0.784313797950745);
#136840=FILL_AREA_STYLE_COLOUR('',#136830);
#136850=FILL_AREA_STYLE('',(#136840));
#136860=SURFACE_STYLE_FILL_AREA(#136850);
#136870=SURFACE_SIDE_STYLE('',(#136860));
#136880=SURFACE_STYLE_USAGE(.BOTH.,#136870);
#136890=PRESENTATION_STYLE_ASSIGNMENT((#136880));
#136900=CARTESIAN_POINT('',(51.116923,48.133846,1980.4));
#136910=DIRECTION('',(0.,1.,0.));
#136920=DIRECTION('',(1.,0.,0.));
#136930=AXIS2_PLACEMENT_3D('',#136900,#136910,#136920);
#136940=CYLINDRICAL_SURFACE('',#136930,3.1);
#136950=ORIENTED_EDGE('',*,*,#136770,.F.);
#136960=ORIENTED_EDGE('',*,*,#17830,.F.);
#136970=ORIENTED_EDGE('',*,*,#136220,.T.);
#136980=ORIENTED_EDGE('',*,*,#66370,.T.);
#136990=EDGE_LOOP('',(#136980,#136970,#136960,#136950));
#137000=FACE_OUTER_BOUND('',#136990,.T.);
#137010=ADVANCED_FACE('',(#137000),#136940,.F.);
#137020=COLOUR_RGB('',0.823529481887817,0.823529481887817,
0.784313797950745);
#137030=FILL_AREA_STYLE_COLOUR('',#137020);
#137040=FILL_AREA_STYLE('',(#137030));
#137050=SURFACE_STYLE_FILL_AREA(#137040);
#137060=SURFACE_SIDE_STYLE('',(#137050));
#137070=SURFACE_STYLE_USAGE(.BOTH.,#137060);
#137080=PRESENTATION_STYLE_ASSIGNMENT((#137070));
#137090=CARTESIAN_POINT('',(54.216923,48.133846,1021.6));
#137100=DIRECTION('',(-1.,-0.,-0.));
#137110=DIRECTION('',(0.,0.,-1.));
#137120=AXIS2_PLACEMENT_3D('',#137090,#137100,#137110);
#137130=PLANE('',#137120);
#137140=CARTESIAN_POINT('',(54.216923,48.133846,1030.4));
#137150=DIRECTION('',(0.,-1.,0.));
#137160=VECTOR('',#137150,1.);
#137170=LINE('',#137140,#137160);
#137180=EDGE_CURVE('',#66660,#22580,#137170,.T.);
#137190=ORIENTED_EDGE('',*,*,#137180,.F.);
#137200=ORIENTED_EDGE('',*,*,#22590,.T.);
#137210=CARTESIAN_POINT('',(54.216923,48.133846,1021.6));
#137220=DIRECTION('',(0.,-1.,0.));
#137230=VECTOR('',#137220,1.);
#137240=LINE('',#137210,#137230);
#137250=EDGE_CURVE('',#66490,#22500,#137240,.T.);
#137260=ORIENTED_EDGE('',*,*,#137250,.T.);
#137270=ORIENTED_EDGE('',*,*,#66730,.F.);
#137280=EDGE_LOOP('',(#137270,#137260,#137200,#137190));
#137290=FACE_OUTER_BOUND('',#137280,.T.);
#137300=ADVANCED_FACE('',(#137290),#137130,.T.);
#137310=COLOUR_RGB('',0.823529481887817,0.823529481887817,
0.784313797950745);
#137320=FILL_AREA_STYLE_COLOUR('',#137310);
#137330=FILL_AREA_STYLE('',(#137320));
#137340=SURFACE_STYLE_FILL_AREA(#137330);
#137350=SURFACE_SIDE_STYLE('',(#137340));
#137360=SURFACE_STYLE_USAGE(.BOTH.,#137350);
#137370=PRESENTATION_STYLE_ASSIGNMENT((#137360));
#137380=CARTESIAN_POINT('',(51.116923,48.133846,1021.6));
#137390=DIRECTION('',(0.,-1.,0.));
#137400=DIRECTION('',(1.,0.,0.));
#137410=AXIS2_PLACEMENT_3D('',#137380,#137390,#137400);
#137420=CYLINDRICAL_SURFACE('',#137410,3.1);
#137430=ORIENTED_EDGE('',*,*,#137250,.F.);
#137440=ORIENTED_EDGE('',*,*,#22510,.T.);
#137450=CARTESIAN_POINT('',(48.016923,48.133846,1021.6));
#137460=DIRECTION('',(0.,-1.,0.));
#137470=VECTOR('',#137460,1.);
#137480=LINE('',#137450,#137470);
#137490=EDGE_CURVE('',#66470,#22480,#137480,.T.);
#137500=ORIENTED_EDGE('',*,*,#137490,.T.);
#137510=ORIENTED_EDGE('',*,*,#66500,.F.);
#137520=EDGE_LOOP('',(#137510,#137500,#137440,#137430));
#137530=FACE_OUTER_BOUND('',#137520,.T.);
#137540=ADVANCED_FACE('',(#137530),#137420,.F.);
#137550=COLOUR_RGB('',0.823529481887817,0.823529481887817,
0.784313797950745);
#137560=FILL_AREA_STYLE_COLOUR('',#137550);
#137570=FILL_AREA_STYLE('',(#137560));
#137580=SURFACE_STYLE_FILL_AREA(#137570);
#137590=SURFACE_SIDE_STYLE('',(#137580));
#137600=SURFACE_STYLE_USAGE(.BOTH.,#137590);
#137610=PRESENTATION_STYLE_ASSIGNMENT((#137600));
#137620=CARTESIAN_POINT('',(48.016923,48.133846,1030.4));
#137630=DIRECTION('',(1.,0.,-0.));
#137640=DIRECTION('',(0.,0.,1.));
#137650=AXIS2_PLACEMENT_3D('',#137620,#137630,#137640);
#137660=PLANE('',#137650);
#137670=ORIENTED_EDGE('',*,*,#137490,.F.);
#137680=ORIENTED_EDGE('',*,*,#22740,.T.);
#137690=CARTESIAN_POINT('',(48.016923,48.133846,1030.4));
#137700=DIRECTION('',(0.,-1.,0.));
#137710=VECTOR('',#137700,1.);
#137720=LINE('',#137690,#137710);
#137730=EDGE_CURVE('',#66570,#22670,#137720,.T.);
#137740=ORIENTED_EDGE('',*,*,#137730,.T.);
#137750=ORIENTED_EDGE('',*,*,#66580,.F.);
#137760=EDGE_LOOP('',(#137750,#137740,#137680,#137670));
#137770=FACE_OUTER_BOUND('',#137760,.T.);
#137780=ADVANCED_FACE('',(#137770),#137660,.T.);
#137790=COLOUR_RGB('',0.823529481887817,0.823529481887817,
0.784313797950745);
#137800=FILL_AREA_STYLE_COLOUR('',#137790);
#137810=FILL_AREA_STYLE('',(#137800));
#137820=SURFACE_STYLE_FILL_AREA(#137810);
#137830=SURFACE_SIDE_STYLE('',(#137820));
#137840=SURFACE_STYLE_USAGE(.BOTH.,#137830);
#137850=PRESENTATION_STYLE_ASSIGNMENT((#137840));
#137860=CARTESIAN_POINT('',(51.116923,48.133846,1030.4));
#137870=DIRECTION('',(0.,1.,0.));
#137880=DIRECTION('',(1.,0.,0.));
#137890=AXIS2_PLACEMENT_3D('',#137860,#137870,#137880);
#137900=CYLINDRICAL_SURFACE('',#137890,3.1);
#137910=ORIENTED_EDGE('',*,*,#137730,.F.);
#137920=ORIENTED_EDGE('',*,*,#22680,.F.);
#137930=ORIENTED_EDGE('',*,*,#137180,.T.);
#137940=ORIENTED_EDGE('',*,*,#66670,.T.);
#137950=EDGE_LOOP('',(#137940,#137930,#137920,#137910));
#137960=FACE_OUTER_BOUND('',#137950,.T.);
#137970=ADVANCED_FACE('',(#137960),#137900,.F.);
#137980=COLOUR_RGB('',0.823529481887817,0.823529481887817,
0.784313797950745);
#137990=FILL_AREA_STYLE_COLOUR('',#137980);
#138000=FILL_AREA_STYLE('',(#137990));
#138010=SURFACE_STYLE_FILL_AREA(#138000);
#138020=SURFACE_SIDE_STYLE('',(#138010));
#138030=SURFACE_STYLE_USAGE(.BOTH.,#138020);
#138040=PRESENTATION_STYLE_ASSIGNMENT((#138030));
#138050=CARTESIAN_POINT('',(54.216923,48.133846,196.6));
#138060=DIRECTION('',(-1.,-0.,-0.));
#138070=DIRECTION('',(0.,0.,-1.));
#138080=AXIS2_PLACEMENT_3D('',#138050,#138060,#138070);
#138090=PLANE('',#138080);
#138100=CARTESIAN_POINT('',(54.216923,48.133846,205.4));
#138110=DIRECTION('',(0.,-1.,0.));
#138120=VECTOR('',#138110,1.);
#138130=LINE('',#138100,#138120);
#138140=EDGE_CURVE('',#66840,#34370,#138130,.T.);
#138150=ORIENTED_EDGE('',*,*,#138140,.F.);
#138160=ORIENTED_EDGE('',*,*,#34380,.T.);
#138170=CARTESIAN_POINT('',(54.216923,48.133846,196.6));
#138180=DIRECTION('',(0.,-1.,0.));
#138190=VECTOR('',#138180,1.);
#138200=LINE('',#138170,#138190);
#138210=EDGE_CURVE('',#66820,#34350,#138200,.T.);
#138220=ORIENTED_EDGE('',*,*,#138210,.T.);
#138230=ORIENTED_EDGE('',*,*,#66850,.F.);
#138240=EDGE_LOOP('',(#138230,#138220,#138160,#138150));
#138250=FACE_OUTER_BOUND('',#138240,.T.);
#138260=ADVANCED_FACE('',(#138250),#138090,.T.);
#138270=COLOUR_RGB('',0.823529481887817,0.823529481887817,
0.784313797950745);
#138280=FILL_AREA_STYLE_COLOUR('',#138270);
#138290=FILL_AREA_STYLE('',(#138280));
#138300=SURFACE_STYLE_FILL_AREA(#138290);
#138310=SURFACE_SIDE_STYLE('',(#138300));
#138320=SURFACE_STYLE_USAGE(.BOTH.,#138310);
#138330=PRESENTATION_STYLE_ASSIGNMENT((#138320));
#138340=CARTESIAN_POINT('',(51.116923,48.133846,196.6));
#138350=DIRECTION('',(0.,-1.,0.));
#138360=DIRECTION('',(1.,0.,0.));
#138370=AXIS2_PLACEMENT_3D('',#138340,#138350,#138360);
#138380=CYLINDRICAL_SURFACE('',#138370,3.1);
#138390=ORIENTED_EDGE('',*,*,#138210,.F.);
#138400=ORIENTED_EDGE('',*,*,#34620,.T.);
#138410=CARTESIAN_POINT('',(48.016923,48.133846,196.6));
#138420=DIRECTION('',(0.,-1.,0.));
#138430=VECTOR('',#138420,1.);
#138440=LINE('',#138410,#138430);
#138450=EDGE_CURVE('',#66930,#34540,#138440,.T.);
#138460=ORIENTED_EDGE('',*,*,#138450,.T.);
#138470=ORIENTED_EDGE('',*,*,#66940,.F.);
#138480=EDGE_LOOP('',(#138470,#138460,#138400,#138390));
#138490=FACE_OUTER_BOUND('',#138480,.T.);
#138500=ADVANCED_FACE('',(#138490),#138380,.F.);
#138510=COLOUR_RGB('',0.823529481887817,0.823529481887817,
0.784313797950745);
#138520=FILL_AREA_STYLE_COLOUR('',#138510);
#138530=FILL_AREA_STYLE('',(#138520));
#138540=SURFACE_STYLE_FILL_AREA(#138530);
#138550=SURFACE_SIDE_STYLE('',(#138540));
#138560=SURFACE_STYLE_USAGE(.BOTH.,#138550);
#138570=PRESENTATION_STYLE_ASSIGNMENT((#138560));
#138580=CARTESIAN_POINT('',(48.016923,48.133846,205.4));
#138590=DIRECTION('',(1.,0.,-0.));
#138600=DIRECTION('',(0.,0.,1.));
#138610=AXIS2_PLACEMENT_3D('',#138580,#138590,#138600);
#138620=PLANE('',#138610);
#138630=ORIENTED_EDGE('',*,*,#138450,.F.);
#138640=ORIENTED_EDGE('',*,*,#34550,.T.);
#138650=CARTESIAN_POINT('',(48.016923,48.133846,205.4));
#138660=DIRECTION('',(0.,-1.,0.));
#138670=VECTOR('',#138660,1.);
#138680=LINE('',#138650,#138670);
#138690=EDGE_CURVE('',#67010,#34460,#138680,.T.);
#138700=ORIENTED_EDGE('',*,*,#138690,.T.);
#138710=ORIENTED_EDGE('',*,*,#67020,.F.);
#138720=EDGE_LOOP('',(#138710,#138700,#138640,#138630));
#138730=FACE_OUTER_BOUND('',#138720,.T.);
#138740=ADVANCED_FACE('',(#138730),#138620,.T.);
#138750=COLOUR_RGB('',0.823529481887817,0.823529481887817,
0.784313797950745);
#138760=FILL_AREA_STYLE_COLOUR('',#138750);
#138770=FILL_AREA_STYLE('',(#138760));
#138780=SURFACE_STYLE_FILL_AREA(#138770);
#138790=SURFACE_SIDE_STYLE('',(#138780));
#138800=SURFACE_STYLE_USAGE(.BOTH.,#138790);
#138810=PRESENTATION_STYLE_ASSIGNMENT((#138800));
#138820=CARTESIAN_POINT('',(51.116923,48.133846,205.4));
#138830=DIRECTION('',(0.,1.,0.));
#138840=DIRECTION('',(1.,0.,0.));
#138850=AXIS2_PLACEMENT_3D('',#138820,#138830,#138840);
#138860=CYLINDRICAL_SURFACE('',#138850,3.1);
#138870=ORIENTED_EDGE('',*,*,#138690,.F.);
#138880=ORIENTED_EDGE('',*,*,#34470,.F.);
#138890=ORIENTED_EDGE('',*,*,#138140,.T.);
#138900=ORIENTED_EDGE('',*,*,#67090,.T.);
#138910=EDGE_LOOP('',(#138900,#138890,#138880,#138870));
#138920=FACE_OUTER_BOUND('',#138910,.T.);
#138930=ADVANCED_FACE('',(#138920),#138860,.F.);
#138940=COLOUR_RGB('',0.823529481887817,0.823529481887817,
0.784313797950745);
#138950=FILL_AREA_STYLE_COLOUR('',#138940);
#138960=FILL_AREA_STYLE('',(#138950));
#138970=SURFACE_STYLE_FILL_AREA(#138960);
#138980=SURFACE_SIDE_STYLE('',(#138970));
#138990=SURFACE_STYLE_USAGE(.BOTH.,#138980);
#139000=PRESENTATION_STYLE_ASSIGNMENT((#138990));
#139010=CARTESIAN_POINT('',(54.216923,48.133846,446.6));
#139020=DIRECTION('',(-1.,-0.,-0.));
#139030=DIRECTION('',(0.,0.,-1.));
#139040=AXIS2_PLACEMENT_3D('',#139010,#139020,#139030);
#139050=PLANE('',#139040);
#139060=CARTESIAN_POINT('',(54.216923,48.133846,455.4));
#139070=DIRECTION('',(0.,-1.,0.));
#139080=VECTOR('',#139070,1.);
#139090=LINE('',#139060,#139080);
#139100=EDGE_CURVE('',#67380,#35100,#139090,.T.);
#139110=ORIENTED_EDGE('',*,*,#139100,.F.);
#139120=ORIENTED_EDGE('',*,*,#35340,.T.);
#139130=CARTESIAN_POINT('',(54.216923,48.133846,446.6));
#139140=DIRECTION('',(0.,-1.,0.));
#139150=VECTOR('',#139140,1.);
#139160=LINE('',#139130,#139150);
#139170=EDGE_CURVE('',#67210,#35270,#139160,.T.);
#139180=ORIENTED_EDGE('',*,*,#139170,.T.);
#139190=ORIENTED_EDGE('',*,*,#67450,.F.);
#139200=EDGE_LOOP('',(#139190,#139180,#139120,#139110));
#139210=FACE_OUTER_BOUND('',#139200,.T.);
#139220=ADVANCED_FACE('',(#139210),#139050,.T.);
#139230=COLOUR_RGB('',0.823529481887817,0.823529481887817,
0.784313797950745);
#139240=FILL_AREA_STYLE_COLOUR('',#139230);
#139250=FILL_AREA_STYLE('',(#139240));
#139260=SURFACE_STYLE_FILL_AREA(#139250);
#139270=SURFACE_SIDE_STYLE('',(#139260));
#139280=SURFACE_STYLE_USAGE(.BOTH.,#139270);
#139290=PRESENTATION_STYLE_ASSIGNMENT((#139280));
#139300=CARTESIAN_POINT('',(51.116923,48.133846,446.6));
#139310=DIRECTION('',(0.,-1.,0.));
#139320=DIRECTION('',(1.,0.,0.));
#139330=AXIS2_PLACEMENT_3D('',#139300,#139310,#139320);
#139340=CYLINDRICAL_SURFACE('',#139330,3.1);
#139350=ORIENTED_EDGE('',*,*,#139170,.F.);
#139360=ORIENTED_EDGE('',*,*,#35280,.T.);
#139370=CARTESIAN_POINT('',(48.016923,48.133846,446.6));
#139380=DIRECTION('',(0.,-1.,0.));
#139390=VECTOR('',#139380,1.);
#139400=LINE('',#139370,#139390);
#139410=EDGE_CURVE('',#67190,#35180,#139400,.T.);
#139420=ORIENTED_EDGE('',*,*,#139410,.T.);
#139430=ORIENTED_EDGE('',*,*,#67220,.F.);
#139440=EDGE_LOOP('',(#139430,#139420,#139360,#139350));
#139450=FACE_OUTER_BOUND('',#139440,.T.);
#139460=ADVANCED_FACE('',(#139450),#139340,.F.);
#139470=COLOUR_RGB('',0.823529481887817,0.823529481887817,
0.784313797950745);
#139480=FILL_AREA_STYLE_COLOUR('',#139470);
#139490=FILL_AREA_STYLE('',(#139480));
#139500=SURFACE_STYLE_FILL_AREA(#139490);
#139510=SURFACE_SIDE_STYLE('',(#139500));
#139520=SURFACE_STYLE_USAGE(.BOTH.,#139510);
#139530=PRESENTATION_STYLE_ASSIGNMENT((#139520));
#139540=CARTESIAN_POINT('',(48.016923,48.133846,455.4));
#139550=DIRECTION('',(1.,0.,-0.));
#139560=DIRECTION('',(0.,0.,1.));
#139570=AXIS2_PLACEMENT_3D('',#139540,#139550,#139560);
#139580=PLANE('',#139570);
#139590=ORIENTED_EDGE('',*,*,#139410,.F.);
#139600=ORIENTED_EDGE('',*,*,#35190,.T.);
#139610=CARTESIAN_POINT('',(48.016923,48.133846,455.4));
#139620=DIRECTION('',(0.,-1.,0.));
#139630=VECTOR('',#139620,1.);
#139640=LINE('',#139610,#139630);
#139650=EDGE_CURVE('',#67290,#35080,#139640,.T.);
#139660=ORIENTED_EDGE('',*,*,#139650,.T.);
#139670=ORIENTED_EDGE('',*,*,#67300,.F.);
#139680=EDGE_LOOP('',(#139670,#139660,#139600,#139590));
#139690=FACE_OUTER_BOUND('',#139680,.T.);
#139700=ADVANCED_FACE('',(#139690),#139580,.T.);
#139710=COLOUR_RGB('',0.823529481887817,0.823529481887817,
0.784313797950745);
#139720=FILL_AREA_STYLE_COLOUR('',#139710);
#139730=FILL_AREA_STYLE('',(#139720));
#139740=SURFACE_STYLE_FILL_AREA(#139730);
#139750=SURFACE_SIDE_STYLE('',(#139740));
#139760=SURFACE_STYLE_USAGE(.BOTH.,#139750);
#139770=PRESENTATION_STYLE_ASSIGNMENT((#139760));
#139780=CARTESIAN_POINT('',(51.116923,48.133846,455.4));
#139790=DIRECTION('',(0.,1.,0.));
#139800=DIRECTION('',(1.,0.,0.));
#139810=AXIS2_PLACEMENT_3D('',#139780,#139790,#139800);
#139820=CYLINDRICAL_SURFACE('',#139810,3.1);
#139830=ORIENTED_EDGE('',*,*,#139650,.F.);
#139840=ORIENTED_EDGE('',*,*,#35110,.F.);
#139850=ORIENTED_EDGE('',*,*,#139100,.T.);
#139860=ORIENTED_EDGE('',*,*,#67390,.T.);
#139870=EDGE_LOOP('',(#139860,#139850,#139840,#139830));
#139880=FACE_OUTER_BOUND('',#139870,.T.);
#139890=ADVANCED_FACE('',(#139880),#139820,.F.);
#139900=COLOUR_RGB('',0.823529481887817,0.823529481887817,
0.784313797950745);
#139910=FILL_AREA_STYLE_COLOUR('',#139900);
#139920=FILL_AREA_STYLE('',(#139910));
#139930=SURFACE_STYLE_FILL_AREA(#139920);
#139940=SURFACE_SIDE_STYLE('',(#139930));
#139950=SURFACE_STYLE_USAGE(.BOTH.,#139940);
#139960=PRESENTATION_STYLE_ASSIGNMENT((#139950));
#139970=CARTESIAN_POINT('',(51.116923,48.133846,1496.6));
#139980=DIRECTION('',(0.,-1.,0.));
#139990=DIRECTION('',(1.,0.,0.));
#140000=AXIS2_PLACEMENT_3D('',#139970,#139980,#139990);
#140010=CYLINDRICAL_SURFACE('',#140000,3.1);
#140020=CARTESIAN_POINT('',(54.216923,48.133846,1496.6));
#140030=DIRECTION('',(0.,-1.,0.));
#140040=VECTOR('',#140030,1.);
#140050=LINE('',#140020,#140040);
#140060=EDGE_CURVE('',#67650,#22860,#140050,.T.);
#140070=ORIENTED_EDGE('',*,*,#140060,.F.);
#140080=ORIENTED_EDGE('',*,*,#22870,.T.);
#140090=CARTESIAN_POINT('',(48.016923,48.133846,1496.6));
#140100=DIRECTION('',(0.,-1.,0.));
#140110=VECTOR('',#140100,1.);
#140120=LINE('',#140090,#140110);
#140130=EDGE_CURVE('',#67740,#22840,#140120,.T.);
#140140=ORIENTED_EDGE('',*,*,#140130,.T.);
#140150=ORIENTED_EDGE('',*,*,#67750,.F.);
#140160=EDGE_LOOP('',(#140150,#140140,#140080,#140070));
#140170=FACE_OUTER_BOUND('',#140160,.T.);
#140180=ADVANCED_FACE('',(#140170),#140010,.F.);
#140190=COLOUR_RGB('',0.823529481887817,0.823529481887817,
0.784313797950745);
#140200=FILL_AREA_STYLE_COLOUR('',#140190);
#140210=FILL_AREA_STYLE('',(#140200));
#140220=SURFACE_STYLE_FILL_AREA(#140210);
#140230=SURFACE_SIDE_STYLE('',(#140220));
#140240=SURFACE_STYLE_USAGE(.BOTH.,#140230);
#140250=PRESENTATION_STYLE_ASSIGNMENT((#140240));
#140260=CARTESIAN_POINT('',(54.216923,48.133846,1496.6));
#140270=DIRECTION('',(-1.,-0.,-0.));
#140280=DIRECTION('',(0.,0.,-1.));
#140290=AXIS2_PLACEMENT_3D('',#140260,#140270,#140280);
#140300=PLANE('',#140290);
#140310=CARTESIAN_POINT('',(54.216923,48.133846,1505.4));
#140320=DIRECTION('',(0.,-1.,0.));
#140330=VECTOR('',#140320,1.);
#140340=LINE('',#140310,#140330);
#140350=EDGE_CURVE('',#67570,#22940,#140340,.T.);
#140360=ORIENTED_EDGE('',*,*,#140350,.F.);
#140370=ORIENTED_EDGE('',*,*,#22950,.T.);
#140380=ORIENTED_EDGE('',*,*,#140060,.T.);
#140390=ORIENTED_EDGE('',*,*,#67660,.F.);
#140400=EDGE_LOOP('',(#140390,#140380,#140370,#140360));
#140410=FACE_OUTER_BOUND('',#140400,.T.);
#140420=ADVANCED_FACE('',(#140410),#140300,.T.);
#140430=COLOUR_RGB('',0.823529481887817,0.823529481887817,
0.784313797950745);
#140440=FILL_AREA_STYLE_COLOUR('',#140430);
#140450=FILL_AREA_STYLE('',(#140440));
#140460=SURFACE_STYLE_FILL_AREA(#140450);
#140470=SURFACE_SIDE_STYLE('',(#140460));
#140480=SURFACE_STYLE_USAGE(.BOTH.,#140470);
#140490=PRESENTATION_STYLE_ASSIGNMENT((#140480));
#140500=CARTESIAN_POINT('',(51.116923,48.133846,1505.4));
#140510=DIRECTION('',(0.,1.,0.));
#140520=DIRECTION('',(1.,0.,0.));
#140530=AXIS2_PLACEMENT_3D('',#140500,#140510,#140520);
#140540=CYLINDRICAL_SURFACE('',#140530,3.1);
#140550=CARTESIAN_POINT('',(48.016923,48.133846,1505.4));
#140560=DIRECTION('',(0.,-1.,0.));
#140570=VECTOR('',#140560,1.);
#140580=LINE('',#140550,#140570);
#140590=EDGE_CURVE('',#67550,#23030,#140580,.T.);
#140600=ORIENTED_EDGE('',*,*,#140590,.F.);
#140610=ORIENTED_EDGE('',*,*,#23040,.F.);
#140620=ORIENTED_EDGE('',*,*,#140350,.T.);
#140630=ORIENTED_EDGE('',*,*,#67580,.T.);
#140640=EDGE_LOOP('',(#140630,#140620,#140610,#140600));
#140650=FACE_OUTER_BOUND('',#140640,.T.);
#140660=ADVANCED_FACE('',(#140650),#140540,.F.);
#140670=COLOUR_RGB('',0.823529481887817,0.823529481887817,
0.784313797950745);
#140680=FILL_AREA_STYLE_COLOUR('',#140670);
#140690=FILL_AREA_STYLE('',(#140680));
#140700=SURFACE_STYLE_FILL_AREA(#140690);
#140710=SURFACE_SIDE_STYLE('',(#140700));
#140720=SURFACE_STYLE_USAGE(.BOTH.,#140710);
#140730=PRESENTATION_STYLE_ASSIGNMENT((#140720));
#140740=CARTESIAN_POINT('',(48.016923,48.133846,1505.4));
#140750=DIRECTION('',(1.,0.,-0.));
#140760=DIRECTION('',(0.,0.,1.));
#140770=AXIS2_PLACEMENT_3D('',#140740,#140750,#140760);
#140780=PLANE('',#140770);
#140790=ORIENTED_EDGE('',*,*,#140130,.F.);
#140800=ORIENTED_EDGE('',*,*,#23100,.T.);
#140810=ORIENTED_EDGE('',*,*,#140590,.T.);
#140820=ORIENTED_EDGE('',*,*,#67810,.F.);
#140830=EDGE_LOOP('',(#140820,#140810,#140800,#140790));
#140840=FACE_OUTER_BOUND('',#140830,.T.);
#140850=ADVANCED_FACE('',(#140840),#140780,.T.);
#140860=COLOUR_RGB('',0.823529481887817,0.823529481887817,
0.784313797950745);
#140870=FILL_AREA_STYLE_COLOUR('',#140860);
#140880=FILL_AREA_STYLE('',(#140870));
#140890=SURFACE_STYLE_FILL_AREA(#140880);
#140900=SURFACE_SIDE_STYLE('',(#140890));
#140910=SURFACE_STYLE_USAGE(.BOTH.,#140900);
#140920=PRESENTATION_STYLE_ASSIGNMENT((#140910));
#140930=CARTESIAN_POINT('',(51.116923,48.133846,1421.6));
#140940=DIRECTION('',(0.,-1.,0.));
#140950=DIRECTION('',(1.,0.,0.));
#140960=AXIS2_PLACEMENT_3D('',#140930,#140940,#140950);
#140970=CYLINDRICAL_SURFACE('',#140960,3.1);
#140980=CARTESIAN_POINT('',(54.216923,48.133846,1421.6));
#140990=DIRECTION('',(0.,-1.,0.));
#141000=VECTOR('',#140990,1.);
#141010=LINE('',#140980,#141000);
#141020=EDGE_CURVE('',#68090,#18510,#141010,.T.);
#141030=ORIENTED_EDGE('',*,*,#141020,.F.);
#141040=ORIENTED_EDGE('',*,*,#18780,.T.);
#141050=CARTESIAN_POINT('',(48.016923,48.133846,1421.6));
#141060=DIRECTION('',(0.,-1.,0.));
#141070=VECTOR('',#141060,1.);
#141080=LINE('',#141050,#141070);
#141090=EDGE_CURVE('',#67920,#18700,#141080,.T.);
#141100=ORIENTED_EDGE('',*,*,#141090,.T.);
#141110=ORIENTED_EDGE('',*,*,#68170,.F.);
#141120=EDGE_LOOP('',(#141110,#141100,#141040,#141030));
#141130=FACE_OUTER_BOUND('',#141120,.T.);
#141140=ADVANCED_FACE('',(#141130),#140970,.F.);
#141150=COLOUR_RGB('',0.823529481887817,0.823529481887817,
0.784313797950745);
#141160=FILL_AREA_STYLE_COLOUR('',#141150);
#141170=FILL_AREA_STYLE('',(#141160));
#141180=SURFACE_STYLE_FILL_AREA(#141170);
#141190=SURFACE_SIDE_STYLE('',(#141180));
#141200=SURFACE_STYLE_USAGE(.BOTH.,#141190);
#141210=PRESENTATION_STYLE_ASSIGNMENT((#141200));
#141220=CARTESIAN_POINT('',(48.016923,48.133846,1430.4));
#141230=DIRECTION('',(1.,0.,-0.));
#141240=DIRECTION('',(0.,0.,1.));
#141250=AXIS2_PLACEMENT_3D('',#141220,#141230,#141240);
#141260=PLANE('',#141250);
#141270=ORIENTED_EDGE('',*,*,#141090,.F.);
#141280=ORIENTED_EDGE('',*,*,#18710,.T.);
#141290=CARTESIAN_POINT('',(48.016923,48.133846,1430.4));
#141300=DIRECTION('',(0.,-1.,0.));
#141310=VECTOR('',#141300,1.);
#141320=LINE('',#141290,#141310);
#141330=EDGE_CURVE('',#67900,#18620,#141320,.T.);
#141340=ORIENTED_EDGE('',*,*,#141330,.T.);
#141350=ORIENTED_EDGE('',*,*,#67930,.F.);
#141360=EDGE_LOOP('',(#141350,#141340,#141280,#141270));
#141370=FACE_OUTER_BOUND('',#141360,.T.);
#141380=ADVANCED_FACE('',(#141370),#141260,.T.);
#141390=COLOUR_RGB('',0.823529481887817,0.823529481887817,
0.784313797950745);
#141400=FILL_AREA_STYLE_COLOUR('',#141390);
#141410=FILL_AREA_STYLE('',(#141400));
#141420=SURFACE_STYLE_FILL_AREA(#141410);
#141430=SURFACE_SIDE_STYLE('',(#141420));
#141440=SURFACE_STYLE_USAGE(.BOTH.,#141430);
#141450=PRESENTATION_STYLE_ASSIGNMENT((#141440));
#141460=CARTESIAN_POINT('',(51.116923,48.133846,1430.4));
#141470=DIRECTION('',(0.,1.,0.));
#141480=DIRECTION('',(1.,0.,0.));
#141490=AXIS2_PLACEMENT_3D('',#141460,#141470,#141480);
#141500=CYLINDRICAL_SURFACE('',#141490,3.1);
#141510=ORIENTED_EDGE('',*,*,#141330,.F.);
#141520=ORIENTED_EDGE('',*,*,#18630,.F.);
#141530=CARTESIAN_POINT('',(54.216923,48.133846,1430.4));
#141540=DIRECTION('',(0.,-1.,0.));
#141550=VECTOR('',#141540,1.);
#141560=LINE('',#141530,#141550);
#141570=EDGE_CURVE('',#68010,#18530,#141560,.T.);
#141580=ORIENTED_EDGE('',*,*,#141570,.T.);
#141590=ORIENTED_EDGE('',*,*,#68020,.T.);
#141600=EDGE_LOOP('',(#141590,#141580,#141520,#141510));
#141610=FACE_OUTER_BOUND('',#141600,.T.);
#141620=ADVANCED_FACE('',(#141610),#141500,.F.);
#141630=COLOUR_RGB('',0.823529481887817,0.823529481887817,
0.784313797950745);
#141640=FILL_AREA_STYLE_COLOUR('',#141630);
#141650=FILL_AREA_STYLE('',(#141640));
#141660=SURFACE_STYLE_FILL_AREA(#141650);
#141670=SURFACE_SIDE_STYLE('',(#141660));
#141680=SURFACE_STYLE_USAGE(.BOTH.,#141670);
#141690=PRESENTATION_STYLE_ASSIGNMENT((#141680));
#141700=CARTESIAN_POINT('',(54.216923,48.133846,1421.6));
#141710=DIRECTION('',(-1.,-0.,-0.));
#141720=DIRECTION('',(0.,0.,-1.));
#141730=AXIS2_PLACEMENT_3D('',#141700,#141710,#141720);
#141740=PLANE('',#141730);
#141750=ORIENTED_EDGE('',*,*,#141570,.F.);
#141760=ORIENTED_EDGE('',*,*,#18540,.T.);
#141770=ORIENTED_EDGE('',*,*,#141020,.T.);
#141780=ORIENTED_EDGE('',*,*,#68100,.F.);
#141790=EDGE_LOOP('',(#141780,#141770,#141760,#141750));
#141800=FACE_OUTER_BOUND('',#141790,.T.);
#141810=ADVANCED_FACE('',(#141800),#141740,.T.);
#141820=COLOUR_RGB('',0.823529481887817,0.823529481887817,
0.784313797950745);
#141830=FILL_AREA_STYLE_COLOUR('',#141820);
#141840=FILL_AREA_STYLE('',(#141830));
#141850=SURFACE_STYLE_FILL_AREA(#141840);
#141860=SURFACE_SIDE_STYLE('',(#141850));
#141870=SURFACE_STYLE_USAGE(.BOTH.,#141860);
#141880=PRESENTATION_STYLE_ASSIGNMENT((#141870));
#141890=CARTESIAN_POINT('',(36.366923,58.883846,0.));
#141900=DIRECTION('',(0.,0.,-1.));
#141910=DIRECTION('',(-1.,0.,0.));
#141920=AXIS2_PLACEMENT_3D('',#141890,#141900,#141910);
#141930=CYLINDRICAL_SURFACE('',#141920,1.25);
#141940=ORIENTED_EDGE('',*,*,#71800,.F.);
#141950=ORIENTED_EDGE('',*,*,#7520,.T.);
#141960=ORIENTED_EDGE('',*,*,#150,.T.);
#141970=ORIENTED_EDGE('',*,*,#5170,.F.);
#141980=EDGE_LOOP('',(#141970,#141960,#141950,#141940));
#141990=FACE_OUTER_BOUND('',#141980,.T.);
#142000=ADVANCED_FACE('',(#141990),#141930,.F.);
#142010=COLOUR_RGB('',0.823529481887817,0.823529481887817,
0.784313797950745);
#142020=FILL_AREA_STYLE_COLOUR('',#142010);
#142030=FILL_AREA_STYLE('',(#142020));
#142040=SURFACE_STYLE_FILL_AREA(#142030);
#142050=SURFACE_SIDE_STYLE('',(#142040));
#142060=SURFACE_STYLE_USAGE(.BOTH.,#142050);
#142070=PRESENTATION_STYLE_ASSIGNMENT((#142060));
#142080=CARTESIAN_POINT('',(36.366923,58.883846,0.));
#142090=DIRECTION('',(0.,0.,1.));
#142100=DIRECTION('',(1.,0.,0.));
#142110=AXIS2_PLACEMENT_3D('',#142080,#142090,#142100);
#142120=CYLINDRICAL_SURFACE('',#142110,2.75);
#142130=ORIENTED_EDGE('',*,*,#71900,.F.);
#142140=ORIENTED_EDGE('',*,*,#4400,.T.);
#142150=ORIENTED_EDGE('',*,*,#640,.T.);
#142160=ORIENTED_EDGE('',*,*,#15780,.F.);
#142170=EDGE_LOOP('',(#142160,#142150,#142140,#142130));
#142180=FACE_OUTER_BOUND('',#142170,.T.);
#142190=ADVANCED_FACE('',(#142180),#142120,.T.);
#142200=COLOUR_RGB('',0.823529481887817,0.823529481887817,
0.784313797950745);
#142210=FILL_AREA_STYLE_COLOUR('',#142200);
#142220=FILL_AREA_STYLE('',(#142210));
#142230=SURFACE_STYLE_FILL_AREA(#142220);
#142240=SURFACE_SIDE_STYLE('',(#142230));
#142250=SURFACE_STYLE_USAGE(.BOTH.,#142240);
#142260=PRESENTATION_STYLE_ASSIGNMENT((#142250));
#142270=CARTESIAN_POINT('',(65.866923,58.883846,0.));
#142280=DIRECTION('',(0.,0.,1.));
#142290=DIRECTION('',(1.,0.,0.));
#142300=AXIS2_PLACEMENT_3D('',#142270,#142280,#142290);
#142310=CYLINDRICAL_SURFACE('',#142300,2.75);
#142320=ORIENTED_EDGE('',*,*,#11050,.F.);
#142330=ORIENTED_EDGE('',*,*,#3550,.T.);
#142340=ORIENTED_EDGE('',*,*,#1560,.T.);
#142350=ORIENTED_EDGE('',*,*,#10660,.F.);
#142360=EDGE_LOOP('',(#142350,#142340,#142330,#142320));
#142370=FACE_OUTER_BOUND('',#142360,.T.);
#142380=ADVANCED_FACE('',(#142370),#142310,.T.);
#142390=COLOUR_RGB('',0.823529481887817,0.823529481887817,
0.784313797950745);
#142400=FILL_AREA_STYLE_COLOUR('',#142390);
#142410=FILL_AREA_STYLE('',(#142400));
#142420=SURFACE_STYLE_FILL_AREA(#142410);
#142430=SURFACE_SIDE_STYLE('',(#142420));
#142440=SURFACE_STYLE_USAGE(.BOTH.,#142430);
#142450=PRESENTATION_STYLE_ASSIGNMENT((#142440));
#142460=CARTESIAN_POINT('',(65.866923,58.883846,0.));
#142470=DIRECTION('',(0.,0.,-1.));
#142480=DIRECTION('',(-1.,0.,0.));
#142490=AXIS2_PLACEMENT_3D('',#142460,#142470,#142480);
#142500=CYLINDRICAL_SURFACE('',#142490,1.25);
#142510=ORIENTED_EDGE('',*,*,#11150,.F.);
#142520=ORIENTED_EDGE('',*,*,#7120,.T.);
#142530=ORIENTED_EDGE('',*,*,#1230,.T.);
#142540=ORIENTED_EDGE('',*,*,#6890,.F.);
#142550=EDGE_LOOP('',(#142540,#142530,#142520,#142510));
#142560=FACE_OUTER_BOUND('',#142550,.T.);
#142570=ADVANCED_FACE('',(#142560),#142500,.F.);
#142580=COLOUR_RGB('',0.823529481887817,0.823529481887817,
0.784313797950745);
#142590=FILL_AREA_STYLE_COLOUR('',#142580);
#142600=FILL_AREA_STYLE('',(#142590));
#142610=SURFACE_STYLE_FILL_AREA(#142600);
#142620=SURFACE_SIDE_STYLE('',(#142610));
#142630=SURFACE_STYLE_USAGE(.BOTH.,#142620);
#142640=PRESENTATION_STYLE_ASSIGNMENT((#142630));
#142650=CLOSED_SHELL('',(#3360,#3740,#4210,#4590,#4900,#5210,#5590,#6080
,#6550,#6930,#7240,#7620,#8090,#8560,#9050,#9520,#9920,#10390,#10700,
#11260,#11640,#11950,#12260,#12570,#12970,#13350,#13660,#14040,#14420,
#14730,#15040,#15440,#15820,#16290,#16600,#16890,#43960,#71030,#71220,
#71460,#71650,#72020,#72260,#72500,#72690,#72980,#73220,#73460,#73650,
#73940,#74180,#74420,#74610,#74900,#75140,#75380,#75570,#75860,#76100,
#76340,#76530,#76820,#77060,#77300,#77490,#77780,#78020,#78260,#78450,
#78740,#78980,#79220,#79410,#79700,#79940,#80180,#80370,#80660,#80900,
#81140,#81330,#81620,#81860,#82100,#82290,#82580,#82820,#83060,#83250,
#83540,#83780,#84020,#84210,#84500,#84740,#84980,#85170,#85460,#85700,
#85940,#86130,#86420,#86660,#86900,#87090,#87380,#87620,#87860,#88050,
#88340,#88580,#88820,#89010,#89300,#89540,#89780,#89970,#90260,#90500,
#90740,#90930,#91220,#91460,#91700,#91890,#92180,#92420,#92660,#92850,
#93140,#93380,#93620,#93810,#94100,#94340,#94580,#94770,#95060,#95300,
#95540,#95730,#96020,#96260,#96500,#96690,#96980,#97220,#97460,#97650,
#97940,#98180,#98420,#98610,#98900,#99140,#99380,#99570,#99860,#100100,
#100340,#100530,#100820,#101060,#101300,#101490,#101780,#102020,#102260,
#102450,#102740,#102980,#103220,#103410,#103700,#103940,#104180,#104370,
#104660,#104900,#105140,#105330,#105620,#105860,#106100,#106290,#106580,
#106820,#107060,#107250,#107540,#107780,#108020,#108210,#108500,#108740,
#108980,#109170,#109460,#109700,#109940,#110130,#110420,#110660,#110900,
#111090,#111380,#111620,#111860,#112050,#112340,#112580,#112820,#113010,
#113300,#113540,#113780,#113970,#114260,#114500,#114740,#114930,#115220,
#115460,#115700,#115890,#116180,#116420,#116660,#116850,#117140,#117380,
#117620,#117810,#118100,#118340,#118580,#118770,#119060,#119300,#119540,
#119730,#120020,#120260,#120500,#120690,#120980,#121220,#121460,#121650,
#121940,#122180,#122420,#122610,#122900,#123140,#123380,#123570,#123860,
#124100,#124340,#124530,#124820,#125060,#125300,#125490,#125780,#126020,
#126260,#126450,#126740,#126980,#127220,#127410,#127700,#127940,#128180,
#128370,#128660,#128900,#129140,#129330,#129620,#129860,#130100,#130290,
#130580,#130820,#131060,#131250,#131540,#131780,#132020,#132210,#132500,
#132740,#132980,#133170,#133460,#133700,#133940,#134130,#134420,#134660,
#134900,#135090,#135380,#135620,#135860,#136050,#136340,#136580,#136820,
#137010,#137300,#137540,#137780,#137970,#138260,#138500,#138740,#138930,
#139220,#139460,#139700,#139890,#140180,#140420,#140660,#140850,#141140,
#141380,#141620,#141810,#142000,#142190,#142380,#142570,#900,#1820,#2310
,#2600,#2890));
#142660=MANIFOLD_SOLID_BREP('',#142650);
#142670=CARTESIAN_POINT('',(0.,0.,0.));
#142680=DIRECTION('',(0.,0.,1.));
#142690=DIRECTION('',(1.,0.,0.));
#142700=AXIS2_PLACEMENT_3D('',#142670,#142680,#142690);
#142710=APPLICATION_CONTEXT(' ');
#142720=APPLICATION_PROTOCOL_DEFINITION(' ','automotive_design',1998,
#142710);
#142730=PRODUCT_CONTEXT('',#142710,'mechanical');
#142740=PRODUCT_DEFINITION_CONTEXT('part definition',#142710,'design');
#142750=PRODUCT('NS_35_15_PERF_2000MM-select',
'NS_35_15_PERF_2000MM-select','',(#142730));
#142760=PRODUCT_RELATED_PRODUCT_CATEGORY('part',' ',(#142750));
#142770=PRODUCT_DEFINITION_FORMATION_WITH_SPECIFIED_SOURCE('','',#142750
,.BOUGHT.);
#142780=PRODUCT_DEFINITION('',' ',#142770,#142740);
#142790=PRODUCT_DEFINITION_SHAPE('','',#142780);
#142800=DIMENSIONAL_EXPONENTS(1.,0.,0.,0.,0.,0.,0.);
#142810=DIMENSIONAL_EXPONENTS(0.,0.,0.,0.,0.,0.,0.);
#142820=DIMENSIONAL_EXPONENTS(0.,0.,0.,0.,0.,0.,0.);
#142830=(LENGTH_UNIT() NAMED_UNIT(*) SI_UNIT(.MILLI.,.METRE.));
#142840=(NAMED_UNIT(*) PLANE_ANGLE_UNIT() SI_UNIT($,.RADIAN.));
#142850=(NAMED_UNIT(*) SI_UNIT($,.STERADIAN.) SOLID_ANGLE_UNIT());
#142860=(GEOMETRIC_REPRESENTATION_CONTEXT(3) 
GLOBAL_UNCERTAINTY_ASSIGNED_CONTEXT((#142870)) 
GLOBAL_UNIT_ASSIGNED_CONTEXT((#142830,#142840,#142850)) 
REPRESENTATION_CONTEXT('',''));
#142870=UNCERTAINTY_MEASURE_WITH_UNIT(LENGTH_MEASURE(1.E-6),#142830,
'distance_accuracy_value','maximum gap value');
#142880=ADVANCED_BREP_SHAPE_REPRESENTATION('',(#142700,#142660),#142860)
;
#142890=SHAPE_DEFINITION_REPRESENTATION(#142790,#142880);
#142900=COLOUR_RGB('',0.823529481887817,0.823529481887817,
0.784313797950745);
#142910=FILL_AREA_STYLE_COLOUR('',#142900);
#142920=FILL_AREA_STYLE('',(#142910));
#142930=SURFACE_STYLE_FILL_AREA(#142920);
#142940=SURFACE_SIDE_STYLE('',(#142930));
#142950=SURFACE_STYLE_USAGE(.BOTH.,#142940);
#142960=PRESENTATION_STYLE_ASSIGNMENT((#142950));
#142970=STYLED_ITEM('',(#142960),#142660);
#142980=OVER_RIDING_STYLED_ITEM('',(#970),#900,#142970);
#142990=OVER_RIDING_STYLED_ITEM('',(#1890),#1820,#142970);
#143000=OVER_RIDING_STYLED_ITEM('',(#2380),#2310,#142970);
#143010=OVER_RIDING_STYLED_ITEM('',(#2670),#2600,#142970);
#143020=OVER_RIDING_STYLED_ITEM('',(#2960),#2890,#142970);
#143030=OVER_RIDING_STYLED_ITEM('',(#3430),#3360,#142970);
#143040=OVER_RIDING_STYLED_ITEM('',(#3810),#3740,#142970);
#143050=OVER_RIDING_STYLED_ITEM('',(#4280),#4210,#142970);
#143060=OVER_RIDING_STYLED_ITEM('',(#4660),#4590,#142970);
#143070=OVER_RIDING_STYLED_ITEM('',(#4970),#4900,#142970);
#143080=OVER_RIDING_STYLED_ITEM('',(#5280),#5210,#142970);
#143090=OVER_RIDING_STYLED_ITEM('',(#5660),#5590,#142970);
#143100=OVER_RIDING_STYLED_ITEM('',(#6150),#6080,#142970);
#143110=OVER_RIDING_STYLED_ITEM('',(#6620),#6550,#142970);
#143120=OVER_RIDING_STYLED_ITEM('',(#7000),#6930,#142970);
#143130=OVER_RIDING_STYLED_ITEM('',(#7310),#7240,#142970);
#143140=OVER_RIDING_STYLED_ITEM('',(#7690),#7620,#142970);
#143150=OVER_RIDING_STYLED_ITEM('',(#8160),#8090,#142970);
#143160=OVER_RIDING_STYLED_ITEM('',(#8630),#8560,#142970);
#143170=OVER_RIDING_STYLED_ITEM('',(#9120),#9050,#142970);
#143180=OVER_RIDING_STYLED_ITEM('',(#9590),#9520,#142970);
#143190=OVER_RIDING_STYLED_ITEM('',(#9990),#9920,#142970);
#143200=OVER_RIDING_STYLED_ITEM('',(#10460),#10390,#142970);
#143210=OVER_RIDING_STYLED_ITEM('',(#10770),#10700,#142970);
#143220=OVER_RIDING_STYLED_ITEM('',(#11330),#11260,#142970);
#143230=OVER_RIDING_STYLED_ITEM('',(#11710),#11640,#142970);
#143240=OVER_RIDING_STYLED_ITEM('',(#12020),#11950,#142970);
#143250=OVER_RIDING_STYLED_ITEM('',(#12330),#12260,#142970);
#143260=OVER_RIDING_STYLED_ITEM('',(#12640),#12570,#142970);
#143270=OVER_RIDING_STYLED_ITEM('',(#13040),#12970,#142970);
#143280=OVER_RIDING_STYLED_ITEM('',(#13420),#13350,#142970);
#143290=OVER_RIDING_STYLED_ITEM('',(#13730),#13660,#142970);
#143300=OVER_RIDING_STYLED_ITEM('',(#14110),#14040,#142970);
#143310=OVER_RIDING_STYLED_ITEM('',(#14490),#14420,#142970);
#143320=OVER_RIDING_STYLED_ITEM('',(#14800),#14730,#142970);
#143330=OVER_RIDING_STYLED_ITEM('',(#15110),#15040,#142970);
#143340=OVER_RIDING_STYLED_ITEM('',(#15510),#15440,#142970);
#143350=OVER_RIDING_STYLED_ITEM('',(#15890),#15820,#142970);
#143360=OVER_RIDING_STYLED_ITEM('',(#16360),#16290,#142970);
#143370=OVER_RIDING_STYLED_ITEM('',(#16670),#16600,#142970);
#143380=OVER_RIDING_STYLED_ITEM('',(#16960),#16890,#142970);
#143390=OVER_RIDING_STYLED_ITEM('',(#44030),#43960,#142970);
#143400=OVER_RIDING_STYLED_ITEM('',(#71100),#71030,#142970);
#143410=OVER_RIDING_STYLED_ITEM('',(#71290),#71220,#142970);
#143420=OVER_RIDING_STYLED_ITEM('',(#71530),#71460,#142970);
#143430=OVER_RIDING_STYLED_ITEM('',(#71720),#71650,#142970);
#143440=OVER_RIDING_STYLED_ITEM('',(#72090),#72020,#142970);
#143450=OVER_RIDING_STYLED_ITEM('',(#72330),#72260,#142970);
#143460=OVER_RIDING_STYLED_ITEM('',(#72570),#72500,#142970);
#143470=OVER_RIDING_STYLED_ITEM('',(#72760),#72690,#142970);
#143480=OVER_RIDING_STYLED_ITEM('',(#73050),#72980,#142970);
#143490=OVER_RIDING_STYLED_ITEM('',(#73290),#73220,#142970);
#143500=OVER_RIDING_STYLED_ITEM('',(#73530),#73460,#142970);
#143510=OVER_RIDING_STYLED_ITEM('',(#73720),#73650,#142970);
#143520=OVER_RIDING_STYLED_ITEM('',(#74010),#73940,#142970);
#143530=OVER_RIDING_STYLED_ITEM('',(#74250),#74180,#142970);
#143540=OVER_RIDING_STYLED_ITEM('',(#74490),#74420,#142970);
#143550=OVER_RIDING_STYLED_ITEM('',(#74680),#74610,#142970);
#143560=OVER_RIDING_STYLED_ITEM('',(#74970),#74900,#142970);
#143570=OVER_RIDING_STYLED_ITEM('',(#75210),#75140,#142970);
#143580=OVER_RIDING_STYLED_ITEM('',(#75450),#75380,#142970);
#143590=OVER_RIDING_STYLED_ITEM('',(#75640),#75570,#142970);
#143600=OVER_RIDING_STYLED_ITEM('',(#75930),#75860,#142970);
#143610=OVER_RIDING_STYLED_ITEM('',(#76170),#76100,#142970);
#143620=OVER_RIDING_STYLED_ITEM('',(#76410),#76340,#142970);
#143630=OVER_RIDING_STYLED_ITEM('',(#76600),#76530,#142970);
#143640=OVER_RIDING_STYLED_ITEM('',(#76890),#76820,#142970);
#143650=OVER_RIDING_STYLED_ITEM('',(#77130),#77060,#142970);
#143660=OVER_RIDING_STYLED_ITEM('',(#77370),#77300,#142970);
#143670=OVER_RIDING_STYLED_ITEM('',(#77560),#77490,#142970);
#143680=OVER_RIDING_STYLED_ITEM('',(#77850),#77780,#142970);
#143690=OVER_RIDING_STYLED_ITEM('',(#78090),#78020,#142970);
#143700=OVER_RIDING_STYLED_ITEM('',(#78330),#78260,#142970);
#143710=OVER_RIDING_STYLED_ITEM('',(#78520),#78450,#142970);
#143720=OVER_RIDING_STYLED_ITEM('',(#78810),#78740,#142970);
#143730=OVER_RIDING_STYLED_ITEM('',(#79050),#78980,#142970);
#143740=OVER_RIDING_STYLED_ITEM('',(#79290),#79220,#142970);
#143750=OVER_RIDING_STYLED_ITEM('',(#79480),#79410,#142970);
#143760=OVER_RIDING_STYLED_ITEM('',(#79770),#79700,#142970);
#143770=OVER_RIDING_STYLED_ITEM('',(#80010),#79940,#142970);
#143780=OVER_RIDING_STYLED_ITEM('',(#80250),#80180,#142970);
#143790=OVER_RIDING_STYLED_ITEM('',(#80440),#80370,#142970);
#143800=OVER_RIDING_STYLED_ITEM('',(#80730),#80660,#142970);
#143810=OVER_RIDING_STYLED_ITEM('',(#80970),#80900,#142970);
#143820=OVER_RIDING_STYLED_ITEM('',(#81210),#81140,#142970);
#143830=OVER_RIDING_STYLED_ITEM('',(#81400),#81330,#142970);
#143840=OVER_RIDING_STYLED_ITEM('',(#81690),#81620,#142970);
#143850=OVER_RIDING_STYLED_ITEM('',(#81930),#81860,#142970);
#143860=OVER_RIDING_STYLED_ITEM('',(#82170),#82100,#142970);
#143870=OVER_RIDING_STYLED_ITEM('',(#82360),#82290,#142970);
#143880=OVER_RIDING_STYLED_ITEM('',(#82650),#82580,#142970);
#143890=OVER_RIDING_STYLED_ITEM('',(#82890),#82820,#142970);
#143900=OVER_RIDING_STYLED_ITEM('',(#83130),#83060,#142970);
#143910=OVER_RIDING_STYLED_ITEM('',(#83320),#83250,#142970);
#143920=OVER_RIDING_STYLED_ITEM('',(#83610),#83540,#142970);
#143930=OVER_RIDING_STYLED_ITEM('',(#83850),#83780,#142970);
#143940=OVER_RIDING_STYLED_ITEM('',(#84090),#84020,#142970);
#143950=OVER_RIDING_STYLED_ITEM('',(#84280),#84210,#142970);
#143960=OVER_RIDING_STYLED_ITEM('',(#84570),#84500,#142970);
#143970=OVER_RIDING_STYLED_ITEM('',(#84810),#84740,#142970);
#143980=OVER_RIDING_STYLED_ITEM('',(#85050),#84980,#142970);
#143990=OVER_RIDING_STYLED_ITEM('',(#85240),#85170,#142970);
#144000=OVER_RIDING_STYLED_ITEM('',(#85530),#85460,#142970);
#144010=OVER_RIDING_STYLED_ITEM('',(#85770),#85700,#142970);
#144020=OVER_RIDING_STYLED_ITEM('',(#86010),#85940,#142970);
#144030=OVER_RIDING_STYLED_ITEM('',(#86200),#86130,#142970);
#144040=OVER_RIDING_STYLED_ITEM('',(#86490),#86420,#142970);
#144050=OVER_RIDING_STYLED_ITEM('',(#86730),#86660,#142970);
#144060=OVER_RIDING_STYLED_ITEM('',(#86970),#86900,#142970);
#144070=OVER_RIDING_STYLED_ITEM('',(#87160),#87090,#142970);
#144080=OVER_RIDING_STYLED_ITEM('',(#87450),#87380,#142970);
#144090=OVER_RIDING_STYLED_ITEM('',(#87690),#87620,#142970);
#144100=OVER_RIDING_STYLED_ITEM('',(#87930),#87860,#142970);
#144110=OVER_RIDING_STYLED_ITEM('',(#88120),#88050,#142970);
#144120=OVER_RIDING_STYLED_ITEM('',(#88410),#88340,#142970);
#144130=OVER_RIDING_STYLED_ITEM('',(#88650),#88580,#142970);
#144140=OVER_RIDING_STYLED_ITEM('',(#88890),#88820,#142970);
#144150=OVER_RIDING_STYLED_ITEM('',(#89080),#89010,#142970);
#144160=OVER_RIDING_STYLED_ITEM('',(#89370),#89300,#142970);
#144170=OVER_RIDING_STYLED_ITEM('',(#89610),#89540,#142970);
#144180=OVER_RIDING_STYLED_ITEM('',(#89850),#89780,#142970);
#144190=OVER_RIDING_STYLED_ITEM('',(#90040),#89970,#142970);
#144200=OVER_RIDING_STYLED_ITEM('',(#90330),#90260,#142970);
#144210=OVER_RIDING_STYLED_ITEM('',(#90570),#90500,#142970);
#144220=OVER_RIDING_STYLED_ITEM('',(#90810),#90740,#142970);
#144230=OVER_RIDING_STYLED_ITEM('',(#91000),#90930,#142970);
#144240=OVER_RIDING_STYLED_ITEM('',(#91290),#91220,#142970);
#144250=OVER_RIDING_STYLED_ITEM('',(#91530),#91460,#142970);
#144260=OVER_RIDING_STYLED_ITEM('',(#91770),#91700,#142970);
#144270=OVER_RIDING_STYLED_ITEM('',(#91960),#91890,#142970);
#144280=OVER_RIDING_STYLED_ITEM('',(#92250),#92180,#142970);
#144290=OVER_RIDING_STYLED_ITEM('',(#92490),#92420,#142970);
#144300=OVER_RIDING_STYLED_ITEM('',(#92730),#92660,#142970);
#144310=OVER_RIDING_STYLED_ITEM('',(#92920),#92850,#142970);
#144320=OVER_RIDING_STYLED_ITEM('',(#93210),#93140,#142970);
#144330=OVER_RIDING_STYLED_ITEM('',(#93450),#93380,#142970);
#144340=OVER_RIDING_STYLED_ITEM('',(#93690),#93620,#142970);
#144350=OVER_RIDING_STYLED_ITEM('',(#93880),#93810,#142970);
#144360=OVER_RIDING_STYLED_ITEM('',(#94170),#94100,#142970);
#144370=OVER_RIDING_STYLED_ITEM('',(#94410),#94340,#142970);
#144380=OVER_RIDING_STYLED_ITEM('',(#94650),#94580,#142970);
#144390=OVER_RIDING_STYLED_ITEM('',(#94840),#94770,#142970);
#144400=OVER_RIDING_STYLED_ITEM('',(#95130),#95060,#142970);
#144410=OVER_RIDING_STYLED_ITEM('',(#95370),#95300,#142970);
#144420=OVER_RIDING_STYLED_ITEM('',(#95610),#95540,#142970);
#144430=OVER_RIDING_STYLED_ITEM('',(#95800),#95730,#142970);
#144440=OVER_RIDING_STYLED_ITEM('',(#96090),#96020,#142970);
#144450=OVER_RIDING_STYLED_ITEM('',(#96330),#96260,#142970);
#144460=OVER_RIDING_STYLED_ITEM('',(#96570),#96500,#142970);
#144470=OVER_RIDING_STYLED_ITEM('',(#96760),#96690,#142970);
#144480=OVER_RIDING_STYLED_ITEM('',(#97050),#96980,#142970);
#144490=OVER_RIDING_STYLED_ITEM('',(#97290),#97220,#142970);
#144500=OVER_RIDING_STYLED_ITEM('',(#97530),#97460,#142970);
#144510=OVER_RIDING_STYLED_ITEM('',(#97720),#97650,#142970);
#144520=OVER_RIDING_STYLED_ITEM('',(#98010),#97940,#142970);
#144530=OVER_RIDING_STYLED_ITEM('',(#98250),#98180,#142970);
#144540=OVER_RIDING_STYLED_ITEM('',(#98490),#98420,#142970);
#144550=OVER_RIDING_STYLED_ITEM('',(#98680),#98610,#142970);
#144560=OVER_RIDING_STYLED_ITEM('',(#98970),#98900,#142970);
#144570=OVER_RIDING_STYLED_ITEM('',(#99210),#99140,#142970);
#144580=OVER_RIDING_STYLED_ITEM('',(#99450),#99380,#142970);
#144590=OVER_RIDING_STYLED_ITEM('',(#99640),#99570,#142970);
#144600=OVER_RIDING_STYLED_ITEM('',(#99930),#99860,#142970);
#144610=OVER_RIDING_STYLED_ITEM('',(#100170),#100100,#142970);
#144620=OVER_RIDING_STYLED_ITEM('',(#100410),#100340,#142970);
#144630=OVER_RIDING_STYLED_ITEM('',(#100600),#100530,#142970);
#144640=OVER_RIDING_STYLED_ITEM('',(#100890),#100820,#142970);
#144650=OVER_RIDING_STYLED_ITEM('',(#101130),#101060,#142970);
#144660=OVER_RIDING_STYLED_ITEM('',(#101370),#101300,#142970);
#144670=OVER_RIDING_STYLED_ITEM('',(#101560),#101490,#142970);
#144680=OVER_RIDING_STYLED_ITEM('',(#101850),#101780,#142970);
#144690=OVER_RIDING_STYLED_ITEM('',(#102090),#102020,#142970);
#144700=OVER_RIDING_STYLED_ITEM('',(#102330),#102260,#142970);
#144710=OVER_RIDING_STYLED_ITEM('',(#102520),#102450,#142970);
#144720=OVER_RIDING_STYLED_ITEM('',(#102810),#102740,#142970);
#144730=OVER_RIDING_STYLED_ITEM('',(#103050),#102980,#142970);
#144740=OVER_RIDING_STYLED_ITEM('',(#103290),#103220,#142970);
#144750=OVER_RIDING_STYLED_ITEM('',(#103480),#103410,#142970);
#144760=OVER_RIDING_STYLED_ITEM('',(#103770),#103700,#142970);
#144770=OVER_RIDING_STYLED_ITEM('',(#104010),#103940,#142970);
#144780=OVER_RIDING_STYLED_ITEM('',(#104250),#104180,#142970);
#144790=OVER_RIDING_STYLED_ITEM('',(#104440),#104370,#142970);
#144800=OVER_RIDING_STYLED_ITEM('',(#104730),#104660,#142970);
#144810=OVER_RIDING_STYLED_ITEM('',(#104970),#104900,#142970);
#144820=OVER_RIDING_STYLED_ITEM('',(#105210),#105140,#142970);
#144830=OVER_RIDING_STYLED_ITEM('',(#105400),#105330,#142970);
#144840=OVER_RIDING_STYLED_ITEM('',(#105690),#105620,#142970);
#144850=OVER_RIDING_STYLED_ITEM('',(#105930),#105860,#142970);
#144860=OVER_RIDING_STYLED_ITEM('',(#106170),#106100,#142970);
#144870=OVER_RIDING_STYLED_ITEM('',(#106360),#106290,#142970);
#144880=OVER_RIDING_STYLED_ITEM('',(#106650),#106580,#142970);
#144890=OVER_RIDING_STYLED_ITEM('',(#106890),#106820,#142970);
#144900=OVER_RIDING_STYLED_ITEM('',(#107130),#107060,#142970);
#144910=OVER_RIDING_STYLED_ITEM('',(#107320),#107250,#142970);
#144920=OVER_RIDING_STYLED_ITEM('',(#107610),#107540,#142970);
#144930=OVER_RIDING_STYLED_ITEM('',(#107850),#107780,#142970);
#144940=OVER_RIDING_STYLED_ITEM('',(#108090),#108020,#142970);
#144950=OVER_RIDING_STYLED_ITEM('',(#108280),#108210,#142970);
#144960=OVER_RIDING_STYLED_ITEM('',(#108570),#108500,#142970);
#144970=OVER_RIDING_STYLED_ITEM('',(#108810),#108740,#142970);
#144980=OVER_RIDING_STYLED_ITEM('',(#109050),#108980,#142970);
#144990=OVER_RIDING_STYLED_ITEM('',(#109240),#109170,#142970);
#145000=OVER_RIDING_STYLED_ITEM('',(#109530),#109460,#142970);
#145010=OVER_RIDING_STYLED_ITEM('',(#109770),#109700,#142970);
#145020=OVER_RIDING_STYLED_ITEM('',(#110010),#109940,#142970);
#145030=OVER_RIDING_STYLED_ITEM('',(#110200),#110130,#142970);
#145040=OVER_RIDING_STYLED_ITEM('',(#110490),#110420,#142970);
#145050=OVER_RIDING_STYLED_ITEM('',(#110730),#110660,#142970);
#145060=OVER_RIDING_STYLED_ITEM('',(#110970),#110900,#142970);
#145070=OVER_RIDING_STYLED_ITEM('',(#111160),#111090,#142970);
#145080=OVER_RIDING_STYLED_ITEM('',(#111450),#111380,#142970);
#145090=OVER_RIDING_STYLED_ITEM('',(#111690),#111620,#142970);
#145100=OVER_RIDING_STYLED_ITEM('',(#111930),#111860,#142970);
#145110=OVER_RIDING_STYLED_ITEM('',(#112120),#112050,#142970);
#145120=OVER_RIDING_STYLED_ITEM('',(#112410),#112340,#142970);
#145130=OVER_RIDING_STYLED_ITEM('',(#112650),#112580,#142970);
#145140=OVER_RIDING_STYLED_ITEM('',(#112890),#112820,#142970);
#145150=OVER_RIDING_STYLED_ITEM('',(#113080),#113010,#142970);
#145160=OVER_RIDING_STYLED_ITEM('',(#113370),#113300,#142970);
#145170=OVER_RIDING_STYLED_ITEM('',(#113610),#113540,#142970);
#145180=OVER_RIDING_STYLED_ITEM('',(#113850),#113780,#142970);
#145190=OVER_RIDING_STYLED_ITEM('',(#114040),#113970,#142970);
#145200=OVER_RIDING_STYLED_ITEM('',(#114330),#114260,#142970);
#145210=OVER_RIDING_STYLED_ITEM('',(#114570),#114500,#142970);
#145220=OVER_RIDING_STYLED_ITEM('',(#114810),#114740,#142970);
#145230=OVER_RIDING_STYLED_ITEM('',(#115000),#114930,#142970);
#145240=OVER_RIDING_STYLED_ITEM('',(#115290),#115220,#142970);
#145250=OVER_RIDING_STYLED_ITEM('',(#115530),#115460,#142970);
#145260=OVER_RIDING_STYLED_ITEM('',(#115770),#115700,#142970);
#145270=OVER_RIDING_STYLED_ITEM('',(#115960),#115890,#142970);
#145280=OVER_RIDING_STYLED_ITEM('',(#116250),#116180,#142970);
#145290=OVER_RIDING_STYLED_ITEM('',(#116490),#116420,#142970);
#145300=OVER_RIDING_STYLED_ITEM('',(#116730),#116660,#142970);
#145310=OVER_RIDING_STYLED_ITEM('',(#116920),#116850,#142970);
#145320=OVER_RIDING_STYLED_ITEM('',(#117210),#117140,#142970);
#145330=OVER_RIDING_STYLED_ITEM('',(#117450),#117380,#142970);
#145340=OVER_RIDING_STYLED_ITEM('',(#117690),#117620,#142970);
#145350=OVER_RIDING_STYLED_ITEM('',(#117880),#117810,#142970);
#145360=OVER_RIDING_STYLED_ITEM('',(#118170),#118100,#142970);
#145370=OVER_RIDING_STYLED_ITEM('',(#118410),#118340,#142970);
#145380=OVER_RIDING_STYLED_ITEM('',(#118650),#118580,#142970);
#145390=OVER_RIDING_STYLED_ITEM('',(#118840),#118770,#142970);
#145400=OVER_RIDING_STYLED_ITEM('',(#119130),#119060,#142970);
#145410=OVER_RIDING_STYLED_ITEM('',(#119370),#119300,#142970);
#145420=OVER_RIDING_STYLED_ITEM('',(#119610),#119540,#142970);
#145430=OVER_RIDING_STYLED_ITEM('',(#119800),#119730,#142970);
#145440=OVER_RIDING_STYLED_ITEM('',(#120090),#120020,#142970);
#145450=OVER_RIDING_STYLED_ITEM('',(#120330),#120260,#142970);
#145460=OVER_RIDING_STYLED_ITEM('',(#120570),#120500,#142970);
#145470=OVER_RIDING_STYLED_ITEM('',(#120760),#120690,#142970);
#145480=OVER_RIDING_STYLED_ITEM('',(#121050),#120980,#142970);
#145490=OVER_RIDING_STYLED_ITEM('',(#121290),#121220,#142970);
#145500=OVER_RIDING_STYLED_ITEM('',(#121530),#121460,#142970);
#145510=OVER_RIDING_STYLED_ITEM('',(#121720),#121650,#142970);
#145520=OVER_RIDING_STYLED_ITEM('',(#122010),#121940,#142970);
#145530=OVER_RIDING_STYLED_ITEM('',(#122250),#122180,#142970);
#145540=OVER_RIDING_STYLED_ITEM('',(#122490),#122420,#142970);
#145550=OVER_RIDING_STYLED_ITEM('',(#122680),#122610,#142970);
#145560=OVER_RIDING_STYLED_ITEM('',(#122970),#122900,#142970);
#145570=OVER_RIDING_STYLED_ITEM('',(#123210),#123140,#142970);
#145580=OVER_RIDING_STYLED_ITEM('',(#123450),#123380,#142970);
#145590=OVER_RIDING_STYLED_ITEM('',(#123640),#123570,#142970);
#145600=OVER_RIDING_STYLED_ITEM('',(#123930),#123860,#142970);
#145610=OVER_RIDING_STYLED_ITEM('',(#124170),#124100,#142970);
#145620=OVER_RIDING_STYLED_ITEM('',(#124410),#124340,#142970);
#145630=OVER_RIDING_STYLED_ITEM('',(#124600),#124530,#142970);
#145640=OVER_RIDING_STYLED_ITEM('',(#124890),#124820,#142970);
#145650=OVER_RIDING_STYLED_ITEM('',(#125130),#125060,#142970);
#145660=OVER_RIDING_STYLED_ITEM('',(#125370),#125300,#142970);
#145670=OVER_RIDING_STYLED_ITEM('',(#125560),#125490,#142970);
#145680=OVER_RIDING_STYLED_ITEM('',(#125850),#125780,#142970);
#145690=OVER_RIDING_STYLED_ITEM('',(#126090),#126020,#142970);
#145700=OVER_RIDING_STYLED_ITEM('',(#126330),#126260,#142970);
#145710=OVER_RIDING_STYLED_ITEM('',(#126520),#126450,#142970);
#145720=OVER_RIDING_STYLED_ITEM('',(#126810),#126740,#142970);
#145730=OVER_RIDING_STYLED_ITEM('',(#127050),#126980,#142970);
#145740=OVER_RIDING_STYLED_ITEM('',(#127290),#127220,#142970);
#145750=OVER_RIDING_STYLED_ITEM('',(#127480),#127410,#142970);
#145760=OVER_RIDING_STYLED_ITEM('',(#127770),#127700,#142970);
#145770=OVER_RIDING_STYLED_ITEM('',(#128010),#127940,#142970);
#145780=OVER_RIDING_STYLED_ITEM('',(#128250),#128180,#142970);
#145790=OVER_RIDING_STYLED_ITEM('',(#128440),#128370,#142970);
#145800=OVER_RIDING_STYLED_ITEM('',(#128730),#128660,#142970);
#145810=OVER_RIDING_STYLED_ITEM('',(#128970),#128900,#142970);
#145820=OVER_RIDING_STYLED_ITEM('',(#129210),#129140,#142970);
#145830=OVER_RIDING_STYLED_ITEM('',(#129400),#129330,#142970);
#145840=OVER_RIDING_STYLED_ITEM('',(#129690),#129620,#142970);
#145850=OVER_RIDING_STYLED_ITEM('',(#129930),#129860,#142970);
#145860=OVER_RIDING_STYLED_ITEM('',(#130170),#130100,#142970);
#145870=OVER_RIDING_STYLED_ITEM('',(#130360),#130290,#142970);
#145880=OVER_RIDING_STYLED_ITEM('',(#130650),#130580,#142970);
#145890=OVER_RIDING_STYLED_ITEM('',(#130890),#130820,#142970);
#145900=OVER_RIDING_STYLED_ITEM('',(#131130),#131060,#142970);
#145910=OVER_RIDING_STYLED_ITEM('',(#131320),#131250,#142970);
#145920=OVER_RIDING_STYLED_ITEM('',(#131610),#131540,#142970);
#145930=OVER_RIDING_STYLED_ITEM('',(#131850),#131780,#142970);
#145940=OVER_RIDING_STYLED_ITEM('',(#132090),#132020,#142970);
#145950=OVER_RIDING_STYLED_ITEM('',(#132280),#132210,#142970);
#145960=OVER_RIDING_STYLED_ITEM('',(#132570),#132500,#142970);
#145970=OVER_RIDING_STYLED_ITEM('',(#132810),#132740,#142970);
#145980=OVER_RIDING_STYLED_ITEM('',(#133050),#132980,#142970);
#145990=OVER_RIDING_STYLED_ITEM('',(#133240),#133170,#142970);
#146000=OVER_RIDING_STYLED_ITEM('',(#133530),#133460,#142970);
#146010=OVER_RIDING_STYLED_ITEM('',(#133770),#133700,#142970);
#146020=OVER_RIDING_STYLED_ITEM('',(#134010),#133940,#142970);
#146030=OVER_RIDING_STYLED_ITEM('',(#134200),#134130,#142970);
#146040=OVER_RIDING_STYLED_ITEM('',(#134490),#134420,#142970);
#146050=OVER_RIDING_STYLED_ITEM('',(#134730),#134660,#142970);
#146060=OVER_RIDING_STYLED_ITEM('',(#134970),#134900,#142970);
#146070=OVER_RIDING_STYLED_ITEM('',(#135160),#135090,#142970);
#146080=OVER_RIDING_STYLED_ITEM('',(#135450),#135380,#142970);
#146090=OVER_RIDING_STYLED_ITEM('',(#135690),#135620,#142970);
#146100=OVER_RIDING_STYLED_ITEM('',(#135930),#135860,#142970);
#146110=OVER_RIDING_STYLED_ITEM('',(#136120),#136050,#142970);
#146120=OVER_RIDING_STYLED_ITEM('',(#136410),#136340,#142970);
#146130=OVER_RIDING_STYLED_ITEM('',(#136650),#136580,#142970);
#146140=OVER_RIDING_STYLED_ITEM('',(#136890),#136820,#142970);
#146150=OVER_RIDING_STYLED_ITEM('',(#137080),#137010,#142970);
#146160=OVER_RIDING_STYLED_ITEM('',(#137370),#137300,#142970);
#146170=OVER_RIDING_STYLED_ITEM('',(#137610),#137540,#142970);
#146180=OVER_RIDING_STYLED_ITEM('',(#137850),#137780,#142970);
#146190=OVER_RIDING_STYLED_ITEM('',(#138040),#137970,#142970);
#146200=OVER_RIDING_STYLED_ITEM('',(#138330),#138260,#142970);
#146210=OVER_RIDING_STYLED_ITEM('',(#138570),#138500,#142970);
#146220=OVER_RIDING_STYLED_ITEM('',(#138810),#138740,#142970);
#146230=OVER_RIDING_STYLED_ITEM('',(#139000),#138930,#142970);
#146240=OVER_RIDING_STYLED_ITEM('',(#139290),#139220,#142970);
#146250=OVER_RIDING_STYLED_ITEM('',(#139530),#139460,#142970);
#146260=OVER_RIDING_STYLED_ITEM('',(#139770),#139700,#142970);
#146270=OVER_RIDING_STYLED_ITEM('',(#139960),#139890,#142970);
#146280=OVER_RIDING_STYLED_ITEM('',(#140250),#140180,#142970);
#146290=OVER_RIDING_STYLED_ITEM('',(#140490),#140420,#142970);
#146300=OVER_RIDING_STYLED_ITEM('',(#140730),#140660,#142970);
#146310=OVER_RIDING_STYLED_ITEM('',(#140920),#140850,#142970);
#146320=OVER_RIDING_STYLED_ITEM('',(#141210),#141140,#142970);
#146330=OVER_RIDING_STYLED_ITEM('',(#141450),#141380,#142970);
#146340=OVER_RIDING_STYLED_ITEM('',(#141690),#141620,#142970);
#146350=OVER_RIDING_STYLED_ITEM('',(#141880),#141810,#142970);
#146360=OVER_RIDING_STYLED_ITEM('',(#142070),#142000,#142970);
#146370=OVER_RIDING_STYLED_ITEM('',(#142260),#142190,#142970);
#146380=OVER_RIDING_STYLED_ITEM('',(#142450),#142380,#142970);
#146390=OVER_RIDING_STYLED_ITEM('',(#142640),#142570,#142970);
#146400=DRAUGHTING_MODEL('',(#142970,#142980,#142990,#143000,#143010,
#143020,#143030,#143040,#143050,#143060,#143070,#143080,#143090,#143100,
#143110,#143120,#143130,#143140,#143150,#143160,#143170,#143180,#143190,
#143200,#143210,#143220,#143230,#143240,#143250,#143260,#143270,#143280,
#143290,#143300,#143310,#143320,#143330,#143340,#143350,#143360,#143370,
#143380,#143390,#143400,#143410,#143420,#143430,#143440,#143450,#143460,
#143470,#143480,#143490,#143500,#143510,#143520,#143530,#143540,#143550,
#143560,#143570,#143580,#143590,#143600,#143610,#143620,#143630,#143640,
#143650,#143660,#143670,#143680,#143690,#143700,#143710,#143720,#143730,
#143740,#143750,#143760,#143770,#143780,#143790,#143800,#143810,#143820,
#143830,#143840,#143850,#143860,#143870,#143880,#143890,#143900,#143910,
#143920,#143930,#143940,#143950,#143960,#143970,#143980,#143990,#144000,
#144010,#144020,#144030,#144040,#144050,#144060,#144070,#144080,#144090,
#144100,#144110,#144120,#144130,#144140,#144150,#144160,#144170,#144180,
#144190,#144200,#144210,#144220,#144230,#144240,#144250,#144260,#144270,
#144280,#144290,#144300,#144310,#144320,#144330,#144340,#144350,#144360,
#144370,#144380,#144390,#144400,#144410,#144420,#144430,#144440,#144450,
#144460,#144470,#144480,#144490,#144500,#144510,#144520,#144530,#144540,
#144550,#144560,#144570,#144580,#144590,#144600,#144610,#144620,#144630,
#144640,#144650,#144660,#144670,#144680,#144690,#144700,#144710,#144720,
#144730,#144740,#144750,#144760,#144770,#144780,#144790,#144800,#144810,
#144820,#144830,#144840,#144850,#144860,#144870,#144880,#144890,#144900,
#144910,#144920,#144930,#144940,#144950,#144960,#144970,#144980,#144990,
#145000,#145010,#145020,#145030,#145040,#145050,#145060,#145070,#145080,
#145090,#145100,#145110,#145120,#145130,#145140,#145150,#145160,#145170,
#145180,#145190,#145200,#145210,#145220,#145230,#145240,#145250,#145260,
#145270,#145280,#145290,#145300,#145310,#145320,#145330,#145340,#145350,
#145360,#145370,#145380,#145390,#145400,#145410,#145420,#145430,#145440,
#145450,#145460,#145470,#145480,#145490,#145500,#145510,#145520,#145530,
#145540,#145550,#145560,#145570,#145580,#145590,#145600,#145610,#145620,
#145630,#145640,#145650,#145660,#145670,#145680,#145690,#145700,#145710,
#145720,#145730,#145740,#145750,#145760,#145770,#145780,#145790,#145800,
#145810,#145820,#145830,#145840,#145850,#145860,#145870,#145880,#145890,
#145900,#145910,#145920,#145930,#145940,#145950,#145960,#145970,#145980,
#145990,#146000,#146010,#146020,#146030,#146040,#146050,#146060,#146070,
#146080,#146090,#146100,#146110,#146120,#146130,#146140,#146150,#146160,
#146170,#146180,#146190,#146200,#146210,#146220,#146230,#146240,#146250,
#146260,#146270,#146280,#146290,#146300,#146310,#146320,#146330,#146340,
#146350,#146360,#146370,#146380,#146390),#142860);
#146410=CARTESIAN_POINT('',(-0.999999999999999,-33.616923,
-46.6338460000003));
#146420=DIRECTION('',(1.,6.93889390390723E-18,6.93889390390723E-18));
#146430=DIRECTION('',(-6.93889390390723E-18,1.,-4.81482486096809E-35));
#146440=AXIS2_PLACEMENT_3D('',#146410,#146420,#146430);
#146450=ITEM_DEFINED_TRANSFORMATION('NS_35_15_PERF_2000MM-select','',
#142700,#146440);
#146460=APPLICATION_CONTEXT(' ');
#146470=APPLICATION_PROTOCOL_DEFINITION(' ','automotive_design',1998,
#146460);
#146480=PRODUCT_CONTEXT('',#146460,'mechanical');
#146490=PRODUCT_DEFINITION_CONTEXT('part definition',#146460,'design');
#146500=PRODUCT('NS_35_15_PERF_2000MM-select',
'NS_35_15_PERF_2000MM-select','',(#146480));
#146510=PRODUCT_RELATED_PRODUCT_CATEGORY('part',' ',(#146500));
#146520=PRODUCT_DEFINITION_FORMATION_WITH_SPECIFIED_SOURCE('','',#146500
,.BOUGHT.);
#146530=PRODUCT_DEFINITION('',' ',#146520,#146490);
#146540=PRODUCT_DEFINITION_SHAPE('','',#146530);
#146550=DIMENSIONAL_EXPONENTS(1.,0.,0.,0.,0.,0.,0.);
#146560=DIMENSIONAL_EXPONENTS(0.,0.,0.,0.,0.,0.,0.);
#146570=DIMENSIONAL_EXPONENTS(0.,0.,0.,0.,0.,0.,0.);
#146580=(LENGTH_UNIT() NAMED_UNIT(*) SI_UNIT(.MILLI.,.METRE.));
#146590=(NAMED_UNIT(*) PLANE_ANGLE_UNIT() SI_UNIT($,.RADIAN.));
#146600=(NAMED_UNIT(*) SI_UNIT($,.STERADIAN.) SOLID_ANGLE_UNIT());
#146610=(GEOMETRIC_REPRESENTATION_CONTEXT(3) 
GLOBAL_UNCERTAINTY_ASSIGNED_CONTEXT((#146620)) 
GLOBAL_UNIT_ASSIGNED_CONTEXT((#146580,#146590,#146600)) 
REPRESENTATION_CONTEXT('',''));
#146620=UNCERTAINTY_MEASURE_WITH_UNIT(LENGTH_MEASURE(1.E-6),#146580,
'distance_accuracy_value','maximum gap value');
#146630=SHAPE_REPRESENTATION('',(#142700,#146440),#146610);
#146640=SHAPE_DEFINITION_REPRESENTATION(#146540,#146630);
#146650=(REPRESENTATION_RELATIONSHIP('','',#142880,#146630) 
REPRESENTATION_RELATIONSHIP_WITH_TRANSFORMATION(#146450) 
SHAPE_REPRESENTATION_RELATIONSHIP());
#146660=NEXT_ASSEMBLY_USAGE_OCCURRENCE('1','',
'NS_35_15_PERF_2000MM-select',#146530,#142780,'');
#146670=PRODUCT_DEFINITION_SHAPE('','',#146660);
#146680=CONTEXT_DEPENDENT_SHAPE_REPRESENTATION(#146650,#146670);
ENDSEC;
END-ISO-10303-21;
